s_m,t_s,speed_mps,road_limit_mps,traffic_limit_mps,combined_limit_mps,admissible_speed_mps,accel_mps2,x_m,y_m
0.0,0.0,25.0,inf,25.0,25.0,25.0,0.0,0.0,0.0
1.0,0.04,25.0,inf,25.0,25.0,25.0,0.0,1.0,0.0
2.0,0.08,25.0,inf,25.0,25.0,25.0,0.0,2.0,0.0
3.0,0.12,25.0,inf,25.0,25.0,25.0,0.0,3.0,0.0
4.0,0.16,25.0,inf,25.0,25.0,25.0,0.0,4.0,0.0
5.0,0.2,25.0,inf,25.0,25.0,25.0,0.0,5.0,0.0
6.0,0.24000000000000002,25.0,inf,25.0,25.0,25.0,0.0,6.0,0.0
7.0,0.28,25.0,inf,25.0,25.0,25.0,0.0,7.0,0.0
8.0,0.32,25.0,inf,25.0,25.0,25.0,0.0,8.0,0.0
9.0,0.36,25.0,inf,25.0,25.0,25.0,0.0,9.0,0.0
10.0,0.39999999999999997,25.0,inf,25.0,25.0,25.0,0.0,10.0,0.0
11.0,0.43999999999999995,25.0,inf,25.0,25.0,25.0,0.0,11.0,0.0
12.0,0.4799999999999999,25.0,inf,25.0,25.0,25.0,0.0,12.0,0.0
13.0,0.5199999999999999,25.0,inf,25.0,25.0,25.0,0.0,13.0,0.0
14.0,0.5599999999999999,25.0,inf,25.0,25.0,25.0,0.0,14.0,0.0
15.0,0.6,25.0,inf,25.0,25.0,25.0,0.0,15.0,0.0
16.0,0.64,25.0,inf,25.0,25.0,25.0,0.0,16.0,0.0
17.0,0.68,25.0,inf,25.0,25.0,25.0,0.0,17.0,0.0
18.0,0.7200000000000001,25.0,inf,25.0,25.0,25.0,0.0,18.0,0.0
19.0,0.7600000000000001,25.0,inf,25.0,25.0,25.0,0.0,19.0,0.0
20.0,0.8000000000000002,25.0,inf,25.0,25.0,25.0,0.0,20.0,0.0
21.0,0.8400000000000002,25.0,inf,25.0,25.0,25.0,0.0,21.0,0.0
22.0,0.8800000000000002,25.0,inf,25.0,25.0,25.0,0.0,22.0,0.0
23.0,0.9200000000000003,25.0,inf,25.0,25.0,25.0,0.0,23.0,0.0
24.0,0.9600000000000003,25.0,inf,25.0,25.0,25.0,0.0,24.0,0.0
25.0,1.0000000000000002,25.0,inf,25.0,25.0,25.0,0.0,25.0,0.0
26.0,1.0400000000000003,25.0,inf,25.0,25.0,25.0,0.0,26.0,0.0
27.0,1.0800000000000003,25.0,inf,25.0,25.0,25.0,0.0,27.0,0.0
28.0,1.1200000000000003,25.0,inf,25.0,25.0,25.0,0.0,28.0,0.0
29.0,1.1600000000000004,25.0,inf,25.0,25.0,25.0,0.0,29.0,0.0
30.0,1.2000000000000004,25.0,inf,25.0,25.0,25.0,0.0,30.0,0.0
31.0,1.2400000000000004,25.0,inf,25.0,25.0,25.0,0.0,31.0,0.0
32.0,1.2800000000000005,25.0,inf,25.0,25.0,25.0,0.0,32.0,0.0
33.0,1.3200000000000005,25.0,inf,25.0,25.0,25.0,0.0,33.0,0.0
34.0,1.3600000000000005,25.0,inf,25.0,25.0,25.0,0.0,34.0,0.0
35.0,1.4000000000000006,25.0,inf,25.0,25.0,25.0,0.0,35.0,0.0
36.0,1.4400000000000006,25.0,inf,25.0,25.0,25.0,0.0,36.0,0.0
37.0,1.4800000000000006,25.0,inf,25.0,25.0,25.0,0.0,37.0,0.0
38.0,1.5200000000000007,25.0,inf,25.0,25.0,25.0,0.0,38.0,0.0
39.0,1.5600000000000007,25.0,inf,25.0,25.0,25.0,0.0,39.0,0.0
40.0,1.6000000000000008,25.0,inf,25.0,25.0,25.0,0.0,40.0,0.0
41.0,1.6400000000000008,25.0,inf,25.0,25.0,25.0,0.0,41.0,0.0
42.0,1.6800000000000008,25.0,inf,25.0,25.0,25.0,0.0,42.0,0.0
43.0,1.7200000000000009,25.0,inf,25.0,25.0,25.0,0.0,43.0,0.0
44.0,1.760000000000001,25.0,inf,25.0,25.0,25.0,0.0,44.0,0.0
45.0,1.800000000000001,25.0,inf,25.0,25.0,25.0,0.0,45.0,0.0
46.0,1.840000000000001,25.0,inf,25.0,25.0,25.0,0.0,46.0,0.0
47.0,1.880000000000001,25.0,inf,25.0,25.0,25.0,0.0,47.0,0.0
48.0,1.920000000000001,25.0,inf,25.0,25.0,25.0,0.0,48.0,0.0
49.0,1.960000000000001,25.0,inf,25.0,25.0,25.0,0.0,49.0,0.0
50.0,2.000000000000001,25.0,inf,25.0,25.0,25.0,0.0,50.0,0.0
51.0,2.040000000000001,25.0,inf,25.0,25.0,25.0,0.0,51.0,0.0
52.0,2.080000000000001,25.0,inf,25.0,25.0,25.0,0.0,52.0,0.0
53.0,2.120000000000001,25.0,inf,25.0,25.0,25.0,0.0,53.0,0.0
54.0,2.160000000000001,25.0,inf,25.0,25.0,25.0,0.0,54.0,0.0
55.0,2.200000000000001,25.0,inf,25.0,25.0,25.0,0.0,55.0,0.0
56.0,2.240000000000001,25.0,inf,25.0,25.0,25.0,0.0,56.0,0.0
57.0,2.280000000000001,25.0,inf,25.0,25.0,25.0,0.0,57.0,0.0
58.0,2.320000000000001,25.0,inf,25.0,25.0,25.0,0.0,58.0,0.0
59.0,2.360000000000001,25.0,inf,25.0,25.0,25.0,0.0,59.0,0.0
60.0,2.4000000000000012,25.0,inf,25.0,25.0,25.0,0.0,60.0,0.0
61.0,2.4400000000000013,25.0,inf,25.0,25.0,25.0,0.0,61.0,0.0
62.0,2.4800000000000013,25.0,inf,25.0,25.0,25.0,0.0,62.0,0.0
63.0,2.5200000000000014,25.0,inf,25.0,25.0,25.0,0.0,63.0,0.0
64.0,2.5600000000000014,25.0,inf,25.0,25.0,25.0,0.0,64.0,0.0
65.0,2.6000000000000014,25.0,inf,25.0,25.0,25.0,0.0,65.0,0.0
66.0,2.6400000000000015,25.0,inf,25.0,25.0,25.0,0.0,66.0,0.0
67.0,2.6800000000000015,25.0,inf,25.0,25.0,25.0,0.0,67.0,0.0
68.0,2.7200000000000015,25.0,inf,25.0,25.0,25.0,0.0,68.0,0.0
69.0,2.7600000000000016,25.0,inf,25.0,25.0,25.0,0.0,69.0,0.0
70.0,2.8000000000000016,25.0,inf,25.0,25.0,25.0,0.0,70.0,0.0
71.0,2.8400000000000016,25.0,inf,25.0,25.0,25.0,0.0,71.0,0.0
72.0,2.8800000000000017,25.0,inf,25.0,25.0,25.0,0.0,72.0,0.0
73.0,2.9200000000000017,25.0,inf,25.0,25.0,25.0,0.0,73.0,0.0
74.0,2.9600000000000017,25.0,inf,25.0,25.0,25.0,0.0,74.0,0.0
75.0,3.0000000000000018,25.0,inf,25.0,25.0,25.0,0.0,75.0,0.0
76.0,3.040000000000002,25.0,inf,25.0,25.0,25.0,0.0,76.0,0.0
77.0,3.080000000000002,25.0,inf,25.0,25.0,25.0,0.0,77.0,0.0
78.0,3.120000000000002,25.0,inf,25.0,25.0,25.0,0.0,78.0,0.0
79.0,3.160000000000002,25.0,inf,25.0,25.0,25.0,0.0,79.0,0.0
80.0,3.200000000000002,25.0,inf,25.0,25.0,25.0,0.0,80.0,0.0
81.0,3.240000000000002,25.0,inf,25.0,25.0,25.0,0.0,81.0,0.0
82.0,3.280000000000002,25.0,inf,25.0,25.0,25.0,0.0,82.0,0.0
83.0,3.320000000000002,25.0,inf,25.0,25.0,25.0,0.0,83.0,0.0
84.0,3.360000000000002,25.0,inf,25.0,25.0,25.0,0.0,84.0,0.0
85.0,3.400000000000002,25.0,inf,25.0,25.0,25.0,0.0,85.0,0.0
86.0,3.440000000000002,25.0,inf,25.0,25.0,25.0,0.0,86.0,0.0
87.0,3.480000000000002,25.0,inf,25.0,25.0,25.0,0.0,87.0,0.0
88.0,3.5200000000000022,25.0,inf,25.0,25.0,25.0,0.0,88.0,0.0
89.0,3.5600000000000023,25.0,inf,25.0,25.0,25.0,0.0,89.0,0.0
90.0,3.6000000000000023,25.0,inf,25.0,25.0,25.0,0.0,90.0,0.0
91.0,3.6400000000000023,25.0,inf,25.0,25.0,25.0,0.0,91.0,0.0
92.0,3.6800000000000024,25.0,inf,25.0,25.0,25.0,0.0,92.0,0.0
93.0,3.7200000000000024,25.0,inf,25.0,25.0,25.0,0.0,93.0,0.0
94.0,3.7600000000000025,25.0,inf,25.0,25.0,25.0,0.0,94.0,0.0
95.0,3.8000000000000025,25.0,inf,25.0,25.0,25.0,0.0,95.0,0.0
96.0,3.8400000000000025,25.0,inf,25.0,25.0,25.0,0.0,96.0,0.0
97.0,3.8800000000000026,25.0,inf,25.0,25.0,25.0,0.0,97.0,0.0
98.0,3.9200000000000026,25.0,inf,25.0,25.0,25.0,0.0,98.0,0.0
99.0,3.9600000000000026,25.0,inf,25.0,25.0,25.0,0.0,99.0,0.0
100.0,4.000000000000003,25.0,inf,25.0,25.0,25.0,0.0,100.0,0.0
101.0,4.040000000000003,25.0,inf,25.0,25.0,25.0,0.0,101.0,0.0
102.0,4.080000000000003,25.0,inf,25.0,25.0,25.0,0.0,102.0,0.0
103.0,4.120000000000003,25.0,inf,25.0,25.0,25.0,0.0,103.0,0.0
104.0,4.160000000000003,25.0,inf,25.0,25.0,25.0,0.0,104.0,0.0
105.0,4.200000000000003,25.0,inf,25.0,25.0,25.0,0.0,105.0,0.0
106.0,4.240000000000003,25.0,inf,25.0,25.0,25.0,0.0,106.0,0.0
107.0,4.280000000000003,25.0,inf,25.0,25.0,25.0,0.0,107.0,0.0
108.0,4.320000000000003,25.0,inf,25.0,25.0,25.0,0.0,108.0,0.0
109.0,4.360000000000003,25.0,inf,25.0,25.0,25.0,0.0,109.0,0.0
110.0,4.400000000000003,25.0,inf,25.0,25.0,25.0,0.0,110.0,0.0
111.0,4.440000000000003,25.0,inf,25.0,25.0,25.0,0.0,111.0,0.0
112.0,4.480000000000003,25.0,inf,25.0,25.0,25.0,0.0,112.0,0.0
113.0,4.520000000000003,25.0,inf,25.0,25.0,25.0,0.0,113.0,0.0
114.0,4.560000000000003,25.0,inf,25.0,25.0,25.0,0.0,114.0,0.0
115.0,4.600000000000003,25.0,inf,25.0,25.0,25.0,0.0,115.0,0.0
116.0,4.640000000000003,25.0,inf,25.0,25.0,25.0,0.0,116.0,0.0
117.0,4.680000000000003,25.0,inf,25.0,25.0,25.0,0.0,117.0,0.0
118.0,4.720000000000003,25.0,inf,25.0,25.0,25.0,0.0,118.0,0.0
119.0,4.760000000000003,25.0,inf,25.0,25.0,25.0,0.0,119.0,0.0
120.0,4.800000000000003,25.0,inf,25.0,25.0,25.0,0.0,120.0,0.0
121.0,4.840000000000003,25.0,inf,25.0,25.0,25.0,0.0,121.0,0.0
122.0,4.8800000000000034,25.0,inf,25.0,25.0,25.0,0.0,122.0,0.0
123.0,4.9200000000000035,25.0,inf,25.0,25.0,25.0,0.0,123.0,0.0
124.0,4.9600000000000035,25.0,inf,25.0,25.0,25.0,0.0,124.0,0.0
125.0,5.0000000000000036,25.0,inf,25.0,25.0,25.0,0.0,125.0,0.0
126.0,5.040000000000004,25.0,inf,25.0,25.0,25.0,0.0,126.0,0.0
127.0,5.080000000000004,25.0,inf,25.0,25.0,25.0,0.0,127.0,0.0
128.0,5.120000000000004,25.0,inf,25.0,25.0,25.0,0.0,128.0,0.0
129.0,5.160000000000004,25.0,inf,25.0,25.0,25.0,0.0,129.0,0.0
130.0,5.200000000000004,25.0,inf,25.0,25.0,25.0,0.0,130.0,0.0
131.0,5.240000000000004,25.0,inf,25.0,25.0,25.0,0.0,131.0,0.0
132.0,5.280000000000004,25.0,inf,25.0,25.0,25.0,0.0,132.0,0.0
133.0,5.320000000000004,25.0,inf,25.0,25.0,25.0,0.0,133.0,0.0
134.0,5.360000000000004,25.0,inf,25.0,25.0,25.0,0.0,134.0,0.0
135.0,5.400000000000004,25.0,inf,25.0,25.0,25.0,0.0,135.0,0.0
136.0,5.440000000000004,25.0,inf,25.0,25.0,25.0,0.0,136.0,0.0
137.0,5.480000000000004,25.0,inf,25.0,25.0,25.0,0.0,137.0,0.0
138.0,5.520000000000004,25.0,inf,25.0,25.0,25.0,0.0,138.0,0.0
139.0,5.560000000000004,25.0,inf,25.0,25.0,25.0,0.0,139.0,0.0
140.0,5.600000000000004,25.0,inf,25.0,25.0,25.0,0.0,140.0,0.0
141.0,5.640000000000004,25.0,inf,25.0,25.0,25.0,0.0,141.0,0.0
142.0,5.680000000000004,25.0,inf,25.0,25.0,25.0,0.0,142.0,0.0
143.0,5.720000000000004,25.0,inf,25.0,25.0,25.0,0.0,143.0,0.0
144.0,5.760000000000004,25.0,inf,25.0,25.0,25.0,0.0,144.0,0.0
145.0,5.800000000000004,25.0,inf,25.0,25.0,25.0,0.0,145.0,0.0
146.0,5.840000000000004,25.0,inf,25.0,25.0,25.0,0.0,146.0,0.0
147.0,5.880000000000004,25.0,inf,25.0,25.0,25.0,0.0,147.0,0.0
148.0,5.920000000000004,25.0,inf,25.0,25.0,25.0,0.0,148.0,0.0
149.0,5.960000000000004,25.0,inf,25.0,25.0,25.0,0.0,149.0,0.0
150.0,6.000000000000004,25.0,inf,25.0,25.0,25.0,0.0,150.0,0.0
151.0,6.0400000000000045,25.0,inf,25.0,25.0,25.0,0.0,151.0,0.0
152.0,6.0800000000000045,25.0,inf,25.0,25.0,25.0,0.0,152.0,0.0
153.0,6.1200000000000045,25.0,inf,25.0,25.0,25.0,0.0,153.0,0.0
154.0,6.160000000000005,25.0,inf,25.0,25.0,25.0,0.0,154.0,0.0
155.0,6.200000000000005,25.0,inf,25.0,25.0,25.0,0.0,155.0,0.0
156.0,6.240000000000005,25.0,inf,25.0,25.0,25.0,0.0,156.0,0.0
157.0,6.280000000000005,25.0,inf,25.0,25.0,25.0,0.0,157.0,0.0
158.0,6.320000000000005,25.0,inf,25.0,25.0,25.0,0.0,158.0,0.0
159.0,6.360000000000005,25.0,inf,25.0,25.0,25.0,0.0,159.0,0.0
160.0,6.400000000000005,25.0,inf,25.0,25.0,25.0,0.0,160.0,0.0
161.0,6.440000000000005,25.0,inf,25.0,25.0,25.0,0.0,161.0,0.0
162.0,6.480000000000005,25.0,inf,25.0,25.0,25.0,0.0,162.0,0.0
163.0,6.520000000000005,25.0,inf,25.0,25.0,25.0,0.0,163.0,0.0
164.0,6.560000000000005,25.0,inf,25.0,25.0,25.0,0.0,164.0,0.0
165.0,6.600000000000005,25.0,inf,25.0,25.0,25.0,0.0,165.0,0.0
166.0,6.640000000000005,25.0,inf,25.0,25.0,25.0,0.0,166.0,0.0
167.0,6.680000000000005,25.0,inf,25.0,25.0,25.0,0.0,167.0,0.0
168.0,6.720000000000005,25.0,inf,25.0,25.0,25.0,0.0,168.0,0.0
169.0,6.760000000000005,25.0,inf,25.0,25.0,25.0,0.0,169.0,0.0
170.0,6.800000000000005,25.0,inf,25.0,25.0,25.0,0.0,170.0,0.0
171.0,6.840000000000005,25.0,inf,25.0,25.0,25.0,0.0,171.0,0.0
172.0,6.880000000000005,25.0,inf,25.0,25.0,25.0,0.0,172.0,0.0
173.0,6.920000000000005,25.0,inf,25.0,25.0,25.0,0.0,173.0,0.0
174.0,6.960000000000005,25.0,inf,25.0,25.0,25.0,0.0,174.0,0.0
175.0,7.000000000000005,25.0,inf,25.0,25.0,25.0,0.0,175.0,0.0
176.0,7.040000000000005,25.0,inf,25.0,25.0,25.0,0.0,176.0,0.0
177.0,7.080000000000005,25.0,inf,25.0,25.0,25.0,0.0,177.0,0.0
178.0,7.120000000000005,25.0,inf,25.0,25.0,25.0,0.0,178.0,0.0
179.0,7.1600000000000055,25.0,inf,25.0,25.0,25.0,0.0,179.0,0.0
180.0,7.2000000000000055,25.0,inf,25.0,25.0,25.0,0.0,180.0,0.0
181.0,7.2400000000000055,25.0,inf,25.0,25.0,25.0,0.0,181.0,0.0
182.0,7.280000000000006,25.0,inf,25.0,25.0,25.0,0.0,182.0,0.0
183.0,7.320000000000006,25.0,inf,25.0,25.0,25.0,0.0,183.0,0.0
184.0,7.360000000000006,25.0,inf,25.0,25.0,25.0,0.0,184.0,0.0
185.0,7.400000000000006,25.0,inf,25.0,25.0,25.0,0.0,185.0,0.0
186.0,7.440000000000006,25.0,inf,25.0,25.0,25.0,0.0,186.0,0.0
187.0,7.480000000000006,25.0,inf,25.0,25.0,25.0,0.0,187.0,0.0
188.0,7.520000000000006,25.0,inf,25.0,25.0,25.0,0.0,188.0,0.0
189.0,7.560000000000006,25.0,inf,25.0,25.0,25.0,0.0,189.0,0.0
190.0,7.600000000000006,25.0,inf,25.0,25.0,25.0,0.0,190.0,0.0
191.0,7.640000000000006,25.0,inf,25.0,25.0,25.0,0.0,191.0,0.0
192.0,7.680000000000006,25.0,inf,25.0,25.0,25.0,0.0,192.0,0.0
193.0,7.720000000000006,25.0,inf,25.0,25.0,25.0,0.0,193.0,0.0
194.0,7.760000000000006,25.0,inf,25.0,25.0,25.0,0.0,194.0,0.0
195.0,7.800000000000006,25.0,inf,25.0,25.0,25.0,0.0,195.0,0.0
196.0,7.840000000000006,25.0,inf,25.0,25.0,25.0,0.0,196.0,0.0
197.0,7.880000000000006,25.0,inf,25.0,25.0,25.0,0.0,197.0,0.0
198.0,7.920000000000006,25.0,inf,25.0,25.0,25.0,0.0,198.0,0.0
199.0,7.960000000000006,25.0,inf,25.0,25.0,25.0,0.0,199.0,0.0
200.0,8.000000000000005,25.0,inf,25.0,25.0,25.0,0.0,200.0,0.0
201.0,8.040000000000004,25.0,inf,25.0,25.0,25.0,0.0,201.0,0.0
202.0,8.080000000000004,25.0,inf,25.0,25.0,25.0,0.0,202.0,0.0
203.0,8.120000000000003,25.0,inf,25.0,25.0,25.0,0.0,203.0,0.0
204.0,8.160000000000002,25.0,inf,25.0,25.0,25.0,0.0,204.0,0.0
205.0,8.200000000000001,25.0,inf,25.0,25.0,25.0,0.0,205.0,0.0
206.0,8.24,25.0,inf,25.0,25.0,25.0,0.0,206.0,0.0
207.0,8.28,25.0,inf,25.0,25.0,25.0,0.0,207.0,0.0
208.0,8.319999999999999,25.0,inf,25.0,25.0,25.0,0.0,208.0,0.0
209.0,8.359999999999998,25.0,inf,25.0,25.0,25.0,0.0,209.0,0.0
210.0,8.399999999999997,25.0,inf,25.0,25.0,25.0,0.0,210.0,0.0
211.0,8.439999999999996,25.0,inf,25.0,25.0,25.0,0.0,211.0,0.0
212.0,8.479999999999995,25.0,inf,25.0,25.0,25.0,0.0,212.0,0.0
213.0,8.519999999999994,25.0,inf,25.0,25.0,25.0,0.0,213.0,0.0
214.0,8.559999999999993,25.0,inf,25.0,25.0,25.0,0.0,214.0,0.0
215.0,8.599999999999993,25.0,inf,25.0,25.0,25.0,0.0,215.0,0.0
216.0,8.639999999999992,25.0,inf,25.0,25.0,25.0,0.0,216.0,0.0
217.0,8.67999999999999,25.0,inf,25.0,25.0,25.0,0.0,217.0,0.0
218.0,8.71999999999999,25.0,inf,25.0,25.0,25.0,0.0,218.0,0.0
219.0,8.75999999999999,25.0,inf,25.0,25.0,25.0,0.0,219.0,0.0
220.0,8.799999999999988,25.0,inf,25.0,25.0,25.0,0.0,220.0,0.0
221.0,8.839999999999987,25.0,inf,25.0,25.0,25.0,0.0,221.0,0.0
222.0,8.879999999999987,25.0,inf,25.0,25.0,25.0,0.0,222.0,0.0
223.0,8.919999999999986,25.0,inf,25.0,25.0,25.0,0.0,223.0,0.0
224.0,8.959999999999985,25.0,inf,25.0,25.0,25.0,0.0,224.0,0.0
225.0,8.999999999999984,25.0,inf,25.0,25.0,25.0,0.0,225.0,0.0
226.0,9.039999999999983,25.0,inf,25.0,25.0,25.0,0.0,226.0,0.0
227.0,9.079999999999982,25.0,inf,25.0,25.0,25.0,0.0,227.0,0.0
228.0,9.119999999999981,25.0,inf,25.0,25.0,25.0,0.0,228.0,0.0
229.0,9.15999999999998,25.0,inf,25.0,25.0,25.0,0.0,229.0,0.0
230.0,9.19999999999998,25.0,inf,25.0,25.0,25.0,0.0,230.0,0.0
231.0,9.239999999999979,25.0,inf,25.0,25.0,25.0,0.0,231.0,0.0
232.0,9.279999999999978,25.0,inf,25.0,25.0,25.0,0.0,232.0,0.0
233.0,9.319999999999977,25.0,inf,25.0,25.0,25.0,0.0,233.0,0.0
234.0,9.359999999999976,25.0,inf,25.0,25.0,25.0,0.0,234.0,0.0
235.0,9.399999999999975,25.0,inf,25.0,25.0,25.0,0.0,235.0,0.0
236.0,9.439999999999975,25.0,inf,25.0,25.0,25.0,0.0,236.0,0.0
237.0,9.479999999999974,25.0,inf,25.0,25.0,25.0,0.0,237.0,0.0
238.0,9.519999999999973,25.0,inf,25.0,25.0,25.0,0.0,238.0,0.0
239.0,9.559999999999972,25.0,inf,25.0,25.0,25.0,0.0,239.0,0.0
240.0,9.599999999999971,25.0,inf,25.0,25.0,25.0,0.0,240.0,0.0
241.0,9.63999999999997,25.0,inf,25.0,25.0,25.0,0.0,241.0,0.0
242.0,9.67999999999997,25.0,inf,25.0,25.0,25.0,0.0,242.0,0.0
243.0,9.719999999999969,25.0,inf,25.0,25.0,25.0,0.0,243.0,0.0
244.0,9.759999999999968,25.0,inf,25.0,25.0,25.0,0.0,244.0,0.0
245.0,9.799999999999967,25.0,inf,25.0,25.0,25.0,0.0,245.0,0.0
246.0,9.839999999999966,25.0,inf,25.0,25.0,25.0,0.0,246.0,0.0
247.0,9.879999999999965,25.0,inf,25.0,25.0,25.0,0.0,247.0,0.0
248.0,9.919999999999964,25.0,inf,25.0,25.0,25.0,0.0,248.0,0.0
249.0,9.959999999999964,25.0,inf,25.0,25.0,25.0,0.0,249.0,0.0
250.0,9.999999999999963,25.0,inf,25.0,25.0,25.0,0.0,250.0,0.0
251.0,10.039999999999962,25.0,inf,25.0,25.0,25.0,0.0,251.0,0.0
252.0,10.079999999999961,25.0,inf,25.0,25.0,25.0,0.0,252.0,0.0
253.0,10.11999999999996,25.0,inf,25.0,25.0,25.0,0.0,253.0,0.0
254.0,10.15999999999996,25.0,inf,25.0,25.0,25.0,0.0,254.0,0.0
255.0,10.199999999999958,25.0,inf,25.0,25.0,25.0,0.0,255.0,0.0
256.0,10.239999999999958,25.0,inf,25.0,25.0,25.0,0.0,256.0,0.0
257.0,10.279999999999957,25.0,inf,25.0,25.0,25.0,0.0,257.0,0.0
258.0,10.319999999999956,25.0,inf,25.0,25.0,25.0,0.0,258.0,0.0
259.0,10.359999999999955,25.0,inf,25.0,25.0,25.0,0.0,259.0,0.0
260.0,10.399999999999954,25.0,inf,25.0,25.0,25.0,0.0,260.0,0.0
261.0,10.439999999999953,25.0,inf,25.0,25.0,25.0,0.0,261.0,0.0
262.0,10.479999999999952,25.0,inf,25.0,25.0,25.0,0.0,262.0,0.0
263.0,10.519999999999952,25.0,inf,25.0,25.0,25.0,0.0,263.0,0.0
264.0,10.55999999999995,25.0,inf,25.0,25.0,25.0,0.0,264.0,0.0
265.0,10.59999999999995,25.0,inf,25.0,25.0,25.0,0.0,265.0,0.0
266.0,10.639999999999949,25.0,inf,25.0,25.0,25.0,0.0,266.0,0.0
267.0,10.679999999999948,25.0,inf,25.0,25.0,25.0,0.0,267.0,0.0
268.0,10.719999999999947,25.0,inf,25.0,25.0,25.0,0.0,268.0,0.0
269.0,10.759999999999946,25.0,inf,25.0,25.0,25.0,0.0,269.0,0.0
270.0,10.799999999999946,25.0,inf,25.0,25.0,25.0,0.0,270.0,0.0
271.0,10.839999999999945,25.0,inf,25.0,25.0,25.0,0.0,271.0,0.0
272.0,10.879999999999944,25.0,inf,25.0,25.0,25.0,0.0,272.0,0.0
273.0,10.919999999999943,25.0,inf,25.0,25.0,25.0,0.0,273.0,0.0
274.0,10.959999999999942,25.0,inf,25.0,25.0,25.0,0.0,274.0,0.0
275.0,10.999999999999941,25.0,inf,25.0,25.0,25.0,0.0,275.0,0.0
276.0,11.03999999999994,25.0,inf,25.0,25.0,25.0,0.0,276.0,0.0
277.0,11.07999999999994,25.0,inf,25.0,25.0,25.0,0.0,277.0,0.0
278.0,11.119999999999939,25.0,inf,25.0,25.0,25.0,0.0,278.0,0.0
279.0,11.159999999999938,25.0,inf,25.0,25.0,25.0,0.0,279.0,0.0
280.0,11.199999999999937,25.0,inf,25.0,25.0,25.0,0.0,280.0,0.0
281.0,11.239999999999936,25.0,inf,25.0,25.0,25.0,0.0,281.0,0.0
282.0,11.279999999999935,25.0,inf,25.0,25.0,25.0,0.0,282.0,0.0
283.0,11.319999999999935,25.0,inf,25.0,25.0,25.0,0.0,283.0,0.0
284.0,11.359999999999934,25.0,inf,25.0,25.0,25.0,0.0,284.0,0.0
285.0,11.399999999999933,25.0,inf,25.0,25.0,25.0,0.0,285.0,0.0
286.0,11.439999999999932,25.0,inf,25.0,25.0,25.0,0.0,286.0,0.0
287.0,11.479999999999931,25.0,inf,25.0,25.0,25.0,0.0,287.0,0.0
288.0,11.51999999999993,25.0,inf,25.0,25.0,25.0,0.0,288.0,0.0
289.0,11.55999999999993,25.0,inf,25.0,25.0,25.0,0.0,289.0,0.0
290.0,11.599999999999929,25.0,inf,25.0,25.0,25.0,0.0,290.0,0.0
291.0,11.639999999999928,25.0,inf,25.0,25.0,25.0,0.0,291.0,0.0
292.0,11.679999999999927,25.0,inf,25.0,25.0,25.0,0.0,292.0,0.0
293.0,11.719999999999926,25.0,inf,25.0,25.0,25.0,0.0,293.0,0.0
294.0,11.759999999999925,25.0,inf,25.0,25.0,25.0,0.0,294.0,0.0
295.0,11.799999999999924,25.0,inf,25.0,25.0,25.0,0.0,295.0,0.0
296.0,11.839999999999923,25.0,inf,25.0,25.0,25.0,0.0,296.0,0.0
297.0,11.879999999999923,25.0,inf,25.0,25.0,25.0,0.0,297.0,0.0
298.0,11.919999999999922,25.0,inf,25.0,25.0,25.0,0.0,298.0,0.0
299.0,11.959999999999921,25.0,inf,25.0,25.0,25.0,0.0,299.0,0.0
300.0,11.99999999999992,25.0,inf,25.0,25.0,25.0,0.0,300.0,0.0
301.0,12.03999999999992,25.0,inf,25.0,25.0,25.0,0.0,301.0,0.0
302.0,12.079999999999918,25.0,inf,25.0,25.0,25.0,0.0,302.0,0.0
303.0,12.119999999999918,25.0,inf,25.0,25.0,25.0,0.0,303.0,0.0
304.0,12.159999999999917,25.0,inf,25.0,25.0,25.0,0.0,304.0,0.0
305.0,12.199999999999916,25.0,inf,25.0,25.0,25.0,0.0,305.0,0.0
306.0,12.239999999999915,25.0,inf,25.0,25.0,25.0,0.0,306.0,0.0
307.0,12.279999999999914,25.0,inf,25.0,25.0,25.0,0.0,307.0,0.0
308.0,12.319999999999913,25.0,inf,25.0,25.0,25.0,0.0,308.0,0.0
309.0,12.359999999999912,25.0,inf,25.0,25.0,25.0,0.0,309.0,0.0
310.0,12.399999999999912,25.0,inf,25.0,25.0,25.0,0.0,310.0,0.0
311.0,12.43999999999991,25.0,inf,25.0,25.0,25.0,0.0,311.0,0.0
312.0,12.47999999999991,25.0,inf,25.0,25.0,25.0,0.0,312.0,0.0
313.0,12.519999999999909,25.0,inf,25.0,25.0,25.0,0.0,313.0,0.0
314.0,12.559999999999908,25.0,inf,25.0,25.0,25.0,0.0,314.0,0.0
315.0,12.599999999999907,25.0,inf,25.0,25.0,25.0,0.0,315.0,0.0
316.0,12.639999999999906,25.0,inf,25.0,25.0,25.0,0.0,316.0,0.0
317.0,12.679999999999906,25.0,inf,25.0,25.0,25.0,0.0,317.0,0.0
318.0,12.719999999999905,25.0,inf,25.0,25.0,25.0,0.0,318.0,0.0
319.0,12.759999999999904,25.0,inf,25.0,25.0,25.0,0.0,319.0,0.0
320.0,12.799999999999903,25.0,inf,25.0,25.0,25.0,0.0,320.0,0.0
321.0,12.839999999999902,25.0,inf,25.0,25.0,25.0,0.0,321.0,0.0
322.0,12.879999999999901,25.0,inf,25.0,25.0,25.0,0.0,322.0,0.0
323.0,12.9199999999999,25.0,inf,25.0,25.0,25.0,0.0,323.0,0.0
324.0,12.9599999999999,25.0,inf,25.0,25.0,25.0,0.0,324.0,0.0
325.0,12.999999999999899,25.0,inf,25.0,25.0,25.0,0.0,325.0,0.0
326.0,13.039999999999898,25.0,inf,25.0,25.0,25.0,0.0,326.0,0.0
327.0,13.079999999999897,25.0,inf,25.0,25.0,25.0,0.0,327.0,0.0
328.0,13.119999999999896,25.0,inf,25.0,25.0,25.0,0.0,328.0,0.0
329.0,13.159999999999895,25.0,inf,25.0,25.0,25.0,0.0,329.0,0.0
330.0,13.199999999999894,25.0,inf,25.0,25.0,25.0,0.0,330.0,0.0
331.0,13.239999999999894,25.0,inf,25.0,25.0,25.0,0.0,331.0,0.0
332.0,13.279999999999893,25.0,inf,25.0,25.0,25.0,0.0,332.0,0.0
333.0,13.319999999999892,25.0,inf,25.0,25.0,25.0,0.0,333.0,0.0
334.0,13.359999999999891,25.0,inf,25.0,25.0,25.0,0.0,334.0,0.0
335.0,13.39999999999989,25.0,inf,25.0,25.0,25.0,0.0,335.0,0.0
336.0,13.43999999999989,25.0,inf,25.0,25.0,25.0,0.0,336.0,0.0
337.0,13.479999999999889,25.0,inf,25.0,25.0,25.0,0.0,337.0,0.0
338.0,13.519999999999888,25.0,inf,25.0,25.0,25.0,0.0,338.0,0.0
339.0,13.559999999999887,25.0,inf,25.0,25.0,25.0,0.0,339.0,0.0
340.0,13.599999999999886,25.0,inf,25.0,25.0,25.0,0.0,340.0,0.0
341.0,13.639999999999885,25.0,inf,25.0,25.0,25.0,0.0,341.0,0.0
342.0,13.679999999999884,25.0,inf,25.0,25.0,25.0,0.0,342.0,0.0
343.0,13.719999999999883,25.0,inf,25.0,25.0,25.0,0.0,343.0,0.0
344.0,13.759999999999883,25.0,inf,25.0,25.0,25.0,0.0,344.0,0.0
345.0,13.799999999999882,25.0,inf,25.0,25.0,25.0,0.0,345.0,0.0
346.0,13.83999999999988,25.0,inf,25.0,25.0,25.0,0.0,346.0,0.0
347.0,13.87999999999988,25.0,inf,25.0,25.0,25.0,0.0,347.0,0.0
348.0,13.91999999999988,25.0,inf,25.0,25.0,25.0,0.0,348.0,0.0
349.0,13.959999999999878,25.0,inf,25.0,25.0,25.0,0.0,349.0,0.0
350.0,13.999999999999877,25.0,inf,25.0,25.0,25.0,0.0,350.0,0.0
351.0,14.039999999999877,25.0,inf,25.0,25.0,25.0,0.0,351.0,0.0
352.0,14.079999999999876,25.0,inf,25.0,25.0,25.0,0.0,352.0,0.0
353.0,14.119999999999875,25.0,inf,25.0,25.0,25.0,0.0,353.0,0.0
354.0,14.159999999999874,25.0,inf,25.0,25.0,25.0,0.0,354.0,0.0
355.0,14.199999999999873,25.0,inf,25.0,25.0,25.0,0.0,355.0,0.0
356.0,14.239999999999872,25.0,inf,25.0,25.0,25.0,-1.0493827160494789,356.0,0.0
357.0,14.280033636747046,24.957989393536913,inf,25.0,25.0,24.957989393536913,-5.0,357.0,0.0
358.0,14.320263080090722,24.756842176818534,inf,25.0,25.0,24.756842176818534,-5.0,358.0,0.0
359.0,14.360822072733601,24.554047213604136,inf,25.0,25.0,24.554047213604136,-5.0,359.0,0.0
360.0,14.401718848607512,24.34956333423458,inf,25.0,25.0,24.34956333423458,-4.999999999999943,360.0,0.0
361.0,14.442961990345463,24.14334762554483,inf,25.0,25.0,24.14334762554483,-4.999999999999943,361.0,0.0
362.0,14.484560450312816,23.935355325708063,inf,25.0,25.0,23.935355325708063,-5.0,362.0,0.0
363.0,14.526523573297997,23.72553971078216,inf,25.0,25.0,23.72553971078216,-5.0,363.0,0.0
364.0,14.568861121025625,23.51385197214402,inf,25.0,25.0,23.51385197214402,-5.0,364.0,0.0
365.0,14.611583298674258,23.300241083900854,inf,25.0,25.0,23.300241083900854,-5.0,365.0,0.0
366.0,14.654700783602797,23.084653659258162,inf,25.0,25.0,23.084653659258162,-5.0,366.0,0.0
367.0,14.698224756514652,22.867033794698894,inf,25.0,25.0,22.867033794698894,-4.999999999999943,367.0,0.0
368.0,14.742166935317385,22.647322900685225,inf,25.0,25.0,22.647322900685225,-4.999999999999972,368.0,0.0
369.0,14.786539611968387,22.425459517430216,inf,25.0,25.0,22.425459517430216,-5.000000000000028,369.0,0.0
370.0,14.831355692634855,22.201379114097875,inf,25.0,25.0,22.201379114097875,-5.0,370.0,0.0
371.0,14.87662874153994,21.975013869572447,inf,25.0,25.0,21.975013869572447,-5.0,371.0,0.0
372.0,14.922373028917207,21.746292432686115,inf,25.0,25.0,21.746292432686115,-5.0,372.0,0.0
373.0,14.96860358355391,21.515139659502594,inf,25.0,25.0,21.515139659502594,-5.0,373.0,0.0
374.0,15.015336250471506,21.281476324914617,inf,25.0,25.0,21.281476324914617,-4.999999999999972,374.0,0.0
375.0,15.062587754370915,21.045218805417573,inf,25.0,25.0,21.045218805417573,-5.0,375.0,0.0
376.0,15.110375769562806,20.80627872945812,inf,25.0,25.0,20.80627872945812,-5.000000000000028,376.0,0.0
377.0,15.158718997211906,20.564562591212617,inf,25.0,25.0,20.564562591212617,-5.000000000000028,377.0,0.0
378.0,15.207637250852663,20.319971323008833,inf,25.0,25.0,20.319971323008833,-5.0,378.0,0.0
379.0,15.257151551285215,20.07239982084607,inf,25.0,25.0,20.07239982084607,-5.000000000000028,379.0,0.0
380.0,15.307284232140812,19.821736416568083,inf,25.0,25.0,19.821736416568083,-5.0,380.0,0.0
381.0,15.358059057620531,19.567862289169486,inf,25.0,25.0,19.567862289169486,-4.999999999999972,381.0,0.0
382.0,15.409501354168295,19.310650806430665,inf,25.0,25.0,19.310650806430665,-5.000000000000028,382.0,0.0
383.0,15.461638158148402,19.049966786530135,inf,25.0,25.0,19.049966786530135,-4.999999999999972,383.0,0.0
384.0,15.514498381971393,18.785665667415177,inf,25.0,25.0,18.785665667415177,-5.000000000000028,384.0,0.0
385.0,15.56811300156577,18.517592569443288,inf,25.0,25.0,18.517592569443288,-5.0,385.0,0.0
386.0,15.622515268646708,18.245581234038593,inf,25.0,25.0,18.245581234038593,-5.0,386.0,0.0
387.0,15.677740951912453,17.969452817709872,inf,25.0,25.0,17.969452817709872,-5.000000000000028,387.0,0.0
388.0,15.73382861213773,17.689014516583484,inf,25.0,25.0,17.689014516583484,-4.999999999999972,388.0,0.0
389.0,15.790819917175076,17.404057991396755,inf,25.0,25.0,17.404057991396755,-5.0,389.0,0.0
390.0,15.84876000417679,17.114357556388182,inf,25.0,25.0,17.114357556388182,-5.0,390.0,0.0
391.0,15.907697897988701,16.819668087328633,inf,25.0,25.0,16.819668087328633,-5.0,391.0,0.0
392.0,15.967686996744096,16.519722593551663,inf,25.0,25.0,16.519722593551663,-5.0,392.0,0.0
393.0,16.028785638340306,16.214229385570604,inf,25.0,25.0,16.214229385570604,-5.000000000000014,393.0,0.0
394.0,16.09105776489997,15.902868752772289,inf,25.0,25.0,15.902868752772289,-5.0,394.0,0.0
395.0,16.154573706764307,15.585289043450597,inf,25.0,25.0,15.585289043450597,-5.000000000000014,395.0,0.0
396.0,16.219411113400202,15.26110201027112,inf,25.0,25.0,15.26110201027112,-5.0,396.0,0.0
397.0,16.285656066339673,14.929877245573763,inf,25.0,25.0,14.929877245573763,-4.999999999999986,397.0,0.0
398.0,16.353404419645045,14.591135479046901,inf,25.0,25.0,14.591135479046901,-5.0,398.0,0.0
399.0,16.42276342747351,14.244340439904589,inf,25.0,25.0,14.244340439904589,-5.0,399.0,0.0
400.0,16.49385373767665,13.88888888888889,inf,25.0,25.0,13.88888888888889,0.0,400.0,0.0
401.0,16.565853737676647,13.88888888888889,24.49489742783178,13.88888888888889,13.88888888888889,13.88888888888889,0.0,400.9999958333385,0.0024999947916715115
402.0,16.637853737676647,13.88888888888889,24.49489742783178,13.88888888888889,13.88888888888889,13.88888888888889,0.0,401.99996666683336,0.009999916666947328
403.0,16.709853737676646,13.88888888888889,24.49489742783178,13.88888888888889,13.88888888888889,13.88888888888889,0.0,402.9998875012656,0.02249957812816561
404.0,16.781853737676645,13.88888888888889,24.49489742783178,13.88888888888889,13.88888888888889,13.88888888888889,0.0,403.9997333386666,0.039998666684448736
405.0,16.853853737676644,13.88888888888889,24.49489742783178,13.88888888888889,13.88888888888889,13.88888888888889,0.0,404.9994791829425,0.06249674485947487
406.0,16.925853737676643,13.88888888888889,24.49489742783178,13.88888888888889,13.88888888888889,13.88888888888889,0.0,405.9991000404991,0.08999325020249138
407.0,16.997853737676643,13.88888888888889,24.49489742783178,13.88888888888889,13.88888888888889,13.88888888888889,0.0,406.9985709208672,0.12248749530228142
408.0,17.06985373767664,13.88888888888889,24.49489742783178,13.88888888888889,13.88888888888889,13.88888888888889,0.0,407.99786683732685,0.15997866780441683
409.0,17.14185373767664,13.88888888888889,24.49489742783178,13.88888888888889,13.88888888888889,13.88888888888889,0.0,408.99696280753204,0.20246583043150856
410.0,17.21385373767664,13.88888888888889,24.49489742783178,13.88888888888889,13.88888888888889,13.88888888888889,0.0,409.99583385413564,0.24994792100674346
411.0,17.28585373767664,13.88888888888889,24.49489742783178,13.88888888888889,13.88888888888889,13.88888888888889,0.0,410.99445500541356,0.3024237524803075
412.0,17.35785373767664,13.88888888888889,24.49489742783178,13.88888888888889,13.88888888888889,13.88888888888889,0.0,411.9928012958889,0.35989201295916207
413.0,17.429853737676638,13.88888888888889,24.49489742783178,13.88888888888889,13.88888888888889,13.88888888888889,0.0,412.9908477669565,0.4223512657397732
414.0,17.501853737676637,13.88888888888889,24.49489742783178,13.88888888888889,13.88888888888889,13.88888888888889,0.0,413.9885694675066,0.489799949344083
415.0,17.573853737676636,13.88888888888889,24.49489742783178,13.88888888888889,13.88888888888889,13.88888888888889,0.0,414.9859414545485,0.5622363775585004
416.0,17.645853737676635,13.88888888888889,24.49489742783178,13.88888888888889,13.88888888888889,13.88888888888889,0.0,415.98293879383453,0.6396587394761122
417.0,17.717853737676634,13.88888888888889,24.49489742783178,13.88888888888889,13.88888888888889,13.88888888888889,0.0,416.9795365604832,0.7220650995419131
418.0,17.789853737676633,13.88888888888889,24.49489742783178,13.88888888888889,13.88888888888889,13.88888888888889,0.0,417.9757098396022,0.8094533976011453
419.0,17.861853737676633,13.88888888888889,24.49489742783178,13.88888888888889,13.88888888888889,13.88888888888889,0.0,418.97143372691147,0.9018214489509457
420.0,17.933853737676632,13.88888888888889,24.49489742783178,13.88888888888889,13.88888888888889,13.88888888888889,0.0,419.96668332936565,0.9991669443948359
421.0,18.00585373767663,13.88888888888889,24.49489742783178,13.88888888888889,13.88888888888889,13.88888888888889,0.0,420.9614337657765,1.10148745030052
422.0,18.07785373767663,13.88888888888889,24.49489742783178,13.88888888888889,13.88888888888889,13.88888888888889,0.0,421.955660167435,1.2087804086606369
423.0,18.14985373767663,13.88888888888889,24.49489742783178,13.88888888888889,13.88888888888889,13.88888888888889,0.0,422.9493376787328,1.321043137156841
424.0,18.22185373767663,13.88888888888889,24.49489742783178,13.88888888888889,13.88888888888889,13.88888888888889,0.0,423.94244145778384,1.43827282922675
425.0,18.293853737676628,13.88888888888889,24.49489742783178,13.88888888888889,13.88888888888889,13.88888888888889,0.0,424.93494667704556,1.5604665541341989
426.0,18.365853737676627,13.88888888888889,24.49489742783178,13.88888888888889,13.88888888888889,13.88888888888889,0.0,425.926828523939,1.687621257042382
427.0,18.437853737676626,13.88888888888889,24.49489742783178,13.88888888888889,13.88888888888889,13.88888888888889,0.0,426.91806220146964,1.819733759090414
428.0,18.509853737676625,13.88888888888889,24.49489742783178,13.88888888888889,13.88888888888889,13.88888888888889,0.0,427.9086229288473,1.9568007574725765
429.0,18.581853737676624,13.88888888888889,24.49489742783178,13.88888888888889,13.88888888888889,13.88888888888889,0.0,428.89848594210525,2.098818825521054
430.0,18.653853737676624,13.88888888888889,24.49489742783178,13.88888888888889,13.88888888888889,13.88888888888889,0.0,429.8876264947198,2.2457844127915516
431.0,18.725853737676623,13.88888888888889,24.49489742783178,13.88888888888889,13.88888888888889,13.88888888888889,0.0,430.8760198582287,2.397693845152027
432.0,18.797853737676622,13.88888888888889,24.49489742783178,13.88888888888889,13.88888888888889,13.88888888888889,0.0,431.8636413228492,2.554543324874614
433.0,18.86985373767662,13.88888888888889,24.49489742783178,13.88888888888889,13.88888888888889,13.88888888888889,0.0,432.85046619809617,2.7163289307304606
434.0,18.94185373767662,13.88888888888889,24.49489742783178,13.88888888888889,13.88888888888889,13.88888888888889,0.0,433.8364698133992,2.883046618087848
435.0,19.01385373767662,13.88888888888889,24.49489742783178,13.88888888888889,13.88888888888889,13.88888888888889,0.0,434.8216275187192,3.054692219013311
436.0,19.08585373767662,13.88888888888889,24.49489742783178,13.88888888888889,13.88888888888889,13.88888888888889,0.0,435.80591468516485,3.2312614423757102
437.0,19.157853737676618,13.88888888888889,24.49489742783178,13.88888888888889,13.88888888888889,13.88888888888889,0.0,436.7893067056082,3.412749873953702
438.0,19.229853737676617,13.88888888888889,24.49489742783178,13.88888888888889,13.88888888888889,13.88888888888889,0.0,437.7717789953001,3.5991529765459385
439.0,19.301853737676616,13.88888888888889,24.49489742783178,13.88888888888889,13.88888888888889,13.88888888888889,0.0,438.7533069924844,3.7904660900845544
440.0,19.373853737676615,13.88888888888889,24.49489742783178,13.88888888888889,13.88888888888889,13.88888888888889,0.0,439.7338661590122,3.9866844317516748
441.0,19.445853737676615,13.88888888888889,24.49489742783178,13.88888888888889,13.88888888888889,13.88888888888889,0.0,440.7134319809556,4.187803096098985
442.0,19.517853737676614,13.88888888888889,24.49489742783178,13.88888888888889,13.88888888888889,13.88888888888889,0.0,441.6919799692199,4.393817055170346
443.0,19.589853737676613,13.88888888888889,24.49489742783178,13.88888888888889,13.88888888888889,13.88888888888889,0.0,442.66948566015645,4.604721158627534
444.0,19.661853737676612,13.88888888888889,24.49489742783178,13.88888888888889,13.88888888888889,13.88888888888889,0.0,443.6459246161739,4.820510133878897
445.0,19.73385373767661,13.88888888888889,24.49489742783178,13.88888888888889,13.88888888888889,13.88888888888889,0.0,444.6212724263491,5.041178586211337
446.0,19.80585373767661,13.88888888888889,24.49489742783178,13.88888888888889,13.88888888888889,13.88888888888889,0.0,445.59550470703766,5.266720998925023
447.0,19.87785373767661,13.88888888888889,24.49489742783178,13.88888888888889,13.88888888888889,13.88888888888889,0.0,446.56859710248335,5.497131733471394
448.0,19.94985373767661,13.88888888888889,24.49489742783178,13.88888888888889,13.88888888888889,13.88888888888889,0.0,447.5405252854269,5.73240502959409
449.0,20.021853737676608,13.88888888888889,24.49489742783178,13.88888888888889,13.88888888888889,13.88888888888889,0.0,448.5112649577144,5.972535005472923
450.0,20.093853737676607,13.88888888888889,24.49489742783178,13.88888888888889,13.88888888888889,13.88888888888889,0.0,449.4807918509046,6.217515657871053
451.0,20.165853737676606,13.88888888888889,24.49489742783178,13.88888888888889,13.88888888888889,13.88888888888889,0.0,450.4490817268756,6.467340862284887
452.0,20.237853737676605,13.88888888888889,24.49489742783178,13.88888888888889,13.88888888888889,13.88888888888889,0.0,451.41611037843103,6.722004373097357
453.0,20.309853737676605,13.88888888888889,24.49489742783178,13.88888888888889,13.88888888888889,13.88888888888889,0.0,452.38185362990487,6.98149982373395
454.0,20.381853737676604,13.88888888888889,24.49489742783178,13.88888888888889,13.88888888888889,13.88888888888889,0.0,453.3462873377662,7.245820726821894
455.0,20.453853737676603,13.88888888888889,24.49489742783178,13.88888888888889,13.88888888888889,13.88888888888889,0.0,454.3093873912226,7.514960474352406
456.0,20.525853737676602,13.88888888888889,24.49489742783178,13.88888888888889,13.88888888888889,13.88888888888889,0.0,455.27112971282276,7.788912337845821
457.0,20.5978537376766,13.88888888888889,24.49489742783178,13.88888888888889,13.88888888888889,13.88888888888889,0.0,456.23149025905883,8.067669468519778
458.0,20.6698537376766,13.88888888888889,24.49489742783178,13.88888888888889,13.88888888888889,13.88888888888889,0.0,457.1904450209671,8.351224897460563
459.0,20.7418537376766,13.88888888888889,24.49489742783178,13.88888888888889,13.88888888888889,13.88888888888889,0.0,458.1479700247285,8.639571535797218
460.0,20.8138537376766,13.88888888888889,24.49489742783178,13.88888888888889,13.88888888888889,13.88888888888889,0.0,459.1040413322679,8.932702174878804
461.0,20.885853737676598,13.88888888888889,24.49489742783178,13.88888888888889,13.88888888888889,13.88888888888889,0.0,460.0586350418523,9.230609486454577
462.0,20.957853737676597,13.88888888888889,24.49489742783178,13.88888888888889,13.88888888888889,13.88888888888889,0.0,461.0117272886887,9.533286022857324
463.0,21.029853737676596,13.88888888888889,24.49489742783178,13.88888888888889,13.88888888888889,13.88888888888889,0.0,461.96329424552056,9.840724217189356
464.0,21.101853737676596,13.88888888888889,24.49489742783178,13.88888888888889,13.88888888888889,13.88888888888889,0.0,462.91331212322353,10.152916383511833
465.0,21.173853737676595,13.88888888888889,24.49489742783178,13.88888888888889,13.88888888888889,13.88888888888889,0.0,463.8617571714002,10.469854717036853
466.0,21.245853737676594,13.88888888888889,24.49489742783178,13.88888888888889,13.88888888888889,13.88888888888889,0.0,464.80860567897366,10.791531294322597
467.0,21.317853737676593,13.88888888888889,24.49489742783178,13.88888888888889,13.88888888888889,13.88888888888889,0.0,465.7538339747806,11.11793807347139
468.0,21.389853737676592,13.88888888888889,24.49489742783178,13.88888888888889,13.88888888888889,13.88888888888889,0.0,466.6974184281629,11.44906689433076
469.0,21.46185373767659,13.88888888888889,24.49489742783178,13.88888888888889,13.88888888888889,13.88888888888889,0.0,467.63933544955825,11.784909478697392
470.0,21.53385373767659,13.88888888888889,24.49489742783178,13.88888888888889,13.88888888888889,13.88888888888889,0.0,468.57956149109026,12.125457430524222
471.0,21.60585373767659,13.88888888888889,24.49489742783178,13.88888888888889,13.88888888888889,13.88888888888889,0.0,469.51807304715686,12.470702236130137
472.0,21.67785373767659,13.88888888888889,24.49489742783178,13.88888888888889,13.88888888888889,13.88888888888889,0.0,470.454846655018,12.820635264413038
473.0,21.749853737676588,13.88888888888889,24.49489742783178,13.88888888888889,13.88888888888889,13.88888888888889,0.0,471.3898588953823,13.175247767065379
474.0,21.821853737676587,13.88888888888889,24.49489742783178,13.88888888888889,13.88888888888889,13.88888888888889,0.0,472.3230863929924,13.534530878793104
475.0,21.893853737676586,13.88888888888889,24.49489742783178,13.88888888888889,13.88888888888889,13.88888888888889,0.0,473.2545058172095,13.898475617537143
476.0,21.965853737676586,13.88888888888889,24.49489742783178,13.88888888888889,13.88888888888889,13.88888888888889,0.0,474.1840938825965,14.267072884697951
477.0,22.037853737676585,13.88888888888889,24.49489742783178,13.88888888888889,13.88888888888889,13.88888888888889,0.0,475.11182734950023,14.640313465363052
478.0,22.109853737676584,13.88888888888889,24.49489742783178,13.88888888888889,13.88888888888889,13.88888888888889,0.0,476.0376830246323,15.018188028537383
479.0,22.181853737676583,13.88888888888889,24.49489742783178,13.88888888888889,13.88888888888889,13.88888888888889,0.0,476.961637761649,15.400687127376544
480.0,22.253853737676582,13.88888888888889,24.49489742783178,13.88888888888889,13.88888888888889,13.88888888888889,0.0,477.8836684617301,15.78780119942298
481.0,22.32585373767658,13.88888888888889,24.49489742783178,13.88888888888889,13.88888888888889,13.88888888888889,0.0,478.8037520741561,16.179520566845063
482.0,22.39785373767658,13.88888888888889,24.49489742783178,13.88888888888889,13.88888888888889,13.88888888888889,0.0,479.7218655968846,16.575835436678975
483.0,22.46985373767658,13.88888888888889,24.49489742783178,13.88888888888889,13.88888888888889,13.88888888888889,0.0,480.63798607712533,16.976735901073646
484.0,22.54185373767658,13.88888888888889,24.49489742783178,13.88888888888889,13.88888888888889,13.88888888888889,0.0,481.552090611914,17.38221193753835
485.0,22.61385373767658,13.88888888888889,24.49489742783178,13.88888888888889,13.88888888888889,13.88888888888889,0.0,482.4641563486849,17.792253409193258
486.0,22.685853737676577,13.88888888888889,24.49489742783178,13.88888888888889,13.88888888888889,13.88888888888889,0.0,483.37416048584214,18.206850065022984
487.0,22.757853737676577,13.88888888888889,24.49489742783178,13.88888888888889,13.88888888888889,13.88888888888889,0.0,484.2820802733296,18.62599154013267
488.0,22.829853737676576,13.88888888888889,24.49489742783178,13.88888888888889,13.88888888888889,13.88888888888889,0.0,485.1878930131999,19.049667356007326
489.0,22.901853737676575,13.88888888888889,24.49489742783178,13.88888888888889,13.88888888888889,13.88888888888889,0.0,486.09157606018175,19.47786692077358
490.0,22.973853737676574,13.88888888888889,24.49489742783178,13.88888888888889,13.88888888888889,13.88888888888889,0.0,486.99310682224603,19.910579529464624
491.0,23.045853737676573,13.88888888888889,24.49489742783178,13.88888888888889,13.88888888888889,13.88888888888889,0.0,487.89246276117063,20.347794364287775
492.0,23.117853737676572,13.88888888888889,24.49489742783178,13.88888888888889,13.88888888888889,13.88888888888889,0.0,488.78962139310397,20.789500494894963
493.0,23.18985373767657,13.88888888888889,24.49489742783178,13.88888888888889,13.88888888888889,13.88888888888889,0.0,489.6845602891269,21.23568687865589
494.0,23.26185373767657,13.88888888888889,24.49489742783178,13.88888888888889,13.88888888888889,13.88888888888889,0.0,490.5772570758137,21.68634236093421
495.0,23.33385373767657,13.88888888888889,24.49489742783178,13.88888888888889,13.88888888888889,13.88888888888889,0.0,491.4676894357911,22.141455675366362
496.0,23.40585373767657,13.88888888888889,24.49489742783178,13.88888888888889,13.88888888888889,13.88888888888889,0.0,492.35583510829656,22.60101544414317
497.0,23.47785373767657,13.88888888888889,24.49489742783178,13.88888888888889,13.88888888888889,13.88888888888889,0.0,493.24167188973456,23.065010178294344
498.0,23.549853737676568,13.88888888888889,24.49489742783178,13.88888888888889,13.88888888888889,13.88888888888889,0.0,494.1251776342316,23.53342827797571
499.0,23.621853737676567,13.88888888888889,24.49489742783178,13.88888888888889,13.88888888888889,13.88888888888889,0.0,495.0063302541902,24.006258032759153
500.0,23.693853737676566,13.88888888888889,24.49489742783178,13.88888888888889,13.88888888888889,13.88888888888889,0.0,495.8851077208406,24.48348762192545
501.0,23.765853737676565,13.88888888888889,24.49489742783178,13.88888888888889,13.88888888888889,13.88888888888889,0.0,496.76148806479205,24.965105114759734
502.0,23.837853737676564,13.88888888888889,24.49489742783178,13.88888888888889,13.88888888888889,13.88888888888889,0.0,497.6354493765815,25.451098470849743
503.0,23.909853737676563,13.88888888888889,24.49489742783178,13.88888888888889,13.88888888888889,13.88888888888889,0.0,498.5069698072217,25.941455540386915
504.0,23.981853737676563,13.88888888888889,24.49489742783178,13.88888888888889,13.88888888888889,13.88888888888889,0.0,499.37602756874736,26.436164064470024
505.0,24.05385373767656,13.88888888888889,24.49489742783178,13.88888888888889,13.88888888888889,13.88888888888889,0.0,500.2426009347596,26.93521167541175
506.0,24.12585373767656,13.88888888888889,24.49489742783178,13.88888888888889,13.88888888888889,13.88888888888889,0.0,501.1066682409694,27.438585897047794
507.0,24.19785373767656,13.88888888888889,24.49489742783178,13.88888888888889,13.88888888888889,13.88888888888889,0.0,501.96820788573916,27.946274145048864
508.0,24.26985373767656,13.88888888888889,24.49489742783178,13.88888888888889,13.88888888888889,13.88888888888889,0.0,502.82719833062265,28.458263727235167
509.0,24.34185373767656,13.88888888888889,24.49489742783178,13.88888888888889,13.88888888888889,13.88888888888889,0.0,503.6836181009034,28.974541843893853
510.0,24.413853737676558,13.88888888888889,24.49489742783178,13.88888888888889,13.88888888888889,13.88888888888889,0.0,504.53744578613185,29.495095588098863
511.0,24.485853737676557,13.88888888888889,24.49489742783178,13.88888888888889,13.88888888888889,13.88888888888889,0.0,505.3886600406603,30.019911946033705
512.0,24.557853737676556,13.88888888888889,24.49489742783178,13.88888888888889,13.88888888888889,13.88888888888889,0.0,506.2372395841767,30.548977797316777
513.0,24.629853737676555,13.88888888888889,24.49489742783178,13.88888888888889,13.88888888888889,13.88888888888889,0.0,507.0831632022367,31.08227991532937
514.0,24.701853737676554,13.88888888888889,24.49489742783178,13.88888888888889,13.88888888888889,13.88888888888889,0.0,507.92640974679387,31.619804967546262
515.0,24.773853737676554,13.88888888888889,24.49489742783178,13.88888888888889,13.88888888888889,13.88888888888889,0.0,508.76695813672853,32.16153951586917
516.0,24.845853737676553,13.88888888888889,24.49489742783178,13.88888888888889,13.88888888888889,13.88888888888889,0.0,509.6047873583747,32.70747001696262
517.0,24.917853737676552,13.88888888888889,24.49489742783178,13.88888888888889,13.88888888888889,13.88888888888889,0.0,510.4398764660455,33.25758282259248
518.0,24.98985373767655,13.88888888888889,24.49489742783178,13.88888888888889,13.88888888888889,13.88888888888889,0.0,511.27220458255675,33.81186417996729
519.0,25.06185373767655,13.88888888888889,24.49489742783178,13.88888888888889,13.88888888888889,13.88888888888889,0.0,512.1017508997488,34.37030023208199
520.0,25.13385373767655,13.88888888888889,24.49489742783178,13.88888888888889,13.88888888888889,13.88888888888889,0.0,512.928494679007,34.93287701806433
521.0,25.20585373767655,13.88888888888889,24.49489742783178,13.88888888888889,13.88888888888889,13.88888888888889,0.0,513.75241525178,35.49958047352399
522.0,25.277853737676548,13.88888888888889,24.49489742783178,13.88888888888889,13.88888888888889,13.88888888888889,0.0,514.5734920200963,36.07039643090408
523.0,25.349853737676547,13.88888888888889,24.49489742783178,13.88888888888889,13.88888888888889,13.88888888888889,0.0,515.3917044570794,36.64531061983543
524.0,25.421853737676546,13.88888888888889,24.49489742783178,13.88888888888889,13.88888888888889,13.88888888888889,0.0,516.207032107461,37.22430866749322
525.0,25.493853737676545,13.88888888888889,24.49489742783178,13.88888888888889,13.88888888888889,13.88888888888889,0.0,517.0194545880925,37.80737609895641
526.0,25.565853737676544,13.88888888888889,24.49489742783178,13.88888888888889,13.88888888888889,13.88888888888889,0.0,517.828951588454,38.39449833756963
527.0,25.637853737676544,13.88888888888889,24.49489742783178,13.88888888888889,13.88888888888889,13.88888888888889,0.0,518.6355028711625,38.985660705307446
528.0,25.709853737676543,13.88888888888889,24.49489742783178,13.88888888888889,13.88888888888889,13.88888888888889,0.0,519.4390882724784,39.58084842314149
529.0,25.781853737676542,13.88888888888889,24.49489742783178,13.88888888888889,13.88888888888889,13.88888888888889,0.0,520.2396877028082,40.18004661140977
530.0,25.85385373767654,13.88888888888889,24.49489742783178,13.88888888888889,13.88888888888889,13.88888888888889,0.0,521.0372811472079,40.78324029018883
531.0,25.92585373767654,13.88888888888889,24.49489742783178,13.88888888888889,13.88888888888889,13.88888888888889,0.0,521.831848665883,41.39041437966811
532.0,25.99785373767654,13.88888888888889,24.49489742783178,13.88888888888889,13.88888888888889,13.88888888888889,0.0,522.6233703946867,42.00155370052698
533.0,26.06985373767654,13.88888888888889,24.49489742783178,13.88888888888889,13.88888888888889,13.88888888888889,0.0,523.4118265456174,42.61664297431427
534.0,26.141853737676538,13.88888888888889,24.49489742783178,13.88888888888889,13.88888888888889,13.88888888888889,0.0,524.1971974073119,43.23566682383015
535.0,26.213853737676537,13.88888888888889,24.49489742783178,13.88888888888889,13.88888888888889,13.88888888888889,0.0,524.97946334554,43.858609773510636
536.0,26.285853737676536,13.88888888888889,24.49489742783178,13.88888888888889,13.88888888888889,13.88888888888889,0.0,525.7586048036937,44.48545624981441
537.0,26.357853737676535,13.88888888888889,24.49489742783178,13.88888888888889,13.88888888888889,13.88888888888889,0.0,526.5346023032773,45.116190581612244
538.0,26.429853737676535,13.88888888888889,24.49489742783178,13.88888888888889,13.88888888888889,13.88888888888889,0.0,527.3074364443936,45.75079700057869
539.0,26.501853737676534,13.88888888888889,24.49489742783178,13.88888888888889,13.88888888888889,13.88888888888889,0.0,528.0770879062294,46.38925964158631
540.0,26.573853737676533,13.88888888888889,24.49489742783178,13.88888888888889,13.88888888888889,13.88888888888889,0.0,528.8435374475382,47.031562543102325
541.0,26.645853737676532,13.88888888888889,24.49489742783178,13.88888888888889,13.88888888888889,13.88888888888889,0.0,529.6067659071214,47.67768964758765
542.0,26.71785373767653,13.88888888888889,24.49489742783178,13.88888888888889,13.88888888888889,13.88888888888889,0.0,530.3667542043073,48.32762480189836
543.0,26.78985373767653,13.88888888888889,24.49489742783178,13.88888888888889,13.88888888888889,13.88888888888889,0.0,531.123483339428,48.981351757689424
544.0,26.86185373767653,13.88888888888889,24.49489742783178,13.88888888888889,13.88888888888889,13.88888888888889,0.0,531.8769343942946,49.63885417182099
545.0,26.93385373767653,13.88888888888889,24.49489742783178,13.88888888888889,13.88888888888889,13.88888888888889,0.0,532.62708853267,50.30011560676697
546.0,27.005853737676528,13.88888888888889,24.49489742783178,13.88888888888889,13.88888888888889,13.88888888888889,0.0,533.3739270007395,50.96511953102591
547.0,27.077853737676527,13.88888888888889,24.49489742783178,13.88888888888889,13.88888888888889,13.88888888888889,0.0,534.1174311275807,51.63384931953436
548.0,27.149853737676526,13.88888888888889,24.49489742783178,13.88888888888889,13.88888888888889,13.88888888888889,0.0,534.857582325629,52.30628825408241
549.0,27.221853737676525,13.88888888888889,24.49489742783178,13.88888888888889,13.88888888888889,13.88888888888889,0.0,535.594362091143,52.98241952373175
550.0,27.293853737676525,13.88888888888889,24.49489742783178,13.88888888888889,13.88888888888889,13.88888888888889,0.0,536.3277520046668,53.66222622523582
551.0,27.365853737676524,13.88888888888889,24.49489742783178,13.88888888888889,13.88888888888889,13.88888888888889,0.0,537.057733731491,54.34569136346252
552.0,27.437853737676523,13.88888888888889,24.49489742783178,13.88888888888889,13.88888888888889,13.88888888888889,0.0,537.7842890221102,55.032797851818955
553.0,27.509853737676522,13.88888888888889,24.49489742783178,13.88888888888889,13.88888888888889,13.88888888888889,0.0,538.5073997126802,55.72352851267874
554.0,27.58185373767652,13.88888888888889,24.49489742783178,13.88888888888889,13.88888888888889,13.88888888888889,0.0,539.2270477254714,56.41786607781132
555.0,27.65385373767652,13.88888888888889,24.49489742783178,13.88888888888889,13.88888888888889,13.88888888888889,0.0,539.9432150693207,57.115793188813726
556.0,27.72585373767652,13.88888888888889,24.49489742783178,13.88888888888889,13.88888888888889,13.88888888888889,0.0,540.6558838400821,57.81729239754454
557.0,27.79785373767652,13.88888888888889,24.49489742783178,13.88888888888889,13.88888888888889,13.88888888888889,0.0,541.3650362210732,58.52234616656005
558.0,27.869853737676518,13.88888888888889,24.49489742783178,13.88888888888889,13.88888888888889,13.88888888888889,0.0,542.0706544835216,59.230936869552785
559.0,27.941853737676517,13.88888888888889,24.49489742783178,13.88888888888889,13.88888888888889,13.88888888888889,0.0,542.7727209870073,59.94304679179208
560.0,28.013853737676516,13.88888888888889,24.49489742783178,13.88888888888889,13.88888888888889,13.88888888888889,0.0,543.4712181799046,60.65865813056692
561.0,28.085853737676516,13.88888888888889,24.49489742783178,13.88888888888889,13.88888888888889,13.88888888888889,0.0,544.1661285998198,61.37775299563115
562.0,28.157853737676515,13.88888888888889,24.49489742783178,13.88888888888889,13.88888888888889,13.88888888888889,0.0,544.8574348740285,62.10031340965061
563.0,28.229853737676514,13.88888888888889,24.49489742783178,13.88888888888889,13.88888888888889,13.88888888888889,0.0,545.5451197199101,62.82632130865253
564.0,28.301853737676513,13.88888888888889,24.49489742783178,13.88888888888889,13.88888888888889,13.88888888888889,0.0,546.2291659453792,63.5557585424773
565.0,28.373853737676512,13.88888888888889,24.49489742783178,13.88888888888889,13.88888888888889,13.88888888888889,0.0,546.9095564493157,64.28860687523203
566.0,28.44585373767651,13.88888888888889,24.49489742783178,13.88888888888889,13.88888888888889,13.88888888888889,0.0,547.5862742219925,65.02484798574659
567.0,28.51785373767651,13.88888888888889,24.49489742783178,13.88888888888889,13.88888888888889,13.88888888888889,0.0,548.2593023455006,65.76446346803154
568.0,28.58985373767651,13.88888888888889,24.49489742783178,13.88888888888889,13.88888888888889,13.88888888888889,0.0,548.9286239941719,66.50743483173838
569.0,28.66185373767651,13.88888888888889,24.49489742783178,13.88888888888889,13.88888888888889,13.88888888888889,0.0,549.5942224349999,67.25374350262167
570.0,28.733853737676508,13.88888888888889,24.49489742783178,13.88888888888889,13.88888888888889,13.88888888888889,0.0,550.2560810280586,68.00337082300356
571.0,28.805853737676507,13.88888888888889,24.49489742783178,13.88888888888889,13.88888888888889,13.88888888888889,0.0,550.9141832269172,68.75629805224004
572.0,28.877853737676507,13.88888888888889,24.49489742783178,13.88888888888889,13.88888888888889,13.88888888888889,0.0,551.5685125790553,69.51250636718962
573.0,28.949853737676506,13.88888888888889,24.49489742783178,13.88888888888889,13.88888888888889,13.88888888888889,0.0,552.2190527262733,70.2719768626838
574.0,29.021853737676505,13.88888888888889,24.49489742783178,13.88888888888889,13.88888888888889,13.88888888888889,0.0,552.865787405101,71.03469055199976
575.0,29.093853737676504,13.88888888888889,24.49489742783178,13.88888888888889,13.88888888888889,13.88888888888889,0.0,553.5087004472055,71.80062836733498
576.0,29.165853737676503,13.88888888888889,24.49489742783178,13.88888888888889,13.88888888888889,13.88888888888889,0.0,554.1477757797938,72.56977116028396
577.0,29.237853737676502,13.88888888888889,24.49489742783178,13.88888888888889,13.88888888888889,13.88888888888889,0.0,554.7829974260163,73.34209970231696
578.0,29.3098537376765,13.88888888888889,24.49489742783178,13.88888888888889,13.88888888888889,13.88888888888889,0.0,555.4143495053647,74.11759468526063
579.0,29.3818537376765,13.88888888888889,24.49489742783178,13.88888888888889,13.88888888888889,13.88888888888889,0.0,556.0418162340701,74.89623672178081
580.0,29.4538537376765,13.88888888888889,24.49489742783178,13.88888888888889,13.88888888888889,13.88888888888889,0.0,556.6653819254967,75.67800634586712
581.0,29.5258537376765,13.88888888888889,24.49489742783178,13.88888888888889,13.88888888888889,13.88888888888889,0.0,557.2850309905348,76.46288401331968
582.0,29.5978537376765,13.88888888888889,24.49489742783178,13.88888888888889,13.88888888888889,13.88888888888889,0.0,557.9007479379901,77.25085010223769
583.0,29.669853737676497,13.88888888888889,24.49489742783178,13.88888888888889,13.88888888888889,13.88888888888889,0.0,558.5125173749709,78.04188491350999
584.0,29.741853737676497,13.88888888888889,24.49489742783178,13.88888888888889,13.88888888888889,13.88888888888889,0.0,559.1203240072732,78.83596867130744
585.0,29.813853737676496,13.88888888888889,24.49489742783178,13.88888888888889,13.88888888888889,13.88888888888889,0.0,559.7241526397629,79.6330815235775
586.0,29.885853737676495,13.88888888888889,24.49489742783178,13.88888888888889,13.88888888888889,13.88888888888889,0.0,560.3239881767554,80.43320354254035
587.0,29.957853737676494,13.88888888888889,24.49489742783178,13.88888888888889,13.88888888888889,13.88888888888889,0.0,560.9198156223938,81.23631472518721
588.0,30.029853737676493,13.88888888888889,24.49489742783178,13.88888888888889,13.88888888888889,13.88888888888889,0.0,561.5116200810229,82.04239499378036
589.0,30.101853737676493,13.88888888888889,24.49489742783178,13.88888888888889,13.88888888888889,13.88888888888889,0.0,562.0993867575619,82.85142419635503
590.0,30.17385373767649,13.88888888888889,24.49489742783178,13.88888888888889,13.88888888888889,13.88888888888889,0.0,562.6831009578748,83.6633821072233
591.0,30.24585373767649,13.88888888888889,24.49489742783178,13.88888888888889,13.88888888888889,13.88888888888889,0.0,563.2627480891367,84.47824842747971
592.0,30.31785373767649,13.88888888888889,24.49489742783178,13.88888888888889,13.88888888888889,13.88888888888889,0.0,563.8383136601997,85.29600278550866
593.0,30.38985373767649,13.88888888888889,24.49489742783178,13.88888888888889,13.88888888888889,13.88888888888889,0.0,564.4097832819543,86.11662473749382
594.0,30.46185373767649,13.88888888888889,24.49489742783178,13.88888888888889,13.88888888888889,13.88888888888889,0.0,564.97714266769,86.94009376792913
595.0,30.533853737676488,13.88888888888889,24.49489742783178,13.88888888888889,13.88888888888889,13.88888888888889,0.0,565.5403776334515,87.76638929013171
596.0,30.605853737676487,13.88888888888889,24.49489742783178,13.88888888888889,13.88888888888889,13.88888888888889,0.0,566.0994740983941,88.59549064675653
597.0,30.677853737676486,13.88888888888889,24.49489742783178,13.88888888888889,13.88888888888889,13.88888888888889,0.0,566.6544180851351,89.42737711031288
598.0,30.749853737676485,13.88888888888889,24.49489742783178,13.88888888888889,13.88888888888889,13.88888888888889,0.0,567.2051957201041,90.26202788368249
599.0,30.821853737676484,13.88888888888889,24.49489742783178,13.88888888888889,13.88888888888889,13.88888888888889,0.0,567.7517932338886,91.09942210063949
600.0,30.893853737676483,13.88888888888889,24.49489742783178,13.88888888888889,13.88888888888889,13.88888888888889,0.0,568.2941969615792,91.93953882637204
601.0,30.965853737676483,13.88888888888889,24.49489742783178,13.88888888888889,13.88888888888889,13.88888888888889,0.0,568.8323933431113,92.78235705800586
602.0,31.037853737676482,13.88888888888889,24.49489742783178,13.88888888888889,13.88888888888889,13.88888888888889,0.0,569.366368923603,93.62785572512891
603.0,31.10985373767648,13.88888888888889,24.49489742783178,13.88888888888889,13.88888888888889,13.88888888888889,0.0,569.8961103536928,94.47601369031865
604.0,31.18185373767648,13.88888888888889,24.49489742783178,13.88888888888889,13.88888888888889,13.88888888888889,0.0,570.4216043898725,95.32680974967009
605.0,31.25385373767648,13.88888888888889,24.49489742783178,13.88888888888889,13.88888888888889,13.88888888888889,0.0,570.9428378948187,96.18022263332604
606.0,31.32585373767648,13.88888888888889,24.49489742783178,13.88888888888889,13.88888888888889,13.88888888888889,0.0,571.4597978377207,97.03623100600893
607.0,31.397853737676478,13.88888888888889,24.49489742783178,13.88888888888889,13.88888888888889,13.88888888888889,0.0,571.972471294607,97.89481346755394
608.0,31.469853737676477,13.88888888888889,24.49489742783178,13.88888888888889,13.88888888888889,13.88888888888889,0.0,572.4808454486677,98.75594855344431
609.0,31.541853737676476,13.88888888888889,24.49489742783178,13.88888888888889,13.88888888888889,13.88888888888889,0.0,572.9849075905756,99.61961473534771
610.0,31.613853737676475,13.88888888888889,24.49489742783178,13.88888888888889,13.88888888888889,13.88888888888889,0.0,573.4846451188034,100.4857904216546
611.0,31.685853737676474,13.88888888888889,24.49489742783178,13.88888888888889,13.88888888888889,13.88888888888889,0.0,573.9800455399388,101.3544539580179
612.0,31.757853737676474,13.88888888888889,24.49489742783178,13.88888888888889,13.88888888888889,13.88888888888889,0.0,574.4710964689973,102.22558362789451
613.0,31.829853737676473,13.88888888888889,24.49489742783178,13.88888888888889,13.88888888888889,13.88888888888889,0.0,574.957785629731,103.09915765308794
614.0,31.901853737676472,13.88888888888889,24.49489742783178,13.88888888888889,13.88888888888889,13.88888888888889,0.0,575.4401008549363,103.97515419429317
615.0,31.97385373767647,13.88888888888889,24.49489742783178,13.88888888888889,13.88888888888889,13.88888888888889,0.0,575.9180300867578,104.85355135164225
616.0,32.045853737676474,13.88888888888889,24.49489742783178,13.88888888888889,13.88888888888889,13.88888888888889,0.0,576.3915613769896,105.734327165252
617.0,32.11785373767648,13.88888888888889,24.49489742783178,13.88888888888889,13.88888888888889,13.88888888888889,0.0,576.8606828873739,106.61745961577293
618.0,32.18985373767648,13.88888888888889,24.49489742783178,13.88888888888889,13.88888888888889,13.88888888888889,0.0,577.3253828898975,107.50292662493983
619.0,32.26185373767648,13.88888888888889,24.49489742783178,13.88888888888889,13.88888888888889,13.88888888888889,0.0,577.7856497670845,108.39070605612353
620.0,32.333853737676485,13.88888888888889,24.49489742783178,13.88888888888889,13.88888888888889,13.88888888888889,0.0,578.2414720122871,109.28077571488454
621.0,32.40585373767649,13.88888888888889,24.49489742783178,13.88888888888889,13.88888888888889,13.88888888888889,0.0,578.6928382299727,110.17311334952768
622.0,32.47785373767649,13.88888888888889,24.49489742783178,13.88888888888889,13.88888888888889,13.88888888888889,0.0,579.1397371360096,111.06769665165865
623.0,32.54985373767649,13.88888888888889,24.49489742783178,13.88888888888889,13.88888888888889,13.88888888888889,0.0,579.5821575579481,111.96450325674138
624.0,32.621853737676496,13.88888888888889,24.49489742783178,13.88888888888889,13.88888888888889,13.88888888888889,0.0,580.020088435301,112.86351074465756
625.0,32.6938537376765,13.88888888888889,24.49489742783178,13.88888888888889,13.88888888888889,13.88888888888889,0.0,580.453518819819,113.76469664026676
626.0,32.7658537376765,13.88888888888889,24.49489742783178,13.88888888888889,13.88888888888889,13.88888888888889,0.0,580.8824378757652,114.66803841396855
627.0,32.837853737676504,13.88888888888889,24.49489742783178,13.88888888888889,13.88888888888889,13.88888888888889,0.0,581.3068348801854,115.57351348226558
628.0,32.90985373767651,13.88888888888889,24.49489742783178,13.88888888888889,13.88888888888889,13.88888888888889,0.0,581.7266992231766,116.4810992083284
629.0,32.98185373767651,13.88888888888889,24.49489742783178,13.88888888888889,13.88888888888889,13.88888888888889,0.0,582.1420204081522,117.39077290256104
630.0,33.05385373767651,13.88888888888889,24.49489742783178,13.88888888888889,13.88888888888889,13.88888888888889,0.0,582.5527880521042,118.30251182316856
631.0,33.125853737676515,13.88888888888889,24.49489742783178,13.88888888888889,13.88888888888889,13.88888888888889,0.0,582.9589918858628,119.21629317672542
632.0,33.19785373767652,13.88888888888889,24.49489742783178,13.88888888888889,13.88888888888889,13.88888888888889,0.0,583.3606217543534,120.13209411874537
633.0,33.26985373767652,13.88888888888889,24.49489742783178,13.88888888888889,13.88888888888889,13.88888888888889,0.0,583.7576676168501,121.04989175425258
634.0,33.34185373767652,13.88888888888889,24.49489742783178,13.88888888888889,13.88888888888889,13.88888888888889,0.0,584.1501195472272,121.96966313835395
635.0,33.413853737676526,13.88888888888889,24.49489742783178,13.88888888888889,13.88888888888889,13.88888888888889,0.0,584.5379677342066,122.8913852768128
636.0,33.48585373767653,13.88888888888889,24.49489742783178,13.88888888888889,13.88888888888889,13.88888888888889,0.0,584.921202481604,123.81503512662361
637.0,33.55785373767653,13.88888888888889,24.49489742783178,13.88888888888889,13.88888888888889,13.88888888888889,0.0,585.2998142085708,124.74058959658838
638.0,33.629853737676534,13.88888888888889,24.49489742783178,13.88888888888889,13.88888888888889,13.88888888888889,0.0,585.6737934498333,125.66802554789341
639.0,33.70185373767654,13.88888888888889,24.49489742783178,13.88888888888889,13.88888888888889,13.88888888888889,0.0,586.0431308559301,126.5973197946883
640.0,33.77385373767654,13.88888888888889,24.49489742783178,13.88888888888889,13.88888888888889,13.88888888888889,0.0,586.4078171934452,127.52844910466527
641.0,33.84585373767654,13.88888888888889,24.49489742783178,13.88888888888889,13.88888888888889,13.88888888888889,0.0,586.7678433452393,128.46139019964008
642.0,33.917853737676545,13.88888888888889,24.49489742783178,13.88888888888889,13.88888888888889,13.88888888888889,0.0,587.1232003106772,129.3961197561339
643.0,33.98985373767655,13.88888888888889,24.49489742783178,13.88888888888889,13.88888888888889,13.88888888888889,0.0,587.4738792058533,130.3326144059566
644.0,34.06185373767655,13.88888888888889,24.49489742783178,13.88888888888889,13.88888888888889,13.88888888888889,0.0,587.8198712638135,131.27085073679058
645.0,34.13385373767655,13.88888888888889,24.49489742783178,13.88888888888889,13.88888888888889,13.88888888888889,0.0,588.1611678347745,132.21080529277654
646.0,34.205853737676556,13.88888888888889,24.49489742783178,13.88888888888889,13.88888888888889,13.88888888888889,0.0,588.4977603863395,133.15245457509948
647.0,34.27785373767656,13.88888888888889,24.49489742783178,13.88888888888889,13.88888888888889,13.88888888888889,0.0,588.8296405037125,134.0957750425764
648.0,34.34985373767656,13.88888888888889,24.49489742783178,13.88888888888889,13.88888888888889,13.88888888888889,0.0,589.1567998899078,135.04074311224477
649.0,34.421853737676564,13.88888888888889,24.49489742783178,13.88888888888889,13.88888888888889,13.88888888888889,0.0,589.4792303659577,135.987335159952
650.0,34.49385373767657,13.88888888888889,24.49489742783178,13.88888888888889,13.88888888888889,13.88888888888889,0.0,589.7969238711172,136.93552752094627
651.0,34.56585373767657,13.88888888888889,24.49489742783178,13.88888888888889,13.88888888888889,13.88888888888889,0.0,590.1098724630652,137.8852964904679
652.0,34.63785373767657,13.88888888888889,24.49489742783178,13.88888888888889,13.88888888888889,13.88888888888889,0.0,590.4180683181031,138.83661832434214
653.0,34.709853737676575,13.88888888888889,24.49489742783178,13.88888888888889,13.88888888888889,13.88888888888889,0.0,590.7215037313507,139.7894692395727
654.0,34.78185373767658,13.88888888888889,24.49489742783178,13.88888888888889,13.88888888888889,13.88888888888889,0.0,591.0201711169384,140.74382541493623
655.0,34.85385373767658,13.88888888888889,24.49489742783178,13.88888888888889,13.88888888888889,13.88888888888889,0.0,591.3140630081972,141.69966299157824
656.0,34.92585373767658,13.88888888888889,24.49489742783178,13.88888888888889,13.88888888888889,13.88888888888889,0.0,591.603172057845,142.6569580736089
657.0,34.997853737676586,13.88888888888889,24.49489742783178,13.88888888888889,13.88888888888889,13.88888888888889,0.0,591.8874910381707,143.6156867287011
658.0,35.06985373767659,13.88888888888889,24.49489742783178,13.88888888888889,13.88888888888889,13.88888888888889,0.0,592.1670128412145,144.57582498868848
659.0,35.14185373767659,13.88888888888889,24.49489742783178,13.88888888888889,13.88888888888889,13.88888888888889,0.0,592.441730478946,145.5373488501644
660.0,35.213853737676594,13.88888888888889,24.49489742783178,13.88888888888889,13.88888888888889,13.88888888888889,0.0,592.7116370834385,146.5002342750825
661.0,35.2858537376766,13.88888888888889,24.49489742783178,13.88888888888889,13.88888888888889,13.88888888888889,0.0,592.9767259070411,147.4644571913573
662.0,35.3578537376766,13.88888888888889,24.49489742783178,13.88888888888889,13.88888888888889,13.88888888888889,0.0,593.2369903225468,148.42999349346607
663.0,35.4298537376766,13.88888888888889,24.49489742783178,13.88888888888889,13.88888888888889,13.88888888888889,0.0,593.4924238233589,149.39681904305155
664.0,35.501853737676605,13.88888888888889,24.49489742783178,13.88888888888889,13.88888888888889,13.88888888888889,0.0,593.7430200236531,150.36490966952542
665.0,35.57385373767661,13.88888888888889,24.49489742783178,13.88888888888889,13.88888888888889,13.88888888888889,0.0,593.9887726585374,151.33424117067236
666.0,35.64585373767661,13.88888888888889,24.49489742783178,13.88888888888889,13.88888888888889,13.88888888888889,0.0,594.229675584209,152.30478931325538
667.0,35.71785373767661,13.88888888888889,24.49489742783178,13.88888888888889,13.88888888888889,13.88888888888889,0.0,594.465722778107,153.2765298336214
668.0,35.789853737676616,13.88888888888889,24.49489742783178,13.88888888888889,13.88888888888889,13.88888888888889,0.0,594.6969083390638,154.24943843830812
669.0,35.86185373767662,13.88888888888889,24.49489742783178,13.88888888888889,13.88888888888889,13.88888888888889,0.0,594.9232264874528,155.223490804651
670.0,35.93385373767662,13.88888888888889,24.49489742783178,13.88888888888889,13.88888888888889,13.88888888888889,0.0,595.1446715653318,156.1986625813917
671.0,36.005853737676624,13.88888888888889,24.49489742783178,13.88888888888889,13.88888888888889,13.88888888888889,0.0,595.3612380365854,157.1749293892865
672.0,36.07785373767663,13.88888888888889,24.49489742783178,13.88888888888889,13.88888888888889,13.88888888888889,0.0,595.5729204870632,158.15226682171615
673.0,36.14985373767663,13.88888888888889,24.49489742783178,13.88888888888889,13.88888888888889,13.88888888888889,0.0,595.7797136247149,159.13065044529563
674.0,36.22185373767663,13.88888888888889,24.49489742783178,13.88888888888889,13.88888888888889,13.88888888888889,0.0,595.9816122797229,160.1100558004854
675.0,36.293853737676635,13.88888888888889,24.49489742783178,13.88888888888889,13.88888888888889,13.88888888888889,0.0,596.1786114046312,161.09045840220256
676.0,36.36585373767664,13.88888888888889,24.49489742783178,13.88888888888889,13.88888888888889,13.88888888888889,0.0,596.370706074472,162.07183374043314
677.0,36.43785373767664,13.88888888888889,24.49489742783178,13.88888888888889,13.88888888888889,13.88888888888889,0.0,596.5578914868885,163.05415728084475
678.0,36.50985373767664,13.88888888888889,24.49489742783178,13.88888888888889,13.88888888888889,13.88888888888889,0.0,596.7401629622553,164.03740446540013
679.0,36.581853737676646,13.88888888888889,24.49489742783178,13.88888888888889,13.88888888888889,13.88888888888889,0.0,596.9175159437949,165.02155071297076
680.0,36.65385373767665,13.88888888888889,24.49489742783178,13.88888888888889,13.88888888888889,13.88888888888889,0.0,597.089945997692,166.00657141995183
681.0,36.72585373767665,13.88888888888889,24.49489742783178,13.88888888888889,13.88888888888889,13.88888888888889,0.0,597.2574488132043,166.99244196087687
682.0,36.797853737676654,13.88888888888889,24.49489742783178,13.88888888888889,13.88888888888889,13.88888888888889,0.0,597.42002020277,167.97913768903373
683.0,36.86985373767666,13.88888888888889,24.49489742783178,13.88888888888889,13.88888888888889,13.88888888888889,0.0,597.577656102113,168.9666339370807
684.0,36.94185373767666,13.88888888888889,24.49489742783178,13.88888888888889,13.88888888888889,13.88888888888889,0.0,597.7303525703439,169.95490601766284
685.0,37.01385373767666,13.88888888888889,24.49489742783178,13.88888888888889,13.88888888888889,13.88888888888889,0.0,597.8781057900591,170.94392922402974
686.0,37.085853737676665,13.88888888888889,24.49489742783178,13.88888888888889,13.88888888888889,13.88888888888889,0.0,598.0209120674356,171.93367883065264
687.0,37.15785373767667,13.88888888888889,24.49489742783178,13.88888888888889,13.88888888888889,13.88888888888889,0.0,598.158767832324,172.92413009384305
688.0,37.22985373767667,13.88888888888889,24.49489742783178,13.88888888888889,13.88888888888889,13.88888888888889,0.0,598.2916696383372,173.91525825237088
689.0,37.30185373767667,13.88888888888889,24.49489742783178,13.88888888888889,13.88888888888889,13.88888888888889,0.0,598.4196141629374,174.90703852808386
690.0,37.373853737676676,13.88888888888889,24.49489742783178,13.88888888888889,13.88888888888889,13.88888888888889,0.0,598.5425982075177,175.89944612652667
691.0,37.44585373767668,13.88888888888889,24.49489742783178,13.88888888888889,13.88888888888889,13.88888888888889,0.0,598.6606186974836,176.89245623756113
692.0,37.51785373767668,13.88888888888889,24.49489742783178,13.88888888888889,13.88888888888889,13.88888888888889,0.0,598.773672682329,177.8860440359861
693.0,37.589853737676684,13.88888888888889,24.49489742783178,13.88888888888889,13.88888888888889,13.88888888888889,0.0,598.8817573357101,178.88018468215841
694.0,37.66185373767669,13.88888888888889,24.49489742783178,13.88888888888889,13.88888888888889,13.88888888888889,0.0,598.9848699555162,179.87485332261366
695.0,37.73385373767669,13.88888888888889,24.49489742783178,13.88888888888889,13.88888888888889,13.88888888888889,0.0,599.0830079639372,180.8700250906877
696.0,37.80585373767669,13.88888888888889,24.49489742783178,13.88888888888889,13.88888888888889,13.88888888888889,0.0,599.176168907528,181.86567510713806
697.0,37.877853737676695,13.88888888888889,24.49489742783178,13.88888888888889,13.88888888888889,13.88888888888889,0.0,599.2643504572699,182.8617784807663
698.0,37.9498537376767,13.88888888888889,24.49489742783178,13.88888888888889,13.88888888888889,13.88888888888889,0.0,599.3475504086286,183.85831030903987
699.0,38.0218537376767,13.88888888888889,24.49489742783178,13.88888888888889,13.88888888888889,13.88888888888889,0.0,599.42576668161,184.85524567871505
700.0,38.0938537376767,13.88888888888889,24.49489742783178,13.88888888888889,13.88888888888889,13.88888888888889,0.0,599.4989973208109,185.8525596664594
701.0,38.165853737676706,13.88888888888889,24.49489742783178,13.88888888888889,13.88888888888889,13.88888888888889,0.0,599.5672404954694,186.85022733947534
702.0,38.23785373767671,13.88888888888889,24.49489742783178,13.88888888888889,13.88888888888889,13.88888888888889,0.0,599.6304944995096,187.84822375612282
703.0,38.30985373767671,13.88888888888889,24.49489742783178,13.88888888888889,13.88888888888889,13.88888888888889,0.0,599.6887577515847,188.84652396654354
704.0,38.381853737676714,13.88888888888889,24.49489742783178,13.88888888888889,13.88888888888889,13.88888888888889,0.0,599.7420287951165,189.84510301328416
705.0,38.45385373767672,13.88888888888889,24.49489742783178,13.88888888888889,13.88888888888889,13.88888888888889,0.0,599.7903062983318,190.84393593192058
706.0,38.52585373767672,13.88888888888889,24.49489742783178,13.88888888888889,13.88888888888889,13.88888888888889,0.0,599.8335890542952,191.8429977516818
707.0,38.59785373767672,13.88888888888889,24.49489742783178,13.88888888888889,13.88888888888889,13.88888888888889,0.0,599.8718759809403,192.8422634960744
708.0,38.669853737676725,13.88888888888889,24.49489742783178,13.88888888888889,13.88888888888889,13.88888888888889,0.0,599.9051661210958,193.84170818350677
709.0,38.74185373767673,13.88888888888889,24.49489742783178,13.88888888888889,13.88888888888889,13.88888888888889,0.0,599.93345864251,194.8413068279138
710.0,38.81385373767673,13.88888888888889,24.49489742783178,13.88888888888889,13.88888888888889,13.88888888888889,0.0,599.9567528378714,195.84103443938153
711.0,38.88585373767673,13.88888888888889,24.49489742783178,13.88888888888889,13.88888888888889,13.88888888888889,0.0,599.9750481248262,196.84086602477157
712.0,38.957853737676736,13.88888888888889,24.49489742783178,13.88888888888889,13.88888888888889,13.88888888888889,0.0,599.9883440459932,197.8407765883465
713.0,39.02985373767674,13.88888888888889,24.49489742783178,13.88888888888889,13.88888888888889,13.88888888888889,0.0,599.9966402689752,198.84074113239424
714.0,39.10185373767674,13.88888888888889,24.49489742783178,13.88888888888889,13.88888888888889,13.88888888888889,0.0,599.9999365863669,199.84073465785335
715.0,39.173853737676744,13.88888888888889,24.49489742783178,13.88888888888889,13.88888888888889,13.88888888888889,0.0,599.9982329157606,200.84073216493763
716.0,39.24585373767675,13.88888888888889,24.49489742783178,13.88888888888889,13.88888888888889,13.88888888888889,0.0,599.991529299748,201.84070865376165
717.0,39.31785373767675,13.88888888888889,24.49489742783178,13.88888888888889,13.88888888888889,13.88888888888889,0.0,599.9798259059191,202.84063912496518
718.0,39.38985373767675,13.88888888888889,24.49489742783178,13.88888888888889,13.88888888888889,13.88888888888889,0.0,599.9631230268582,203.84049858033853
719.0,39.461853737676755,13.88888888888889,24.49489742783178,13.88888888888889,13.88888888888889,13.88888888888889,0.0,599.9414210801363,204.84026202344737
720.0,39.53385373767676,13.88888888888889,24.49489742783178,13.88888888888889,13.88888888888889,13.88888888888889,0.0,599.914720608301,205.83990446025777
721.0,39.60585373767676,13.88888888888889,24.49489742783178,13.88888888888889,13.88888888888889,13.88888888888889,0.0,599.8830222788628,206.83940089976076
722.0,39.67785373767676,13.88888888888889,24.49489742783178,13.88888888888889,13.88888888888889,13.88888888888889,0.0,599.8463268842781,207.83872635459755
723.0,39.749853737676766,13.88888888888889,24.49489742783178,13.88888888888889,13.88888888888889,13.88888888888889,0.0,599.80463534193,208.83785584168368
724.0,39.82185373767677,13.88888888888889,24.49489742783178,13.88888888888889,13.88888888888889,13.88888888888889,0.0,599.7579486941048,209.8367643828341
725.0,39.89385373767677,13.88888888888889,24.49489742783178,13.88888888888889,13.88888888888889,13.88888888888889,0.0,599.7062681079663,210.83542700538723
726.0,39.965853737676774,13.88888888888889,24.49489742783178,13.88888888888889,13.88888888888889,13.88888888888889,0.0,599.6495948755264,211.83381874282964
727.0,40.03785373767678,13.88888888888889,24.49489742783178,13.88888888888889,13.88888888888889,13.88888888888889,0.0,599.5879304136132,212.8319146354198
728.0,40.10985373767678,13.88888888888889,24.49489742783178,13.88888888888889,13.88888888888889,13.88888888888889,0.0,599.5212762638347,213.82968973081242
729.0,40.18185373767678,13.88888888888889,24.49489742783178,13.88888888888889,13.88888888888889,13.88888888888889,0.0,599.4496340925414,214.82711908468204
730.0,40.253853737676785,13.88888888888889,24.49489742783178,13.88888888888889,13.88888888888889,13.88888888888889,0.0,599.3730056907838,215.82417776134682
731.0,40.32585373767679,13.88888888888889,24.49489742783178,13.88888888888889,13.88888888888889,13.88888888888889,0.0,599.2913929742679,216.82084083439167
732.0,40.39785373767679,13.88888888888889,24.49489742783178,13.88888888888889,13.88888888888889,13.88888888888889,0.0,599.2047979833073,217.81708338729183
733.0,40.46985373767679,13.88888888888889,24.49489742783178,13.88888888888889,13.88888888888889,13.88888888888889,0.0,599.1132228827724,218.81288051403524
734.0,40.541853737676796,13.88888888888889,24.49489742783178,13.88888888888889,13.88888888888889,13.88888888888889,0.0,599.0166699620361,219.8082073197456
735.0,40.6138537376768,13.88888888888889,24.49489742783178,13.88888888888889,13.88888888888889,13.88888888888889,0.0,598.9151416349159,220.8030389213047
736.0,40.6858537376768,13.88888888888889,24.49489742783178,13.88888888888889,13.88888888888889,13.88888888888889,0.0,598.8086404396151,221.79735044797422
737.0,40.757853737676804,13.88888888888889,24.49489742783178,13.88888888888889,13.88888888888889,13.88888888888889,0.0,598.6971690386581,222.79111704201785
738.0,40.82985373767681,13.88888888888889,24.49489742783178,13.88888888888889,13.88888888888889,13.88888888888889,0.0,598.5807302188236,223.78431385932242
739.0,40.90185373767681,13.88888888888889,24.49489742783178,13.88888888888889,13.88888888888889,13.88888888888889,0.0,598.4593268910767,224.77691607001935
740.0,40.97385373767681,13.88888888888889,24.49489742783178,13.88888888888889,13.88888888888889,13.88888888888889,0.0,598.3329620904938,225.76889885910492
741.0,41.045853737676815,13.88888888888889,24.49489742783178,13.88888888888889,13.88888888888889,13.88888888888889,0.0,598.2016389761884,226.76023742706118
742.0,41.11785373767682,13.88888888888889,24.49489742783178,13.88888888888889,13.88888888888889,13.88888888888889,0.0,598.0653608312316,227.7509069904755
743.0,41.18985373767682,13.88888888888889,24.49489742783178,13.88888888888889,13.88888888888889,13.88888888888889,0.0,597.9241310625699,228.74088278266046
744.0,41.26185373767682,13.88888888888889,24.49489742783178,13.88888888888889,13.88888888888889,13.88888888888889,0.0,597.7779532009403,229.73014005427274
745.0,41.333853737676826,13.88888888888889,24.49489742783178,13.88888888888889,13.88888888888889,13.88888888888889,0.0,597.6268309007816,230.7186540739321
746.0,41.40585373767683,13.88888888888889,24.49489742783178,13.88888888888889,13.88888888888889,13.88888888888889,0.0,597.4707679401433,231.70640012883953
747.0,41.47785373767683,13.88888888888889,24.49489742783178,13.88888888888889,13.88888888888889,13.88888888888889,0.0,597.3097682205914,232.69335352539517
748.0,41.549853737676834,13.88888888888889,24.49489742783178,13.88888888888889,13.88888888888889,13.88888888888889,0.0,597.1438357671107,233.6794895898154
749.0,41.62185373767684,13.88888888888889,24.49489742783178,13.88888888888889,13.88888888888889,13.88888888888889,0.0,596.9729747280037,234.66478366875006
750.0,41.69385373767684,13.88888888888889,24.49489742783178,13.88888888888889,13.88888888888889,13.88888888888889,0.0,596.7971893747874,235.6492111298984
751.0,41.76585373767684,13.88888888888889,24.49489742783178,13.88888888888889,13.88888888888889,13.88888888888889,0.0,596.6164841020866,236.63274736262528
752.0,41.837853737676845,13.88888888888889,24.49489742783178,13.88888888888889,13.88888888888889,13.88888888888889,0.0,596.4308634275237,237.61536777857603
753.0,41.90985373767685,13.88888888888889,24.49489742783178,13.88888888888889,13.88888888888889,13.88888888888889,0.0,596.2403319916059,238.59704781229144
754.0,41.98185373767685,13.88888888888889,24.49489742783178,13.88888888888889,13.88888888888889,13.88888888888889,0.0,596.044894557609,239.57776292182177
755.0,42.05385373767685,13.88888888888889,24.49489742783178,13.88888888888889,13.88888888888889,13.88888888888889,0.0,595.8445560114591,240.5574885893405
756.0,42.125853737676856,13.88888888888889,24.49489742783178,13.88888888888889,13.88888888888889,13.88888888888889,0.0,595.639321361609,241.53620032175675
757.0,42.19785373767686,13.88888888888889,24.49489742783178,13.88888888888889,13.88888888888889,13.88888888888889,0.0,595.4291957389144,242.51387365132837
758.0,42.26985373767686,13.88888888888889,24.49489742783178,13.88888888888889,13.88888888888889,13.88888888888889,0.0,595.2141843965048,243.49048413627293
759.0,42.341853737676864,13.88888888888889,24.49489742783178,13.88888888888889,13.88888888888889,13.88888888888889,0.0,594.9942927096529,244.4660073613792
760.0,42.41385373767687,13.88888888888889,24.49489742783178,13.88888888888889,13.88888888888889,13.88888888888889,0.0,594.769526175639,245.4404189386174
761.0,42.48585373767687,13.88888888888889,24.49489742783178,13.88888888888889,13.88888888888889,13.88888888888889,0.0,594.539890413615,246.4136945077488
762.0,42.55785373767687,13.88888888888889,24.49489742783178,13.88888888888889,13.88888888888889,13.88888888888889,0.0,594.3053911644631,247.38580973693493
763.0,42.629853737676875,13.88888888888889,24.49489742783178,13.88888888888889,13.88888888888889,13.88888888888889,0.0,594.0660342906519,248.35674032334563
764.0,42.70185373767688,13.88888888888889,24.49489742783178,13.88888888888889,13.88888888888889,13.88888888888889,0.0,593.8218257760913,249.32646199376683
765.0,42.77385373767688,13.88888888888889,24.49489742783178,13.88888888888889,13.88888888888889,13.88888888888889,0.0,593.572771725981,250.29495050520723
766.0,42.84585373767688,13.88888888888889,24.49489742783178,13.88888888888889,13.88888888888889,13.88888888888889,0.0,593.3188783666595,251.26218164550454
767.0,42.917853737676886,13.88888888888889,24.49489742783178,13.88888888888889,13.88888888888889,13.88888888888889,0.0,593.0601520454475,252.22813123393058
768.0,42.98985373767689,13.88888888888889,24.49489742783178,13.88888888888889,13.88888888888889,13.88888888888889,0.0,592.7965992304896,253.19277512179607
769.0,43.06185373767689,13.88888888888889,24.49489742783178,13.88888888888889,13.88888888888889,13.88888888888889,0.0,592.5282265105925,254.15608919305393
770.0,43.133853737676894,13.88888888888889,24.49489742783178,13.88888888888889,13.88888888888889,13.88888888888889,0.0,592.25504059506,255.11804936490262
771.0,43.2058537376769,13.88888888888889,24.49489742783178,13.88888888888889,13.88888888888889,13.88888888888889,0.0,591.977048313526,256.07863158838785
772.0,43.2778537376769,13.88888888888889,24.49489742783178,13.88888888888889,13.88888888888889,13.88888888888889,0.0,591.6942566157828,257.03781184900413
773.0,43.3498537376769,13.88888888888889,24.49489742783178,13.88888888888889,13.88888888888889,13.88888888888889,0.0,591.4066725716084,257.99556616729495
774.0,43.421853737676905,13.88888888888889,24.49489742783178,13.88888888888889,13.88888888888889,13.88888888888889,0.0,591.1143033705888,258.9518705994522
775.0,43.49385373767691,13.88888888888889,24.49489742783178,13.88888888888889,13.88888888888889,13.88888888888889,0.0,590.8171563219388,259.90670123791483
776.0,43.56585373767691,13.88888888888889,24.49489742783178,13.88888888888889,13.88888888888889,13.88888888888889,0.0,590.515238854319,260.8600342119667
777.0,43.63785373767691,13.88888888888889,24.49489742783178,13.88888888888889,13.88888888888889,13.88888888888889,0.0,590.2085585156507,261.811845688333
778.0,43.709853737676916,13.88888888888889,24.49489742783178,13.88888888888889,13.88888888888889,13.88888888888889,0.0,589.8971229729261,262.7621118717765
779.0,43.78185373767692,13.88888888888889,24.49489742783178,13.88888888888889,13.88888888888889,13.88888888888889,0.0,589.5809400120177,263.710809005692
780.0,43.85385373767692,13.88888888888889,24.49489742783178,13.88888888888889,13.88888888888889,13.88888888888889,0.0,589.2600175374829,264.6579133727007
781.0,43.925853737676924,13.88888888888889,24.49489742783178,13.88888888888889,13.88888888888889,13.88888888888889,0.0,588.9343635723669,265.60340129524263
782.0,43.99785373767693,13.88888888888889,24.49489742783178,13.88888888888889,13.88888888888889,13.88888888888889,0.0,588.6039862580021,266.54724913616906
783.0,44.06985373767693,13.88888888888889,24.49489742783178,13.88888888888889,13.88888888888889,13.88888888888889,0.0,588.2688938538039,267.4894332993331
784.0,44.14185373767693,13.88888888888889,24.49489742783178,13.88888888888889,13.88888888888889,13.88888888888889,0.0,587.929094737065,268.4299302301796
785.0,44.213853737676935,13.88888888888889,24.49489742783178,13.88888888888889,13.88888888888889,13.88888888888889,0.0,587.5845974027457,269.36871641633456
786.0,44.28585373767694,13.88888888888889,24.49489742783178,13.88888888888889,13.88888888888889,13.88888888888889,0.0,587.2354104632612,270.30576838819195
787.0,44.35785373767694,13.88888888888889,24.49489742783178,13.88888888888889,13.88888888888889,13.88888888888889,0.0,586.881542648267,271.2410627195015
788.0,44.42985373767694,13.88888888888889,24.49489742783178,13.88888888888889,13.88888888888889,13.88888888888889,0.0,586.5230028044401,272.17457602795344
789.0,44.501853737676946,13.88888888888889,24.49489742783178,13.88888888888889,13.88888888888889,13.88888888888889,0.0,586.1597998952577,273.1062849757638
790.0,44.57385373767695,13.88888888888889,24.49489742783178,13.88888888888889,13.88888888888889,13.88888888888889,0.0,585.7919430007739,274.03616627025735
791.0,44.64585373767695,13.88888888888889,24.49489742783178,13.88888888888889,13.88888888888889,13.88888888888889,0.0,585.4194413173916,274.96419666445024
792.0,44.717853737676954,13.88888888888889,24.49489742783178,13.88888888888889,13.88888888888889,13.88888888888889,0.0,585.0423041576337,275.8903529576309
793.0,44.78985373767696,13.88888888888889,24.49489742783178,13.88888888888889,13.88888888888889,13.88888888888889,0.0,584.6605409499093,276.8146119959402
794.0,44.86185373767696,13.88888888888889,24.49489742783178,13.88888888888889,13.88888888888889,13.88888888888889,0.0,584.274161238279,277.7369506729504
795.0,44.93385373767696,13.88888888888889,24.49489742783178,13.88888888888889,13.88888888888889,13.88888888888889,0.0,583.8831746822154,278.6573459302426
796.0,45.005853737676965,13.88888888888889,24.49489742783178,13.88888888888889,13.88888888888889,13.88888888888889,0.0,583.4875910563619,279.5757747579832
797.0,45.07785373767697,13.88888888888889,24.49489742783178,13.88888888888889,13.88888888888889,13.88888888888889,0.0,583.0874202502887,280.49221419549946
798.0,45.14985373767697,13.88888888888889,24.49489742783178,13.88888888888889,13.88888888888889,13.88888888888889,0.0,582.682672268245,281.4066413318531
799.0,45.22185373767697,13.88888888888889,24.49489742783178,13.88888888888889,13.88888888888889,13.88888888888889,0.0,582.2733572289094,282.3190333064134
800.0,45.293853737676976,13.88888888888889,24.49489742783178,13.88888888888889,13.88888888888889,13.88888888888889,0.0,581.8594853651364,283.2293673094285
801.0,45.36585373767698,13.88888888888889,24.49489742783178,13.88888888888889,13.88888888888889,13.88888888888889,0.0,581.4410670237011,284.1376205825957
802.0,45.43785373767698,13.88888888888889,24.49489742783178,13.88888888888889,13.88888888888889,13.88888888888889,0.0,581.0181126650402,285.0437704196305
803.0,45.509853737676984,13.88888888888889,24.49489742783178,13.88888888888889,13.88888888888889,13.88888888888889,0.0,580.5906328629908,285.94779416683417
804.0,45.58185373767699,13.88888888888889,24.49489742783178,13.88888888888889,13.88888888888889,13.88888888888889,0.0,580.1586383045254,286.8496692236601
805.0,45.65385373767699,13.88888888888889,24.49489742783178,13.88888888888889,13.88888888888889,13.88888888888889,0.0,579.7221397894858,287.7493730432788
806.0,45.72585373767699,13.88888888888889,24.49489742783178,13.88888888888889,13.88888888888889,13.88888888888889,0.0,579.2811482303119,288.64688313314184
807.0,45.797853737676995,13.88888888888889,24.49489742783178,13.88888888888889,13.88888888888889,13.88888888888889,0.0,578.8356746517699,289.54217705554345
808.0,45.869853737677,13.88888888888889,24.49489742783178,13.88888888888889,13.88888888888889,13.88888888888889,0.0,578.3857301906759,290.43523242818236
809.0,45.941853737677,13.88888888888889,24.49489742783178,13.88888888888889,13.88888888888889,13.88888888888889,0.0,577.931326095618,291.32602692472074
810.0,46.013853737677,13.88888888888889,24.49489742783178,13.88888888888889,13.88888888888889,13.88888888888889,0.0,577.4724737266752,292.21453827534253
811.0,46.085853737677006,13.88888888888889,24.49489742783178,13.88888888888889,13.88888888888889,13.88888888888889,0.0,577.0091845551323,293.10074426731035
812.0,46.15785373767701,13.88888888888889,24.49489742783178,13.88888888888889,13.88888888888889,13.88888888888889,0.0,576.5414701631948,293.9846227455204
813.0,46.22985373767701,13.88888888888889,24.49489742783178,13.88888888888889,13.88888888888889,13.88888888888889,0.0,576.0693422436981,294.8661516130569
814.0,46.301853737677014,13.88888888888889,24.49489742783178,13.88888888888889,13.88888888888889,13.88888888888889,0.0,575.5928125998156,295.74530883174396
815.0,46.37385373767702,13.88888888888889,24.49489742783178,13.88888888888889,13.88888888888889,13.88888888888889,0.0,575.1118931447636,296.62207242269704
816.0,46.44585373767702,13.88888888888889,24.49489742783178,13.88888888888889,13.88888888888889,13.88888888888889,0.0,574.6265959015033,297.4964204668719
817.0,46.51785373767702,13.88888888888889,24.49489742783178,13.88888888888889,13.88888888888889,13.88888888888889,0.0,574.1369330024406,298.368331105613
818.0,46.589853737677025,13.88888888888889,24.49489742783178,13.88888888888889,13.88888888888889,13.88888888888889,0.0,573.6429166891226,299.23778254119975
819.0,46.66185373767703,13.88888888888889,24.49489742783178,13.88888888888889,13.88888888888889,13.88888888888889,0.0,573.1445593119311,300.10475303739173
820.0,46.73385373767703,13.88888888888889,24.49489742783178,13.88888888888889,13.88888888888889,13.88888888888889,0.0,572.6418733297747,300.9692209199715
821.0,46.80585373767703,13.88888888888889,24.49489742783178,13.88888888888889,13.88888888888889,13.88888888888889,0.0,572.1348713097769,301.83116457728704
822.0,46.877853737677036,13.88888888888889,24.49489742783178,13.88888888888889,13.88888888888889,13.88888888888889,0.0,571.6235659269618,302.6905624607919
823.0,46.94985373767704,13.88888888888889,24.49489742783178,13.88888888888889,13.88888888888889,13.88888888888889,0.0,571.1079699639371,303.54739308558374
824.0,47.02185373767704,13.88888888888889,24.49489742783178,13.88888888888889,13.88888888888889,13.88888888888889,0.0,570.5880963105752,304.40163503094146
825.0,47.093853737677044,13.88888888888889,24.49489742783178,13.88888888888889,13.88888888888889,13.88888888888889,0.0,570.0639579636904,305.253266940861
826.0,47.16585373767705,13.88888888888889,24.49489742783178,13.88888888888889,13.88888888888889,13.88888888888889,0.0,569.5355680267139,306.10226752458897
827.0,47.23785373767705,13.88888888888889,24.49489742783178,13.88888888888889,13.88888888888889,13.88888888888889,0.0,569.0029397093667,306.948615557155
828.0,47.30985373767705,13.88888888888889,24.49489742783178,13.88888888888889,13.88888888888889,13.88888888888889,0.0,568.4660863273291,307.7922898799023
829.0,47.381853737677055,13.88888888888889,24.49489742783178,13.88888888888889,13.88888888888889,13.88888888888889,0.0,567.9250213019076,308.6332694010168
830.0,47.45385373767706,13.88888888888889,24.49489742783178,13.88888888888889,13.88888888888889,13.88888888888889,0.0,567.3797581596996,309.4715330960542
831.0,47.52585373767706,13.88888888888889,24.49489742783178,13.88888888888889,13.88888888888889,13.88888888888889,0.0,566.8303105322552,310.30706000846595
832.0,47.59785373767706,13.88888888888889,24.49489742783178,13.88888888888889,13.88888888888889,13.88888888888889,0.0,566.2766921557366,311.13982925012255
833.0,47.669853737677066,13.88888888888889,24.49489742783178,13.88888888888889,13.88888888888889,13.88888888888889,0.0,565.7189168705744,311.9698200018364
834.0,47.74185373767707,13.88888888888889,24.49489742783178,13.88888888888889,13.88888888888889,13.88888888888889,0.0,565.1569986211216,312.797011513882
835.0,47.81385373767707,13.88888888888889,24.49489742783178,13.88888888888889,13.88888888888889,13.88888888888889,0.0,564.5909514553052,313.62138310651466
836.0,47.885853737677074,13.88888888888889,24.49489742783178,13.88888888888889,13.88888888888889,13.88888888888889,0.0,564.0207895242748,314.44291417048737
837.0,47.95785373767708,13.88888888888889,24.49489742783178,13.88888888888889,13.88888888888889,13.88888888888889,0.0,563.4465270820491,315.26158416756635
838.0,48.02985373767708,13.88888888888889,24.49489742783178,13.88888888888889,13.88888888888889,13.88888888888889,0.0,562.8681784851592,316.07737263104434
839.0,48.10185373767708,13.88888888888889,24.49489742783178,13.88888888888889,13.88888888888889,13.88888888888889,0.0,562.2857581922898,316.8902591662523
840.0,48.173853737677085,13.88888888888889,24.49489742783178,13.88888888888889,13.88888888888889,13.88888888888889,0.0,561.6992807639181,317.7002234510692
841.0,48.24585373767709,13.88888888888889,24.49489742783178,13.88888888888889,13.88888888888889,13.88888888888889,0.0,561.1087608619489,318.50724523642987
842.0,48.31785373767709,13.88888888888889,24.49489742783178,13.88888888888889,13.88888888888889,13.88888888888889,0.0,560.5142132493495,319.311304346832
843.0,48.38985373767709,13.88888888888889,24.49489742783178,13.88888888888889,13.88888888888889,13.88888888888889,0.0,559.9156527897788,320.1123806808395
844.0,48.461853737677096,13.88888888888889,24.49489742783178,13.88888888888889,13.88888888888889,13.88888888888889,0.0,559.3130944472173,320.91045421158594
845.0,48.5338537376771,13.88888888888889,24.49489742783178,13.88888888888889,13.88888888888889,13.88888888888889,0.0,558.7065532855922,321.7055049872744
846.0,48.6058537376771,13.88888888888889,24.49489742783178,13.88888888888889,13.88888888888889,13.88888888888889,0.0,558.0960444684009,322.49751313167707
847.0,48.677853737677104,13.88888888888889,24.49489742783178,13.88888888888889,13.88888888888889,13.88888888888889,0.0,557.4815832583322,323.28645884463145
848.0,48.74985373767711,13.88888888888889,24.49489742783178,13.88888888888889,13.88888888888889,13.88888888888889,0.0,556.863185016884,324.072322402536
849.0,48.82185373767711,13.88888888888889,24.49489742783178,13.88888888888889,13.88888888888889,13.88888888888889,0.0,556.2408652039804,324.85508415884243
850.0,48.89385373767711,13.88888888888889,24.49489742783178,13.88888888888889,13.88888888888889,13.88888888888889,0.0,555.6146393775842,325.6347245445478
851.0,48.965853737677115,13.88888888888889,24.49489742783178,13.88888888888889,13.88888888888889,13.88888888888889,0.0,554.9845231933086,326.41122406868305
852.0,49.03785373767712,13.88888888888889,24.49489742783178,13.88888888888889,13.88888888888889,13.88888888888889,0.0,554.3505324040251,327.18456331880054
853.0,49.10985373767712,13.88888888888889,24.49489742783178,13.88888888888889,13.88888888888889,13.88888888888889,0.0,553.7126828594708,327.9547229614592
854.0,49.18185373767712,13.88888888888889,24.49489742783178,13.88888888888889,13.88888888888889,13.88888888888889,0.0,553.0709905058507,328.72168374270814
855.0,49.253853737677126,13.88888888888889,24.49489742783178,13.88888888888889,13.88888888888889,13.88888888888889,0.0,552.4254713854405,329.48542648856767
856.0,49.32585373767713,13.88888888888889,24.49489742783178,13.88888888888889,13.88888888888889,13.88888888888889,0.0,551.7761416361843,330.24593210550916
857.0,49.39785373767713,13.88888888888889,24.49489742783178,13.88888888888889,13.88888888888889,13.88888888888889,0.0,551.1230174912923,331.00318158093154
858.0,49.469853737677134,13.88888888888889,24.49489742783178,13.88888888888889,13.88888888888889,13.88888888888889,0.0,550.4661152788342,331.7571559836376
859.0,49.54185373767714,13.88888888888889,24.49489742783178,13.88888888888889,13.88888888888889,13.88888888888889,0.0,549.8054514213306,332.50783646430625
860.0,49.61385373767714,13.88888888888889,24.49489742783178,13.88888888888889,13.88888888888889,13.88888888888889,0.0,549.1410424353439,333.2552042559649
861.0,49.68585373767714,13.88888888888889,24.49489742783178,13.88888888888889,13.88888888888889,13.88888888888889,0.0,548.4729049310642,333.9992406744574
862.0,49.757853737677145,13.88888888888889,24.49489742783178,13.88888888888889,13.88888888888889,13.88888888888889,0.0,547.8010556118942,334.7399271189122
863.0,49.82985373767715,13.88888888888889,24.49489742783178,13.88888888888889,13.88888888888889,13.88888888888889,0.0,547.1255112740317,335.4772450722067
864.0,49.90185373767715,13.88888888888889,24.49489742783178,13.88888888888889,13.88888888888889,13.88888888888889,0.0,546.4462888060502,336.2111761014305
865.0,49.97385373767715,13.88888888888889,24.49489742783178,13.88888888888889,13.88888888888889,13.88888888888889,0.0,545.763405188476,336.9417018583461
866.0,50.045853737677156,13.88888888888889,24.49489742783178,13.88888888888889,13.88888888888889,13.88888888888889,0.0,545.0768774933639,337.6688040798477
867.0,50.11785373767716,13.88888888888889,24.49489742783178,13.88888888888889,13.88888888888889,13.88888888888889,0.0,544.3867228838706,338.3924645884174
868.0,50.18985373767716,13.88888888888889,24.49489742783178,13.88888888888889,13.88888888888889,13.88888888888889,0.0,543.6929586138252,339.1126652925804
869.0,50.261853737677164,13.88888888888889,24.49489742783178,13.88888888888889,13.88888888888889,13.88888888888889,0.0,542.9956020272986,339.8293881873566
870.0,50.33385373767717,13.88888888888889,24.49489742783178,13.88888888888889,13.88888888888889,13.88888888888889,0.0,542.2946705581688,340.5426153547108
871.0,50.40585373767717,13.88888888888889,24.49489742783178,13.88888888888889,13.88888888888889,13.88888888888889,0.0,541.5901817296865,341.2523289640011
872.0,50.47785373767717,13.88888888888889,24.49489742783178,13.88888888888889,13.88888888888889,13.88888888888889,0.0,540.8821531540352,341.9585112724241
873.0,50.549853737677175,13.88888888888889,24.49489742783178,13.88888888888889,13.88888888888889,13.88888888888889,0.0,540.1706025318928,342.66114462545903
874.0,50.62185373767718,13.88888888888889,24.49489742783178,13.88888888888889,13.88888888888889,13.88888888888889,0.0,539.4555476519876,343.36021145730854
875.0,50.69385373767718,13.88888888888889,24.49489742783178,13.88888888888889,13.88888888888889,13.88888888888889,0.0,538.7370063906544,344.05569429133834
876.0,50.76585373767718,13.88888888888889,24.49489742783178,13.88888888888889,13.88888888888889,13.88888888888889,0.0,538.0149967113873,344.7475757405137
877.0,50.837853737677186,13.88888888888889,24.49489742783178,13.88888888888889,13.88888888888889,13.88888888888889,0.0,537.2895366643907,345.43583850783455
878.0,50.90985373767719,13.88888888888889,24.49489742783178,13.88888888888889,13.88888888888889,13.88888888888889,0.0,536.5606443861279,346.1204653867675
879.0,50.98185373767719,13.88888888888889,24.49489742783178,13.88888888888889,13.88888888888889,13.88888888888889,0.0,535.8283380988681,346.801439261676
880.0,51.053853737677194,13.88888888888889,24.49489742783178,13.88888888888889,13.88888888888889,13.88888888888889,0.0,535.0926361102302,347.47874310824903
881.0,51.1258537376772,13.88888888888889,24.49489742783178,13.88888888888889,13.88888888888889,13.88888888888889,0.0,534.3535568127255,348.1523599939256
882.0,51.1978537376772,13.88888888888889,24.49489742783178,13.88888888888889,13.88888888888889,13.88888888888889,0.0,533.6111186832982,348.8222730783185
883.0,51.2698537376772,13.88888888888889,24.49489742783178,13.88888888888889,13.88888888888889,13.88888888888889,0.0,532.8653402828627,349.4884656136356
884.0,51.341853737677205,13.88888888888889,24.49489742783178,13.88888888888889,13.88888888888889,13.88888888888889,0.0,532.1162402558401,350.15092094509816
885.0,51.41385373767721,13.88888888888889,24.49489742783178,13.88888888888889,13.88888888888889,13.88888888888889,0.0,531.3638373296922,350.8096225113576
886.0,51.48585373767721,13.88888888888889,24.49489742783178,13.88888888888889,13.88888888888889,13.88888888888889,0.0,530.6081503144529,351.4645538449088
887.0,51.55785373767721,13.88888888888889,24.49489742783178,13.88888888888889,13.88888888888889,13.88888888888889,0.0,529.8491981022584,352.1156985725026
888.0,51.629853737677216,13.88888888888889,24.49489742783178,13.88888888888889,13.88888888888889,13.88888888888889,0.0,529.0869996668741,352.7630404155548
889.0,51.70185373767722,13.88888888888889,24.49489742783178,13.88888888888889,13.88888888888889,13.88888888888889,0.0,528.3215740632215,353.4065631905531
890.0,51.77385373767722,13.88888888888889,24.49489742783178,13.88888888888889,13.88888888888889,13.88888888888889,0.0,527.5529404269007,354.04625080946147
891.0,51.845853737677224,13.88888888888889,24.49489742783178,13.88888888888889,13.88888888888889,13.88888888888889,0.0,526.7811179737126,354.68208728012286
892.0,51.91785373767723,13.88888888888889,24.49489742783178,13.88888888888889,13.88888888888889,13.88888888888889,0.0,526.0061259991785,355.3140567066586
893.0,51.98985373767723,13.88888888888889,24.49489742783178,13.88888888888889,13.88888888888889,13.88888888888889,0.0,525.2279838780571,355.94214328986595
894.0,52.06185373767723,13.88888888888889,24.49489742783178,13.88888888888889,13.88888888888889,13.88888888888889,0.0,524.4467110638609,356.56633132761306
895.0,52.133853737677235,13.88888888888889,24.49489742783178,13.88888888888889,13.88888888888889,13.88888888888889,0.0,523.6623270883699,357.18660521523145
896.0,52.20585373767724,13.88888888888889,24.49489742783178,13.88888888888889,13.88888888888889,13.88888888888889,0.0,522.8748515611423,357.8029494459062
897.0,52.27785373767724,13.88888888888889,24.49489742783178,13.88888888888889,13.88888888888889,13.88888888888889,0.0,522.0843041690255,358.41534861106373
898.0,52.34985373767724,13.88888888888889,24.49489742783178,13.88888888888889,13.88888888888889,13.88888888888889,0.0,521.2907046756629,359.0237874007569
899.0,52.421853737677246,13.88888888888889,24.49489742783178,13.88888888888889,13.88888888888889,13.88888888888889,0.0,520.4940729210008,359.62825060404737
900.0,52.49385373767725,13.88888888888889,24.49489742783178,13.88888888888889,13.88888888888889,13.88888888888889,0.0,519.6944288207912,360.2287231093867
901.0,52.56585373767725,13.88888888888889,24.49489742783178,13.88888888888889,13.88888888888889,13.88888888888889,0.0,518.8917923660954,360.8251899049936
902.0,52.637853737677254,13.88888888888889,24.49489742783178,13.88888888888889,13.88888888888889,13.88888888888889,0.0,518.0861836227825,361.4176360792292
903.0,52.70985373767726,13.88888888888889,24.49489742783178,13.88888888888889,13.88888888888889,13.88888888888889,0.0,517.2776227310295,362.00604682096997
904.0,52.78185373767726,13.88888888888889,24.49489742783178,13.88888888888889,13.88888888888889,13.88888888888889,0.0,516.4661299048164,362.59040741997796
905.0,52.85385373767726,13.88888888888889,24.49489742783178,13.88888888888889,13.88888888888889,13.88888888888889,0.0,515.6517254314216,363.1707032672688
906.0,52.925853737677265,13.88888888888889,24.49489742783178,13.88888888888889,13.88888888888889,13.88888888888889,0.0,514.8344296709145,363.7469198554764
907.0,52.99785373767727,13.88888888888889,24.49489742783178,13.88888888888889,13.88888888888889,13.88888888888889,0.0,514.0142630556466,364.319042779216
908.0,53.06985373767727,13.88888888888889,24.49489742783178,13.88888888888889,13.88888888888889,13.88888888888889,0.0,513.1912460897406,364.88705773544444
909.0,53.14185373767727,13.88888888888889,24.49489742783178,13.88888888888889,13.88888888888889,13.88888888888889,0.0,512.3653993485776,365.45095052381737
910.0,53.213853737677276,13.88888888888889,24.49489742783178,13.88888888888889,13.88888888888889,13.88888888888889,0.0,511.5367434782833,366.01070704704443
911.0,53.28585373767728,13.88888888888889,24.49489742783178,13.88888888888889,13.88888888888889,13.88888888888889,0.0,510.7052991952113,366.56631331124174
912.0,53.35785373767728,13.88888888888889,24.49489742783178,13.88888888888889,13.88888888888889,13.88888888888889,0.0,509.87108728542535,367.1177554262815
913.0,53.429853737677284,13.88888888888889,24.49489742783178,13.88888888888889,13.88888888888889,13.88888888888889,0.0,509.0341286041796,367.66501960613965
914.0,53.50185373767729,13.88888888888889,24.49489742783178,13.88888888888889,13.88888888888889,13.88888888888889,0.0,508.1944440753977,368.2080921692403
915.0,53.57385373767729,13.88888888888889,24.49489742783178,13.88888888888889,13.88888888888889,13.88888888888889,0.0,507.35205469114896,368.7469595387975
916.0,53.64585373767729,13.88888888888889,24.49489742783178,13.88888888888889,13.88888888888889,13.88888888888889,0.0,506.5069815111242,369.2816082431551
917.0,53.717853737677295,13.88888888888889,24.49489742783178,13.88888888888889,13.88888888888889,13.88888888888889,0.0,505.65924566210896,369.8120249161234
918.0,53.7898537376773,13.88888888888889,24.49489742783178,13.88888888888889,13.88888888888889,13.88888888888889,0.0,504.80886833745524,370.33819629731306
919.0,53.8618537376773,13.88888888888889,24.49489742783178,13.88888888888889,13.88888888888889,13.88888888888889,0.0,503.9558707965518,370.8601092324672
920.0,53.9338537376773,13.88888888888889,24.49489742783178,13.88888888888889,13.88888888888889,13.88888888888889,0.0,503.10027436429283,371.3777506737895
921.0,54.005853737677306,13.88888888888889,24.49489742783178,13.88888888888889,13.88888888888889,13.88888888888889,0.0,502.2421004305446,371.89110768027075
922.0,54.07785373767731,13.88888888888889,24.49489742783178,13.88888888888889,13.88888888888889,13.88888888888889,0.0,501.3813704496107,372.4001674180127
923.0,54.14985373767731,13.88888888888889,24.49489742783178,13.88888888888889,13.88888888888889,13.88888888888889,0.0,500.5181059396957,372.9049171605484
924.0,54.221853737677314,13.88888888888889,24.49489742783178,13.88888888888889,13.88888888888889,13.88888888888889,0.0,499.6523284823677,373.40534428916044
925.0,54.29385373767732,13.88888888888889,24.49489742783178,13.88888888888889,13.88888888888889,13.88888888888889,0.0,498.78405972201784,373.90143629319687
926.0,54.36585373767732,13.88888888888889,24.49489742783178,13.88888888888889,13.88888888888889,13.88888888888889,0.0,497.9133213653199,374.3931807703833
927.0,54.43785373767732,13.88888888888889,24.49489742783178,13.88888888888889,13.88888888888889,13.88888888888889,0.0,497.0401351806874,374.8805654271335
928.0,54.509853737677325,13.88888888888889,24.49489742783178,13.88888888888889,13.88888888888889,13.88888888888889,0.0,496.16452299772965,375.3635780788563
929.0,54.58185373767733,13.88888888888889,24.49489742783178,13.88888888888889,13.88888888888889,13.88888888888889,0.0,495.2865067067055,375.84220665026066
930.0,54.65385373767733,13.88888888888889,24.49489742783178,13.88888888888889,13.88888888888889,13.88888888888889,0.0,494.40610825797654,376.3164391756572
931.0,54.72585373767733,13.88888888888889,24.49489742783178,13.88888888888889,13.88888888888889,13.88888888888889,0.0,493.52334966145804,376.78626379925754
932.0,54.797853737677336,13.88888888888889,24.49489742783178,13.88888888888889,13.88888888888889,13.88888888888889,0.0,492.638252986069,377.2516687754704
933.0,54.86985373767734,13.88888888888889,24.49489742783178,13.88888888888889,13.88888888888889,13.88888888888889,0.0,491.7508403591803,377.71264246919577
934.0,54.94185373767734,13.88888888888889,24.49489742783178,13.88888888888889,13.88888888888889,13.88888888888889,0.0,490.8611339660613,378.16917335611527
935.0,55.013853737677344,13.88888888888889,24.49489742783178,13.88888888888889,13.88888888888889,13.88888888888889,0.0,489.9691560493254,378.6212500229806
936.0,55.08585373767735,13.88888888888889,24.49489742783178,13.88888888888889,13.88888888888889,13.88888888888889,0.0,489.0749289083742,379.06886116789843
937.0,55.15785373767735,13.88888888888889,24.49489742783178,13.88888888888889,13.88888888888889,13.88888888888889,0.0,488.1784748988397,379.51199560061355
938.0,55.22985373767735,13.88888888888889,24.49489742783178,13.88888888888889,13.88888888888889,13.88888888888889,0.0,487.27981643202526,379.95064224278826
939.0,55.301853737677355,13.88888888888889,24.49489742783178,13.88888888888889,13.88888888888889,13.88888888888889,0.0,486.37897597434585,380.38479012827935
940.0,55.37385373767736,13.88888888888889,24.49489742783178,13.88888888888889,13.88888888888889,13.88888888888889,0.0,485.47597604676594,380.81442840341225
941.0,55.44585373767736,13.88888888888889,24.49489742783178,13.88888888888889,13.88888888888889,13.88888888888889,0.0,484.5708392242368,381.23954632725247
942.0,55.51785373767736,13.88888888888889,24.49489742783178,13.88888888888889,13.88888888888889,13.88888888888889,0.0,483.6635881351318,381.660133271874
943.0,55.589853737677366,13.88888888888889,24.49489742783178,13.88888888888889,13.88888888888889,13.88888888888889,0.0,482.75424546068086,382.0761787226253
944.0,55.66185373767737,13.88888888888889,24.49489742783178,13.88888888888889,13.88888888888889,13.88888888888889,0.0,481.8428339344035,382.4876722783916
945.0,55.73385373767737,13.88888888888889,24.49489742783178,13.88888888888889,13.88888888888889,13.88888888888889,0.0,480.92937634154043,382.8946036518555
946.0,55.805853737677374,13.88888888888889,24.49489742783178,13.88888888888889,13.88888888888889,13.88888888888889,0.0,480.0138955184839,383.29696266975384
947.0,55.87785373767738,13.88888888888889,24.49489742783178,13.88888888888889,13.88888888888889,13.88888888888889,0.0,479.0964143522068,383.69473927313214
948.0,55.94985373767738,13.88888888888889,24.49489742783178,13.88888888888889,13.88888888888889,13.88888888888889,0.0,478.17695577969045,384.08792351759615
949.0,56.02185373767738,13.88888888888889,24.49489742783178,13.88888888888889,13.88888888888889,13.88888888888889,0.0,477.2555427873514,384.47650557355996
950.0,56.093853737677385,13.88888888888889,24.49489742783178,13.88888888888889,13.88888888888889,13.88888888888889,0.0,476.33219841046633,384.8604757264927
951.0,56.16585373767739,13.88888888888889,24.49489742783178,13.88888888888889,13.88888888888889,13.88888888888889,0.0,475.4069457325967,385.23982437716035
952.0,56.23785373767739,13.88888888888889,24.49489742783178,13.88888888888889,13.88888888888889,13.88888888888889,0.0,474.47980788501104,385.6145420418665
953.0,56.30985373767739,13.88888888888889,24.49489742783178,13.88888888888889,13.88888888888889,13.88888888888889,0.0,473.55080804610753,385.98461935268904
954.0,56.381853737677396,13.88888888888889,24.49489742783178,13.88888888888889,13.88888888888889,13.88888888888889,0.0,472.61996944083364,386.35004705771445
955.0,56.4538537376774,13.88888888888889,24.49489742783178,13.88888888888889,13.88888888888889,13.88888888888889,0.0,471.687315340106,386.7108160212691
956.0,56.5258537376774,13.88888888888889,24.49489742783178,13.88888888888889,13.88888888888889,13.88888888888889,0.0,470.75286906022853,387.06691722414774
957.0,56.597853737677404,13.88888888888889,24.49489742783178,13.88888888888889,13.88888888888889,13.88888888888889,0.0,469.81665396230966,387.41834176383884
958.0,56.66985373767741,13.88888888888889,24.49489742783178,13.88888888888889,13.88888888888889,13.88888888888889,0.0,468.878693451678,387.7650808547472
959.0,56.74185373767741,13.88888888888889,24.49489742783178,13.88888888888889,13.88888888888889,13.88888888888889,0.0,467.93901097729747,388.10712582841364
960.0,56.81385373767741,13.88888888888889,24.49489742783178,13.88888888888889,13.88888888888889,13.88888888888889,0.0,466.99763003118096,388.4444681337317
961.0,56.885853737677415,13.88888888888889,24.49489742783178,13.88888888888889,13.88888888888889,13.88888888888889,0.0,466.0545741478031,388.777099337161
962.0,56.95785373767742,13.88888888888889,24.49489742783178,13.88888888888889,13.88888888888889,13.88888888888889,0.0,465.109866903512,389.1050111229392
963.0,57.02985373767742,13.88888888888889,24.49489742783178,13.88888888888889,13.88888888888889,13.88888888888889,0.0,464.1635319159394,389.42819529328847
964.0,57.10185373767742,13.88888888888889,24.49489742783178,13.88888888888889,13.88888888888889,13.88888888888889,0.0,463.2155928434108,389.74664376862137
965.0,57.173853737677426,13.88888888888889,24.49489742783178,13.88888888888889,13.88888888888889,13.88888888888889,0.0,462.26607338435343,390.06034858774285
966.0,57.24585373767743,13.88888888888889,24.49489742783178,13.88888888888889,13.88888888888889,13.88888888888889,0.0,461.3149972767046,390.3693019080485
967.0,57.31785373767743,13.88888888888889,24.49489742783178,13.88888888888889,13.88888888888889,13.88888888888889,0.0,460.3623882973173,390.6734960057215
968.0,57.389853737677434,13.88888888888889,24.49489742783178,13.88888888888889,13.88888888888889,13.88888888888889,0.0,459.4082702613665,390.97292327592527
969.0,57.46185373767744,13.88888888888889,24.49489742783178,13.88888888888889,13.88888888888889,13.88888888888889,0.0,458.4526670217532,391.26757623299363
970.0,57.53385373767744,13.88888888888889,24.49489742783178,13.88888888888889,13.88888888888889,13.88888888888889,0.0,457.4956024685089,391.55744751061803
971.0,57.60585373767744,13.88888888888889,24.49489742783178,13.88888888888889,13.88888888888889,13.88888888888889,0.0,456.5371005281974,391.8425298620316
972.0,57.677853737677445,13.88888888888889,24.49489742783178,13.88888888888889,13.88888888888889,13.88888888888889,0.0,455.5771851633174,392.12281616019044
973.0,57.74985373767745,13.88888888888889,24.49489742783178,13.88888888888889,13.88888888888889,13.88888888888889,0.0,454.6158803717028,392.3982993979517
974.0,57.82185373767745,13.88888888888889,24.49489742783178,13.88888888888889,13.88888888888889,13.88888888888889,0.0,453.65321018592357,392.66897268824863
975.0,57.89385373767745,13.88888888888889,24.49489742783178,13.88888888888889,13.88888888888889,13.88888888888889,0.0,452.68919867268414,392.93482926426327
976.0,57.965853737677456,13.88888888888889,24.49489742783178,13.88888888888889,13.88888888888889,13.88888888888889,0.0,451.72386993222216,393.19586247959495
977.0,58.03785373767746,13.88888888888889,24.49489742783178,13.88888888888889,13.88888888888889,13.88888888888889,0.0,450.7572480977057,393.452065808427
978.0,58.10985373767746,13.88888888888889,24.49489742783178,13.88888888888889,13.88888888888889,13.88888888888889,0.0,449.7893573346305,393.70343284568935
979.0,58.181853737677464,13.88888888888889,24.49489742783178,13.88888888888889,13.88888888888889,13.88888888888889,0.0,448.82022184021514,393.9499573072193
980.0,58.25385373767747,13.88888888888889,24.49489742783178,13.88888888888889,13.88888888888889,13.88888888888889,0.0,447.8498658427965,394.1916330299181
981.0,58.32585373767747,13.88888888888889,24.49489742783178,13.88888888888889,13.88888888888889,13.88888888888889,0.0,446.87831360122385,394.4284539719053
982.0,58.39785373767747,13.88888888888889,24.49489742783178,13.88888888888889,13.88888888888889,13.88888888888889,0.0,445.90558940425285,394.6604142126697
983.0,58.469853737677475,13.88888888888889,24.49489742783178,13.88888888888889,13.88888888888889,13.88888888888889,0.0,444.93171756993763,394.8875079532173
984.0,58.54185373767748,13.88888888888889,24.49489742783178,13.88888888888889,13.88888888888889,13.88888888888889,0.0,443.9567224450234,395.10972951621653
985.0,58.61385373767748,13.88888888888889,24.49489742783178,13.88888888888889,13.88888888888889,13.88888888888889,0.0,442.9806284043373,395.3270733461398
986.0,58.68585373767748,13.88888888888889,24.49489742783178,13.88888888888889,13.88888888888889,13.88888888888889,0.0,442.0034598501798,395.53953400940264
987.0,58.757853737677486,13.88888888888889,24.49489742783178,13.88888888888889,13.88888888888889,13.88888888888889,0.0,441.02524121171376,395.74710619449957
988.0,58.82985373767749,13.88888888888889,24.49489742783178,13.88888888888889,13.88888888888889,13.88888888888889,0.0,440.0459969443541,395.9497847121368
989.0,58.90185373767749,13.88888888888889,24.49489742783178,13.88888888888889,13.88888888888889,13.88888888888889,0.0,439.06575152915656,396.147564495362
990.0,58.973853737677494,13.88888888888889,24.49489742783178,13.88888888888889,13.88888888888889,13.88888888888889,0.0,438.0845294722054,396.3404405996908
991.0,59.0458537376775,13.88888888888889,24.49489742783178,13.88888888888889,13.88888888888889,13.88888888888889,0.0,437.1023553040011,396.52840820323064
992.0,59.1178537376775,13.88888888888889,24.49489742783178,13.88888888888889,13.88888888888889,13.88888888888889,0.0,436.1192535788466,396.7114626068013
993.0,59.1898537376775,13.88888888888889,24.49489742783178,13.88888888888889,13.88888888888889,13.88888888888889,0.0,435.1352488742338,396.8895992340521
994.0,59.261853737677505,13.88888888888889,24.49489742783178,13.88888888888889,13.88888888888889,13.88888888888889,0.0,434.15036579022905,397.0628136315768
995.0,59.33385373767751,13.88888888888889,24.49489742783178,13.88888888888889,13.88888888888889,13.88888888888889,0.0,433.1646289488583,397.2311014690243
996.0,59.40585373767751,13.88888888888889,24.49489742783178,13.88888888888889,13.88888888888889,13.88888888888889,0.0,432.17806299349115,397.3944585392075
997.0,59.47785373767751,13.88888888888889,24.49489742783178,13.88888888888889,13.88888888888889,13.88888888888889,0.0,431.1906925882251,397.55288075820823
998.0,59.549853737677516,13.88888888888889,24.49489742783178,13.88888888888889,13.88888888888889,13.88888888888889,0.0,430.2025424172688,397.70636416547916
999.0,59.62185373767752,13.88888888888889,24.49489742783178,13.88888888888889,13.88888888888889,13.88888888888889,0.0,429.21363718432514,397.8549049239432
1000.0,59.69385373767752,13.88888888888889,24.49489742783178,13.88888888888889,13.88888888888889,13.88888888888889,0.9999999999999858,428.22400161197345,397.9984993200891
1001.0,59.765668074912355,13.96070322612372,inf,19.444444444444443,19.444444444444443,19.444444444444443,1.0,427.234009115373,398.13961932814897
1002.0,59.8371148824756,14.03215003368697,inf,19.444444444444443,19.444444444444443,19.444444444444443,1.0,426.24401661877255,398.2807393362088
1003.0,59.908199746070224,14.103234897281588,inf,19.444444444444443,19.444444444444443,19.444444444444443,1.0,425.2540241221721,398.4218593442687
1004.0,59.97892811133102,14.173963262542387,inf,19.444444444444443,19.444444444444443,19.444444444444443,0.9999999999999858,424.26403162557165,398.56297935232857
1005.0,60.049305288693226,14.244340439904587,inf,19.444444444444443,19.444444444444443,19.444444444444443,1.0000000000000142,423.2740391289712,398.7040993603884
1006.0,60.11933645804558,14.314371609256943,inf,19.444444444444443,19.444444444444443,19.444444444444443,1.0000000000000142,422.2840466323708,398.8452193684483
1007.0,60.18902667317959,14.384061824390955,inf,19.444444444444443,19.444444444444443,19.444444444444443,1.0,421.29405413577035,398.98633937650817
1008.0,60.258380866045634,14.453416017257002,inf,19.444444444444443,19.444444444444443,19.444444444444443,1.0000000000000142,420.3040616391699,399.127459384568
1009.0,60.32740385082618,14.522439002037546,inf,19.444444444444443,19.444444444444443,19.444444444444443,1.0000000000000142,419.31406914256945,399.2685793926279
1010.0,60.39610032783553,14.591135479046903,inf,19.444444444444443,19.444444444444443,19.444444444444443,1.0,418.324076645969,399.40969940068777
1011.0,60.46447488725517,14.659510038466541,inf,19.444444444444443,19.444444444444443,19.444444444444443,1.0000000000000142,417.33408414936855,399.5508194087476
1012.0,60.532532012712934,14.727567163924302,inf,19.444444444444443,19.444444444444443,19.444444444444443,1.0,416.3440916527681,399.6919394168075
1013.0,60.60027608471406,14.795311235925432,inf,19.444444444444443,19.444444444444443,19.444444444444443,1.0,415.35409915616765,399.8330594248674
1014.0,60.6677113839315,14.862746535142868,inf,19.444444444444443,19.444444444444443,19.444444444444443,1.0,414.3641066595672,399.9741794329272
1015.0,60.7348420943624,14.929877245573767,inf,19.444444444444443,19.444444444444443,19.444444444444443,1.0000000000000142,413.37411416296675,400.1152994409871
1016.0,60.80167230635749,14.996707457568856,inf,19.444444444444443,19.444444444444443,19.444444444444443,0.9999999999999858,412.3841216663663,400.256419449047
1017.0,60.86820601952945,15.063241170740822,inf,19.444444444444443,19.444444444444443,19.444444444444443,1.0,411.39412916976585,400.3975394571068
1018.0,60.93444714554622,15.12948229675759,inf,19.444444444444443,19.444444444444443,19.444444444444443,1.0000000000000142,410.40413667316545,400.5386594651667
1019.0,61.00039951081464,15.195434662026004,inf,19.444444444444443,19.444444444444443,19.444444444444443,0.9999999999999858,409.414144176565,400.6797794732266
1020.0,61.06606685905976,15.261102010271124,inf,19.444444444444443,19.444444444444443,19.444444444444443,1.0,408.42415167996455,400.8208994812864
1021.0,61.1314528538047,15.326488005016065,inf,19.444444444444443,19.444444444444443,19.444444444444443,0.9999999999999858,407.4341591833641,400.9620194893463
1022.0,61.19656108075566,15.391596231967018,inf,19.444444444444443,19.444444444444443,19.444444444444443,1.0,406.44416668676365,401.1031394974062
1023.0,61.26139505009648,15.456430201307846,inf,19.444444444444443,19.444444444444443,19.444444444444443,1.0000000000000142,405.4541741901632,401.244259505466
1024.0,61.32595819869705,15.520993349908418,inf,19.444444444444443,19.444444444444443,19.444444444444443,1.0000000000000142,404.46418169356275,401.3853795135259
1025.0,61.39025389223924,15.5852890434506,inf,19.444444444444443,19.444444444444443,19.444444444444443,1.0,403.4741891969623,401.5264995215858
1026.0,61.45428542726428,15.649320578475647,inf,19.444444444444443,19.444444444444443,19.444444444444443,1.0,402.48419670036185,401.6676195296456
1027.0,61.518056033145115,15.71309118435648,inf,19.444444444444443,19.444444444444443,19.444444444444443,0.9999999999999858,401.4942042037614,401.8087395377055
1028.0,61.581568873986875,15.77660402519824,inf,19.444444444444443,19.444444444444443,19.444444444444443,1.0000000000000142,400.50421170716095,401.9498595457654
1029.0,61.644827050458865,15.839862201670233,inf,19.444444444444443,19.444444444444443,19.444444444444443,1.0,399.51421921056055,402.0909795538252
1030.0,61.70783360156092,15.902868752772292,inf,19.444444444444443,19.444444444444443,19.444444444444443,1.0000000000000142,398.5242267139601,402.2320995618851
1031.0,61.770591506327044,15.965626657538419,inf,19.444444444444443,19.444444444444443,19.444444444444443,1.0000000000000284,397.53423421735965,402.373219569945
1032.0,61.83310368546899,16.028138836680366,inf,19.444444444444443,19.444444444444443,19.444444444444443,1.0000000000000284,396.5442417207592,402.5143395780048
1033.0,61.89537300296239,16.090408154173762,inf,19.444444444444443,19.444444444444443,19.444444444444443,0.9999999999999716,395.55424922415875,402.6554595860647
1034.0,61.95740226757783,16.152437418789198,inf,19.444444444444443,19.444444444444443,19.444444444444443,1.0,394.5642567275583,402.7965795941246
1035.0,62.01919423435924,16.214229385570608,inf,19.444444444444443,19.444444444444443,19.444444444444443,1.0,393.57426423095785,402.9376996021844
1036.0,62.08075160605175,16.275786757263116,inf,19.444444444444443,19.444444444444443,19.444444444444443,1.0000000000000284,392.5842717343574,403.0788196102443
1037.0,62.142077034481105,16.337112185692472,inf,19.444444444444443,19.444444444444443,19.444444444444443,1.0000000000000284,391.59427923775695,403.2199396183042
1038.0,62.203173121886685,16.398208273098057,inf,19.444444444444443,19.444444444444443,19.444444444444443,0.9999999999999716,390.6042867411565,403.361059626364
1039.0,62.264042422209975,16.459077573421347,inf,19.444444444444443,19.444444444444443,19.444444444444443,1.0,389.61429424455605,403.5021796344239
1040.0,62.3246874423403,16.51972259355167,inf,19.444444444444443,19.444444444444443,19.444444444444443,1.0,388.62430174795566,403.6432996424838
1041.0,62.38511064331956,16.580145794530925,inf,19.444444444444443,19.444444444444443,19.444444444444443,1.0000000000000284,387.6343092513552,403.7844196505436
1042.0,62.44531444150758,16.640349592718945,inf,19.444444444444443,19.444444444444443,19.444444444444443,1.0000000000000284,386.64431675475475,403.9255396586035
1043.0,62.50530120970968,16.700336360921046,inf,19.444444444444443,19.444444444444443,19.444444444444443,1.0,385.6543242581543,404.0666596666634
1044.0,62.56507327826789,16.760108429479256,inf,19.444444444444443,19.444444444444443,19.444444444444443,1.0,384.66433176155385,404.2077796747232
1045.0,62.62463293611728,16.819668087328644,inf,19.444444444444443,19.444444444444443,19.444444444444443,1.0,383.6743392649534,404.3488996827831
1046.0,62.68398243180873,16.879017583020097,inf,19.444444444444443,19.444444444444443,19.444444444444443,1.0,382.68434676835295,404.490019690843
1047.0,62.743123974499476,16.938159125710847,inf,19.444444444444443,19.444444444444443,19.444444444444443,1.0000000000000284,381.6943542717525,404.6311396989028
1048.0,62.802059734912596,16.99709488612397,inf,19.444444444444443,19.444444444444443,19.444444444444443,1.0000000000000284,380.70436177515205,404.7722597069627
1049.0,62.86079184626669,17.055826997478068,inf,19.444444444444443,19.444444444444443,19.444444444444443,1.0,379.7143692785516,404.9133797150226
1050.0,62.91932240517682,17.114357556388196,inf,19.444444444444443,19.444444444444443,19.444444444444443,0.9999999999999716,378.72437678195115,405.0544997230824
1051.0,62.97765347252783,17.172688623739198,inf,19.444444444444443,19.444444444444443,19.444444444444443,1.0,377.73438428535076,405.1956197311423
1052.0,63.035787074321036,17.23082222553241,inf,19.444444444444443,19.444444444444443,19.444444444444443,1.0000000000000284,376.7443917887503,405.3367397392022
1053.0,63.09372520249536,17.28876035370673,inf,19.444444444444443,19.444444444444443,19.444444444444443,1.0000000000000284,375.75439929214986,405.477859747262
1054.0,63.15146981572366,17.346504966935033,inf,19.444444444444443,19.444444444444443,19.444444444444443,0.9999999999999716,374.7644067955494,405.6189797553219
1055.0,63.2090228401854,17.40405799139677,inf,19.444444444444443,19.444444444444443,19.444444444444443,1.0,373.77441429894895,405.7600997633818
1056.0,63.266386170316316,17.461421321527688,inf,19.444444444444443,19.444444444444443,19.444444444444443,1.0,372.7844218023485,405.9012197714416
1057.0,63.323561669536055,17.518596820747423,inf,19.444444444444443,19.444444444444443,19.444444444444443,1.0,371.79442930574805,406.0423397795015
1058.0,63.38055117095443,17.575586322165805,inf,19.444444444444443,19.444444444444443,19.444444444444443,1.0000000000000284,370.8044368091476,406.1834597875614
1059.0,63.43735647805724,17.63239162926861,inf,19.444444444444443,19.444444444444443,19.444444444444443,0.9999999999999716,369.81444431254715,406.3245797956213
1060.0,63.49397936537213,17.689014516583498,inf,19.444444444444443,19.444444444444443,19.444444444444443,1.0000000000000284,368.8244518159467,406.4656998036811
1061.0,63.55042157911546,17.74545673032683,inf,19.444444444444443,19.444444444444443,19.444444444444443,1.0,367.83445931934625,406.606819811741
1062.0,63.60668483782064,17.80171998903201,inf,19.444444444444443,19.444444444444443,19.444444444444443,1.0,366.84446682274586,406.7479398198009
1063.0,63.66277083294866,17.85780598416003,inf,19.444444444444443,19.444444444444443,19.444444444444443,1.0000000000000284,365.8544743261454,406.8890598278607
1064.0,63.71868122948143,17.913716380692808,inf,19.444444444444443,19.444444444444443,19.444444444444443,1.0000000000000284,364.86448182954496,407.0301798359206
1065.0,63.774417666498515,17.96945281770989,inf,19.444444444444443,19.444444444444443,19.444444444444443,1.0000000000000284,363.8744893329445,407.1712998439805
1066.0,63.82998175773775,18.025016908949127,inf,19.444444444444443,19.444444444444443,19.444444444444443,1.0,362.88449683634406,407.3124198520403
1067.0,63.88537509214046,18.080410243351835,inf,19.444444444444443,19.444444444444443,19.444444444444443,1.0,361.8945043397436,407.4535398601002
1068.0,63.94059923438159,18.135634385592965,inf,19.444444444444443,19.444444444444443,19.444444444444443,1.0,360.90451184314315,407.5946598681601
1069.0,63.99565572538542,18.190690876596797,inf,19.444444444444443,19.444444444444443,19.444444444444443,0.9999999999999716,359.9145193465427,407.7357798762199
1070.0,64.05054608282724,18.24558123403861,inf,19.444444444444443,19.444444444444443,19.444444444444443,1.0,358.92452684994225,407.8768998842798
1071.0,64.10527180162147,18.300306952832837,inf,19.444444444444443,19.444444444444443,19.444444444444443,1.0,357.93453435334186,408.0180198923397
1072.0,64.15983435439672,18.354869505608093,inf,19.444444444444443,19.444444444444443,19.444444444444443,1.0,356.94454185674135,408.1591399003995
1073.0,64.21423519195818,18.40927034316955,inf,19.444444444444443,19.444444444444443,19.444444444444443,0.9999999999999716,355.95454936014096,408.3002599084594
1074.0,64.26847574373767,18.46351089494904,inf,19.444444444444443,19.444444444444443,19.444444444444443,0.9999999999999716,354.9645568635405,408.4413799165193
1075.0,64.32255741823194,18.517592569443302,inf,19.444444444444443,19.444444444444443,19.444444444444443,0.9999999999999716,353.97456436694006,408.5824999245791
1076.0,64.37648160342938,18.57151675464074,inf,19.444444444444443,19.444444444444443,19.444444444444443,1.0,352.9845718703396,408.723619932639
1077.0,64.4302496672257,18.625284818437052,inf,19.444444444444443,19.444444444444443,19.444444444444443,1.0,351.99457937373916,408.8647399406989
1078.0,64.48386295782873,18.678898109040098,inf,19.444444444444443,19.444444444444443,19.444444444444443,1.0000000000000284,351.0045868771387,409.0058599487587
1079.0,64.53732280415298,18.732357955364343,inf,19.444444444444443,19.444444444444443,19.444444444444443,0.9999999999999716,350.01459438053826,409.1469799568186
1080.0,64.59063051620383,18.785665667415188,inf,19.444444444444443,19.444444444444443,19.444444444444443,1.0000000000000284,349.0246018839378,409.2880999648785
1081.0,64.64378738545217,18.838822536663532,inf,19.444444444444443,19.444444444444443,19.444444444444443,1.0000000000000284,348.03460938733735,409.4292199729383
1082.0,64.69679468519945,18.891829836410814,inf,19.444444444444443,19.444444444444443,19.444444444444443,1.0,347.0446168907369,409.5703399809982
1083.0,64.74965367093354,18.944688822144897,inf,19.444444444444443,19.444444444444443,19.444444444444443,1.0,346.05462439413645,409.7114599890581
1084.0,64.80236558067567,18.99740073188703,inf,19.444444444444443,19.444444444444443,19.444444444444443,1.0,345.06463189753606,409.8525799971179
1085.0,64.85493163531879,19.04996678653015,inf,19.444444444444443,19.444444444444443,19.444444444444443,0.9999999999999716,344.0746394009356,409.9937000051778
1086.0,64.90735303895748,19.102388190168835,inf,19.444444444444443,19.444444444444443,19.444444444444443,0.9999999999999716,343.08464690433516,410.1348200132377
1087.0,64.95963097920976,19.154666130421113,inf,19.444444444444443,19.444444444444443,19.444444444444443,1.0000000000000284,342.0946544077347,410.2759400212975
1088.0,65.01176662753103,19.20680177874239,inf,19.444444444444443,19.444444444444443,19.444444444444443,0.9999999999999716,341.10466191113426,410.4170600293574
1089.0,65.06376113952037,19.258796290731716,inf,19.444444444444443,19.444444444444443,19.444444444444443,1.0,340.1146694145338,410.5581800374173
1090.0,65.11561565521933,19.310650806430676,inf,19.444444444444443,19.444444444444443,19.444444444444443,1.0,339.12467691793336,410.6993000454771
1091.0,65.16733129940367,19.36236645061501,inf,19.444444444444443,19.444444444444443,19.444444444444443,1.0,338.1346844213329,410.840420053537
1092.0,65.21890918186796,19.413944333079296,inf,19.444444444444443,19.444444444444443,19.444444444444443,0.5925925925923252,337.14469192473246,410.9815400615969
1093.0,65.27037811979666,19.444444444444443,inf,19.444444444444443,19.444444444444443,19.444444444444443,0.0,336.154699428132,411.1226600696567
1094.0,65.32180669122523,19.444444444444443,inf,19.444444444444443,19.444444444444443,19.444444444444443,0.0,335.16470693153155,411.2637800777166
1095.0,65.37323526265381,19.444444444444443,inf,19.444444444444443,19.444444444444443,19.444444444444443,0.0,334.17471443493116,411.4049000857765
1096.0,65.42466383408238,19.444444444444443,inf,19.444444444444443,19.444444444444443,19.444444444444443,0.0,333.18472193833065,411.5460200938363
1097.0,65.47609240551095,19.444444444444443,inf,19.444444444444443,19.444444444444443,19.444444444444443,0.0,332.19472944173026,411.6871401018962
1098.0,65.52752097693953,19.444444444444443,inf,19.444444444444443,19.444444444444443,19.444444444444443,0.0,331.2047369451298,411.8282601099561
1099.0,65.5789495483681,19.444444444444443,inf,19.444444444444443,19.444444444444443,19.444444444444443,0.0,330.21474444852936,411.9693801180159
1100.0,65.63037811979667,19.444444444444443,inf,19.444444444444443,19.444444444444443,19.444444444444443,0.0,329.2247519519289,412.1105001260758
1101.0,65.68180669122525,19.444444444444443,inf,19.444444444444443,19.444444444444443,19.444444444444443,0.0,328.23475945532846,412.2516201341357
1102.0,65.73323526265382,19.444444444444443,inf,19.444444444444443,19.444444444444443,19.444444444444443,0.0,327.244766958728,412.3927401421955
1103.0,65.7846638340824,19.444444444444443,inf,19.444444444444443,19.444444444444443,19.444444444444443,0.0,326.25477446212756,412.5338601502554
1104.0,65.83609240551097,19.444444444444443,inf,19.444444444444443,19.444444444444443,19.444444444444443,0.0,325.2647819655271,412.6749801583153
1105.0,65.88752097693954,19.444444444444443,inf,19.444444444444443,19.444444444444443,19.444444444444443,0.0,324.27478946892666,412.8161001663751
1106.0,65.93894954836811,19.444444444444443,inf,19.444444444444443,19.444444444444443,19.444444444444443,0.0,323.28479697232626,412.957220174435
1107.0,65.99037811979669,19.444444444444443,inf,19.444444444444443,19.444444444444443,19.444444444444443,0.0,322.29480447572575,413.0983401824949
1108.0,66.04180669122526,19.444444444444443,inf,19.444444444444443,19.444444444444443,19.444444444444443,0.0,321.30481197912536,413.2394601905547
1109.0,66.09323526265383,19.444444444444443,inf,19.444444444444443,19.444444444444443,19.444444444444443,0.0,320.3148194825249,413.3805801986146
1110.0,66.14466383408241,19.444444444444443,inf,19.444444444444443,19.444444444444443,19.444444444444443,0.0,319.32482698592446,413.5217002066745
1111.0,66.19609240551098,19.444444444444443,inf,19.444444444444443,19.444444444444443,19.444444444444443,0.0,318.334834489324,413.6628202147343
1112.0,66.24752097693955,19.444444444444443,inf,19.444444444444443,19.444444444444443,19.444444444444443,0.0,317.34484199272356,413.8039402227942
1113.0,66.29894954836813,19.444444444444443,inf,19.444444444444443,19.444444444444443,19.444444444444443,0.0,316.3548494961231,413.9450602308541
1114.0,66.3503781197967,19.444444444444443,inf,19.444444444444443,19.444444444444443,19.444444444444443,0.0,315.36485699952266,414.0861802389139
1115.0,66.40180669122527,19.444444444444443,inf,19.444444444444443,19.444444444444443,19.444444444444443,0.0,314.3748645029222,414.2273002469738
1116.0,66.45323526265385,19.444444444444443,inf,19.444444444444443,19.444444444444443,19.444444444444443,0.0,313.38487200632176,414.3684202550337
1117.0,66.50466383408242,19.444444444444443,inf,19.444444444444443,19.444444444444443,19.444444444444443,0.0,312.39487950972136,414.5095402630935
1118.0,66.556092405511,19.444444444444443,inf,19.444444444444443,19.444444444444443,19.444444444444443,0.0,311.40488701312086,414.6506602711534
1119.0,66.60752097693957,19.444444444444443,inf,19.444444444444443,19.444444444444443,19.444444444444443,0.0,310.41489451652046,414.7917802792133
1120.0,66.65894954836814,19.444444444444443,inf,19.444444444444443,19.444444444444443,19.444444444444443,0.0,309.42490201992,414.9329002872731
1121.0,66.71037811979672,19.444444444444443,inf,19.444444444444443,19.444444444444443,19.444444444444443,0.0,308.43490952331956,415.074020295333
1122.0,66.76180669122529,19.444444444444443,inf,19.444444444444443,19.444444444444443,19.444444444444443,0.0,307.4449170267191,415.2151403033929
1123.0,66.81323526265386,19.444444444444443,inf,19.444444444444443,19.444444444444443,19.444444444444443,0.0,306.45492453011866,415.35626031145273
1124.0,66.86466383408244,19.444444444444443,inf,19.444444444444443,19.444444444444443,19.444444444444443,0.0,305.4649320335182,415.4973803195126
1125.0,66.91609240551101,19.444444444444443,inf,19.444444444444443,19.444444444444443,19.444444444444443,0.0,304.47493953691776,415.6385003275725
1126.0,66.96752097693958,19.444444444444443,inf,19.444444444444443,19.444444444444443,19.444444444444443,0.0,303.4849470403173,415.77962033563233
1127.0,67.01894954836816,19.444444444444443,inf,19.444444444444443,19.444444444444443,19.444444444444443,0.0,302.49495454371686,415.9207403436922
1128.0,67.07037811979673,19.444444444444443,inf,19.444444444444443,19.444444444444443,19.444444444444443,0.0,301.50496204711646,416.0618603517521
1129.0,67.1218066912253,19.444444444444443,inf,19.444444444444443,19.444444444444443,19.444444444444443,0.0,300.51496955051596,416.20298035981193
1130.0,67.17323526265388,19.444444444444443,inf,19.444444444444443,19.444444444444443,19.444444444444443,0.0,299.52497705391556,416.3441003678718
1131.0,67.22466383408245,19.444444444444443,inf,19.444444444444443,19.444444444444443,19.444444444444443,0.0,298.5349845573151,416.4852203759317
1132.0,67.27609240551102,19.444444444444443,inf,19.444444444444443,19.444444444444443,19.444444444444443,0.0,297.54499206071466,416.62634038399153
1133.0,67.3275209769396,19.444444444444443,inf,19.444444444444443,19.444444444444443,19.444444444444443,0.0,296.5549995641142,416.7674603920514
1134.0,67.37894954836817,19.444444444444443,inf,19.444444444444443,19.444444444444443,19.444444444444443,0.0,295.56500706751376,416.9085804001113
1135.0,67.43037811979674,19.444444444444443,inf,19.444444444444443,19.444444444444443,19.444444444444443,0.0,294.5750145709133,417.04970040817113
1136.0,67.48180669122532,19.444444444444443,inf,19.444444444444443,19.444444444444443,19.444444444444443,0.0,293.58502207431286,417.190820416231
1137.0,67.53323526265389,19.444444444444443,inf,19.444444444444443,19.444444444444443,19.444444444444443,0.0,292.59502957771247,417.3319404242909
1138.0,67.58466383408246,19.444444444444443,inf,19.444444444444443,19.444444444444443,19.444444444444443,0.0,291.60503708111196,417.47306043235074
1139.0,67.63609240551104,19.444444444444443,inf,19.444444444444443,19.444444444444443,19.444444444444443,0.0,290.61504458451157,417.6141804404106
1140.0,67.68752097693961,19.444444444444443,inf,19.444444444444443,19.444444444444443,19.444444444444443,0.0,289.62505208791106,417.7553004484705
1141.0,67.73894954836818,19.444444444444443,inf,19.444444444444443,19.444444444444443,19.444444444444443,0.0,288.63505959131066,417.89642045653034
1142.0,67.79037811979676,19.444444444444443,inf,19.444444444444443,19.444444444444443,19.444444444444443,0.0,287.6450670947102,418.0375404645902
1143.0,67.84180669122533,19.444444444444443,inf,19.444444444444443,19.444444444444443,19.444444444444443,0.0,286.65507459810976,418.1786604726501
1144.0,67.8932352626539,19.444444444444443,inf,19.444444444444443,19.444444444444443,19.444444444444443,0.0,285.6650821015093,418.31978048070994
1145.0,67.94466383408248,19.444444444444443,inf,19.444444444444443,19.444444444444443,19.444444444444443,0.0,284.67508960490886,418.4609004887698
1146.0,67.99609240551105,19.444444444444443,inf,19.444444444444443,19.444444444444443,19.444444444444443,0.0,283.6850971083084,418.6020204968297
1147.0,68.04752097693962,19.444444444444443,inf,19.444444444444443,19.444444444444443,19.444444444444443,0.0,282.69510461170796,418.74314050488954
1148.0,68.0989495483682,19.444444444444443,inf,19.444444444444443,19.444444444444443,19.444444444444443,0.0,281.70511211510757,418.8842605129494
1149.0,68.15037811979677,19.444444444444443,inf,19.444444444444443,19.444444444444443,19.444444444444443,0.0,280.71511961850706,419.0253805210093
1150.0,68.20180669122534,19.444444444444443,inf,19.444444444444443,19.444444444444443,19.444444444444443,0.0,279.72512712190667,419.16650052906914
1151.0,68.25323526265392,19.444444444444443,inf,19.444444444444443,19.444444444444443,19.444444444444443,0.0,278.73513462530616,419.307620537129
1152.0,68.30466383408249,19.444444444444443,inf,19.444444444444443,19.444444444444443,19.444444444444443,0.0,277.74514212870577,419.4487405451889
1153.0,68.35609240551106,19.444444444444443,inf,19.444444444444443,19.444444444444443,19.444444444444443,0.0,276.75514963210526,419.58986055324874
1154.0,68.40752097693964,19.444444444444443,inf,19.444444444444443,19.444444444444443,19.444444444444443,0.0,275.76515713550486,419.7309805613086
1155.0,68.45894954836821,19.444444444444443,inf,19.444444444444443,19.444444444444443,19.444444444444443,0.0,274.7751646389044,419.8721005693685
1156.0,68.51037811979678,19.444444444444443,inf,19.444444444444443,19.444444444444443,19.444444444444443,0.0,273.78517214230396,420.01322057742834
1157.0,68.56180669122536,19.444444444444443,inf,19.444444444444443,19.444444444444443,19.444444444444443,0.0,272.7951796457035,420.1543405854882
1158.0,68.61323526265393,19.444444444444443,inf,19.444444444444443,19.444444444444443,19.444444444444443,0.0,271.80518714910306,420.2954605935481
1159.0,68.6646638340825,19.444444444444443,inf,19.444444444444443,19.444444444444443,19.444444444444443,0.0,270.81519465250267,420.43658060160794
1160.0,68.71609240551108,19.444444444444443,inf,19.444444444444443,19.444444444444443,19.444444444444443,0.0,269.82520215590216,420.57770060966783
1161.0,68.76752097693965,19.444444444444443,inf,19.444444444444443,19.444444444444443,19.444444444444443,0.0,268.83520965930177,420.7188206177277
1162.0,68.81894954836822,19.444444444444443,inf,19.444444444444443,19.444444444444443,19.444444444444443,0.0,267.84521716270126,420.85994062578754
1163.0,68.8703781197968,19.444444444444443,inf,19.444444444444443,19.444444444444443,19.444444444444443,0.0,266.85522466610087,421.00106063384743
1164.0,68.92180669122537,19.444444444444443,inf,19.444444444444443,19.444444444444443,19.444444444444443,0.0,265.86523216950036,421.1421806419073
1165.0,68.97323526265394,19.444444444444443,inf,19.444444444444443,19.444444444444443,19.444444444444443,0.0,264.87523967289997,421.28330064996715
1166.0,69.02466383408252,19.444444444444443,inf,19.444444444444443,19.444444444444443,19.444444444444443,0.0,263.8852471762995,421.42442065802703
1167.0,69.07609240551109,19.444444444444443,inf,19.444444444444443,19.444444444444443,19.444444444444443,0.0,262.89525467969906,421.5655406660869
1168.0,69.12752097693966,19.444444444444443,inf,19.444444444444443,19.444444444444443,19.444444444444443,0.0,261.9052621830986,421.70666067414675
1169.0,69.17894954836824,19.444444444444443,inf,19.444444444444443,19.444444444444443,19.444444444444443,0.0,260.91526968649816,421.84778068220663
1170.0,69.23037811979681,19.444444444444443,inf,19.444444444444443,19.444444444444443,19.444444444444443,0.0,259.92527718989777,421.9889006902665
1171.0,69.28180669122538,19.444444444444443,inf,19.444444444444443,19.444444444444443,19.444444444444443,0.0,258.93528469329726,422.13002069832635
1172.0,69.33323526265396,19.444444444444443,inf,19.444444444444443,19.444444444444443,19.444444444444443,0.0,257.94529219669687,422.27114070638623
1173.0,69.38466383408253,19.444444444444443,inf,19.444444444444443,19.444444444444443,19.444444444444443,0.0,256.95529970009636,422.4122607144461
1174.0,69.4360924055111,19.444444444444443,inf,19.444444444444443,19.444444444444443,19.444444444444443,0.0,255.96530720349594,422.55338072250595
1175.0,69.48752097693968,19.444444444444443,inf,19.444444444444443,19.444444444444443,19.444444444444443,0.0,254.9753147068955,422.69450073056584
1176.0,69.53894954836825,19.444444444444443,inf,19.444444444444443,19.444444444444443,19.444444444444443,0.0,253.98532221029507,422.8356207386257
1177.0,69.59037811979682,19.444444444444443,inf,19.444444444444443,19.444444444444443,19.444444444444443,0.0,252.99532971369462,422.97674074668555
1178.0,69.6418066912254,19.444444444444443,inf,19.444444444444443,19.444444444444443,19.444444444444443,0.0,252.00533721709417,423.11786075474544
1179.0,69.69323526265397,19.444444444444443,inf,19.444444444444443,19.444444444444443,19.444444444444443,0.0,251.01534472049372,423.2589807628053
1180.0,69.74466383408254,19.444444444444443,inf,19.444444444444443,19.444444444444443,19.444444444444443,0.0,250.02535222389326,423.40010077086515
1181.0,69.79609240551112,19.444444444444443,inf,19.444444444444443,19.444444444444443,19.444444444444443,0.0,249.03535972729284,423.54122077892504
1182.0,69.84752097693969,19.444444444444443,inf,19.444444444444443,19.444444444444443,19.444444444444443,0.0,248.0453672306924,423.6823407869849
1183.0,69.89894954836826,19.444444444444443,inf,19.444444444444443,19.444444444444443,19.444444444444443,0.0,247.05537473409194,423.82346079504475
1184.0,69.95037811979684,19.444444444444443,inf,19.444444444444443,19.444444444444443,19.444444444444443,0.0,246.0653822374915,423.96458080310464
1185.0,70.00180669122541,19.444444444444443,inf,19.444444444444443,19.444444444444443,19.444444444444443,0.0,245.07538974089104,424.1057008111645
1186.0,70.05323526265398,19.444444444444443,inf,19.444444444444443,19.444444444444443,19.444444444444443,0.0,244.0853972442906,424.24682081922435
1187.0,70.10466383408256,19.444444444444443,inf,19.444444444444443,19.444444444444443,19.444444444444443,0.0,243.09540474769017,424.38794082728424
1188.0,70.15609240551113,19.444444444444443,inf,19.444444444444443,19.444444444444443,19.444444444444443,0.0,242.10541225108972,424.5290608353441
1189.0,70.2075209769397,19.444444444444443,inf,19.444444444444443,19.444444444444443,19.444444444444443,0.0,241.11541975448927,424.67018084340395
1190.0,70.25894954836828,19.444444444444443,inf,19.444444444444443,19.444444444444443,19.444444444444443,0.0,240.12542725788882,424.81130085146384
1191.0,70.31037811979685,19.444444444444443,inf,19.444444444444443,19.444444444444443,19.444444444444443,0.0,239.13543476128837,424.9524208595237
1192.0,70.36180669122542,19.444444444444443,inf,19.444444444444443,19.444444444444443,19.444444444444443,0.0,238.14544226468792,425.09354086758356
1193.0,70.413235262654,19.444444444444443,inf,19.444444444444443,19.444444444444443,19.444444444444443,0.0,237.1554497680875,425.23466087564344
1194.0,70.46466383408257,19.444444444444443,inf,19.444444444444443,19.444444444444443,19.444444444444443,0.0,236.16545727148704,425.3757808837033
1195.0,70.51609240551115,19.444444444444443,inf,19.444444444444443,19.444444444444443,19.444444444444443,0.0,235.1754647748866,425.5169008917632
1196.0,70.56752097693972,19.444444444444443,inf,19.444444444444443,19.444444444444443,19.444444444444443,0.0,234.18547227828614,425.65802089982304
1197.0,70.61894954836829,19.444444444444443,inf,19.444444444444443,19.444444444444443,19.444444444444443,0.0,233.1954797816857,425.79914090788293
1198.0,70.67037811979687,19.444444444444443,inf,19.444444444444443,19.444444444444443,19.444444444444443,0.0,232.20548728508527,425.9402609159428
1199.0,70.72180669122544,19.444444444444443,inf,19.444444444444443,19.444444444444443,19.444444444444443,0.0,231.21549478848482,426.08138092400264
1200.0,70.77323526265401,19.444444444444443,inf,19.444444444444443,19.444444444444443,19.444444444444443,0.0,230.22550229188437,426.22250093206253
1201.0,70.82466383408259,19.444444444444443,inf,19.444444444444443,19.444444444444443,19.444444444444443,0.0,229.23550979528392,426.3636209401224
1202.0,70.87609240551116,19.444444444444443,inf,19.444444444444443,19.444444444444443,19.444444444444443,0.0,228.24551729868347,426.50474094818225
1203.0,70.92752097693973,19.444444444444443,inf,19.444444444444443,19.444444444444443,19.444444444444443,0.0,227.25552480208302,426.64586095624213
1204.0,70.9789495483683,19.444444444444443,inf,19.444444444444443,19.444444444444443,19.444444444444443,0.0,226.2655323054826,426.786980964302
1205.0,71.03037811979688,19.444444444444443,inf,19.444444444444443,19.444444444444443,19.444444444444443,0.0,225.27553980888214,426.92810097236185
1206.0,71.08180669122545,19.444444444444443,inf,19.444444444444443,19.444444444444443,19.444444444444443,0.0,224.2855473122817,427.06922098042173
1207.0,71.13323526265403,19.444444444444443,inf,19.444444444444443,19.444444444444443,19.444444444444443,0.0,223.29555481568124,427.2103409884816
1208.0,71.1846638340826,19.444444444444443,inf,19.444444444444443,19.444444444444443,19.444444444444443,0.0,222.3055623190808,427.35146099654145
1209.0,71.23609240551117,19.444444444444443,inf,19.444444444444443,19.444444444444443,19.444444444444443,0.0,221.31556982248037,427.49258100460133
1210.0,71.28752097693975,19.444444444444443,inf,19.444444444444443,19.444444444444443,19.444444444444443,0.0,220.32557732587992,427.6337010126612
1211.0,71.33894954836832,19.444444444444443,inf,19.444444444444443,19.444444444444443,19.444444444444443,0.0,219.33558482927947,427.77482102072105
1212.0,71.39037811979689,19.444444444444443,inf,19.444444444444443,19.444444444444443,19.444444444444443,0.0,218.34559233267902,427.91594102878094
1213.0,71.44180669122547,19.444444444444443,inf,19.444444444444443,19.444444444444443,19.444444444444443,0.0,217.35559983607857,428.0570610368408
1214.0,71.49323526265404,19.444444444444443,inf,19.444444444444443,19.444444444444443,19.444444444444443,0.0,216.36560733947812,428.19818104490065
1215.0,71.54466383408261,19.444444444444443,inf,19.444444444444443,19.444444444444443,19.444444444444443,0.0,215.3756148428777,428.33930105296054
1216.0,71.59609240551119,19.444444444444443,inf,19.444444444444443,19.444444444444443,19.444444444444443,0.0,214.38562234627724,428.4804210610204
1217.0,71.64752097693976,19.444444444444443,inf,19.444444444444443,19.444444444444443,19.444444444444443,0.0,213.3956298496768,428.62154106908025
1218.0,71.69894954836833,19.444444444444443,inf,19.444444444444443,19.444444444444443,19.444444444444443,0.0,212.40563735307634,428.76266107714014
1219.0,71.7503781197969,19.444444444444443,inf,19.444444444444443,19.444444444444443,19.444444444444443,0.0,211.4156448564759,428.9037810852
1220.0,71.80180669122548,19.444444444444443,inf,19.444444444444443,19.444444444444443,19.444444444444443,0.0,210.42565235987547,429.04490109325985
1221.0,71.85323526265405,19.444444444444443,inf,19.444444444444443,19.444444444444443,19.444444444444443,0.0,209.43565986327502,429.18602110131974
1222.0,71.90466383408263,19.444444444444443,inf,19.444444444444443,19.444444444444443,19.444444444444443,0.0,208.44566736667457,429.3271411093796
1223.0,71.9560924055112,19.444444444444443,inf,19.444444444444443,19.444444444444443,19.444444444444443,0.0,207.45567487007412,429.46826111743945
1224.0,72.00752097693977,19.444444444444443,inf,19.444444444444443,19.444444444444443,19.444444444444443,0.0,206.46568237347367,429.60938112549934
1225.0,72.05894954836835,19.444444444444443,inf,19.444444444444443,19.444444444444443,19.444444444444443,0.0,205.47568987687322,429.7505011335592
1226.0,72.11037811979692,19.444444444444443,inf,19.444444444444443,19.444444444444443,19.444444444444443,0.0,204.4856973802728,429.89162114161905
1227.0,72.1618066912255,19.444444444444443,inf,19.444444444444443,19.444444444444443,19.444444444444443,0.0,203.49570488367235,430.03274114967894
1228.0,72.21323526265407,19.444444444444443,inf,19.444444444444443,19.444444444444443,19.444444444444443,0.0,202.5057123870719,430.1738611577388
1229.0,72.26466383408264,19.444444444444443,inf,19.444444444444443,19.444444444444443,19.444444444444443,0.0,201.51571989047144,430.31498116579866
1230.0,72.31609240551121,19.444444444444443,inf,19.444444444444443,19.444444444444443,19.444444444444443,0.0,200.525727393871,430.45610117385854
1231.0,72.36752097693979,19.444444444444443,inf,19.444444444444443,19.444444444444443,19.444444444444443,0.0,199.53573489727057,430.5972211819184
1232.0,72.41894954836836,19.444444444444443,inf,19.444444444444443,19.444444444444443,19.444444444444443,0.0,198.54574240067012,430.73834118997826
1233.0,72.47037811979693,19.444444444444443,inf,19.444444444444443,19.444444444444443,19.444444444444443,0.0,197.55574990406967,430.87946119803814
1234.0,72.5218066912255,19.444444444444443,inf,19.444444444444443,19.444444444444443,19.444444444444443,0.0,196.56575740746922,431.02058120609803
1235.0,72.57323526265408,19.444444444444443,inf,19.444444444444443,19.444444444444443,19.444444444444443,0.0,195.57576491086877,431.16170121415786
1236.0,72.62466383408265,19.444444444444443,inf,19.444444444444443,19.444444444444443,19.444444444444443,0.0,194.58577241426832,431.30282122221774
1237.0,72.67609240551123,19.444444444444443,inf,19.444444444444443,19.444444444444443,19.444444444444443,0.0,193.5957799176679,431.44394123027763
1238.0,72.7275209769398,19.444444444444443,inf,19.444444444444443,19.444444444444443,19.444444444444443,0.0,192.60578742106745,431.58506123833746
1239.0,72.77894954836837,19.444444444444443,inf,19.444444444444443,19.444444444444443,19.444444444444443,0.0,191.615794924467,431.72618124639735
1240.0,72.83037811979695,19.444444444444443,inf,19.444444444444443,19.444444444444443,19.444444444444443,0.0,190.62580242786655,431.86730125445723
1241.0,72.88180669122552,19.444444444444443,inf,19.444444444444443,19.444444444444443,19.444444444444443,0.0,189.6358099312661,432.00842126251706
1242.0,72.9332352626541,19.444444444444443,inf,19.444444444444443,19.444444444444443,19.444444444444443,0.0,188.64581743466564,432.14954127057695
1243.0,72.98466383408267,19.444444444444443,inf,19.444444444444443,19.444444444444443,19.444444444444443,0.0,187.65582493806522,432.29066127863683
1244.0,73.03609240551124,19.444444444444443,inf,19.444444444444443,19.444444444444443,19.444444444444443,0.0,186.66583244146477,432.43178128669666
1245.0,73.08752097693981,19.444444444444443,inf,19.444444444444443,19.444444444444443,19.444444444444443,0.0,185.67583994486432,432.57290129475655
1246.0,73.13894954836839,19.444444444444443,inf,19.444444444444443,19.444444444444443,19.444444444444443,0.0,184.68584744826387,432.71402130281643
1247.0,73.19037811979696,19.444444444444443,inf,19.444444444444443,19.444444444444443,19.444444444444443,0.0,183.69585495166342,432.85514131087626
1248.0,73.24180669122553,19.444444444444443,inf,19.444444444444443,19.444444444444443,19.444444444444443,0.0,182.705862455063,432.99626131893615
1249.0,73.29323526265411,19.444444444444443,inf,19.444444444444443,19.444444444444443,19.444444444444443,0.0,181.71586995846255,433.13738132699604
1250.0,73.34466383408268,19.444444444444443,inf,19.444444444444443,19.444444444444443,19.444444444444443,0.0,180.7258774618621,433.27850133505586
1251.0,73.39609240551125,19.444444444444443,inf,19.444444444444443,19.444444444444443,19.444444444444443,0.0,179.73588496526165,433.41962134311575
1252.0,73.44752097693983,19.444444444444443,inf,19.444444444444443,19.444444444444443,19.444444444444443,0.0,178.7458924686612,433.56074135117564
1253.0,73.4989495483684,19.444444444444443,inf,19.444444444444443,19.444444444444443,19.444444444444443,0.0,177.75589997206075,433.70186135923547
1254.0,73.55037811979697,19.444444444444443,inf,19.444444444444443,19.444444444444443,19.444444444444443,0.0,176.76590747546032,433.84298136729535
1255.0,73.60180669122555,19.444444444444443,inf,19.444444444444443,19.444444444444443,19.444444444444443,0.0,175.77591497885987,433.98410137535524
1256.0,73.65323526265412,19.444444444444443,inf,19.444444444444443,19.444444444444443,19.444444444444443,0.0,174.78592248225942,434.12522138341507
1257.0,73.7046638340827,19.444444444444443,inf,19.444444444444443,19.444444444444443,19.444444444444443,0.0,173.79592998565897,434.26634139147495
1258.0,73.75609240551127,19.444444444444443,inf,19.444444444444443,19.444444444444443,19.444444444444443,0.0,172.80593748905852,434.40746139953484
1259.0,73.80752097693984,19.444444444444443,inf,19.444444444444443,19.444444444444443,19.444444444444443,0.0,171.81594499245807,434.54858140759467
1260.0,73.85894954836841,19.444444444444443,inf,19.444444444444443,19.444444444444443,19.444444444444443,0.0,170.82595249585762,434.68970141565455
1261.0,73.91037811979699,19.444444444444443,inf,19.444444444444443,19.444444444444443,19.444444444444443,0.0,169.83595999925717,434.83082142371444
1262.0,73.96180669122556,19.444444444444443,inf,19.444444444444443,19.444444444444443,19.444444444444443,0.0,168.84596750265678,434.97194143177427
1263.0,74.01323526265413,19.444444444444443,inf,19.444444444444443,19.444444444444443,19.444444444444443,0.0,167.85597500605633,435.11306143983415
1264.0,74.06466383408271,19.444444444444443,inf,19.444444444444443,19.444444444444443,19.444444444444443,0.0,166.86598250945588,435.25418144789404
1265.0,74.11609240551128,19.444444444444443,inf,19.444444444444443,19.444444444444443,19.444444444444443,0.0,165.87599001285542,435.39530145595387
1266.0,74.16752097693985,19.444444444444443,inf,19.444444444444443,19.444444444444443,19.444444444444443,0.0,164.88599751625497,435.53642146401376
1267.0,74.21894954836843,19.444444444444443,inf,19.444444444444443,19.444444444444443,19.444444444444443,0.0,163.89600501965452,435.67754147207364
1268.0,74.270378119797,19.444444444444443,inf,19.444444444444443,19.444444444444443,19.444444444444443,0.0,162.90601252305407,435.81866148013347
1269.0,74.32180669122558,19.444444444444443,inf,19.444444444444443,19.444444444444443,19.444444444444443,0.0,161.91602002645362,435.95978148819336
1270.0,74.37323526265415,19.444444444444443,inf,19.444444444444443,19.444444444444443,19.444444444444443,0.0,160.92602752985317,436.10090149625324
1271.0,74.42466383408272,19.444444444444443,inf,19.444444444444443,19.444444444444443,19.444444444444443,0.0,159.93603503325272,436.2420215043131
1272.0,74.4760924055113,19.444444444444443,inf,19.444444444444443,19.444444444444443,19.444444444444443,0.0,158.94604253665227,436.38314151237296
1273.0,74.52752097693987,19.444444444444443,inf,19.444444444444443,19.444444444444443,19.444444444444443,0.0,157.95605004005188,436.52426152043284
1274.0,74.57894954836844,19.444444444444443,inf,19.444444444444443,19.444444444444443,19.444444444444443,0.0,156.96605754345143,436.6653815284927
1275.0,74.63037811979702,19.444444444444443,inf,19.444444444444443,19.444444444444443,19.444444444444443,0.0,155.97606504685098,436.80650153655256
1276.0,74.68180669122559,19.444444444444443,inf,19.444444444444443,19.444444444444443,19.444444444444443,0.0,154.98607255025053,436.94762154461245
1277.0,74.73323526265416,19.444444444444443,inf,19.444444444444443,19.444444444444443,19.444444444444443,0.0,153.99608005365008,437.0887415526723
1278.0,74.78466383408274,19.444444444444443,inf,19.444444444444443,19.444444444444443,19.444444444444443,0.0,153.00608755704963,437.22986156073216
1279.0,74.83609240551131,19.444444444444443,inf,19.444444444444443,19.444444444444443,19.444444444444443,0.0,152.01609506044917,437.37098156879205
1280.0,74.88752097693988,19.444444444444443,inf,19.444444444444443,19.444444444444443,19.444444444444443,0.0,151.02610256384872,437.51210157685193
1281.0,74.93894954836846,19.444444444444443,inf,19.444444444444443,19.444444444444443,19.444444444444443,0.0,150.03611006724827,437.65322158491176
1282.0,74.99037811979703,19.444444444444443,inf,19.444444444444443,19.444444444444443,19.444444444444443,0.0,149.04611757064782,437.79434159297165
1283.0,75.0418066912256,19.444444444444443,inf,19.444444444444443,19.444444444444443,19.444444444444443,0.0,148.05612507404737,437.93546160103153
1284.0,75.09323526265418,19.444444444444443,inf,19.444444444444443,19.444444444444443,19.444444444444443,0.0,147.06613257744698,438.07658160909136
1285.0,75.14466383408275,19.444444444444443,inf,19.444444444444443,19.444444444444443,19.444444444444443,0.0,146.07614008084653,438.21770161715125
1286.0,75.19609240551132,19.444444444444443,inf,19.444444444444443,19.444444444444443,19.444444444444443,0.0,145.08614758424608,438.35882162521114
1287.0,75.2475209769399,19.444444444444443,inf,19.444444444444443,19.444444444444443,19.444444444444443,0.0,144.09615508764563,438.49994163327096
1288.0,75.29894954836847,19.444444444444443,inf,19.444444444444443,19.444444444444443,19.444444444444443,0.0,143.10616259104518,438.64106164133085
1289.0,75.35037811979704,19.444444444444443,inf,19.444444444444443,19.444444444444443,19.444444444444443,0.0,142.11617009444473,438.78218164939074
1290.0,75.40180669122562,19.444444444444443,inf,19.444444444444443,19.444444444444443,19.444444444444443,0.0,141.12617759784428,438.92330165745057
1291.0,75.45323526265419,19.444444444444443,inf,19.444444444444443,19.444444444444443,19.444444444444443,0.0,140.13618510124383,439.06442166551045
1292.0,75.50466383408276,19.444444444444443,inf,19.444444444444443,19.444444444444443,19.444444444444443,0.0,139.14619260464337,439.20554167357034
1293.0,75.55609240551134,19.444444444444443,inf,19.444444444444443,19.444444444444443,19.444444444444443,0.0,138.15620010804292,439.34666168163017
1294.0,75.60752097693991,19.444444444444443,inf,19.444444444444443,19.444444444444443,19.444444444444443,0.0,137.16620761144247,439.48778168969005
1295.0,75.65894954836848,19.444444444444443,inf,19.444444444444443,19.444444444444443,19.444444444444443,0.0,136.17621511484208,439.62890169774994
1296.0,75.71037811979706,19.444444444444443,inf,19.444444444444443,19.444444444444443,19.444444444444443,0.0,135.18622261824163,439.77002170580977
1297.0,75.76180669122563,19.444444444444443,inf,19.444444444444443,19.444444444444443,19.444444444444443,0.0,134.19623012164118,439.91114171386965
1298.0,75.8132352626542,19.444444444444443,inf,19.444444444444443,19.444444444444443,19.444444444444443,0.0,133.20623762504073,440.05226172192954
1299.0,75.86466383408278,19.444444444444443,inf,19.444444444444443,19.444444444444443,19.444444444444443,0.0,132.21624512844028,440.19338172998937
1300.0,75.91609240551135,19.444444444444443,inf,19.444444444444443,19.444444444444443,19.444444444444443,0.0,131.22625263183983,440.33450173804925
1301.0,75.96752097693992,19.444444444444443,inf,19.444444444444443,19.444444444444443,19.444444444444443,0.0,130.23626013523938,440.47562174610914
1302.0,76.0189495483685,19.444444444444443,inf,19.444444444444443,19.444444444444443,19.444444444444443,0.0,129.24626763863893,440.61674175416897
1303.0,76.07037811979707,19.444444444444443,inf,19.444444444444443,19.444444444444443,19.444444444444443,0.0,128.25627514203848,440.75786176222886
1304.0,76.12180669122564,19.444444444444443,inf,19.444444444444443,19.444444444444443,19.444444444444443,0.0,127.26628264543803,440.89898177028874
1305.0,76.17323526265422,19.444444444444443,inf,19.444444444444443,19.444444444444443,19.444444444444443,0.0,126.27629014883757,441.04010177834857
1306.0,76.22466383408279,19.444444444444443,inf,19.444444444444443,19.444444444444443,19.444444444444443,0.0,125.28629765223712,441.18122178640846
1307.0,76.27609240551136,19.444444444444443,inf,19.444444444444443,19.444444444444443,19.444444444444443,0.0,124.29630515563673,441.32234179446834
1308.0,76.32752097693994,19.444444444444443,inf,19.444444444444443,19.444444444444443,19.444444444444443,0.0,123.30631265903628,441.4634618025282
1309.0,76.37894954836851,19.444444444444443,inf,19.444444444444443,19.444444444444443,19.444444444444443,0.0,122.31632016243583,441.60458181058806
1310.0,76.43037811979708,19.444444444444443,inf,19.444444444444443,19.444444444444443,19.444444444444443,0.0,121.32632766583538,441.74570181864794
1311.0,76.48180669122566,19.444444444444443,inf,19.444444444444443,19.444444444444443,19.444444444444443,0.0,120.33633516923493,441.8868218267078
1312.0,76.53323526265423,19.444444444444443,inf,19.444444444444443,19.444444444444443,19.444444444444443,0.0,119.34634267263448,442.02794183476766
1313.0,76.5846638340828,19.444444444444443,inf,19.444444444444443,19.444444444444443,19.444444444444443,0.0,118.35635017603403,442.16906184282755
1314.0,76.63609240551138,19.444444444444443,inf,19.444444444444443,19.444444444444443,19.444444444444443,0.0,117.36635767943358,442.3101818508874
1315.0,76.68752097693995,19.444444444444443,inf,19.444444444444443,19.444444444444443,19.444444444444443,0.0,116.37636518283313,442.45130185894726
1316.0,76.73894954836852,19.444444444444443,inf,19.444444444444443,19.444444444444443,19.444444444444443,0.0,115.38637268623268,442.59242186700715
1317.0,76.7903781197971,19.444444444444443,inf,19.444444444444443,19.444444444444443,19.444444444444443,0.0,114.39638018963223,442.733541875067
1318.0,76.84180669122567,19.444444444444443,inf,19.444444444444443,19.444444444444443,19.444444444444443,0.0,113.40638769303183,442.87466188312686
1319.0,76.89323526265424,19.444444444444443,inf,19.444444444444443,19.444444444444443,19.444444444444443,0.0,112.41639519643138,443.01578189118675
1320.0,76.94466383408282,19.444444444444443,inf,19.444444444444443,19.444444444444443,19.444444444444443,0.0,111.42640269983093,443.1569018992466
1321.0,76.99609240551139,19.444444444444443,inf,19.444444444444443,19.444444444444443,19.444444444444443,0.0,110.43641020323048,443.29802190730646
1322.0,77.04752097693996,19.444444444444443,inf,19.444444444444443,19.444444444444443,19.444444444444443,0.0,109.44641770663003,443.43914191536635
1323.0,77.09894954836854,19.444444444444443,inf,19.444444444444443,19.444444444444443,19.444444444444443,0.0,108.45642521002958,443.5802619234262
1324.0,77.15037811979711,19.444444444444443,inf,19.444444444444443,19.444444444444443,19.444444444444443,0.0,107.46643271342913,443.72138193148606
1325.0,77.20180669122568,19.444444444444443,inf,19.444444444444443,19.444444444444443,19.444444444444443,0.0,106.47644021682868,443.86250193954595
1326.0,77.25323526265426,19.444444444444443,inf,19.444444444444443,19.444444444444443,19.444444444444443,0.0,105.48644772022823,444.0036219476058
1327.0,77.30466383408283,19.444444444444443,inf,19.444444444444443,19.444444444444443,19.444444444444443,0.0,104.49645522362778,444.14474195566567
1328.0,77.3560924055114,19.444444444444443,inf,19.444444444444443,19.444444444444443,19.444444444444443,0.0,103.50646272702733,444.28586196372555
1329.0,77.40752097693998,19.444444444444443,inf,19.444444444444443,19.444444444444443,19.444444444444443,0.0,102.51647023042693,444.4269819717854
1330.0,77.45894954836855,19.444444444444443,inf,19.444444444444443,19.444444444444443,19.444444444444443,0.0,101.52647773382648,444.56810197984527
1331.0,77.51037811979712,19.444444444444443,inf,19.444444444444443,19.444444444444443,19.444444444444443,0.0,100.53648523722603,444.70922198790515
1332.0,77.5618066912257,19.444444444444443,inf,19.444444444444443,19.444444444444443,19.444444444444443,0.0,99.54649274062558,444.850341995965
1333.0,77.61323526265427,19.444444444444443,inf,19.444444444444443,19.444444444444443,19.444444444444443,0.0,98.55650024402513,444.99146200402487
1334.0,77.66466383408284,19.444444444444443,inf,19.444444444444443,19.444444444444443,19.444444444444443,0.0,97.56650774742468,445.13258201208475
1335.0,77.71609240551142,19.444444444444443,inf,19.444444444444443,19.444444444444443,19.444444444444443,0.0,96.57651525082423,445.2737020201446
1336.0,77.76752097693999,19.444444444444443,inf,19.444444444444443,19.444444444444443,19.444444444444443,0.0,95.58652275422378,445.41482202820447
1337.0,77.81894954836856,19.444444444444443,inf,19.444444444444443,19.444444444444443,19.444444444444443,0.0,94.59653025762333,445.55594203626436
1338.0,77.87037811979714,19.444444444444443,inf,19.444444444444443,19.444444444444443,19.444444444444443,0.0,93.60653776102288,445.6970620443242
1339.0,77.92180669122571,19.444444444444443,inf,19.444444444444443,19.444444444444443,19.444444444444443,0.0,92.61654526442243,445.83818205238407
1340.0,77.97323526265428,19.444444444444443,inf,19.444444444444443,19.444444444444443,19.444444444444443,0.0,91.62655276782203,445.97930206044396
1341.0,78.02466383408286,19.444444444444443,inf,19.444444444444443,19.444444444444443,19.444444444444443,0.0,90.63656027122158,446.1204220685038
1342.0,78.07609240551143,19.444444444444443,inf,19.444444444444443,19.444444444444443,19.444444444444443,0.0,89.64656777462113,446.26154207656367
1343.0,78.12752097694,19.444444444444443,inf,19.444444444444443,19.444444444444443,19.444444444444443,0.0,88.65657527802068,446.40266208462356
1344.0,78.17894954836858,19.444444444444443,inf,19.444444444444443,19.444444444444443,19.444444444444443,0.0,87.66658278142023,446.5437820926834
1345.0,78.23037811979715,19.444444444444443,inf,19.444444444444443,19.444444444444443,19.444444444444443,0.0,86.67659028481978,446.6849021007433
1346.0,78.28180669122573,19.444444444444443,inf,19.444444444444443,19.444444444444443,19.444444444444443,0.0,85.68659778821933,446.82602210880316
1347.0,78.3332352626543,19.444444444444443,inf,19.444444444444443,19.444444444444443,19.444444444444443,0.0,84.69660529161888,446.967142116863
1348.0,78.38466383408287,19.444444444444443,inf,19.444444444444443,19.444444444444443,19.444444444444443,0.0,83.70661279501843,447.1082621249229
1349.0,78.43609240551145,19.444444444444443,inf,19.444444444444443,19.444444444444443,19.444444444444443,0.0,82.71662029841798,447.24938213298276
1350.0,78.48752097694002,19.444444444444443,inf,19.444444444444443,19.444444444444443,19.444444444444443,0.0,81.72662780181753,447.3905021410426
1351.0,78.53894954836859,19.444444444444443,inf,19.444444444444443,19.444444444444443,19.444444444444443,0.0,80.73663530521713,447.5316221491025
1352.0,78.59037811979717,19.444444444444443,inf,19.444444444444443,19.444444444444443,19.444444444444443,0.0,79.74664280861668,447.67274215716236
1353.0,78.64180669122574,19.444444444444443,inf,19.444444444444443,19.444444444444443,19.444444444444443,0.0,78.75665031201623,447.8138621652222
1354.0,78.69323526265431,19.444444444444443,inf,19.444444444444443,19.444444444444443,19.444444444444443,0.0,77.76665781541578,447.9549821732821
1355.0,78.74466383408289,19.444444444444443,inf,19.444444444444443,19.444444444444443,19.444444444444443,0.0,76.77666531881533,448.09610218134196
1356.0,78.79609240551146,19.444444444444443,inf,19.444444444444443,19.444444444444443,19.444444444444443,0.0,75.78667282221488,448.2372221894018
1357.0,78.84752097694003,19.444444444444443,inf,19.444444444444443,19.444444444444443,19.444444444444443,0.0,74.79668032561443,448.3783421974617
1358.0,78.8989495483686,19.444444444444443,inf,19.444444444444443,19.444444444444443,19.444444444444443,0.0,73.80668782901398,448.51946220552156
1359.0,78.95037811979718,19.444444444444443,inf,19.444444444444443,19.444444444444443,19.444444444444443,0.0,72.81669533241353,448.6605822135814
1360.0,79.00180669122575,19.444444444444443,inf,19.444444444444443,19.444444444444443,19.444444444444443,0.0,71.82670283581308,448.8017022216413
1361.0,79.05323526265433,19.444444444444443,inf,19.444444444444443,19.444444444444443,19.444444444444443,0.0,70.83671033921263,448.94282222970116
1362.0,79.1046638340829,19.444444444444443,inf,19.444444444444443,19.444444444444443,19.444444444444443,0.0,69.84671784261224,449.083942237761
1363.0,79.15609240551147,19.444444444444443,inf,19.444444444444443,19.444444444444443,19.444444444444443,0.0,68.85672534601179,449.2250622458209
1364.0,79.20752097694005,19.444444444444443,inf,19.444444444444443,19.444444444444443,19.444444444444443,0.0,67.86673284941133,449.36618225388077
1365.0,79.25894954836862,19.444444444444443,inf,19.444444444444443,19.444444444444443,19.444444444444443,0.0,66.87674035281088,449.5073022619406
1366.0,79.31037811979719,19.444444444444443,inf,19.444444444444443,19.444444444444443,19.444444444444443,0.0,65.88674785621043,449.6484222700005
1367.0,79.36180669122577,19.444444444444443,inf,19.444444444444443,19.444444444444443,19.444444444444443,0.0,64.89675535960998,449.78954227806037
1368.0,79.41323526265434,19.444444444444443,inf,19.444444444444443,19.444444444444443,19.444444444444443,0.0,63.90676286300953,449.9306622861202
1369.0,79.46466383408291,19.444444444444443,inf,19.444444444444443,19.444444444444443,19.444444444444443,0.0,62.91677036640908,450.0717822941801
1370.0,79.51609240551149,19.444444444444443,inf,19.444444444444443,19.444444444444443,19.444444444444443,0.0,61.92677786980863,450.21290230223997
1371.0,79.56752097694006,19.444444444444443,inf,19.444444444444443,19.444444444444443,19.444444444444443,0.0,60.93678537320818,450.3540223102998
1372.0,79.61894954836863,19.444444444444443,inf,19.444444444444443,19.444444444444443,19.444444444444443,0.0,59.94679287660773,450.4951423183597
1373.0,79.6703781197972,19.444444444444443,inf,19.444444444444443,19.444444444444443,19.444444444444443,0.0,58.95680038000734,450.63626232641957
1374.0,79.72180669122578,19.444444444444443,inf,19.444444444444443,19.444444444444443,19.444444444444443,0.0,57.96680788340689,450.7773823344794
1375.0,79.77323526265435,19.444444444444443,inf,19.444444444444443,19.444444444444443,19.444444444444443,0.0,56.976815386806436,450.9185023425393
1376.0,79.82466383408293,19.444444444444443,inf,19.444444444444443,19.444444444444443,19.444444444444443,0.0,55.986822890205985,451.05962235059917
1377.0,79.8760924055115,19.444444444444443,inf,19.444444444444443,19.444444444444443,19.444444444444443,0.0,54.996830393605535,451.200742358659
1378.0,79.92752097694007,19.444444444444443,inf,19.444444444444443,19.444444444444443,19.444444444444443,0.0,54.006837897005084,451.3418623667189
1379.0,79.97894954836865,19.444444444444443,inf,19.444444444444443,19.444444444444443,19.444444444444443,0.0,53.016845400404634,451.48298237477877
1380.0,80.03037811979722,19.444444444444443,inf,19.444444444444443,19.444444444444443,19.444444444444443,0.0,52.02685290380418,451.6241023828386
1381.0,80.0818066912258,19.444444444444443,inf,19.444444444444443,19.444444444444443,19.444444444444443,0.0,51.03686040720373,451.7652223908985
1382.0,80.13323526265437,19.444444444444443,inf,19.444444444444443,19.444444444444443,19.444444444444443,0.0,50.04686791060328,451.9063423989584
1383.0,80.18466383408294,19.444444444444443,inf,19.444444444444443,19.444444444444443,19.444444444444443,0.0,49.05687541400283,452.0474624070182
1384.0,80.23609240551151,19.444444444444443,inf,19.444444444444443,19.444444444444443,19.444444444444443,0.0,48.06688291740238,452.1885824150781
1385.0,80.28752097694009,19.444444444444443,inf,19.444444444444443,19.444444444444443,19.444444444444443,0.0,47.07689042080199,452.329702423138
1386.0,80.33894954836866,19.444444444444443,inf,19.444444444444443,19.444444444444443,19.444444444444443,0.0,46.08689792420154,452.4708224311978
1387.0,80.39037811979723,19.444444444444443,inf,19.444444444444443,19.444444444444443,19.444444444444443,0.0,45.09690542760109,452.6119424392577
1388.0,80.4418066912258,19.444444444444443,inf,19.444444444444443,19.444444444444443,19.444444444444443,0.0,44.106912931000636,452.7530624473176
1389.0,80.49323526265438,19.444444444444443,inf,19.444444444444443,19.444444444444443,19.444444444444443,0.0,43.116920434400186,452.8941824553774
1390.0,80.54466383408295,19.444444444444443,inf,19.444444444444443,19.444444444444443,19.444444444444443,0.0,42.126927937799735,453.0353024634373
1391.0,80.59609240551153,19.444444444444443,inf,19.444444444444443,19.444444444444443,19.444444444444443,0.0,41.136935441199284,453.1764224714972
1392.0,80.6475209769401,19.444444444444443,inf,19.444444444444443,19.444444444444443,19.444444444444443,0.0,40.146942944598834,453.317542479557
1393.0,80.69894954836867,19.444444444444443,inf,19.444444444444443,19.444444444444443,19.444444444444443,0.0,39.15695044799838,453.4586624876169
1394.0,80.75037811979725,19.444444444444443,inf,19.444444444444443,19.444444444444443,19.444444444444443,0.0,38.16695795139793,453.5997824956768
1395.0,80.80180669122582,19.444444444444443,inf,19.444444444444443,19.444444444444443,19.444444444444443,0.0,37.17696545479748,453.7409025037366
1396.0,80.8532352626544,19.444444444444443,inf,19.444444444444443,19.444444444444443,19.444444444444443,0.0,36.18697295819709,453.8820225117965
1397.0,80.90466383408297,19.444444444444443,inf,19.444444444444443,19.444444444444443,19.444444444444443,0.0,35.19698046159664,454.0231425198564
1398.0,80.95609240551154,19.444444444444443,inf,19.444444444444443,19.444444444444443,19.444444444444443,0.0,34.20698796499619,454.1642625279162
1399.0,81.00752097694011,19.444444444444443,inf,19.444444444444443,19.444444444444443,19.444444444444443,0.0,33.21699546839574,454.3053825359761
1400.0,81.05894954836869,19.444444444444443,inf,19.444444444444443,19.444444444444443,19.444444444444443,0.0,32.22700297179529,454.446502544036
1401.0,81.11037811979726,19.444444444444443,inf,19.444444444444443,19.444444444444443,19.444444444444443,0.0,31.237010475194836,454.5876225520958
1402.0,81.16180669122583,19.444444444444443,inf,19.444444444444443,19.444444444444443,19.444444444444443,0.0,30.247017978594386,454.7287425601557
1403.0,81.21323526265441,19.444444444444443,inf,19.444444444444443,19.444444444444443,19.444444444444443,0.0,29.257025481993935,454.8698625682156
1404.0,81.26466383408298,19.444444444444443,inf,19.444444444444443,19.444444444444443,19.444444444444443,0.0,28.267032985393485,455.0109825762754
1405.0,81.31609240551155,19.444444444444443,inf,19.444444444444443,19.444444444444443,19.444444444444443,0.0,27.277040488793034,455.1521025843353
1406.0,81.36752097694013,19.444444444444443,inf,19.444444444444443,19.444444444444443,19.444444444444443,0.0,26.287047992192583,455.2932225923952
1407.0,81.4189495483687,19.444444444444443,inf,19.444444444444443,19.444444444444443,19.444444444444443,0.0,25.29705549559219,455.434342600455
1408.0,81.47037811979727,19.444444444444443,inf,19.444444444444443,19.444444444444443,19.444444444444443,0.0,24.30706299899174,455.5754626085149
1409.0,81.52180669122585,19.444444444444443,inf,19.444444444444443,19.444444444444443,19.444444444444443,0.0,23.31707050239129,455.7165826165748
1410.0,81.57323526265442,19.444444444444443,inf,19.444444444444443,19.444444444444443,19.444444444444443,0.0,22.32707800579084,455.8577026246346
1411.0,81.624663834083,19.444444444444443,inf,19.444444444444443,19.444444444444443,19.444444444444443,0.0,21.337085509190388,455.9988226326945
1412.0,81.67609240551157,19.444444444444443,inf,19.444444444444443,19.444444444444443,19.444444444444443,0.0,20.347093012589937,456.1399426407544
1413.0,81.72752097694014,19.444444444444443,inf,19.444444444444443,19.444444444444443,19.444444444444443,0.0,19.357100515989487,456.2810626488142
1414.0,81.77894954836871,19.444444444444443,inf,19.444444444444443,19.444444444444443,19.444444444444443,0.0,18.367108019389036,456.4221826568741
1415.0,81.83037811979729,19.444444444444443,inf,19.444444444444443,19.444444444444443,19.444444444444443,0.0,17.377115522788586,456.563302664934
1416.0,81.88180669122586,19.444444444444443,inf,19.444444444444443,19.444444444444443,19.444444444444443,0.0,16.387123026188135,456.7044226729938
1417.0,81.93323526265443,19.444444444444443,inf,19.444444444444443,19.444444444444443,19.444444444444443,0.0,15.397130529587685,456.8455426810537
1418.0,81.98466383408301,19.444444444444443,inf,19.444444444444443,19.444444444444443,19.444444444444443,0.0,14.407138032987291,456.9866626891136
1419.0,82.03609240551158,19.444444444444443,inf,19.444444444444443,19.444444444444443,19.444444444444443,0.0,13.41714553638684,457.1277826971734
1420.0,82.08752097694016,19.444444444444443,inf,19.444444444444443,19.444444444444443,19.444444444444443,0.0,12.42715303978639,457.2689027052333
1421.0,82.13894954836873,19.444444444444443,inf,19.444444444444443,19.444444444444443,19.444444444444443,0.0,11.43716054318594,457.4100227132932
1422.0,82.1903781197973,19.444444444444443,inf,19.444444444444443,19.444444444444443,19.444444444444443,0.0,10.447168046585489,457.551142721353
1423.0,82.24180669122588,19.444444444444443,inf,19.444444444444443,19.444444444444443,19.444444444444443,0.0,9.457175549985038,457.6922627294129
1424.0,82.29323526265445,19.444444444444443,inf,19.444444444444443,19.444444444444443,19.444444444444443,0.0,8.467183053384588,457.8333827374728
1425.0,82.34466383408302,19.444444444444443,inf,19.444444444444443,19.444444444444443,19.444444444444443,0.0,7.477190556784137,457.9745027455326
1426.0,82.3960924055116,19.444444444444443,inf,19.444444444444443,19.444444444444443,19.444444444444443,0.0,6.487198060183687,458.1156227535925
1427.0,82.44752097694017,19.444444444444443,inf,19.444444444444443,19.444444444444443,19.444444444444443,0.0,5.497205563583236,458.2567427616524
1428.0,82.49894954836874,19.444444444444443,inf,19.444444444444443,19.444444444444443,19.444444444444443,0.0,4.507213066982786,458.3978627697122
1429.0,82.55037811979732,19.444444444444443,inf,19.444444444444443,19.444444444444443,19.444444444444443,0.0,3.517220570382392,458.5389827777721
1430.0,82.60180669122589,19.444444444444443,inf,19.444444444444443,19.444444444444443,19.444444444444443,0.0,2.5272280737819415,458.680102785832
1431.0,82.65323526265446,19.444444444444443,inf,19.444444444444443,19.444444444444443,19.444444444444443,0.0,1.537235577181491,458.8212227938918
1432.0,82.70466383408304,19.444444444444443,inf,19.444444444444443,19.444444444444443,19.444444444444443,0.0,0.5472430805810404,458.9623428019517
1433.0,82.75609240551161,19.444444444444443,inf,19.444444444444443,19.444444444444443,19.444444444444443,0.0,-0.4427494160194101,459.1034628100116
1434.0,82.80752097694018,19.444444444444443,inf,19.444444444444443,19.444444444444443,19.444444444444443,0.0,-1.4327419126198606,459.2445828180714
1435.0,82.85894954836876,19.444444444444443,inf,19.444444444444443,19.444444444444443,19.444444444444443,0.0,-2.422734409220311,459.3857028261313
1436.0,82.91037811979733,19.444444444444443,inf,19.444444444444443,19.444444444444443,19.444444444444443,0.0,-3.4127269058207617,459.5268228341912
1437.0,82.9618066912259,19.444444444444443,inf,19.444444444444443,19.444444444444443,19.444444444444443,0.0,-4.402719402421212,459.667942842251
1438.0,83.01323526265448,19.444444444444443,inf,19.444444444444443,19.444444444444443,19.444444444444443,0.0,-5.392711899021663,459.8090628503109
1439.0,83.06466383408305,19.444444444444443,inf,19.444444444444443,19.444444444444443,19.444444444444443,0.0,-6.382704395622113,459.9501828583708
1440.0,83.11609240551162,19.444444444444443,inf,19.444444444444443,19.444444444444443,19.444444444444443,0.0,-7.372696892222507,460.0913028664306
1441.0,83.1675209769402,19.444444444444443,inf,19.444444444444443,19.444444444444443,19.444444444444443,0.0,-8.362689388822957,460.2324228744905
1442.0,83.21894954836877,19.444444444444443,inf,19.444444444444443,19.444444444444443,19.444444444444443,0.0,-9.352681885423408,460.3735428825504
1443.0,83.27037811979734,19.444444444444443,inf,19.444444444444443,19.444444444444443,19.444444444444443,0.0,-10.342674382023858,460.5146628906102
1444.0,83.32180669122592,19.444444444444443,inf,19.444444444444443,19.444444444444443,19.444444444444443,0.0,-11.332666878624309,460.6557828986701
1445.0,83.37323526265449,19.444444444444443,inf,19.444444444444443,19.444444444444443,19.444444444444443,0.0,-12.32265937522476,460.79690290673
1446.0,83.42466383408306,19.444444444444443,inf,19.444444444444443,19.444444444444443,19.444444444444443,0.0,-13.31265187182521,460.9380229147899
1447.0,83.47609240551164,19.444444444444443,inf,19.444444444444443,19.444444444444443,19.444444444444443,0.0,-14.30264436842566,461.0791429228497
1448.0,83.52752097694021,19.444444444444443,inf,19.444444444444443,19.444444444444443,19.444444444444443,0.0,-15.292636865026111,461.2202629309096
1449.0,83.57894954836878,19.444444444444443,inf,19.444444444444443,19.444444444444443,19.444444444444443,0.0,-16.28262936162656,461.3613829389695
1450.0,83.63037811979736,19.444444444444443,inf,19.444444444444443,19.444444444444443,19.444444444444443,0.0,-17.272621858227012,461.5025029470293
1451.0,83.68180669122593,19.444444444444443,inf,19.444444444444443,19.444444444444443,19.444444444444443,0.0,-18.262614354827406,461.6436229550892
1452.0,83.7332352626545,19.444444444444443,inf,19.444444444444443,19.444444444444443,19.444444444444443,0.0,-19.252606851427856,461.7847429631491
1453.0,83.78466383408308,19.444444444444443,inf,19.444444444444443,19.444444444444443,19.444444444444443,0.0,-20.242599348028307,461.9258629712089
1454.0,83.83609240551165,19.444444444444443,inf,19.444444444444443,19.444444444444443,19.444444444444443,0.0,-21.232591844628757,462.0669829792688
1455.0,83.88752097694022,19.444444444444443,inf,19.444444444444443,19.444444444444443,19.444444444444443,0.0,-22.222584341229208,462.20810298732863
1456.0,83.9389495483688,19.444444444444443,inf,19.444444444444443,19.444444444444443,19.444444444444443,0.0,-23.21257683782966,462.3492229953885
1457.0,83.99037811979737,19.444444444444443,inf,19.444444444444443,19.444444444444443,19.444444444444443,0.0,-24.20256933443011,462.4903430034484
1458.0,84.04180669122594,19.444444444444443,inf,19.444444444444443,19.444444444444443,19.444444444444443,0.0,-25.19256183103056,462.63146301150823
1459.0,84.09323526265452,19.444444444444443,inf,19.444444444444443,19.444444444444443,19.444444444444443,0.0,-26.18255432763101,462.7725830195681
1460.0,84.14466383408309,19.444444444444443,inf,19.444444444444443,19.444444444444443,19.444444444444443,0.0,-27.17254682423146,462.913703027628
1461.0,84.19609240551166,19.444444444444443,inf,19.444444444444443,19.444444444444443,19.444444444444443,0.0,-28.16253932083191,463.05482303568783
1462.0,84.24752097694024,19.444444444444443,inf,19.444444444444443,19.444444444444443,19.444444444444443,0.0,-29.152531817432305,463.1959430437477
1463.0,84.29894954836881,19.444444444444443,inf,19.444444444444443,19.444444444444443,19.444444444444443,0.0,-30.142524314032755,463.3370630518076
1464.0,84.35037811979738,19.444444444444443,inf,19.444444444444443,19.444444444444443,19.444444444444443,0.0,-31.132516810633206,463.47818305986743
1465.0,84.40180669122596,19.444444444444443,inf,19.444444444444443,19.444444444444443,19.444444444444443,0.0,-32.122509307233656,463.6193030679273
1466.0,84.45323526265453,19.444444444444443,inf,19.444444444444443,19.444444444444443,19.444444444444443,0.0,-33.11250180383411,463.7604230759872
1467.0,84.5046638340831,19.444444444444443,inf,19.444444444444443,19.444444444444443,19.444444444444443,0.0,-34.10249430043456,463.9015430840471
1468.0,84.55609240551168,19.444444444444443,inf,19.444444444444443,19.444444444444443,19.444444444444443,0.0,-35.09248679703501,464.0426630921069
1469.0,84.60752097694025,19.444444444444443,inf,19.444444444444443,19.444444444444443,19.444444444444443,0.0,-36.08247929363546,464.1837831001668
1470.0,84.65894954836882,19.444444444444443,inf,19.444444444444443,19.444444444444443,19.444444444444443,0.0,-37.07247179023591,464.3249031082267
1471.0,84.7103781197974,19.444444444444443,inf,19.444444444444443,19.444444444444443,19.444444444444443,0.0,-38.06246428683636,464.4660231162865
1472.0,84.76180669122597,19.444444444444443,inf,19.444444444444443,19.444444444444443,19.444444444444443,0.0,-39.05245678343681,464.6071431243464
1473.0,84.81323526265454,19.444444444444443,inf,19.444444444444443,19.444444444444443,19.444444444444443,0.0,-40.04244928003726,464.7482631324063
1474.0,84.86466383408312,19.444444444444443,inf,19.444444444444443,19.444444444444443,19.444444444444443,0.0,-41.032441776637654,464.8893831404661
1475.0,84.91609240551169,19.444444444444443,inf,19.444444444444443,19.444444444444443,19.444444444444443,0.0,-42.022434273238105,465.030503148526
1476.0,84.96752097694026,19.444444444444443,inf,19.444444444444443,19.444444444444443,19.444444444444443,0.0,-43.012426769838555,465.1716231565859
1477.0,85.01894954836884,19.444444444444443,inf,19.444444444444443,19.444444444444443,19.444444444444443,0.0,-44.002419266439006,465.3127431646457
1478.0,85.07037811979741,19.444444444444443,inf,19.444444444444443,19.444444444444443,19.444444444444443,0.0,-44.992411763039456,465.4538631727056
1479.0,85.12180669122598,19.444444444444443,inf,19.444444444444443,19.444444444444443,19.444444444444443,0.0,-45.98240425963991,465.5949831807655
1480.0,85.17323526265456,19.444444444444443,inf,19.444444444444443,19.444444444444443,19.444444444444443,0.0,-46.97239675624036,465.7361031888253
1481.0,85.22466383408313,19.444444444444443,inf,19.444444444444443,19.444444444444443,19.444444444444443,0.0,-47.96238925284081,465.8772231968852
1482.0,85.2760924055117,19.444444444444443,inf,19.444444444444443,19.444444444444443,19.444444444444443,0.0,-48.95238174944126,466.0183432049451
1483.0,85.32752097694028,19.444444444444443,inf,19.444444444444443,19.444444444444443,19.444444444444443,0.0,-49.94237424604171,466.1594632130049
1484.0,85.37894954836885,19.444444444444443,inf,19.444444444444443,19.444444444444443,19.444444444444443,0.0,-50.93236674264216,466.3005832210648
1485.0,85.43037811979742,19.444444444444443,inf,19.444444444444443,19.444444444444443,19.444444444444443,0.0,-51.92235923924255,466.4417032291247
1486.0,85.481806691226,19.444444444444443,inf,19.444444444444443,19.444444444444443,19.444444444444443,0.0,-52.912351735843004,466.5828232371845
1487.0,85.53323526265457,19.444444444444443,inf,19.444444444444443,19.444444444444443,19.444444444444443,0.0,-53.902344232443454,466.7239432452444
1488.0,85.58466383408314,19.444444444444443,inf,19.444444444444443,19.444444444444443,19.444444444444443,0.0,-54.892336729043905,466.8650632533043
1489.0,85.63609240551172,19.444444444444443,inf,19.444444444444443,19.444444444444443,19.444444444444443,0.0,-55.882329225644355,467.00618326136413
1490.0,85.68752097694029,19.444444444444443,inf,19.444444444444443,19.444444444444443,19.444444444444443,0.0,-56.872321722244806,467.147303269424
1491.0,85.73894954836886,19.444444444444443,inf,19.444444444444443,19.444444444444443,19.444444444444443,0.0,-57.862314218845256,467.2884232774839
1492.0,85.79037811979744,19.444444444444443,inf,19.444444444444443,19.444444444444443,19.444444444444443,0.0,-58.85230671544571,467.42954328554373
1493.0,85.84180669122601,19.444444444444443,inf,19.444444444444443,19.444444444444443,19.444444444444443,0.0,-59.84229921204616,467.5706632936036
1494.0,85.89323526265458,19.444444444444443,inf,19.444444444444443,19.444444444444443,19.444444444444443,0.0,-60.83229170864661,467.7117833016635
1495.0,85.94466383408316,19.444444444444443,inf,19.444444444444443,19.444444444444443,19.444444444444443,0.0,-61.82228420524706,467.85290330972333
1496.0,85.99609240551173,19.444444444444443,inf,19.444444444444443,19.444444444444443,19.444444444444443,0.0,-62.81227670184745,467.9940233177832
1497.0,86.0475209769403,19.444444444444443,inf,19.444444444444443,19.444444444444443,19.444444444444443,0.0,-63.8022691984479,468.1351433258431
1498.0,86.09894954836888,19.444444444444443,inf,19.444444444444443,19.444444444444443,19.444444444444443,0.0,-64.79226169504835,468.276263333903
1499.0,86.15037811979745,19.444444444444443,inf,19.444444444444443,19.444444444444443,19.444444444444443,0.0,-65.7822541916488,468.4173833419628
1500.0,86.20180669122603,19.444444444444443,inf,19.444444444444443,19.444444444444443,19.444444444444443,0.0,-66.77224668824925,468.5585033500227
1501.0,86.2532352626546,19.444444444444443,inf,19.444444444444443,19.444444444444443,19.444444444444443,0.0,-67.7622391848497,468.6996233580826
1502.0,86.30466383408317,19.444444444444443,inf,19.444444444444443,19.444444444444443,19.444444444444443,0.0,-68.75223168145016,468.8407433661424
1503.0,86.35609240551175,19.444444444444443,inf,19.444444444444443,19.444444444444443,19.444444444444443,0.0,-69.7422241780506,468.9818633742023
1504.0,86.40752097694032,19.444444444444443,inf,19.444444444444443,19.444444444444443,19.444444444444443,0.0,-70.73221667465106,469.1229833822622
1505.0,86.45894954836889,19.444444444444443,inf,19.444444444444443,19.444444444444443,19.444444444444443,0.0,-71.7222091712515,469.264103390322
1506.0,86.51037811979747,19.444444444444443,inf,19.444444444444443,19.444444444444443,19.444444444444443,0.0,-72.71220166785196,469.4052233983819
1507.0,86.56180669122604,19.444444444444443,inf,19.444444444444443,19.444444444444443,19.444444444444443,0.0,-73.70219416445235,469.5463434064418
1508.0,86.61323526265461,19.444444444444443,inf,19.444444444444443,19.444444444444443,19.444444444444443,0.0,-74.6921866610528,469.6874634145016
1509.0,86.66466383408319,19.444444444444443,inf,19.444444444444443,19.444444444444443,19.444444444444443,0.0,-75.68217915765325,469.8285834225615
1510.0,86.71609240551176,19.444444444444443,inf,19.444444444444443,19.444444444444443,19.444444444444443,0.0,-76.6721716542537,469.9697034306214
1511.0,86.76752097694033,19.444444444444443,inf,19.444444444444443,19.444444444444443,19.444444444444443,0.0,-77.66216415085415,470.1108234386812
1512.0,86.8189495483689,19.444444444444443,inf,19.444444444444443,19.444444444444443,19.444444444444443,0.0,-78.6521566474546,470.2519434467411
1513.0,86.87037811979748,19.444444444444443,inf,19.444444444444443,19.444444444444443,19.444444444444443,0.0,-79.64214914405505,470.393063454801
1514.0,86.92180669122605,19.444444444444443,inf,19.444444444444443,19.444444444444443,19.444444444444443,0.0,-80.6321416406555,470.5341834628608
1515.0,86.97323526265463,19.444444444444443,inf,19.444444444444443,19.444444444444443,19.444444444444443,0.0,-81.62213413725596,470.6753034709207
1516.0,87.0246638340832,19.444444444444443,inf,19.444444444444443,19.444444444444443,19.444444444444443,0.0,-82.6121266338564,470.8164234789806
1517.0,87.07609240551177,19.444444444444443,inf,19.444444444444443,19.444444444444443,19.444444444444443,0.0,-83.60211913045686,470.9575434870404
1518.0,87.12752097694035,19.444444444444443,inf,19.444444444444443,19.444444444444443,19.444444444444443,0.0,-84.5921116270573,471.0986634951003
1519.0,87.17894954836892,19.444444444444443,inf,19.444444444444443,19.444444444444443,19.444444444444443,0.0,-85.5821041236577,471.2397835031602
1520.0,87.23037811979749,19.444444444444443,inf,19.444444444444443,19.444444444444443,19.444444444444443,0.0,-86.57209662025821,471.38090351122
1521.0,87.28180669122607,19.444444444444443,inf,19.444444444444443,19.444444444444443,19.444444444444443,0.0,-87.5620891168586,471.5220235192799
1522.0,87.33323526265464,19.444444444444443,inf,19.444444444444443,19.444444444444443,19.444444444444443,0.0,-88.55208161345911,471.6631435273398
1523.0,87.38466383408321,19.444444444444443,inf,19.444444444444443,19.444444444444443,19.444444444444443,0.0,-89.5420741100595,471.8042635353996
1524.0,87.43609240551179,19.444444444444443,inf,19.444444444444443,19.444444444444443,19.444444444444443,0.0,-90.5320666066599,471.9453835434595
1525.0,87.48752097694036,19.444444444444443,inf,19.444444444444443,19.444444444444443,19.444444444444443,0.0,-91.5220591032604,472.0865035515194
1526.0,87.53894954836893,19.444444444444443,inf,19.444444444444443,19.444444444444443,19.444444444444443,0.0,-92.5120515998608,472.22762355957923
1527.0,87.5903781197975,19.444444444444443,inf,19.444444444444443,19.444444444444443,19.444444444444443,0.0,-93.5020440964613,472.3687435676391
1528.0,87.64180669122608,19.444444444444443,inf,19.444444444444443,19.444444444444443,19.444444444444443,0.0,-94.4920365930617,472.509863575699
1529.0,87.69323526265465,19.444444444444443,inf,19.444444444444443,19.444444444444443,19.444444444444443,0.0,-95.4820290896622,472.65098358375883
1530.0,87.74466383408323,19.444444444444443,inf,19.444444444444443,19.444444444444443,19.444444444444443,0.0,-96.4720215862626,472.7921035918187
1531.0,87.7960924055118,19.444444444444443,inf,19.444444444444443,19.444444444444443,19.444444444444443,0.0,-97.4620140828631,472.9332235998786
1532.0,87.84752097694037,19.444444444444443,inf,19.444444444444443,19.444444444444443,19.444444444444443,0.0,-98.4520065794635,473.07434360793843
1533.0,87.89894954836895,19.444444444444443,inf,19.444444444444443,19.444444444444443,19.444444444444443,0.0,-99.44199907606401,473.2154636159983
1534.0,87.95037811979752,19.444444444444443,inf,19.444444444444443,19.444444444444443,19.444444444444443,0.0,-100.4319915726644,473.3565836240582
1535.0,88.0018066912261,19.444444444444443,inf,19.444444444444443,19.444444444444443,19.444444444444443,0.0,-101.4219840692648,473.49770363211803
1536.0,88.05323526265467,19.444444444444443,inf,19.444444444444443,19.444444444444443,19.444444444444443,0.0,-102.4119765658653,473.6388236401779
1537.0,88.10466383408324,19.444444444444443,inf,19.444444444444443,19.444444444444443,19.444444444444443,0.0,-103.4019690624657,473.7799436482378
1538.0,88.15609240551181,19.444444444444443,inf,19.444444444444443,19.444444444444443,19.444444444444443,0.0,-104.3919615590662,473.92106365629763
1539.0,88.20752097694039,19.444444444444443,inf,19.444444444444443,19.444444444444443,19.444444444444443,0.0,-105.3819540556666,474.0621836643575
1540.0,88.25894954836896,19.444444444444443,inf,19.444444444444443,19.444444444444443,19.444444444444443,0.0,-106.3719465522671,474.2033036724174
1541.0,88.31037811979753,19.444444444444443,inf,19.444444444444443,19.444444444444443,19.444444444444443,0.0,-107.3619390488675,474.34442368047723
1542.0,88.3618066912261,19.444444444444443,inf,19.444444444444443,19.444444444444443,19.444444444444443,0.0,-108.351931545468,474.4855436885371
1543.0,88.41323526265468,19.444444444444443,inf,19.444444444444443,19.444444444444443,19.444444444444443,0.0,-109.3419240420684,474.626663696597
1544.0,88.46466383408325,19.444444444444443,inf,19.444444444444443,19.444444444444443,19.444444444444443,0.0,-110.3319165386689,474.76778370465684
1545.0,88.51609240551183,19.444444444444443,inf,19.444444444444443,19.444444444444443,19.444444444444443,0.0,-111.3219090352693,474.9089037127167
1546.0,88.5675209769404,19.444444444444443,inf,19.444444444444443,19.444444444444443,19.444444444444443,0.0,-112.3119015318697,475.0500237207766
1547.0,88.61894954836897,19.444444444444443,inf,19.444444444444443,19.444444444444443,19.444444444444443,0.0,-113.3018940284702,475.19114372883644
1548.0,88.67037811979755,19.444444444444443,inf,19.444444444444443,19.444444444444443,19.444444444444443,0.0,-114.2918865250706,475.3322637368963
1549.0,88.72180669122612,19.444444444444443,inf,19.444444444444443,19.444444444444443,19.444444444444443,0.0,-115.2818790216711,475.4733837449562
1550.0,88.7732352626547,19.444444444444443,inf,19.444444444444443,19.444444444444443,19.444444444444443,0.0,-116.2718715182715,475.61450375301604
1551.0,88.82466383408327,19.444444444444443,inf,19.444444444444443,19.444444444444443,19.444444444444443,0.0,-117.261864014872,475.7556237610759
1552.0,88.87609240551184,19.444444444444443,inf,19.444444444444443,19.444444444444443,19.444444444444443,0.0,-118.2518565114724,475.8967437691358
1553.0,88.92752097694041,19.444444444444443,inf,19.444444444444443,19.444444444444443,19.444444444444443,0.0,-119.2418490080729,476.03786377719564
1554.0,88.97894954836899,19.444444444444443,inf,19.444444444444443,19.444444444444443,19.444444444444443,0.0,-120.2318415046733,476.1789837852555
1555.0,89.03037811979756,19.444444444444443,inf,19.444444444444443,19.444444444444443,19.444444444444443,0.0,-121.2218340012738,476.3201037933154
1556.0,89.08180669122613,19.444444444444443,inf,19.444444444444443,19.444444444444443,19.444444444444443,0.0,-122.2118264978742,476.46122380137524
1557.0,89.13323526265471,19.444444444444443,inf,19.444444444444443,19.444444444444443,19.444444444444443,0.0,-123.20181899447459,476.6023438094351
1558.0,89.18466383408328,19.444444444444443,inf,19.444444444444443,19.444444444444443,19.444444444444443,0.0,-124.1918114910751,476.743463817495
1559.0,89.23609240551185,19.444444444444443,inf,19.444444444444443,19.444444444444443,19.444444444444443,0.0,-125.1818039876755,476.88458382555484
1560.0,89.28752097694043,19.444444444444443,inf,19.444444444444443,19.444444444444443,19.444444444444443,0.0,-126.171796484276,477.0257038336147
1561.0,89.338949548369,19.444444444444443,inf,19.444444444444443,19.444444444444443,19.444444444444443,0.0,-127.1617889808764,477.1668238416746
1562.0,89.39037811979757,19.444444444444443,inf,19.444444444444443,19.444444444444443,19.444444444444443,0.0,-128.1517814774769,477.30794384973444
1563.0,89.44180669122615,19.444444444444443,inf,19.444444444444443,19.444444444444443,19.444444444444443,0.0,-129.1417739740773,477.44906385779433
1564.0,89.49323526265472,19.444444444444443,inf,19.444444444444443,19.444444444444443,19.444444444444443,0.0,-130.1317664706778,477.5901838658542
1565.0,89.5446638340833,19.444444444444443,inf,19.444444444444443,19.444444444444443,19.444444444444443,0.0,-131.1217589672782,477.73130387391404
1566.0,89.59609240551187,19.444444444444443,inf,19.444444444444443,19.444444444444443,19.444444444444443,0.0,-132.1117514638787,477.87242388197393
1567.0,89.64752097694044,19.444444444444443,inf,19.444444444444443,19.444444444444443,19.444444444444443,0.0,-133.1017439604791,478.0135438900338
1568.0,89.69894954836901,19.444444444444443,inf,19.444444444444443,19.444444444444443,19.444444444444443,0.0,-134.0917364570795,478.15466389809365
1569.0,89.75037811979759,19.444444444444443,inf,19.444444444444443,19.444444444444443,19.444444444444443,0.0,-135.08172895368,478.29578390615353
1570.0,89.80180669122616,19.444444444444443,inf,19.444444444444443,19.444444444444443,19.444444444444443,0.0,-136.0717214502804,478.4369039142134
1571.0,89.85323526265474,19.444444444444443,inf,19.444444444444443,19.444444444444443,19.444444444444443,0.0,-137.0617139468809,478.57802392227325
1572.0,89.90466383408331,19.444444444444443,inf,19.444444444444443,19.444444444444443,19.444444444444443,0.0,-138.0517064434813,478.71914393033313
1573.0,89.95609240551188,19.444444444444443,inf,19.444444444444443,19.444444444444443,19.444444444444443,0.0,-139.0416989400818,478.860263938393
1574.0,90.00752097694046,19.444444444444443,inf,19.444444444444443,19.444444444444443,19.444444444444443,0.0,-140.0316914366822,479.00138394645285
1575.0,90.05894954836903,19.444444444444443,inf,19.444444444444443,19.444444444444443,19.444444444444443,0.0,-141.0216839332827,479.14250395451273
1576.0,90.1103781197976,19.444444444444443,inf,19.444444444444443,19.444444444444443,19.444444444444443,0.0,-142.0116764298831,479.2836239625726
1577.0,90.16180669122618,19.444444444444443,inf,19.444444444444443,19.444444444444443,19.444444444444443,0.0,-143.0016689264836,479.42474397063245
1578.0,90.21323526265475,19.444444444444443,inf,19.444444444444443,19.444444444444443,19.444444444444443,0.0,-143.991661423084,479.56586397869233
1579.0,90.26466383408332,19.444444444444443,inf,19.444444444444443,19.444444444444443,19.444444444444443,0.0,-144.9816539196844,479.7069839867522
1580.0,90.3160924055119,19.444444444444443,inf,19.444444444444443,19.444444444444443,19.444444444444443,0.0,-145.9716464162849,479.84810399481205
1581.0,90.36752097694047,19.444444444444443,inf,19.444444444444443,19.444444444444443,19.444444444444443,0.0,-146.9616389128853,479.98922400287194
1582.0,90.41894954836904,19.444444444444443,inf,19.444444444444443,19.444444444444443,19.444444444444443,0.0,-147.9516314094858,480.1303440109318
1583.0,90.47037811979762,19.444444444444443,inf,19.444444444444443,19.444444444444443,19.444444444444443,0.0,-148.9416239060862,480.27146401899165
1584.0,90.52180669122619,19.444444444444443,inf,19.444444444444443,19.444444444444443,19.444444444444443,0.0,-149.9316164026867,480.41258402705154
1585.0,90.57323526265476,19.444444444444443,inf,19.444444444444443,19.444444444444443,19.444444444444443,0.0,-150.9216088992871,480.5537040351114
1586.0,90.62466383408334,19.444444444444443,inf,19.444444444444443,19.444444444444443,19.444444444444443,0.0,-151.9116013958876,480.69482404317125
1587.0,90.67609240551191,19.444444444444443,inf,19.444444444444443,19.444444444444443,19.444444444444443,0.0,-152.901593892488,480.83594405123114
1588.0,90.72752097694048,19.444444444444443,inf,19.444444444444443,19.444444444444443,19.444444444444443,0.0,-153.8915863890885,480.977064059291
1589.0,90.77894954836906,19.444444444444443,inf,19.444444444444443,19.444444444444443,19.444444444444443,0.0,-154.8815788856889,481.11818406735085
1590.0,90.83037811979763,19.444444444444443,inf,19.444444444444443,19.444444444444443,19.444444444444443,0.0,-155.8715713822893,481.25930407541074
1591.0,90.8818066912262,19.444444444444443,inf,19.444444444444443,19.444444444444443,19.444444444444443,0.0,-156.8615638788898,481.4004240834706
1592.0,90.93323526265478,19.444444444444443,inf,19.444444444444443,19.444444444444443,19.444444444444443,0.0,-157.8515563754902,481.54154409153045
1593.0,90.98466383408335,19.444444444444443,inf,19.444444444444443,19.444444444444443,19.444444444444443,0.0,-158.8415488720907,481.68266409959034
1594.0,91.03609240551192,19.444444444444443,inf,19.444444444444443,19.444444444444443,19.444444444444443,0.0,-159.8315413686911,481.8237841076502
1595.0,91.0875209769405,19.444444444444443,inf,19.444444444444443,19.444444444444443,19.444444444444443,0.0,-160.8215338652916,481.96490411571006
1596.0,91.13894954836907,19.444444444444443,inf,19.444444444444443,19.444444444444443,19.444444444444443,0.0,-161.811526361892,482.10602412376994
1597.0,91.19037811979764,19.444444444444443,inf,19.444444444444443,19.444444444444443,19.444444444444443,0.0,-162.8015188584925,482.2471441318298
1598.0,91.24180669122622,19.444444444444443,inf,19.444444444444443,19.444444444444443,19.444444444444443,0.0,-163.7915113550929,482.38826413988966
1599.0,91.29323526265479,19.444444444444443,inf,19.444444444444443,19.444444444444443,19.444444444444443,0.0,-164.7815038516934,482.52938414794954
1600.0,91.34466383408336,19.444444444444443,inf,19.444444444444443,19.444444444444443,19.444444444444443,0.0,-165.7714963482938,482.67050415600943
1601.0,91.39609240551194,19.444444444444443,inf,19.444444444444443,19.444444444444443,19.444444444444443,0.0,-166.7614888448943,482.81162416406926
1602.0,91.44752097694051,19.444444444444443,inf,19.444444444444443,19.444444444444443,19.444444444444443,0.0,-167.7514813414947,482.95274417212914
1603.0,91.49894954836908,19.444444444444443,inf,19.444444444444443,19.444444444444443,19.444444444444443,0.0,-168.7414738380951,483.09386418018903
1604.0,91.55037811979766,19.444444444444443,inf,19.444444444444443,19.444444444444443,19.444444444444443,0.0,-169.7314663346956,483.23498418824886
1605.0,91.60180669122623,19.444444444444443,inf,19.444444444444443,19.444444444444443,19.444444444444443,0.0,-170.721458831296,483.37610419630875
1606.0,91.6532352626548,19.444444444444443,inf,19.444444444444443,19.444444444444443,19.444444444444443,0.0,-171.7114513278965,483.51722420436863
1607.0,91.70466383408338,19.444444444444443,inf,19.444444444444443,19.444444444444443,19.444444444444443,0.0,-172.7014438244969,483.65834421242846
1608.0,91.75609240551195,19.444444444444443,inf,19.444444444444443,19.444444444444443,19.444444444444443,0.0,-173.6914363210974,483.79946422048835
1609.0,91.80752097694052,19.444444444444443,inf,19.444444444444443,19.444444444444443,19.444444444444443,0.0,-174.6814288176978,483.94058422854823
1610.0,91.8589495483691,19.444444444444443,inf,19.444444444444443,19.444444444444443,19.444444444444443,0.0,-175.6714213142983,484.08170423660806
1611.0,91.91037811979767,19.444444444444443,inf,19.444444444444443,19.444444444444443,19.444444444444443,0.0,-176.6614138108987,484.22282424466795
1612.0,91.96180669122624,19.444444444444443,inf,19.444444444444443,19.444444444444443,19.444444444444443,0.0,-177.6514063074992,484.36394425272783
1613.0,92.01323526265482,19.444444444444443,inf,19.444444444444443,19.444444444444443,19.444444444444443,0.0,-178.6413988040996,484.50506426078766
1614.0,92.06466383408339,19.444444444444443,inf,19.444444444444443,19.444444444444443,19.444444444444443,0.0,-179.6313913007,484.64618426884755
1615.0,92.11609240551196,19.444444444444443,inf,19.444444444444443,19.444444444444443,19.444444444444443,0.0,-180.6213837973005,484.78730427690743
1616.0,92.16752097694054,19.444444444444443,inf,19.444444444444443,19.444444444444443,19.444444444444443,0.0,-181.6113762939009,484.92842428496726
1617.0,92.21894954836911,19.444444444444443,inf,19.444444444444443,19.444444444444443,19.444444444444443,0.0,-182.6013687905014,485.06954429302715
1618.0,92.27037811979768,19.444444444444443,inf,19.444444444444443,19.444444444444443,19.444444444444443,0.0,-183.5913612871018,485.21066430108704
1619.0,92.32180669122626,19.444444444444443,inf,19.444444444444443,19.444444444444443,19.444444444444443,0.0,-184.5813537837023,485.35178430914686
1620.0,92.37323526265483,19.444444444444443,inf,19.444444444444443,19.444444444444443,19.444444444444443,0.0,-185.5713462803027,485.49290431720675
1621.0,92.4246638340834,19.444444444444443,inf,19.444444444444443,19.444444444444443,19.444444444444443,0.0,-186.5613387769032,485.63402432526664
1622.0,92.47609240551198,19.444444444444443,inf,19.444444444444443,19.444444444444443,19.444444444444443,0.0,-187.5513312735036,485.77514433332647
1623.0,92.52752097694055,19.444444444444443,inf,19.444444444444443,19.444444444444443,19.444444444444443,0.0,-188.5413237701041,485.91626434138635
1624.0,92.57894954836912,19.444444444444443,inf,19.444444444444443,19.444444444444443,19.444444444444443,0.0,-189.5313162667045,486.05738434944624
1625.0,92.6303781197977,19.444444444444443,inf,19.444444444444443,19.444444444444443,19.444444444444443,0.0,-190.5213087633049,486.19850435750607
1626.0,92.68180669122627,19.444444444444443,inf,19.444444444444443,19.444444444444443,19.444444444444443,0.0,-191.5113012599054,486.33962436556595
1627.0,92.73323526265484,19.444444444444443,inf,19.444444444444443,19.444444444444443,19.444444444444443,0.0,-192.5012937565058,486.48074437362584
1628.0,92.78466383408342,19.444444444444443,inf,19.444444444444443,19.444444444444443,19.444444444444443,0.0,-193.4912862531063,486.62186438168567
1629.0,92.83609240551199,19.444444444444443,inf,19.444444444444443,19.444444444444443,19.444444444444443,0.0,-194.4812787497067,486.76298438974555
1630.0,92.88752097694056,19.444444444444443,inf,19.444444444444443,19.444444444444443,19.444444444444443,0.0,-195.4712712463072,486.90410439780544
1631.0,92.93894954836914,19.444444444444443,inf,19.444444444444443,19.444444444444443,19.444444444444443,0.0,-196.4612637429076,487.04522440586527
1632.0,92.99037811979771,19.444444444444443,inf,19.444444444444443,19.444444444444443,19.444444444444443,0.0,-197.4512562395081,487.18634441392516
1633.0,93.04180669122628,19.444444444444443,inf,19.444444444444443,19.444444444444443,19.444444444444443,0.0,-198.4412487361085,487.32746442198504
1634.0,93.09323526265486,19.444444444444443,inf,19.444444444444443,19.444444444444443,19.444444444444443,0.0,-199.431241232709,487.46858443004487
1635.0,93.14466383408343,19.444444444444443,inf,19.444444444444443,19.444444444444443,19.444444444444443,0.0,-200.4212337293094,487.60970443810476
1636.0,93.196092405512,19.444444444444443,inf,19.444444444444443,19.444444444444443,19.444444444444443,0.0,-201.4112262259098,487.75082444616464
1637.0,93.24752097694058,19.444444444444443,inf,19.444444444444443,19.444444444444443,19.444444444444443,0.0,-202.4012187225103,487.8919444542245
1638.0,93.29894954836915,19.444444444444443,inf,19.444444444444443,19.444444444444443,19.444444444444443,0.0,-203.3912112191107,488.03306446228436
1639.0,93.35037811979772,19.444444444444443,inf,19.444444444444443,19.444444444444443,19.444444444444443,0.0,-204.3812037157112,488.17418447034424
1640.0,93.4018066912263,19.444444444444443,inf,19.444444444444443,19.444444444444443,19.444444444444443,0.0,-205.3711962123116,488.3153044784041
1641.0,93.45323526265487,19.444444444444443,inf,19.444444444444443,19.444444444444443,19.444444444444443,0.0,-206.3611887089121,488.45642448646396
1642.0,93.50466383408344,19.444444444444443,inf,19.444444444444443,19.444444444444443,19.444444444444443,0.0,-207.3511812055125,488.59754449452385
1643.0,93.55609240551202,19.444444444444443,inf,19.444444444444443,19.444444444444443,19.444444444444443,0.0,-208.341173702113,488.7386645025837
1644.0,93.60752097694059,19.444444444444443,inf,19.444444444444443,19.444444444444443,19.444444444444443,0.0,-209.3311661987134,488.87978451064356
1645.0,93.65894954836916,19.444444444444443,inf,19.444444444444443,19.444444444444443,19.444444444444443,0.0,-210.3211586953139,489.02090451870345
1646.0,93.71037811979774,19.444444444444443,inf,19.444444444444443,19.444444444444443,19.444444444444443,0.0,-211.3111511919143,489.1620245267633
1647.0,93.76180669122631,19.444444444444443,inf,19.444444444444443,19.444444444444443,19.444444444444443,0.0,-212.30114368851468,489.30314453482316
1648.0,93.81323526265489,19.444444444444443,inf,19.444444444444443,19.444444444444443,19.444444444444443,0.0,-213.2911361851152,489.44426454288305
1649.0,93.86466383408346,19.444444444444443,inf,19.444444444444443,19.444444444444443,19.444444444444443,0.0,-214.2811286817156,489.5853845509429
1650.0,93.91609240551203,19.444444444444443,inf,19.444444444444443,19.444444444444443,19.444444444444443,0.0,-215.2711211783161,489.72650455900276
1651.0,93.9675209769406,19.444444444444443,inf,19.444444444444443,19.444444444444443,19.444444444444443,0.0,-216.2611136749165,489.86762456706265
1652.0,94.01894954836918,19.444444444444443,inf,19.444444444444443,19.444444444444443,19.444444444444443,0.0,-217.251106171517,490.0087445751225
1653.0,94.07037811979775,19.444444444444443,inf,19.444444444444443,19.444444444444443,19.444444444444443,0.0,-218.2410986681174,490.14986458318236
1654.0,94.12180669122633,19.444444444444443,inf,19.444444444444443,19.444444444444443,19.444444444444443,0.0,-219.2310911647179,490.29098459124225
1655.0,94.1732352626549,19.444444444444443,inf,19.444444444444443,19.444444444444443,19.444444444444443,0.0,-220.2210836613183,490.4321045993021
1656.0,94.22466383408347,19.444444444444443,inf,19.444444444444443,19.444444444444443,19.444444444444443,0.0,-221.2110761579188,490.57322460736196
1657.0,94.27609240551205,19.444444444444443,inf,19.444444444444443,19.444444444444443,19.444444444444443,0.0,-222.2010686545192,490.71434461542185
1658.0,94.32752097694062,19.444444444444443,inf,19.444444444444443,19.444444444444443,19.444444444444443,0.0,-223.19106115111958,490.8554646234817
1659.0,94.37894954836919,19.444444444444443,inf,19.444444444444443,19.444444444444443,19.444444444444443,0.0,-224.1810536477201,490.99658463154157
1660.0,94.43037811979777,19.444444444444443,inf,19.444444444444443,19.444444444444443,19.444444444444443,0.0,-225.17104614432048,491.13770463960145
1661.0,94.48180669122634,19.444444444444443,inf,19.444444444444443,19.444444444444443,19.444444444444443,0.0,-226.161038640921,491.2788246476613
1662.0,94.53323526265491,19.444444444444443,inf,19.444444444444443,19.444444444444443,19.444444444444443,0.0,-227.1510311375214,491.41994465572117
1663.0,94.58466383408349,19.444444444444443,inf,19.444444444444443,19.444444444444443,19.444444444444443,0.0,-228.1410236341219,491.56106466378105
1664.0,94.63609240551206,19.444444444444443,inf,19.444444444444443,19.444444444444443,19.444444444444443,0.0,-229.1310161307223,491.7021846718409
1665.0,94.68752097694063,19.444444444444443,inf,19.444444444444443,19.444444444444443,19.444444444444443,0.0,-230.1210086273228,491.84330467990077
1666.0,94.7389495483692,19.444444444444443,inf,19.444444444444443,19.444444444444443,19.444444444444443,0.0,-231.1110011239232,491.98442468796065
1667.0,94.79037811979778,19.444444444444443,inf,19.444444444444443,19.444444444444443,19.444444444444443,0.0,-232.1009936205237,492.1255446960205
1668.0,94.84180669122635,19.444444444444443,inf,19.444444444444443,19.444444444444443,19.444444444444443,0.0,-233.0909861171241,492.26666470408037
1669.0,94.89323526265493,19.444444444444443,inf,19.444444444444443,19.444444444444443,19.444444444444443,0.0,-234.08097861372448,492.40778471214026
1670.0,94.9446638340835,19.444444444444443,inf,19.444444444444443,19.444444444444443,19.444444444444443,0.0,-235.070971110325,492.5489047202001
1671.0,94.99609240551207,19.444444444444443,inf,19.444444444444443,19.444444444444443,19.444444444444443,0.0,-236.06096360692538,492.69002472825997
1672.0,95.04752097694065,19.444444444444443,inf,19.444444444444443,19.444444444444443,19.444444444444443,0.0,-237.0509561035259,492.83114473631986
1673.0,95.09894954836922,19.444444444444443,inf,19.444444444444443,19.444444444444443,19.444444444444443,0.0,-238.04094860012628,492.9722647443797
1674.0,95.1503781197978,19.444444444444443,inf,19.444444444444443,19.444444444444443,19.444444444444443,0.0,-239.0309410967268,493.1133847524396
1675.0,95.20180669122637,19.444444444444443,inf,19.444444444444443,19.444444444444443,19.444444444444443,0.0,-240.0209335933272,493.25450476049946
1676.0,95.25323526265494,19.444444444444443,inf,19.444444444444443,19.444444444444443,19.444444444444443,0.0,-241.0109260899277,493.3956247685593
1677.0,95.30466383408351,19.444444444444443,inf,19.444444444444443,19.444444444444443,19.444444444444443,0.0,-242.0009185865281,493.5367447766192
1678.0,95.35609240551209,19.444444444444443,inf,19.444444444444443,19.444444444444443,19.444444444444443,0.0,-242.9909110831286,493.67786478467906
1679.0,95.40752097694066,19.444444444444443,inf,19.444444444444443,19.444444444444443,19.444444444444443,0.0,-243.980903579729,493.8189847927389
1680.0,95.45894954836923,19.444444444444443,inf,19.444444444444443,19.444444444444443,19.444444444444443,0.0,-244.97089607632938,493.9601048007988
1681.0,95.5103781197978,19.444444444444443,inf,19.444444444444443,19.444444444444443,19.444444444444443,0.0,-245.9608885729299,494.10122480885866
1682.0,95.56180669122638,19.444444444444443,inf,19.444444444444443,19.444444444444443,19.444444444444443,0.0,-246.95088106953028,494.2423448169185
1683.0,95.61323526265495,19.444444444444443,inf,19.444444444444443,19.444444444444443,19.444444444444443,0.0,-247.9408735661308,494.3834648249784
1684.0,95.66466383408353,19.444444444444443,inf,19.444444444444443,19.444444444444443,19.444444444444443,0.0,-248.93086606273118,494.52458483303826
1685.0,95.7160924055121,19.444444444444443,inf,19.444444444444443,19.444444444444443,19.444444444444443,0.0,-249.9208585593317,494.6657048410981
1686.0,95.76752097694067,19.444444444444443,inf,19.444444444444443,19.444444444444443,19.444444444444443,0.0,-250.91085105593208,494.806824849158
1687.0,95.81894954836925,19.444444444444443,inf,19.444444444444443,19.444444444444443,19.444444444444443,0.0,-251.9008435525326,494.94794485721786
1688.0,95.87037811979782,19.444444444444443,inf,19.444444444444443,19.444444444444443,19.444444444444443,0.0,-252.890836049133,495.0890648652777
1689.0,95.9218066912264,19.444444444444443,inf,19.444444444444443,19.444444444444443,19.444444444444443,0.0,-253.8808285457335,495.2301848733376
1690.0,95.97323526265497,19.444444444444443,inf,19.444444444444443,19.444444444444443,19.444444444444443,0.0,-254.8708210423339,495.37130488139746
1691.0,96.02466383408354,19.444444444444443,inf,19.444444444444443,19.444444444444443,19.444444444444443,0.0,-255.86081353893428,495.5124248894573
1692.0,96.07609240551211,19.444444444444443,inf,19.444444444444443,19.444444444444443,19.444444444444443,0.0,-256.8508060355348,495.6535448975172
1693.0,96.12752097694069,19.444444444444443,inf,19.444444444444443,19.444444444444443,19.444444444444443,0.0,-257.8407985321352,495.79466490557706
1694.0,96.17894954836926,19.444444444444443,inf,19.444444444444443,19.444444444444443,19.444444444444443,0.0,-258.8307910287357,495.9357849136369
1695.0,96.23037811979783,19.444444444444443,inf,19.444444444444443,19.444444444444443,19.444444444444443,0.0,-259.8207835253361,496.0769049216968
1696.0,96.28180669122641,19.444444444444443,inf,19.444444444444443,19.444444444444443,19.444444444444443,0.0,-260.8107760219366,496.21802492975667
1697.0,96.33323526265498,19.444444444444443,inf,19.444444444444443,19.444444444444443,19.444444444444443,0.0,-261.800768518537,496.3591449378165
1698.0,96.38466383408355,19.444444444444443,inf,19.444444444444443,19.444444444444443,19.444444444444443,0.0,-262.7907610151375,496.5002649458764
1699.0,96.43609240551213,19.444444444444443,inf,19.444444444444443,19.444444444444443,19.444444444444443,0.0,-263.7807535117379,496.64138495393627
1700.0,96.4875209769407,19.444444444444443,inf,19.444444444444443,19.444444444444443,19.444444444444443,0.0,-264.7707460083384,496.7825049619961
1701.0,96.53894954836927,19.444444444444443,inf,19.444444444444443,19.444444444444443,19.444444444444443,0.0,-265.7607385049388,496.923624970056
1702.0,96.59037811979785,19.444444444444443,inf,19.444444444444443,19.444444444444443,19.444444444444443,0.0,-266.7507310015392,497.06474497811587
1703.0,96.64180669122642,19.444444444444443,inf,19.444444444444443,19.444444444444443,19.444444444444443,0.0,-267.7407234981397,497.2058649861757
1704.0,96.693235262655,19.444444444444443,inf,19.444444444444443,19.444444444444443,19.444444444444443,0.0,-268.7307159947401,497.3469849942356
1705.0,96.74466383408357,19.444444444444443,inf,19.444444444444443,19.444444444444443,19.444444444444443,0.0,-269.7207084913406,497.48810500229547
1706.0,96.79609240551214,19.444444444444443,inf,19.444444444444443,19.444444444444443,19.444444444444443,0.0,-270.710700987941,497.6292250103553
1707.0,96.84752097694071,19.444444444444443,inf,19.444444444444443,19.444444444444443,19.444444444444443,0.0,-271.7006934845415,497.7703450184152
1708.0,96.89894954836929,19.444444444444443,inf,19.444444444444443,19.444444444444443,19.444444444444443,0.0,-272.6906859811419,497.91146502647507
1709.0,96.95037811979786,19.444444444444443,inf,19.444444444444443,19.444444444444443,19.444444444444443,0.0,-273.6806784777424,498.05258503453496
1710.0,97.00180669122643,19.444444444444443,inf,19.444444444444443,19.444444444444443,19.444444444444443,0.0,-274.6706709743428,498.1937050425948
1711.0,97.05323526265501,19.444444444444443,inf,19.444444444444443,19.444444444444443,19.444444444444443,0.0,-275.6606634709433,498.3348250506547
1712.0,97.10466383408358,19.444444444444443,inf,19.444444444444443,19.444444444444443,19.444444444444443,0.0,-276.6506559675437,498.47594505871456
1713.0,97.15609240551215,19.444444444444443,inf,19.444444444444443,19.444444444444443,19.444444444444443,0.0,-277.6406484641441,498.6170650667744
1714.0,97.20752097694073,19.444444444444443,inf,19.444444444444443,19.444444444444443,19.444444444444443,0.0,-278.6306409607446,498.7581850748343
1715.0,97.2589495483693,19.444444444444443,inf,19.444444444444443,19.444444444444443,19.444444444444443,0.0,-279.620633457345,498.89930508289416
1716.0,97.31037811979787,19.444444444444443,inf,19.444444444444443,19.444444444444443,19.444444444444443,0.0,-280.6106259539455,499.040425090954
1717.0,97.36180669122645,19.444444444444443,inf,19.444444444444443,19.444444444444443,19.444444444444443,0.0,-281.6006184505459,499.1815450990139
1718.0,97.41323526265502,19.444444444444443,inf,19.444444444444443,19.444444444444443,19.444444444444443,0.0,-282.5906109471464,499.32266510707376
1719.0,97.4646638340836,19.444444444444443,inf,19.444444444444443,19.444444444444443,19.444444444444443,0.0,-283.5806034437468,499.4637851151336
1720.0,97.51609240551217,19.444444444444443,inf,19.444444444444443,19.444444444444443,19.444444444444443,0.0,-284.5705959403473,499.6049051231935
1721.0,97.56752097694074,19.444444444444443,inf,19.444444444444443,19.444444444444443,19.444444444444443,0.0,-285.5605884369477,499.74602513125336
1722.0,97.61894954836932,19.444444444444443,inf,19.444444444444443,19.444444444444443,19.444444444444443,0.0,-286.5505809335482,499.8871451393132
1723.0,97.67037811979789,19.444444444444443,inf,19.444444444444443,19.444444444444443,19.444444444444443,0.0,-287.5405734301486,500.0282651473731
1724.0,97.72180669122646,19.444444444444443,inf,19.444444444444443,19.444444444444443,19.444444444444443,0.0,-288.530565926749,500.16938515543296
1725.0,97.77323526265504,19.444444444444443,inf,19.444444444444443,19.444444444444443,19.444444444444443,0.0,-289.5205584233495,500.3105051634928
1726.0,97.82466383408361,19.444444444444443,inf,19.444444444444443,19.444444444444443,19.444444444444443,0.0,-290.5105509199499,500.4516251715527
1727.0,97.87609240551218,19.444444444444443,inf,19.444444444444443,19.444444444444443,19.444444444444443,0.0,-291.5005434165504,500.59274517961256
1728.0,97.92752097694076,19.444444444444443,inf,19.444444444444443,19.444444444444443,19.444444444444443,0.0,-292.4905359131508,500.7338651876724
1729.0,97.97894954836933,19.444444444444443,inf,19.444444444444443,19.444444444444443,19.444444444444443,0.0,-293.4805284097513,500.8749851957323
1730.0,98.0303781197979,19.444444444444443,inf,19.444444444444443,19.444444444444443,19.444444444444443,0.0,-294.4705209063517,501.01610520379216
1731.0,98.08180669122648,19.444444444444443,inf,19.444444444444443,19.444444444444443,19.444444444444443,0.0,-295.4605134029522,501.157225211852
1732.0,98.13323526265505,19.444444444444443,inf,19.444444444444443,19.444444444444443,19.444444444444443,0.0,-296.4505058995526,501.2983452199119
1733.0,98.18466383408362,19.444444444444443,inf,19.444444444444443,19.444444444444443,19.444444444444443,0.0,-297.4404983961531,501.43946522797177
1734.0,98.2360924055122,19.444444444444443,inf,19.444444444444443,19.444444444444443,19.444444444444443,0.0,-298.4304908927535,501.5805852360316
1735.0,98.28752097694077,19.444444444444443,inf,19.444444444444443,19.444444444444443,19.444444444444443,0.0,-299.4204833893539,501.7217052440915
1736.0,98.33894954836934,19.444444444444443,inf,19.444444444444443,19.444444444444443,19.444444444444443,0.0,-300.4104758859544,501.86282525215137
1737.0,98.39037811979792,19.444444444444443,inf,19.444444444444443,19.444444444444443,19.444444444444443,0.0,-301.4004683825548,502.0039452602112
1738.0,98.44180669122649,19.444444444444443,inf,19.444444444444443,19.444444444444443,19.444444444444443,0.0,-302.3904608791553,502.1450652682711
1739.0,98.49323526265506,19.444444444444443,inf,19.444444444444443,19.444444444444443,19.444444444444443,0.0,-303.3804533757557,502.28618527633097
1740.0,98.54466383408364,19.444444444444443,inf,19.444444444444443,19.444444444444443,19.444444444444443,0.0,-304.3704458723562,502.42730528439085
1741.0,98.59609240551221,19.444444444444443,inf,19.444444444444443,19.444444444444443,19.444444444444443,0.0,-305.3604383689566,502.5684252924507
1742.0,98.64752097694078,19.444444444444443,inf,19.444444444444443,19.444444444444443,19.444444444444443,0.0,-306.3504308655571,502.70954530051057
1743.0,98.69894954836936,19.444444444444443,inf,19.444444444444443,19.444444444444443,19.444444444444443,0.0,-307.3404233621575,502.85066530857046
1744.0,98.75037811979793,19.444444444444443,inf,19.444444444444443,19.444444444444443,19.444444444444443,0.0,-308.330415858758,502.9917853166303
1745.0,98.8018066912265,19.444444444444443,inf,19.444444444444443,19.444444444444443,19.444444444444443,0.0,-309.3204083553584,503.13290532469017
1746.0,98.85323526265508,19.444444444444443,inf,19.444444444444443,19.444444444444443,19.444444444444443,0.0,-310.3104008519588,503.27402533275006
1747.0,98.90466383408365,19.444444444444443,inf,19.444444444444443,19.444444444444443,19.444444444444443,0.0,-311.3003933485593,503.4151453408099
1748.0,98.95609240551222,19.444444444444443,inf,19.444444444444443,19.444444444444443,19.444444444444443,0.0,-312.2903858451597,503.5562653488698
1749.0,99.0075209769408,19.444444444444443,inf,19.444444444444443,19.444444444444443,19.444444444444443,0.0,-313.2803783417602,503.69738535692966
1750.0,99.05894954836937,19.444444444444443,inf,19.444444444444443,19.444444444444443,19.444444444444443,0.0,-314.2703708383606,503.8385053649895
1751.0,99.11037811979794,19.444444444444443,inf,19.444444444444443,19.444444444444443,19.444444444444443,0.0,-315.2603633349611,503.9796253730494
1752.0,99.16180669122652,19.444444444444443,inf,19.444444444444443,19.444444444444443,19.444444444444443,0.0,-316.2503558315615,504.12074538110926
1753.0,99.21323526265509,19.444444444444443,inf,19.444444444444443,19.444444444444443,19.444444444444443,0.0,-317.240348328162,504.2618653891691
1754.0,99.26466383408366,19.444444444444443,inf,19.444444444444443,19.444444444444443,19.444444444444443,0.0,-318.2303408247624,504.402985397229
1755.0,99.31609240551224,19.444444444444443,inf,19.444444444444443,19.444444444444443,19.444444444444443,0.0,-319.2203333213629,504.54410540528886
1756.0,99.36752097694081,19.444444444444443,inf,19.444444444444443,19.444444444444443,19.444444444444443,0.0,-320.2103258179633,504.6852254133487
1757.0,99.41894954836938,19.444444444444443,inf,19.444444444444443,19.444444444444443,19.444444444444443,0.0,-321.2003183145637,504.8263454214086
1758.0,99.47037811979796,19.444444444444443,inf,19.444444444444443,19.444444444444443,19.444444444444443,0.0,-322.1903108111642,504.96746542946846
1759.0,99.52180669122653,19.444444444444443,inf,19.444444444444443,19.444444444444443,19.444444444444443,0.0,-323.1803033077646,505.1085854375283
1760.0,99.5732352626551,19.444444444444443,inf,19.444444444444443,19.444444444444443,19.444444444444443,0.0,-324.1702958043651,505.2497054455882
1761.0,99.62466383408368,19.444444444444443,inf,19.444444444444443,19.444444444444443,19.444444444444443,0.0,-325.1602883009655,505.39082545364806
1762.0,99.67609240551225,19.444444444444443,inf,19.444444444444443,19.444444444444443,19.444444444444443,0.0,-326.150280797566,505.5319454617079
1763.0,99.72752097694082,19.444444444444443,inf,19.444444444444443,19.444444444444443,19.444444444444443,0.0,-327.1402732941664,505.6730654697678
1764.0,99.7789495483694,19.444444444444443,inf,19.444444444444443,19.444444444444443,19.444444444444443,0.0,-328.1302657907669,505.81418547782766
1765.0,99.83037811979797,19.444444444444443,inf,19.444444444444443,19.444444444444443,19.444444444444443,0.0,-329.1202582873673,505.9553054858875
1766.0,99.88180669122654,19.444444444444443,inf,19.444444444444443,19.444444444444443,19.444444444444443,0.0,-330.1102507839678,506.0964254939474
1767.0,99.93323526265512,19.444444444444443,inf,19.444444444444443,19.444444444444443,19.444444444444443,0.0,-331.1002432805682,506.23754550200726
1768.0,99.98466383408369,19.444444444444443,inf,19.444444444444443,19.444444444444443,19.444444444444443,0.0,-332.0902357771687,506.3786655100671
1769.0,100.03609240551226,19.444444444444443,inf,19.444444444444443,19.444444444444443,19.444444444444443,0.0,-333.0802282737691,506.519785518127
1770.0,100.08752097694084,19.444444444444443,inf,19.444444444444443,19.444444444444443,19.444444444444443,0.0,-334.0702207703695,506.66090552618687
1771.0,100.13894954836941,19.444444444444443,inf,19.444444444444443,19.444444444444443,19.444444444444443,0.0,-335.06021326697,506.8020255342467
1772.0,100.19037811979798,19.444444444444443,inf,19.444444444444443,19.444444444444443,19.444444444444443,0.0,-336.0502057635704,506.9431455423066
1773.0,100.24180669122656,19.444444444444443,inf,19.444444444444443,19.444444444444443,19.444444444444443,0.0,-337.0401982601709,507.08426555036647
1774.0,100.29323526265513,19.444444444444443,inf,19.444444444444443,19.444444444444443,19.444444444444443,0.0,-338.0301907567713,507.2253855584263
1775.0,100.3446638340837,19.444444444444443,inf,19.444444444444443,19.444444444444443,19.444444444444443,0.0,-339.0201832533718,507.3665055664862
1776.0,100.39609240551228,19.444444444444443,inf,19.444444444444443,19.444444444444443,19.444444444444443,0.0,-340.0101757499722,507.50762557454607
1777.0,100.44752097694085,19.444444444444443,inf,19.444444444444443,19.444444444444443,19.444444444444443,0.0,-341.0001682465727,507.6487455826059
1778.0,100.49894954836942,19.444444444444443,inf,19.444444444444443,19.444444444444443,19.444444444444443,0.0,-341.9901607431731,507.7898655906658
1779.0,100.550378119798,19.444444444444443,inf,19.444444444444443,19.444444444444443,19.444444444444443,0.0,-342.9801532397736,507.93098559872567
1780.0,100.60180669122657,19.444444444444443,inf,19.444444444444443,19.444444444444443,19.444444444444443,0.0,-343.970145736374,508.0721056067855
1781.0,100.65323526265514,19.444444444444443,inf,19.444444444444443,19.444444444444443,19.444444444444443,-2.592592592592524,-344.9601382329744,508.2132256148454
1782.0,100.70484138017474,19.310650806430665,inf,19.444444444444443,19.444444444444443,19.310650806430665,-5.000000000000028,-345.9501307295749,508.35434562290527
1783.0,100.75697818415485,19.049966786530135,inf,19.444444444444443,19.444444444444443,19.049966786530135,-4.999999999999972,-346.9401232261753,508.4954656309651
1784.0,100.80983840797784,18.785665667415177,inf,19.444444444444443,19.444444444444443,18.785665667415177,-5.000000000000028,-347.9301157227758,508.636585639025
1785.0,100.86345302757222,18.517592569443288,inf,19.444444444444443,19.444444444444443,18.517592569443288,-5.0,-348.9201082193762,508.7777056470849
1786.0,100.91785529465317,18.245581234038593,inf,19.444444444444443,19.444444444444443,18.245581234038593,-5.0,-349.9101007159767,508.9188256551447
1787.0,100.97308097791891,17.969452817709872,inf,19.444444444444443,19.444444444444443,17.969452817709872,-5.000000000000028,-350.9000932125771,509.0599456632046
1788.0,101.02916863814418,17.689014516583484,inf,19.444444444444443,19.444444444444443,17.689014516583484,-4.999999999999972,-351.8900857091776,509.2010656712645
1789.0,101.08615994318153,17.404057991396755,inf,19.444444444444443,19.444444444444443,17.404057991396755,-5.0,-352.880078205778,509.3421856793243
1790.0,101.14410003018324,17.114357556388182,inf,19.444444444444443,19.444444444444443,17.114357556388182,-5.0,-353.8700707023785,509.4833056873842
1791.0,101.20303792399515,16.819668087328633,inf,19.444444444444443,19.444444444444443,16.819668087328633,-5.0,-354.8600631989789,509.6244256954441
1792.0,101.26302702275055,16.519722593551663,inf,19.444444444444443,19.444444444444443,16.519722593551663,-5.0,-355.8500556955793,509.7655457035039
1793.0,101.32412566434677,16.214229385570604,inf,19.444444444444443,19.444444444444443,16.214229385570604,-5.000000000000014,-356.8400481921798,509.9066657115638
1794.0,101.38639779090643,15.902868752772289,inf,19.444444444444443,19.444444444444443,15.902868752772289,-5.0,-357.8300406887802,510.0477857196237
1795.0,101.44991373277077,15.585289043450597,inf,19.444444444444443,19.444444444444443,15.585289043450597,-5.000000000000014,-358.8200331853807,510.1889057276835
1796.0,101.51475113940666,15.26110201027112,inf,19.444444444444443,19.444444444444443,15.26110201027112,-5.0,-359.8100256819811,510.3300257357434
1797.0,101.58099609234613,14.929877245573763,inf,19.444444444444443,19.444444444444443,14.929877245573763,-4.999999999999986,-360.8000181785816,510.4711457438033
1798.0,101.6487444456515,14.591135479046901,inf,19.444444444444443,19.444444444444443,14.591135479046901,-5.0,-361.790010675182,510.6122657518631
1799.0,101.71810345347997,14.244340439904589,inf,19.444444444444443,19.444444444444443,14.244340439904589,-5.0,-362.7800031717825,510.753385759923
1800.0,101.78919376368312,13.88888888888889,inf,19.444444444444443,19.444444444444443,13.88888888888889,0.0,-363.7699956683829,510.8945057679829
1801.0,101.86119376368312,13.88888888888889,34.64101615137755,13.88888888888889,13.88888888888889,13.88888888888889,0.0,-364.76016353365964,511.03438813906655
1802.0,101.93319376368312,13.88888888888889,34.64101615137755,13.88888888888889,13.88888888888889,13.88888888888889,0.0,-365.75067801022686,511.17179465593347
1803.0,102.00519376368312,13.88888888888889,34.64101615137755,13.88888888888889,13.88888888888889,13.88888888888889,0.0,-366.7415329073723,511.3067244597932
1804.0,102.07719376368313,13.88888888888889,34.64101615137755,13.88888888888889,13.88888888888889,13.88888888888889,0.0,-367.73272203225605,511.43917670733504
1805.0,102.14919376368313,13.88888888888889,34.64101615137755,13.88888888888889,13.88888888888889,13.88888888888889,0.0,-368.7242391899495,511.56915057073286
1806.0,102.22119376368313,13.88888888888889,34.64101615137755,13.88888888888889,13.88888888888889,13.88888888888889,0.0,-369.7160781834733,511.6966452376504
1807.0,102.29319376368313,13.88888888888889,34.64101615137755,13.88888888888889,13.88888888888889,13.88888888888889,0.0,-370.7082328138372,511.8216599112464
1808.0,102.36519376368314,13.88888888888889,34.64101615137755,13.88888888888889,13.88888888888889,13.88888888888889,0.0,-371.7006968800779,511.94419381017957
1809.0,102.43719376368314,13.88888888888889,34.64101615137755,13.88888888888889,13.88888888888889,13.88888888888889,0.0,-372.6934641792982,512.0642461686134
1810.0,102.50919376368314,13.88888888888889,34.64101615137755,13.88888888888889,13.88888888888889,13.88888888888889,0.0,-373.68652850670577,512.1818162362212
1811.0,102.58119376368315,13.88888888888889,34.64101615137755,13.88888888888889,13.88888888888889,13.88888888888889,0.0,-374.67988365565174,512.2969032781901
1812.0,102.65319376368315,13.88888888888889,34.64101615137755,13.88888888888889,13.88888888888889,13.88888888888889,0.0,-375.67352341766974,512.4095065752269
1813.0,102.72519376368315,13.88888888888889,34.64101615137755,13.88888888888889,13.88888888888889,13.88888888888889,0.0,-376.66744158251464,512.5196254235611
1814.0,102.79719376368315,13.88888888888889,34.64101615137755,13.88888888888889,13.88888888888889,13.88888888888889,0.0,-377.6616319382008,512.6272591349502
1815.0,102.86919376368316,13.88888888888889,34.64101615137755,13.88888888888889,13.88888888888889,13.88888888888889,0.0,-378.6560882710419,512.7324070366841
1816.0,102.94119376368316,13.88888888888889,34.64101615137755,13.88888888888889,13.88888888888889,13.88888888888889,0.0,-379.650804365689,512.8350684715886
1817.0,103.01319376368316,13.88888888888889,34.64101615137755,13.88888888888889,13.88888888888889,13.88888888888889,0.0,-380.6457740051699,512.9352427980299
1818.0,103.08519376368317,13.88888888888889,34.64101615137755,13.88888888888889,13.88888888888889,13.88888888888889,0.0,-381.64099097092753,513.032929389919
1819.0,103.15719376368317,13.88888888888889,34.64101615137755,13.88888888888889,13.88888888888889,13.88888888888889,0.0,-382.6364490428591,513.128127636715
1820.0,103.22919376368317,13.88888888888889,34.64101615137755,13.88888888888889,13.88888888888889,13.88888888888889,0.0,-383.6321419993549,513.2208369434292
1821.0,103.30119376368317,13.88888888888889,34.64101615137755,13.88888888888889,13.88888888888889,13.88888888888889,0.0,-384.6280636173373,513.3110567306287
1822.0,103.37319376368318,13.88888888888889,34.64101615137755,13.88888888888889,13.88888888888889,13.88888888888889,0.0,-385.62420767229924,513.39878643444
1823.0,103.44519376368318,13.88888888888889,34.64101615137755,13.88888888888889,13.88888888888889,13.88888888888889,0.0,-386.62056793834364,513.4840255065528
1824.0,103.51719376368318,13.88888888888889,34.64101615137755,13.88888888888889,13.88888888888889,13.88888888888889,0.0,-387.6171381882221,513.5667734142233
1825.0,103.58919376368318,13.88888888888889,34.64101615137755,13.88888888888889,13.88888888888889,13.88888888888889,0.0,-388.6139121933739,513.6470296402773
1826.0,103.66119376368319,13.88888888888889,34.64101615137755,13.88888888888889,13.88888888888889,13.88888888888889,0.0,-389.61088372396466,513.7247936831136
1827.0,103.73319376368319,13.88888888888889,34.64101615137755,13.88888888888889,13.88888888888889,13.88888888888889,0.0,-390.6080465489256,513.8000650567071
1828.0,103.80519376368319,13.88888888888889,34.64101615137755,13.88888888888889,13.88888888888889,13.88888888888889,0.0,-391.60539443599225,513.8728432906121
1829.0,103.8771937636832,13.88888888888889,34.64101615137755,13.88888888888889,13.88888888888889,13.88888888888889,0.0,-392.60292115174366,513.9431279299648
1830.0,103.9491937636832,13.88888888888889,34.64101615137755,13.88888888888889,13.88888888888889,13.88888888888889,0.0,-393.60062046164126,514.0109185354866
1831.0,104.0211937636832,13.88888888888889,34.64101615137755,13.88888888888889,13.88888888888889,13.88888888888889,0.0,-394.5984861300672,514.0762146834861
1832.0,104.0931937636832,13.88888888888889,34.64101615137755,13.88888888888889,13.88888888888889,13.88888888888889,0.0,-395.5965119203645,514.139015965863
1833.0,104.1651937636832,13.88888888888889,34.64101615137755,13.88888888888889,13.88888888888889,13.88888888888889,0.0,-396.59469159487526,514.1993219901092
1834.0,104.23719376368321,13.88888888888889,34.64101615137755,13.88888888888889,13.88888888888889,13.88888888888889,0.0,-397.59301891497967,514.2571323793122
1835.0,104.30919376368321,13.88888888888889,34.64101615137755,13.88888888888889,13.88888888888889,13.88888888888889,0.0,-398.59148764113536,514.3124467721575
1836.0,104.38119376368321,13.88888888888889,34.64101615137755,13.88888888888889,13.88888888888889,13.88888888888889,0.0,-399.5900915329159,514.3652648229302
1837.0,104.45319376368322,13.88888888888889,34.64101615137755,13.88888888888889,13.88888888888889,13.88888888888889,0.0,-400.58882434905036,514.4155862015176
1838.0,104.52519376368322,13.88888888888889,34.64101615137755,13.88888888888889,13.88888888888889,13.88888888888889,0.0,-401.5876798474619,514.4634105934113
1839.0,104.59719376368322,13.88888888888889,34.64101615137755,13.88888888888889,13.88888888888889,13.88888888888889,0.0,-402.58665178530674,514.5087376997091
1840.0,104.66919376368323,13.88888888888889,34.64101615137755,13.88888888888889,13.88888888888889,13.88888888888889,0.0,-403.5857339190136,514.5515672371165
1841.0,104.74119376368323,13.88888888888889,34.64101615137755,13.88888888888889,13.88888888888889,13.88888888888889,0.0,-404.5849200043223,514.5918989379493
1842.0,104.81319376368323,13.88888888888889,34.64101615137755,13.88888888888889,13.88888888888889,13.88888888888889,0.0,-405.58420379632327,514.6297325501342
1843.0,104.88519376368323,13.88888888888889,34.64101615137755,13.88888888888889,13.88888888888889,13.88888888888889,0.0,-406.58357904949594,514.6650678372116
1844.0,104.95719376368324,13.88888888888889,34.64101615137755,13.88888888888889,13.88888888888889,13.88888888888889,0.0,-407.5830395177482,514.6979045783359
1845.0,105.02919376368324,13.88888888888889,34.64101615137755,13.88888888888889,13.88888888888889,13.88888888888889,0.0,-408.58257895445547,514.7282425682774
1846.0,105.10119376368324,13.88888888888889,34.64101615137755,13.88888888888889,13.88888888888889,13.88888888888889,0.0,-409.58219111249963,514.7560816174241
1847.0,105.17319376368324,13.88888888888889,34.64101615137755,13.88888888888889,13.88888888888889,13.88888888888889,0.0,-410.5818697443076,514.7814215517818
1848.0,105.24519376368325,13.88888888888889,34.64101615137755,13.88888888888889,13.88888888888889,13.88888888888889,0.0,-411.5816086018914,514.804262212976
1849.0,105.31719376368325,13.88888888888889,34.64101615137755,13.88888888888889,13.88888888888889,13.88888888888889,0.0,-412.5814014368864,514.8246034582528
1850.0,105.38919376368325,13.88888888888889,34.64101615137755,13.88888888888889,13.88888888888889,13.88888888888889,0.0,-413.5812420005906,514.8424451604793
1851.0,105.46119376368326,13.88888888888889,34.64101615137755,13.88888888888889,13.88888888888889,13.88888888888889,0.0,-414.5811240440038,514.857787208145
1852.0,105.53319376368326,13.88888888888889,34.64101615137755,13.88888888888889,13.88888888888889,13.88888888888889,0.0,-415.58104131786644,514.8706295053622
1853.0,105.60519376368326,13.88888888888889,34.64101615137755,13.88888888888889,13.88888888888889,13.88888888888889,0.0,-416.58098757269886,514.8809719718666
1854.0,105.67719376368326,13.88888888888889,34.64101615137755,13.88888888888889,13.88888888888889,13.88888888888889,0.0,-417.58095655884017,514.8888145430177
1855.0,105.74919376368327,13.88888888888889,34.64101615137755,13.88888888888889,13.88888888888889,13.88888888888889,0.0,-418.5809420264876,514.8941571697994
1856.0,105.82119376368327,13.88888888888889,34.64101615137755,13.88888888888889,13.88888888888889,13.88888888888889,0.0,-419.580937725735,514.8969998188205
1857.0,105.89319376368327,13.88888888888889,34.64101615137755,13.88888888888889,13.88888888888889,13.88888888888889,0.0,-420.58093740661263,514.8973424723144
1858.0,105.96519376368327,13.88888888888889,34.64101615137755,13.88888888888889,13.88888888888889,13.88888888888889,0.0,-421.58093481912573,514.8951851281394
1859.0,106.03719376368328,13.88888888888889,34.64101615137755,13.88888888888889,13.88888888888889,13.88888888888889,0.0,-422.58092371329366,514.890527799779
1860.0,106.10919376368328,13.88888888888889,34.64101615137755,13.88888888888889,13.88888888888889,13.88888888888889,0.0,-423.5808978391892,514.8833705163415
1861.0,106.18119376368328,13.88888888888889,34.64101615137755,13.88888888888889,13.88888888888889,13.88888888888889,0.0,-424.58085094697725,514.8737133225599
1862.0,106.25319376368329,13.88888888888889,34.64101615137755,13.88888888888889,13.88888888888889,13.88888888888889,0.0,-425.5807767869542,514.8615562787915
1863.0,106.32519376368329,13.88888888888889,34.64101615137755,13.88888888888889,13.88888888888889,13.88888888888889,0.0,-426.5806691095869,514.8468994610178
1864.0,106.39719376368329,13.88888888888889,34.64101615137755,13.88888888888889,13.88888888888889,13.88888888888889,0.0,-427.58052166555126,514.829742960844
1865.0,106.4691937636833,13.88888888888889,34.64101615137755,13.88888888888889,13.88888888888889,13.88888888888889,0.0,-428.58032820577233,514.8100868854982
1866.0,106.5411937636833,13.88888888888889,34.64101615137755,13.88888888888889,13.88888888888889,13.88888888888889,0.0,-429.58008248146234,514.7879313578306
1867.0,106.6131937636833,13.88888888888889,34.64101615137755,13.88888888888889,13.88888888888889,13.88888888888889,0.0,-430.5797782441604,514.7632765163133
1868.0,106.6851937636833,13.88888888888889,34.64101615137755,13.88888888888889,13.88888888888889,13.88888888888889,0.0,-431.5794092457713,514.736122515039
1869.0,106.7571937636833,13.88888888888889,34.64101615137755,13.88888888888889,13.88888888888889,13.88888888888889,0.0,-432.5789692386044,514.7064695237201
1870.0,106.8291937636833,13.88888888888889,34.64101615137755,13.88888888888889,13.88888888888889,13.88888888888889,0.0,-433.57845197541315,514.6743177276877
1871.0,106.90119376368331,13.88888888888889,34.64101615137755,13.88888888888889,13.88888888888889,13.88888888888889,0.0,-434.57785120943373,514.6396673278904
1872.0,106.97319376368331,13.88888888888889,34.64101615137755,13.88888888888889,13.88888888888889,13.88888888888889,0.0,-435.5771606944239,514.6025185408931
1873.0,107.04519376368332,13.88888888888889,34.64101615137755,13.88888888888889,13.88888888888889,13.88888888888889,0.0,-436.57637418470284,514.5628715988755
1874.0,107.11719376368332,13.88888888888889,34.64101615137755,13.88888888888889,13.88888888888889,13.88888888888889,0.0,-437.5754854351894,514.5207267496311
1875.0,107.18919376368332,13.88888888888889,34.64101615137755,13.88888888888889,13.88888888888889,13.88888888888889,0.0,-438.5744882014416,514.4760842565647
1876.0,107.26119376368332,13.88888888888889,34.64101615137755,13.88888888888889,13.88888888888889,13.88888888888889,0.0,-439.57337623969545,514.4289443986921
1877.0,107.33319376368333,13.88888888888889,34.64101615137755,13.88888888888889,13.88888888888889,13.88888888888889,0.0,-440.5721433069038,514.3793074706372
1878.0,107.40519376368333,13.88888888888889,34.64101615137755,13.88888888888889,13.88888888888889,13.88888888888889,0.0,-441.5707831607758,514.3271737826304
1879.0,107.47719376368333,13.88888888888889,34.64101615137755,13.88888888888889,13.88888888888889,13.88888888888889,0.0,-442.5692895598157,514.2725436605074
1880.0,107.54919376368333,13.88888888888889,34.64101615137755,13.88888888888889,13.88888888888889,13.88888888888889,0.0,-443.5676562633618,514.215417445706
1881.0,107.62119376368334,13.88888888888889,34.64101615137755,13.88888888888889,13.88888888888889,13.88888888888889,0.0,-444.5658770316252,514.1557954952649
1882.0,107.69319376368334,13.88888888888889,34.64101615137755,13.88888888888889,13.88888888888889,13.88888888888889,0.0,-445.56394562572945,514.0936781818212
1883.0,107.76519376368334,13.88888888888889,34.64101615137755,13.88888888888889,13.88888888888889,13.88888888888889,0.0,-446.5618558077491,514.029065893608
1884.0,107.83719376368335,13.88888888888889,34.64101615137755,13.88888888888889,13.88888888888889,13.88888888888889,0.0,-447.5596013407489,513.9619590344518
1885.0,107.90919376368335,13.88888888888889,34.64101615137755,13.88888888888889,13.88888888888889,13.88888888888889,0.0,-448.5571759888223,513.89235802377
1886.0,107.98119376368335,13.88888888888889,34.64101615137755,13.88888888888889,13.88888888888889,13.88888888888889,0.0,-449.55457351713113,513.8202632965691
1887.0,108.05319376368335,13.88888888888889,34.64101615137755,13.88888888888889,13.88888888888889,13.88888888888889,0.0,-450.551787691944,513.7456753034406
1888.0,108.12519376368336,13.88888888888889,34.64101615137755,13.88888888888889,13.88888888888889,13.88888888888889,0.0,-451.54881228067586,513.6685945105595
1889.0,108.19719376368336,13.88888888888889,34.64101615137755,13.88888888888889,13.88888888888889,13.88888888888889,0.0,-452.5456410519258,513.5890213996802
1890.0,108.26919376368336,13.88888888888889,34.64101615137755,13.88888888888889,13.88888888888889,13.88888888888889,0.0,-453.54226777551753,513.5069564681346
1891.0,108.34119376368336,13.88888888888889,34.64101615137755,13.88888888888889,13.88888888888889,13.88888888888889,0.0,-454.5386862225372,513.4224002288281
1892.0,108.41319376368337,13.88888888888889,34.64101615137755,13.88888888888889,13.88888888888889,13.88888888888889,0.0,-455.5348901653728,513.335353210237
1893.0,108.48519376368337,13.88888888888889,34.64101615137755,13.88888888888889,13.88888888888889,13.88888888888889,0.0,-456.53087337775287,513.2458159564051
1894.0,108.55719376368337,13.88888888888889,34.64101615137755,13.88888888888889,13.88888888888889,13.88888888888889,0.0,-457.52662963478565,513.1537890269394
1895.0,108.62919376368338,13.88888888888889,34.64101615137755,13.88888888888889,13.88888888888889,13.88888888888889,0.0,-458.5221527129977,513.0592729970084
1896.0,108.70119376368338,13.88888888888889,34.64101615137755,13.88888888888889,13.88888888888889,13.88888888888889,0.0,-459.51743639037323,512.9622684573369
1897.0,108.77319376368338,13.88888888888889,34.64101615137755,13.88888888888889,13.88888888888889,13.88888888888889,0.0,-460.51247444639216,512.8627760142027
1898.0,108.84519376368338,13.88888888888889,34.64101615137755,13.88888888888889,13.88888888888889,13.88888888888889,0.0,-461.50726066207005,512.7607962894335
1899.0,108.91719376368339,13.88888888888889,34.64101615137755,13.88888888888889,13.88888888888889,13.88888888888889,0.0,-462.5017888199963,512.6563299204022
1900.0,108.98919376368339,13.88888888888889,34.64101615137755,13.88888888888889,13.88888888888889,13.88888888888889,0.0,-463.49605270437314,512.5493775600232
1901.0,109.06119376368339,13.88888888888889,34.64101615137755,13.88888888888889,13.88888888888889,13.88888888888889,0.0,-464.4900461010545,512.4399398767484
1902.0,109.1331937636834,13.88888888888889,34.64101615137755,13.88888888888889,13.88888888888889,13.88888888888889,0.0,-465.4837627975849,512.3280175545631
1903.0,109.2051937636834,13.88888888888889,34.64101615137755,13.88888888888889,13.88888888888889,13.88888888888889,0.0,-466.4771965832383,512.2136112929813
1904.0,109.2771937636834,13.88888888888889,34.64101615137755,13.88888888888889,13.88888888888889,13.88888888888889,0.0,-467.47034124905673,512.0967218070418
1905.0,109.3491937636834,13.88888888888889,34.64101615137755,13.88888888888889,13.88888888888889,13.88888888888889,0.0,-468.46319058788936,511.9773498273035
1906.0,109.4211937636834,13.88888888888889,34.64101615137755,13.88888888888889,13.88888888888889,13.88888888888889,0.0,-469.4557383944308,511.85549609984093
1907.0,109.49319376368341,13.88888888888889,34.64101615137755,13.88888888888889,13.88888888888889,13.88888888888889,0.0,-470.44797846526063,511.7311613862395
1908.0,109.56519376368341,13.88888888888889,34.64101615137755,13.88888888888889,13.88888888888889,13.88888888888889,0.0,-471.43990459888164,511.6043464635907
1909.0,109.63719376368341,13.88888888888889,34.64101615137755,13.88888888888889,13.88888888888889,13.88888888888889,0.0,-472.4315105957587,511.47505212448743
1910.0,109.70919376368342,13.88888888888889,34.64101615137755,13.88888888888889,13.88888888888889,13.88888888888889,0.0,-473.4227902583576,511.34327917701887
1911.0,109.78119376368342,13.88888888888889,34.64101615137755,13.88888888888889,13.88888888888889,13.88888888888889,0.0,-474.41373739118364,511.20902844476547
1912.0,109.85319376368342,13.88888888888889,34.64101615137755,13.88888888888889,13.88888888888889,13.88888888888889,0.0,-475.4043458008207,511.07230076679394
1913.0,109.92519376368342,13.88888888888889,34.64101615137755,13.88888888888889,13.88888888888889,13.88888888888889,0.0,-476.39460929596896,510.93309699765183
1914.0,109.99719376368343,13.88888888888889,34.64101615137755,13.88888888888889,13.88888888888889,13.88888888888889,0.0,-477.3845216874852,510.79141800736215
1915.0,110.06919376368343,13.88888888888889,34.64101615137755,13.88888888888889,13.88888888888889,13.88888888888889,0.0,-478.3740767884199,510.6472646814182
1916.0,110.14119376368343,13.88888888888889,34.64101615137755,13.88888888888889,13.88888888888889,13.88888888888889,0.0,-479.3632684140572,510.5006379207778
1917.0,110.21319376368344,13.88888888888889,34.64101615137755,13.88888888888889,13.88888888888889,13.88888888888889,0.0,-480.3520903819524,510.35153864185776
1918.0,110.28519376368344,13.88888888888889,34.64101615137755,13.88888888888889,13.88888888888889,13.88888888888889,0.0,-481.34053651197166,510.19996777652807
1919.0,110.35719376368344,13.88888888888889,34.64101615137755,13.88888888888889,13.88888888888889,13.88888888888889,0.0,-482.32860062632966,510.04592627210604
1920.0,110.42919376368344,13.88888888888889,34.64101615137755,13.88888888888889,13.88888888888889,13.88888888888889,0.0,-483.31627654962904,509.88941509135066
1921.0,110.50119376368345,13.88888888888889,34.64101615137755,13.88888888888889,13.88888888888889,13.88888888888889,0.0,-484.30355810889864,509.73043521245626
1922.0,110.57319376368345,13.88888888888889,34.64101615137755,13.88888888888889,13.88888888888889,13.88888888888889,0.0,-485.2904391336316,509.56898762904666
1923.0,110.64519376368345,13.88888888888889,34.64101615137755,13.88888888888889,13.88888888888889,13.88888888888889,0.0,-486.27691345582485,509.4050733501686
1924.0,110.71719376368345,13.88888888888889,34.64101615137755,13.88888888888889,13.88888888888889,13.88888888888889,0.0,-487.2629749100171,509.2386934002859
1925.0,110.78919376368346,13.88888888888889,34.64101615137755,13.88888888888889,13.88888888888889,13.88888888888889,0.0,-488.2486173333275,509.0698488192727
1926.0,110.86119376368346,13.88888888888889,34.64101615137755,13.88888888888889,13.88888888888889,13.88888888888889,0.0,-489.2338345654941,508.89854066240696
1927.0,110.93319376368346,13.88888888888889,34.64101615137755,13.88888888888889,13.88888888888889,13.88888888888889,0.0,-490.21862044891236,508.72477000036423
1928.0,111.00519376368347,13.88888888888889,34.64101615137755,13.88888888888889,13.88888888888889,13.88888888888889,0.0,-491.2029688286738,508.5485379192105
1929.0,111.07719376368347,13.88888888888889,34.64101615137755,13.88888888888889,13.88888888888889,13.88888888888889,0.0,-492.1868735526042,508.36984552039576
1930.0,111.14919376368347,13.88888888888889,34.64101615137755,13.88888888888889,13.88888888888889,13.88888888888889,0.0,-493.17032847130247,508.1886939207469
1931.0,111.22119376368347,13.88888888888889,34.64101615137755,13.88888888888889,13.88888888888889,13.88888888888889,0.0,-494.1533274381781,508.00508425246085
1932.0,111.29319376368348,13.88888888888889,34.64101615137755,13.88888888888889,13.88888888888889,13.88888888888889,0.0,-495.135864309491,507.8190176630974
1933.0,111.36519376368348,13.88888888888889,34.64101615137755,13.88888888888889,13.88888888888889,13.88888888888889,0.0,-496.11793294438894,507.63049531557215
1934.0,111.43719376368348,13.88888888888889,34.64101615137755,13.88888888888889,13.88888888888889,13.88888888888889,0.0,-497.0995272049462,507.4395183881491
1935.0,111.50919376368348,13.88888888888889,34.64101615137755,13.88888888888889,13.88888888888889,13.88888888888889,0.0,-498.08064095620165,507.24608807443354
1936.0,111.58119376368349,13.88888888888889,34.64101615137755,13.88888888888889,13.88888888888889,13.88888888888889,0.0,-499.0612680661977,507.05020558336423
1937.0,111.65319376368349,13.88888888888889,34.64101615137755,13.88888888888889,13.88888888888889,13.88888888888889,0.0,-500.0414024060183,506.8518721392061
1938.0,111.72519376368349,13.88888888888889,34.64101615137755,13.88888888888889,13.88888888888889,13.88888888888889,0.0,-501.0210378498265,506.65108898154256
1939.0,111.7971937636835,13.88888888888889,34.64101615137755,13.88888888888889,13.88888888888889,13.88888888888889,0.0,-502.0001682749043,506.4478573652676
1940.0,111.8691937636835,13.88888888888889,34.64101615137755,13.88888888888889,13.88888888888889,13.88888888888889,0.0,-502.97878756168967,506.24217856057834
1941.0,111.9411937636835,13.88888888888889,34.64101615137755,13.88888888888889,13.88888888888889,13.88888888888889,0.0,-503.9568895938153,506.0340538529665
1942.0,112.0131937636835,13.88888888888889,34.64101615137755,13.88888888888889,13.88888888888889,13.88888888888889,0.0,-504.9344682581466,505.82348454321084
1943.0,112.0851937636835,13.88888888888889,34.64101615137755,13.88888888888889,13.88888888888889,13.88888888888889,0.0,-505.9115174448201,505.6104719473689
1944.0,112.15719376368351,13.88888888888889,34.64101615137755,13.88888888888889,13.88888888888889,13.88888888888889,0.0,-506.88803104728163,505.3950173967687
1945.0,112.22919376368351,13.88888888888889,34.64101615137755,13.88888888888889,13.88888888888889,13.88888888888889,0.0,-507.8640029623243,505.17712223800044
1946.0,112.30119376368351,13.88888888888889,34.64101615137755,13.88888888888889,13.88888888888889,13.88888888888889,0.0,-508.83942709012706,504.9567878329081
1947.0,112.37319376368352,13.88888888888889,34.64101615137755,13.88888888888889,13.88888888888889,13.88888888888889,0.0,-509.81429733429184,504.7340155585812
1948.0,112.44519376368352,13.88888888888889,34.64101615137755,13.88888888888889,13.88888888888889,13.88888888888889,0.0,-510.78860760188303,504.50880680734554
1949.0,112.51719376368352,13.88888888888889,34.64101615137755,13.88888888888889,13.88888888888889,13.88888888888889,0.0,-511.76235180346464,504.28116298675525
1950.0,112.58919376368353,13.88888888888889,34.64101615137755,13.88888888888889,13.88888888888889,13.88888888888889,0.0,-512.7355238531385,504.05108551958324
1951.0,112.66119376368353,13.88888888888889,34.64101615137755,13.88888888888889,13.88888888888889,13.88888888888889,0.0,-513.7081176685825,503.8185758438131
1952.0,112.73319376368353,13.88888888888889,34.64101615137755,13.88888888888889,13.88888888888889,13.88888888888889,0.0,-514.6801271710885,503.5836354126296
1953.0,112.80519376368353,13.88888888888889,34.64101615137755,13.88888888888889,13.88888888888889,13.88888888888889,0.0,-515.6515462856003,503.34626569440945
1954.0,112.87719376368354,13.88888888888889,34.64101615137755,13.88888888888889,13.88888888888889,13.88888888888889,0.0,-516.6223689407516,503.10646817271277
1955.0,112.94919376368354,13.88888888888889,34.64101615137755,13.88888888888889,13.88888888888889,13.88888888888889,0.0,-517.592589068904,502.86424434627327
1956.0,113.02119376368354,13.88888888888889,34.64101615137755,13.88888888888889,13.88888888888889,13.88888888888889,0.0,-518.5622006061845,502.61959572898905
1957.0,113.09319376368354,13.88888888888889,34.64101615137755,13.88888888888889,13.88888888888889,13.88888888888889,0.0,-519.5311974925246,502.37252384991325
1958.0,113.16519376368355,13.88888888888889,34.64101615137755,13.88888888888889,13.88888888888889,13.88888888888889,0.0,-520.4995736716967,502.12303025324417
1959.0,113.23719376368355,13.88888888888889,34.64101615137755,13.88888888888889,13.88888888888889,13.88888888888889,0.0,-521.4673230913528,501.8711164983161
1960.0,113.30919376368355,13.88888888888889,34.64101615137755,13.88888888888889,13.88888888888889,13.88888888888889,0.0,-522.4344397030623,501.61678415958914
1961.0,113.38119376368356,13.88888888888889,34.64101615137755,13.88888888888889,13.88888888888889,13.88888888888889,0.0,-523.4009174623494,501.36003482663955
1962.0,113.45319376368356,13.88888888888889,34.64101615137755,13.88888888888889,13.88888888888889,13.88888888888889,0.0,-524.3667503287315,501.10087010414986
1963.0,113.52519376368356,13.88888888888889,34.64101615137755,13.88888888888889,13.88888888888889,13.88888888888889,0.0,-525.331932265756,500.8392916118988
1964.0,113.59719376368356,13.88888888888889,34.64101615137755,13.88888888888889,13.88888888888889,13.88888888888889,0.0,-526.2964572410391,500.575300984751
1965.0,113.66919376368357,13.88888888888889,34.64101615137755,13.88888888888889,13.88888888888889,13.88888888888889,0.0,-527.2603192263028,500.30889987264703
1966.0,113.74119376368357,13.88888888888889,34.64101615137755,13.88888888888889,13.88888888888889,13.88888888888889,0.0,-528.2235121974129,500.040089940593
1967.0,113.81319376368357,13.88888888888889,34.64101615137755,13.88888888888889,13.88888888888889,13.88888888888889,0.0,-529.1860301344165,499.76887286865013
1968.0,113.88519376368357,13.88888888888889,34.64101615137755,13.88888888888889,13.88888888888889,13.88888888888889,0.0,-530.1478670215794,499.49525035192426
1969.0,113.95719376368358,13.88888888888889,34.64101615137755,13.88888888888889,13.88888888888889,13.88888888888889,0.0,-531.1090168474243,499.21922410055515
1970.0,114.02919376368358,13.88888888888889,34.64101615137755,13.88888888888889,13.88888888888889,13.88888888888889,0.0,-532.0694736047681,498.94079583970597
1971.0,114.10119376368358,13.88888888888889,34.64101615137755,13.88888888888889,13.88888888888889,13.88888888888889,0.0,-533.0292312907592,498.6599673095525
1972.0,114.17319376368359,13.88888888888889,34.64101615137755,13.88888888888889,13.88888888888889,13.88888888888889,0.0,-533.9882839069148,498.37674026527213
1973.0,114.24519376368359,13.88888888888889,34.64101615137755,13.88888888888889,13.88888888888889,13.88888888888889,0.0,-534.9466254591593,498.091116477033
1974.0,114.31719376368359,13.88888888888889,34.64101615137755,13.88888888888889,13.88888888888889,13.88888888888889,0.0,-535.9042499578615,497.8030977299827
1975.0,114.3891937636836,13.88888888888889,34.64101615137755,13.88888888888889,13.88888888888889,13.88888888888889,0.0,-536.8611514178709,497.51268582423774
1976.0,114.4611937636836,13.88888888888889,34.64101615137755,13.88888888888889,13.88888888888889,13.88888888888889,0.0,-537.8173238585568,497.2198825748713
1977.0,114.5331937636836,13.88888888888889,34.64101615137755,13.88888888888889,13.88888888888889,13.88888888888889,0.0,-538.7727613038444,496.92468981190285
1978.0,114.6051937636836,13.88888888888889,34.64101615137755,13.88888888888889,13.88888888888889,13.88888888888889,0.0,-539.7274577822529,496.62710938028624
1979.0,114.6771937636836,13.88888888888889,34.64101615137755,13.88888888888889,13.88888888888889,13.88888888888889,0.0,-540.6814073269325,496.32714313989817
1980.0,114.7491937636836,13.88888888888889,34.64101615137755,13.88888888888889,13.88888888888889,13.88888888888889,0.0,-541.6346039757016,496.0247929655266
1981.0,114.82119376368361,13.88888888888889,34.64101615137755,13.88888888888889,13.88888888888889,13.88888888888889,0.0,-542.5870417710839,495.7200607468592
1982.0,114.89319376368361,13.88888888888889,34.64101615137755,13.88888888888889,13.88888888888889,13.88888888888889,0.0,-543.5387147603466,495.4129483884714
1983.0,114.96519376368362,13.88888888888889,34.64101615137755,13.88888888888889,13.88888888888889,13.88888888888889,0.0,-544.4896169955365,495.10345780981436
1984.0,115.03719376368362,13.88888888888889,34.64101615137755,13.88888888888889,13.88888888888889,13.88888888888889,0.0,-545.4397425335178,494.7915909452032
1985.0,115.10919376368362,13.88888888888889,34.64101615137755,13.88888888888889,13.88888888888889,13.88888888888889,0.0,-546.389085436009,494.4773497438048
1986.0,115.18119376368362,13.88888888888889,34.64101615137755,13.88888888888889,13.88888888888889,13.88888888888889,0.0,-547.3376397696201,494.1607361696257
1987.0,115.25319376368363,13.88888888888889,34.64101615137755,13.88888888888889,13.88888888888889,13.88888888888889,0.0,-548.2853996058896,493.84175220149956
1988.0,115.32519376368363,13.88888888888889,34.64101615137755,13.88888888888889,13.88888888888889,13.88888888888889,0.0,-549.2323590213214,493.5203998330753
1989.0,115.39719376368363,13.88888888888889,34.64101615137755,13.88888888888889,13.88888888888889,13.88888888888889,0.0,-550.1785120974223,493.1966810728042
1990.0,115.46919376368363,13.88888888888889,34.64101615137755,13.88888888888889,13.88888888888889,13.88888888888889,0.0,-551.1238529207387,492.87059794392735
1991.0,115.54119376368364,13.88888888888889,34.64101615137755,13.88888888888889,13.88888888888889,13.88888888888889,0.0,-552.0683755828936,492.54215248446326
1992.0,115.61319376368364,13.88888888888889,34.64101615137755,13.88888888888889,13.88888888888889,13.88888888888889,0.0,-553.0120741806234,492.211346747195
1993.0,115.68519376368364,13.88888888888889,34.64101615137755,13.88888888888889,13.88888888888889,13.88888888888889,0.0,-553.9549428158149,491.8781827996574
1994.0,115.75719376368365,13.88888888888889,34.64101615137755,13.88888888888889,13.88888888888889,13.88888888888889,0.0,-554.8969755955422,491.542662724124
1995.0,115.82919376368365,13.88888888888889,34.64101615137755,13.88888888888889,13.88888888888889,13.88888888888889,0.0,-555.8381666321036,491.20478861759415
1996.0,115.90119376368365,13.88888888888889,34.64101615137755,13.88888888888889,13.88888888888889,13.88888888888889,0.0,-556.7785100430582,490.8645625917799
1997.0,115.97319376368365,13.88888888888889,34.64101615137755,13.88888888888889,13.88888888888889,13.88888888888889,0.0,-557.7179999512624,490.5219867730929
1998.0,116.04519376368366,13.88888888888889,34.64101615137755,13.88888888888889,13.88888888888889,13.88888888888889,0.0,-558.6566304849077,490.17706330263087
1999.0,116.11719376368366,13.88888888888889,34.64101615137755,13.88888888888889,13.88888888888889,13.88888888888889,0.0,-559.5943957775561,489.82979433616435
2000.0,116.18919376368366,13.88888888888889,34.64101615137755,13.88888888888889,13.88888888888889,13.88888888888889,0.0,-560.5312899681777,489.48018204412324
2001.0,116.26119376368366,13.88888888888889,34.64101615137755,13.88888888888889,13.88888888888889,13.88888888888889,0.0,-561.4673072011868,489.12822861158327
2002.0,116.33319376368367,13.88888888888889,34.64101615137755,13.88888888888889,13.88888888888889,13.88888888888889,0.0,-562.4024416264788,488.77393623825225
2003.0,116.40519376368367,13.88888888888889,34.64101615137755,13.88888888888889,13.88888888888889,13.88888888888889,0.0,-563.3366873994667,488.41730713845624
2004.0,116.47719376368367,13.88888888888889,34.64101615137755,13.88888888888889,13.88888888888889,13.88888888888889,0.0,-564.2700386811171,488.0583435411262
2005.0,116.54919376368368,13.88888888888889,34.64101615137755,13.88888888888889,13.88888888888889,13.88888888888889,0.0,-565.2024896379878,487.6970476897831
2006.0,116.62119376368368,13.88888888888889,34.64101615137755,13.88888888888889,13.88888888888889,13.88888888888889,0.0,-566.1340344422633,487.3334218425251
2007.0,116.69319376368368,13.88888888888889,34.64101615137755,13.88888888888889,13.88888888888889,13.88888888888889,0.0,-567.0646672717917,486.9674682720126
2008.0,116.76519376368368,13.88888888888889,34.64101615137755,13.88888888888889,13.88888888888889,13.88888888888889,0.0,-567.9943823101206,486.599189265454
2009.0,116.83719376368369,13.88888888888889,34.64101615137755,13.88888888888889,13.88888888888889,13.88888888888889,0.0,-568.9231737465342,486.2285871245921
2010.0,116.90919376368369,13.88888888888889,34.64101615137755,13.88888888888889,13.88888888888889,13.88888888888889,0.0,-569.851035776089,485.85566416568884
2011.0,116.98119376368369,13.88888888888889,34.64101615137755,13.88888888888889,13.88888888888889,13.88888888888889,0.0,-570.7779625996504,485.48042271951175
2012.0,117.0531937636837,13.88888888888889,34.64101615137755,13.88888888888889,13.88888888888889,13.88888888888889,0.0,-571.703948423929,485.1028651313185
2013.0,117.1251937636837,13.88888888888889,34.64101615137755,13.88888888888889,13.88888888888889,13.88888888888889,0.0,-572.6289874615156,484.7229937608429
2014.0,117.1971937636837,13.88888888888889,34.64101615137755,13.88888888888889,13.88888888888889,13.88888888888889,0.0,-573.5530739309203,484.3408109822795
2015.0,117.2691937636837,13.88888888888889,34.64101615137755,13.88888888888889,13.88888888888889,13.88888888888889,0.0,-574.476202056605,483.9563191842698
2016.0,117.3411937636837,13.88888888888889,34.64101615137755,13.88888888888889,13.88888888888889,13.88888888888889,0.0,-575.3983660690219,483.5695207698861
2017.0,117.41319376368371,13.88888888888889,34.64101615137755,13.88888888888889,13.88888888888889,13.88888888888889,0.0,-576.3195602046492,483.1804181566171
2018.0,117.48519376368371,13.88888888888889,34.64101615137755,13.88888888888889,13.88888888888889,13.88888888888889,0.0,-577.2397787060263,482.78901377635316
2019.0,117.55719376368371,13.88888888888889,34.64101615137755,13.88888888888889,13.88888888888889,13.88888888888889,0.0,-578.1590158217908,482.3953100753702
2020.0,117.62919376368372,13.88888888888889,34.64101615137755,13.88888888888889,13.88888888888889,13.88888888888889,0.0,-579.0772658067137,481.9993095143151
2021.0,117.70119376368372,13.88888888888889,34.64101615137755,13.88888888888889,13.88888888888889,13.88888888888889,0.0,-579.9945229217356,481.60101456818995
2022.0,117.77319376368372,13.88888888888889,34.64101615137755,13.88888888888889,13.88888888888889,13.88888888888889,0.0,-580.9107814340023,481.2004277263372
2023.0,117.84519376368372,13.88888888888889,34.64101615137755,13.88888888888889,13.88888888888889,13.88888888888889,0.0,-581.8260356169011,480.797551492423
2024.0,117.91719376368373,13.88888888888889,34.64101615137755,13.88888888888889,13.88888888888889,13.88888888888889,0.0,-582.7402797500965,480.3923883844226
2025.0,117.98919376368373,13.88888888888889,34.64101615137755,13.88888888888889,13.88888888888889,13.88888888888889,0.0,-583.6535081195656,479.9849409346041
2026.0,118.06119376368373,13.88888888888889,34.64101615137755,13.88888888888889,13.88888888888889,13.88888888888889,0.0,-584.5657150176339,479.57521168951274
2027.0,118.13319376368374,13.88888888888889,34.64101615137755,13.88888888888889,13.88888888888889,13.88888888888889,0.0,-585.4768947430116,479.163203209955
2028.0,118.20519376368374,13.88888888888889,34.64101615137755,13.88888888888889,13.88888888888889,13.88888888888889,0.0,-586.3870416008283,478.7489180709824
2029.0,118.27719376368374,13.88888888888889,34.64101615137755,13.88888888888889,13.88888888888889,13.88888888888889,0.0,-587.2961499026686,478.332358861876
2030.0,118.34919376368374,13.88888888888889,34.64101615137755,13.88888888888889,13.88888888888889,13.88888888888889,0.0,-588.2042139666094,477.91352818612916
2031.0,118.42119376368375,13.88888888888889,34.64101615137755,13.88888888888889,13.88888888888889,13.88888888888889,0.0,-589.1112281172525,477.49242866143254
2032.0,118.49319376368375,13.88888888888889,34.64101615137755,13.88888888888889,13.88888888888889,13.88888888888889,0.0,-590.0171866857628,477.0690629196566
2033.0,118.56519376368375,13.88888888888889,34.64101615137755,13.88888888888889,13.88888888888889,13.88888888888889,0.0,-590.9220840099022,476.64343360683586
2034.0,118.63719376368375,13.88888888888889,34.64101615137755,13.88888888888889,13.88888888888889,13.88888888888889,0.0,-591.8259144340651,476.21554338315224
2035.0,118.70919376368376,13.88888888888889,34.64101615137755,13.88888888888889,13.88888888888889,13.88888888888889,0.0,-592.7286723093147,475.78539492291816
2036.0,118.78119376368376,13.88888888888889,34.64101615137755,13.88888888888889,13.88888888888889,13.88888888888889,0.0,-593.6303519934169,475.3529909145601
2037.0,118.85319376368376,13.88888888888889,34.64101615137755,13.88888888888889,13.88888888888889,13.88888888888889,0.0,-594.5309478508768,474.9183340606017
2038.0,118.92519376368377,13.88888888888889,34.64101615137755,13.88888888888889,13.88888888888889,13.88888888888889,0.0,-595.4304542529728,474.481427077647
2039.0,118.99719376368377,13.88888888888889,34.64101615137755,13.88888888888889,13.88888888888889,13.88888888888889,0.0,-596.3288655777936,474.04227269636306
2040.0,119.06919376368377,13.88888888888889,34.64101615137755,13.88888888888889,13.88888888888889,13.88888888888889,0.0,-597.2261762102708,473.60087366146354
2041.0,119.14119376368377,13.88888888888889,34.64101615137755,13.88888888888889,13.88888888888889,13.88888888888889,0.0,-598.1223805422158,473.1572327316907
2042.0,119.21319376368378,13.88888888888889,34.64101615137755,13.88888888888889,13.88888888888889,13.88888888888889,0.0,-599.0174729723547,472.7113526797991
2043.0,119.28519376368378,13.88888888888889,34.64101615137755,13.88888888888889,13.88888888888889,13.88888888888889,0.0,-599.9114479063626,472.2632362925376
2044.0,119.35719376368378,13.88888888888889,34.64101615137755,13.88888888888889,13.88888888888889,13.88888888888889,0.0,-600.804299756899,471.8128863706321
2045.0,119.42919376368378,13.88888888888889,34.64101615137755,13.88888888888889,13.88888888888889,13.88888888888889,0.0,-601.6960229436429,471.36030572876814
2046.0,119.50119376368379,13.88888888888889,34.64101615137755,13.88888888888889,13.88888888888889,13.88888888888889,0.0,-602.5866118933275,470.9054971955732
2047.0,119.57319376368379,13.88888888888889,34.64101615137755,13.88888888888889,13.88888888888889,13.88888888888889,0.0,-603.4760610397742,470.44846361359924
2048.0,119.64519376368379,13.88888888888889,34.64101615137755,13.88888888888889,13.88888888888889,13.88888888888889,0.0,-604.364364823929,469.98920783930475
2049.0,119.7171937636838,13.88888888888889,34.64101615137755,13.88888888888889,13.88888888888889,13.88888888888889,0.0,-605.2515176938963,469.52773274303667
2050.0,119.7891937636838,13.88888888888889,34.64101615137755,13.88888888888889,13.88888888888889,13.88888888888889,0.0,-606.1375141049733,469.0640412090129
2051.0,119.8611937636838,13.88888888888889,34.64101615137755,13.88888888888889,13.88888888888889,13.88888888888889,0.0,-607.0223485196855,468.598136135304
2052.0,119.9331937636838,13.88888888888889,34.64101615137755,13.88888888888889,13.88888888888889,13.88888888888889,0.0,-607.9060154078206,468.13002043381516
2053.0,120.0051937636838,13.88888888888889,34.64101615137755,13.88888888888889,13.88888888888889,13.88888888888889,0.0,-608.7885092464636,467.6596970302679
2054.0,120.07719376368381,13.88888888888889,34.64101615137755,13.88888888888889,13.88888888888889,13.88888888888889,0.0,-609.6698245200304,467.18716886418224
2055.0,120.14919376368381,13.88888888888889,34.64101615137755,13.88888888888889,13.88888888888889,13.88888888888889,0.0,-610.5499557203041,466.7124388888574
2056.0,120.22119376368381,13.88888888888889,34.64101615137755,13.88888888888889,13.88888888888889,13.88888888888889,0.0,-611.4288973464669,466.2355100713543
2057.0,120.29319376368382,13.88888888888889,34.64101615137755,13.88888888888889,13.88888888888889,13.88888888888889,0.0,-612.3066439051369,465.7563853924765
2058.0,120.36519376368382,13.88888888888889,34.64101615137755,13.88888888888889,13.88888888888889,13.88888888888889,0.0,-613.1831899104009,465.27506784675165
2059.0,120.43719376368382,13.88888888888889,34.64101615137755,13.88888888888889,13.88888888888889,13.88888888888889,0.0,-614.058529883849,464.7915604424129
2060.0,120.50919376368383,13.88888888888889,34.64101615137755,13.88888888888889,13.88888888888889,13.88888888888889,0.0,-614.9326583546095,464.3058662013799
2061.0,120.58119376368383,13.88888888888889,34.64101615137755,13.88888888888889,13.88888888888889,13.88888888888889,0.0,-615.8055698593822,463.81798815924003
2062.0,120.65319376368383,13.88888888888889,34.64101615137755,13.88888888888889,13.88888888888889,13.88888888888889,0.0,-616.6772589424731,463.32792936522947
2063.0,120.72519376368383,13.88888888888889,34.64101615137755,13.88888888888889,13.88888888888889,13.88888888888889,0.0,-617.5477201558281,462.83569288221435
2064.0,120.79719376368384,13.88888888888889,34.64101615137755,13.88888888888889,13.88888888888889,13.88888888888889,0.0,-618.4169480590677,462.34128178667066
2065.0,120.86919376368384,13.88888888888889,34.64101615137755,13.88888888888889,13.88888888888889,13.88888888888889,0.0,-619.2849372195201,461.84469916866647
2066.0,120.94119376368384,13.88888888888889,34.64101615137755,13.88888888888889,13.88888888888889,13.88888888888889,0.0,-620.151682212256,461.3459481318414
2067.0,121.01319376368384,13.88888888888889,34.64101615137755,13.88888888888889,13.88888888888889,13.88888888888889,0.0,-621.0171776201219,460.84503179338776
2068.0,121.08519376368385,13.88888888888889,34.64101615137755,13.88888888888889,13.88888888888889,13.88888888888889,0.0,-621.8814180337744,460.34195328403115
2069.0,121.15719376368385,13.88888888888889,34.64101615137755,13.88888888888889,13.88888888888889,13.88888888888889,0.0,-622.7443980517137,459.83671574801053
2070.0,121.22919376368385,13.88888888888889,34.64101615137755,13.88888888888889,13.88888888888889,13.88888888888889,0.0,-623.6061122803176,459.32932234305895
2071.0,121.30119376368386,13.88888888888889,34.64101615137755,13.88888888888889,13.88888888888889,13.88888888888889,0.0,-624.466555333875,458.8197762403833
2072.0,121.37319376368386,13.88888888888889,34.64101615137755,13.88888888888889,13.88888888888889,13.88888888888889,0.0,-625.3257218346193,458.3080806246454
2073.0,121.44519376368386,13.88888888888889,34.64101615137755,13.88888888888889,13.88888888888889,13.88888888888889,0.0,-626.1836064127629,457.79423869394094
2074.0,121.51719376368386,13.88888888888889,34.64101615137755,13.88888888888889,13.88888888888889,13.88888888888889,0.0,-627.0402037065301,457.27825365978043
2075.0,121.58919376368387,13.88888888888889,34.64101615137755,13.88888888888889,13.88888888888889,13.88888888888889,0.0,-627.8955083621902,456.7601287470686
2076.0,121.66119376368387,13.88888888888889,34.64101615137755,13.88888888888889,13.88888888888889,13.88888888888889,0.0,-628.7495150340924,456.2398671940845
2077.0,121.73319376368387,13.88888888888889,34.64101615137755,13.88888888888889,13.88888888888889,13.88888888888889,0.0,-629.6022183846974,455.7174722524611
2078.0,121.80519376368387,13.88888888888889,34.64101615137755,13.88888888888889,13.88888888888889,13.88888888888889,0.0,-630.4536130846124,455.19294718716503
2079.0,121.87719376368388,13.88888888888889,34.64101615137755,13.88888888888889,13.88888888888889,13.88888888888889,0.0,-631.3036938126227,454.66629527647655
2080.0,121.94919376368388,13.88888888888889,34.64101615137755,13.88888888888889,13.88888888888889,13.88888888888889,0.0,-632.1524552557271,454.13751981196793
2081.0,122.02119376368388,13.88888888888889,34.64101615137755,13.88888888888889,13.88888888888889,13.88888888888889,0.0,-632.999892109169,453.6066240984844
2082.0,122.09319376368389,13.88888888888889,34.64101615137755,13.88888888888889,13.88888888888889,13.88888888888889,0.0,-633.845999076471,453.07361145412244
2083.0,122.16519376368389,13.88888888888889,34.64101615137755,13.88888888888889,13.88888888888889,13.88888888888889,0.0,-634.6907708694673,452.5384852102092
2084.0,122.23719376368389,13.88888888888889,34.64101615137755,13.88888888888889,13.88888888888889,13.88888888888889,0.0,-635.5342022083369,452.00124871128213
2085.0,122.3091937636839,13.88888888888889,34.64101615137755,13.88888888888889,13.88888888888889,13.88888888888889,0.0,-636.3762878216365,451.46190531506744
2086.0,122.3811937636839,13.88888888888889,34.64101615137755,13.88888888888889,13.88888888888889,13.88888888888889,0.0,-637.2170224463341,450.9204583924597
2087.0,122.4531937636839,13.88888888888889,34.64101615137755,13.88888888888889,13.88888888888889,13.88888888888889,0.0,-638.0564008278409,450.37691132750024
2088.0,122.5251937636839,13.88888888888889,34.64101615137755,13.88888888888889,13.88888888888889,13.88888888888889,0.0,-638.8944177200444,449.8312675173568
2089.0,122.5971937636839,13.88888888888889,34.64101615137755,13.88888888888889,13.88888888888889,13.88888888888889,0.0,-639.7310678853426,449.283530372301
2090.0,122.66919376368391,13.88888888888889,34.64101615137755,13.88888888888889,13.88888888888889,13.88888888888889,0.0,-640.5663460946737,448.73370331568856
2091.0,122.74119376368391,13.88888888888889,34.64101615137755,13.88888888888889,13.88888888888889,13.88888888888889,0.0,-641.4002471275523,448.1817897839366
2092.0,122.81319376368391,13.88888888888889,34.64101615137755,13.88888888888889,13.88888888888889,13.88888888888889,0.0,-642.2327657720994,447.62779322650294
2093.0,122.88519376368392,13.88888888888889,34.64101615137755,13.88888888888889,13.88888888888889,13.88888888888889,0.0,-643.063896825076,447.0717171058643
2094.0,122.95719376368392,13.88888888888889,34.64101615137755,13.88888888888889,13.88888888888889,13.88888888888889,0.0,-643.8936350919162,446.51356489749463
2095.0,123.02919376368392,13.88888888888889,34.64101615137755,13.88888888888889,13.88888888888889,13.88888888888889,0.0,-644.721975386758,445.9533400898433
2096.0,123.10119376368392,13.88888888888889,34.64101615137755,13.88888888888889,13.88888888888889,13.88888888888889,0.0,-645.5489125324777,445.3910461843136
2097.0,123.17319376368393,13.88888888888889,34.64101615137755,13.88888888888889,13.88888888888889,13.88888888888889,0.0,-646.3744413607208,444.82668669524065
2098.0,123.24519376368393,13.88888888888889,34.64101615137755,13.88888888888889,13.88888888888889,13.88888888888889,0.0,-647.1985567119343,444.2602651498694
2099.0,123.31719376368393,13.88888888888889,34.64101615137755,13.88888888888889,13.88888888888889,13.88888888888889,0.0,-648.0212534354005,443.69178508833267
2100.0,123.38919376368393,13.88888888888889,34.64101615137755,13.88888888888889,13.88888888888889,13.88888888888889,0.0,-648.8425263892673,443.121250063629
2101.0,123.46119376368394,13.88888888888889,34.64101615137755,13.88888888888889,13.88888888888889,13.88888888888889,0.0,-649.6623704405814,442.5486636416004
2102.0,123.53319376368394,13.88888888888889,34.64101615137755,13.88888888888889,13.88888888888889,13.88888888888889,0.0,-650.4807804653203,441.9740294009101
2103.0,123.60519376368394,13.88888888888889,34.64101615137755,13.88888888888889,13.88888888888889,13.88888888888889,0.0,-651.2977513484241,441.39735093302033
2104.0,123.67719376368395,13.88888888888889,34.64101615137755,13.88888888888889,13.88888888888889,13.88888888888889,0.0,-652.113277983827,440.81863184216974
2105.0,123.74919376368395,13.88888888888889,34.64101615137755,13.88888888888889,13.88888888888889,13.88888888888889,0.0,-652.9273552744905,440.2378757453504
2106.0,123.82119376368395,13.88888888888889,34.64101615137755,13.88888888888889,13.88888888888889,13.88888888888889,0.0,-653.7399781324341,439.6550862722863
2107.0,123.89319376368395,13.88888888888889,34.64101615137755,13.88888888888889,13.88888888888889,13.88888888888889,0.0,-654.5511414787677,439.07026706540984
2108.0,123.96519376368396,13.88888888888889,34.64101615137755,13.88888888888889,13.88888888888889,13.88888888888889,0.0,-655.3608402437228,438.4834217798389
2109.0,124.03719376368396,13.88888888888889,34.64101615137755,13.88888888888889,13.88888888888889,13.88888888888889,0.0,-656.1690693666851,437.8945540833548
2110.0,124.10919376368396,13.88888888888889,34.64101615137755,13.88888888888889,13.88888888888889,13.88888888888889,0.0,-656.9758237962249,437.3036676563786
2111.0,124.18119376368396,13.88888888888889,34.64101615137755,13.88888888888889,13.88888888888889,13.88888888888889,0.0,-657.7810984901296,436.7107661919486
2112.0,124.25319376368397,13.88888888888889,34.64101615137755,13.88888888888889,13.88888888888889,13.88888888888889,0.0,-658.5848884154354,436.11585339569694
2113.0,124.32519376368397,13.88888888888889,34.64101615137755,13.88888888888889,13.88888888888889,13.88888888888889,0.0,-659.3871885484574,435.51893298582695
2114.0,124.39719376368397,13.88888888888889,34.64101615137755,13.88888888888889,13.88888888888889,13.88888888888889,0.0,-660.1879938748227,434.9200086930888
2115.0,124.46919376368398,13.88888888888889,34.64101615137755,13.88888888888889,13.88888888888889,13.88888888888889,0.0,-660.9872993895005,434.31908426075773
2116.0,124.54119376368398,13.88888888888889,34.64101615137755,13.88888888888889,13.88888888888889,13.88888888888889,0.0,-661.785100096834,433.7161634446094
2117.0,124.61319376368398,13.88888888888889,34.64101615137755,13.88888888888889,13.88888888888889,13.88888888888889,0.0,-662.5813910105712,433.11125001289685
2118.0,124.68519376368398,13.88888888888889,34.64101615137755,13.88888888888889,13.88888888888889,13.88888888888889,0.0,-663.3761671538966,432.5043477463271
2119.0,124.75719376368399,13.88888888888889,34.64101615137755,13.88888888888889,13.88888888888889,13.88888888888889,0.0,-664.1694235594621,431.89546043803745
2120.0,124.82919376368399,13.88888888888889,34.64101615137755,13.88888888888889,13.88888888888889,13.88888888888889,0.0,-664.9611552694173,431.2845918935715
2121.0,124.90119376368399,13.88888888888889,34.64101615137755,13.88888888888889,13.88888888888889,13.88888888888889,0.0,-665.7513573354421,430.6717459308555
2122.0,124.973193763684,13.88888888888889,34.64101615137755,13.88888888888889,13.88888888888889,13.88888888888889,0.0,-666.5400248187757,430.05692638017496
2123.0,125.045193763684,13.88888888888889,34.64101615137755,13.88888888888889,13.88888888888889,13.88888888888889,0.0,-667.3271527902491,429.4401370841501
2124.0,125.117193763684,13.88888888888889,34.64101615137755,13.88888888888889,13.88888888888889,13.88888888888889,0.0,-668.1127363303151,428.82138189771183
2125.0,125.189193763684,13.88888888888889,34.64101615137755,13.88888888888889,13.88888888888889,13.88888888888889,0.0,-668.896770529079,428.2006646880782
2126.0,125.261193763684,13.88888888888889,34.64101615137755,13.88888888888889,13.88888888888889,13.88888888888889,0.0,-669.6792504863297,427.57798933472964
2127.0,125.33319376368401,13.88888888888889,34.64101615137755,13.88888888888889,13.88888888888889,13.88888888888889,0.0,-670.4601713115699,426.95335972938517
2128.0,125.40519376368401,13.88888888888889,34.64101615137755,13.88888888888889,13.88888888888889,13.88888888888889,0.0,-671.2395281240472,426.32677977597757
2129.0,125.47719376368401,13.88888888888889,34.64101615137755,13.88888888888889,13.88888888888889,13.88888888888889,0.0,-672.0173160527838,425.69825339063
2130.0,125.54919376368402,13.88888888888889,34.64101615137755,13.88888888888889,13.88888888888889,13.88888888888889,0.0,-672.7935302366079,425.0677845016297
2131.0,125.62119376368402,13.88888888888889,34.64101615137755,13.88888888888889,13.88888888888889,13.88888888888889,0.0,-673.5681658241833,424.4353770494057
2132.0,125.69319376368402,13.88888888888889,34.64101615137755,13.88888888888889,13.88888888888889,13.88888888888889,0.0,-674.3412179740401,423.8010349865022
2133.0,125.76519376368402,13.88888888888889,34.64101615137755,13.88888888888889,13.88888888888889,13.88888888888889,0.0,-675.1126818546047,423.16476227755516
2134.0,125.83719376368403,13.88888888888889,34.64101615137755,13.88888888888889,13.88888888888889,13.88888888888889,0.0,-675.8825526442306,422.5265628992669
2135.0,125.90919376368403,13.88888888888889,34.64101615137755,13.88888888888889,13.88888888888889,13.88888888888889,0.0,-676.6508255312278,421.8864408403815
2136.0,125.98119376368403,13.88888888888889,34.64101615137755,13.88888888888889,13.88888888888889,13.88888888888889,0.0,-677.4174957138932,421.24440010165966
2137.0,126.05319376368404,13.88888888888889,34.64101615137755,13.88888888888889,13.88888888888889,13.88888888888889,0.0,-678.182558400541,420.60044469585387
2138.0,126.12519376368404,13.88888888888889,34.64101615137755,13.88888888888889,13.88888888888889,13.88888888888889,0.0,-678.9460088095311,419.9545786476836
2139.0,126.19719376368404,13.88888888888889,34.64101615137755,13.88888888888889,13.88888888888889,13.88888888888889,0.0,-679.7078421693019,419.30680599380923
2140.0,126.26919376368404,13.88888888888889,34.64101615137755,13.88888888888889,13.88888888888889,13.88888888888889,0.0,-680.4680537183967,418.6571307828079
2141.0,126.34119376368405,13.88888888888889,34.64101615137755,13.88888888888889,13.88888888888889,13.88888888888889,0.0,-681.226638705496,418.0055570751475
2142.0,126.41319376368405,13.88888888888889,34.64101615137755,13.88888888888889,13.88888888888889,13.88888888888889,0.0,-681.9835923894461,417.3520889431616
2143.0,126.48519376368405,13.88888888888889,34.64101615137755,13.88888888888889,13.88888888888889,13.88888888888889,0.0,-682.738910039289,416.696730471024
2144.0,126.55719376368405,13.88888888888889,34.64101615137755,13.88888888888889,13.88888888888889,13.88888888888889,0.0,-683.4925869342917,416.0394857547228
2145.0,126.62919376368406,13.88888888888889,34.64101615137755,13.88888888888889,13.88888888888889,13.88888888888889,0.0,-684.2446183639763,415.3803589020356
2146.0,126.70119376368406,13.88888888888889,34.64101615137755,13.88888888888889,13.88888888888889,13.88888888888889,0.0,-684.9949996281487,414.71935403250274
2147.0,126.77319376368406,13.88888888888889,34.64101615137755,13.88888888888889,13.88888888888889,13.88888888888889,0.0,-685.7437260369281,414.05647527740285
2148.0,126.84519376368407,13.88888888888889,34.64101615137755,13.88888888888889,13.88888888888889,13.88888888888889,0.0,-686.4907929107774,413.39172677972584
2149.0,126.91719376368407,13.88888888888889,34.64101615137755,13.88888888888889,13.88888888888889,13.88888888888889,0.0,-687.2361955805309,412.7251126941477
2150.0,126.98919376368407,13.88888888888889,34.64101615137755,13.88888888888889,13.88888888888889,13.88888888888889,0.0,-687.9799293874241,412.0566371870042
2151.0,127.06119376368407,13.88888888888889,34.64101615137755,13.88888888888889,13.88888888888889,13.88888888888889,0.0,-688.7219896831235,411.38630443626516
2152.0,127.13319376368408,13.88888888888889,34.64101615137755,13.88888888888889,13.88888888888889,13.88888888888889,0.0,-689.4623718297544,410.7141186315081
2153.0,127.20519376368408,13.88888888888889,34.64101615137755,13.88888888888889,13.88888888888889,13.88888888888889,0.0,-690.2010711999311,410.04008397389197
2154.0,127.27719376368408,13.88888888888889,34.64101615137755,13.88888888888889,13.88888888888889,13.88888888888889,0.0,-690.9380831767844,409.3642046761315
2155.0,127.34919376368408,13.88888888888889,34.64101615137755,13.88888888888889,13.88888888888889,13.88888888888889,0.0,-691.6734031539925,408.6864849624697
2156.0,127.42119376368409,13.88888888888889,34.64101615137755,13.88888888888889,13.88888888888889,13.88888888888889,0.0,-692.4070265358074,408.0069290686529
2157.0,127.49319376368409,13.88888888888889,34.64101615137755,13.88888888888889,13.88888888888889,13.88888888888889,0.0,-693.1389487370856,407.3255412419031
2158.0,127.56519376368409,13.88888888888889,34.64101615137755,13.88888888888889,13.88888888888889,13.88888888888889,0.0,-693.8691651833157,406.642325740892
2159.0,127.6371937636841,13.88888888888889,34.64101615137755,13.88888888888889,13.88888888888889,13.88888888888889,0.0,-694.5976713106472,405.9572868357142
2160.0,127.7091937636841,13.88888888888889,34.64101615137755,13.88888888888889,13.88888888888889,13.88888888888889,0.0,-695.3244625659192,405.2704288078608
2161.0,127.7811937636841,13.88888888888889,34.64101615137755,13.88888888888889,13.88888888888889,13.88888888888889,0.0,-696.049534406689,404.581755950192
2162.0,127.8531937636841,13.88888888888889,34.64101615137755,13.88888888888889,13.88888888888889,13.88888888888889,0.0,-696.7728823012596,403.891272566911
2163.0,127.9251937636841,13.88888888888889,34.64101615137755,13.88888888888889,13.88888888888889,13.88888888888889,0.0,-697.4945017287091,403.198982973537
2164.0,127.99719376368411,13.88888888888889,34.64101615137755,13.88888888888889,13.88888888888889,13.88888888888889,0.0,-698.2143881789186,402.5048914968771
2165.0,128.0691937636841,13.88888888888889,34.64101615137755,13.88888888888889,13.88888888888889,13.88888888888889,0.0,-698.9325371525999,401.80900247500136
2166.0,128.1411937636841,13.88888888888889,34.64101615137755,13.88888888888889,13.88888888888889,13.88888888888889,0.0,-699.6489441613243,401.1113202572136
2167.0,128.2131937636841,13.88888888888889,34.64101615137755,13.88888888888889,13.88888888888889,13.88888888888889,0.0,-700.3636047275504,400.4118492040255
2168.0,128.2851937636841,13.88888888888889,34.64101615137755,13.88888888888889,13.88888888888889,13.88888888888889,0.0,-701.076514384652,399.7105936871288
2169.0,128.3571937636841,13.88888888888889,34.64101615137755,13.88888888888889,13.88888888888889,13.88888888888889,0.0,-701.7876686769459,399.0075580893682
2170.0,128.4291937636841,13.88888888888889,34.64101615137755,13.88888888888889,13.88888888888889,13.88888888888889,0.0,-702.4970631597203,398.30274680471393
2171.0,128.5011937636841,13.88888888888889,34.64101615137755,13.88888888888889,13.88888888888889,13.88888888888889,0.0,-703.2046933992622,397.5961642382341
2172.0,128.57319376368412,13.88888888888889,34.64101615137755,13.88888888888889,13.88888888888889,13.88888888888889,0.0,-703.9105549728843,396.88781480606775
2173.0,128.64519376368412,13.88888888888889,34.64101615137755,13.88888888888889,13.88888888888889,13.88888888888889,0.0,-704.6146434689542,396.1777029353963
2174.0,128.71719376368412,13.88888888888889,34.64101615137755,13.88888888888889,13.88888888888889,13.88888888888889,0.0,-705.3169544869215,395.46583306441676
2175.0,128.78919376368412,13.88888888888889,34.64101615137755,13.88888888888889,13.88888888888889,13.88888888888889,0.0,-706.0174836373444,394.75220964231335
2176.0,128.86119376368413,13.88888888888889,34.64101615137755,13.88888888888889,13.88888888888889,13.88888888888889,0.0,-706.716226541918,394.0368371292302
2177.0,128.93319376368413,13.88888888888889,34.64101615137755,13.88888888888889,13.88888888888889,13.88888888888889,0.0,-707.4131788335012,393.31971999624324
2178.0,129.00519376368413,13.88888888888889,34.64101615137755,13.88888888888889,13.88888888888889,13.88888888888889,0.0,-708.108336156145,392.60086272533204
2179.0,129.07719376368414,13.88888888888889,34.64101615137755,13.88888888888889,13.88888888888889,13.88888888888889,0.0,-708.8016941651177,391.88026980935257
2180.0,129.14919376368414,13.88888888888889,34.64101615137755,13.88888888888889,13.88888888888889,13.88888888888889,0.0,-709.4932485269346,391.1579457520077
2181.0,129.22119376368414,13.88888888888889,34.64101615137755,13.88888888888889,13.88888888888889,13.88888888888889,0.0,-710.1829949193828,390.4338950678209
2182.0,129.29319376368414,13.88888888888889,34.64101615137755,13.88888888888889,13.88888888888889,13.88888888888889,0.0,-710.8709290315498,389.7081222821064
2183.0,129.36519376368415,13.88888888888889,34.64101615137755,13.88888888888889,13.88888888888889,13.88888888888889,0.0,-711.5570465638496,388.98063193094174
2184.0,129.43719376368415,13.88888888888889,34.64101615137755,13.88888888888889,13.88888888888889,13.88888888888889,0.0,-712.2413432280496,388.2514285611392
2185.0,129.50919376368415,13.88888888888889,34.64101615137755,13.88888888888889,13.88888888888889,13.88888888888889,0.0,-712.9238147472983,387.5205167302176
2186.0,129.58119376368415,13.88888888888889,34.64101615137755,13.88888888888889,13.88888888888889,13.88888888888889,0.0,-713.6044568561506,386.7879010063734
2187.0,129.65319376368416,13.88888888888889,34.64101615137755,13.88888888888889,13.88888888888889,13.88888888888889,0.0,-714.2832653005958,386.05358596845235
2188.0,129.72519376368416,13.88888888888889,34.64101615137755,13.88888888888889,13.88888888888889,13.88888888888889,0.0,-714.960235838083,385.3175762059215
2189.0,129.79719376368416,13.88888888888889,34.64101615137755,13.88888888888889,13.88888888888889,13.88888888888889,0.0,-715.635364237549,384.57987631883896
2190.0,129.86919376368417,13.88888888888889,34.64101615137755,13.88888888888889,13.88888888888889,13.88888888888889,0.0,-716.308646279443,383.84049091782697
2191.0,129.94119376368417,13.88888888888889,34.64101615137755,13.88888888888889,13.88888888888889,13.88888888888889,0.0,-716.9800777557548,383.0994246240417
2192.0,130.01319376368417,13.88888888888889,34.64101615137755,13.88888888888889,13.88888888888889,13.88888888888889,0.0,-717.6496544700396,382.3566820691452
2193.0,130.08519376368417,13.88888888888889,34.64101615137755,13.88888888888889,13.88888888888889,13.88888888888889,0.0,-718.3173722374454,381.612267895276
2194.0,130.15719376368418,13.88888888888889,34.64101615137755,13.88888888888889,13.88888888888889,13.88888888888889,0.0,-718.983226884738,380.86618675502007
2195.0,130.22919376368418,13.88888888888889,34.64101615137755,13.88888888888889,13.88888888888889,13.88888888888889,0.0,-719.6472142503283,380.11844331138235
2196.0,130.30119376368418,13.88888888888889,34.64101615137755,13.88888888888889,13.88888888888889,13.88888888888889,0.0,-720.3093301842973,379.36904223775673
2197.0,130.37319376368418,13.88888888888889,34.64101615137755,13.88888888888889,13.88888888888889,13.88888888888889,0.0,-720.9695705484226,378.6179882178976
2198.0,130.4451937636842,13.88888888888889,34.64101615137755,13.88888888888889,13.88888888888889,13.88888888888889,0.0,-721.627931216204,377.8652859458902
2199.0,130.5171937636842,13.88888888888889,34.64101615137755,13.88888888888889,13.88888888888889,13.88888888888889,0.0,-722.2844080728896,377.1109401261212
2200.0,130.5891937636842,13.88888888888889,34.64101615137755,13.88888888888889,13.88888888888889,13.88888888888889,0.0,-722.9389970155012,376.3549554732495
2201.0,130.6611937636842,13.88888888888889,34.64101615137755,13.88888888888889,13.88888888888889,13.88888888888889,0.0,-723.5916939528595,375.59733671217685
2202.0,130.7331937636842,13.88888888888889,34.64101615137755,13.88888888888889,13.88888888888889,13.88888888888889,0.0,-724.2424948056116,374.8380885780177
2203.0,130.8051937636842,13.88888888888889,34.64101615137755,13.88888888888889,13.88888888888889,13.88888888888889,0.0,-724.8913955062541,374.07721581607063
2204.0,130.8771937636842,13.88888888888889,34.64101615137755,13.88888888888889,13.88888888888889,13.88888888888889,0.0,-725.5383919991591,373.31472318178817
2205.0,130.9491937636842,13.88888888888889,34.64101615137755,13.88888888888889,13.88888888888889,13.88888888888889,0.0,-726.1834802406013,372.55061544074636
2206.0,131.0211937636842,13.88888888888889,34.64101615137755,13.88888888888889,13.88888888888889,13.88888888888889,0.0,-726.8266561987812,371.7848973686163
2207.0,131.0931937636842,13.88888888888889,34.64101615137755,13.88888888888889,13.88888888888889,13.88888888888889,0.0,-727.4679158538506,371.0175737511338
2208.0,131.16519376368421,13.88888888888889,34.64101615137755,13.88888888888889,13.88888888888889,13.88888888888889,0.0,-728.1072551979394,370.24864938406853
2209.0,131.23719376368422,13.88888888888889,34.64101615137755,13.88888888888889,13.88888888888889,13.88888888888889,0.0,-728.7446702351785,369.47812907319513
2210.0,131.30919376368422,13.88888888888889,34.64101615137755,13.88888888888889,13.88888888888889,13.88888888888889,0.0,-729.3801569817261,368.7060176342633
2211.0,131.38119376368422,13.88888888888889,34.64101615137755,13.88888888888889,13.88888888888889,13.88888888888889,0.0,-730.0137114657919,367.93231989296726
2212.0,131.45319376368423,13.88888888888889,34.64101615137755,13.88888888888889,13.88888888888889,13.88888888888889,0.0,-730.6453297276627,367.1570406849148
2213.0,131.52519376368423,13.88888888888889,34.64101615137755,13.88888888888889,13.88888888888889,13.88888888888889,0.0,-731.275007819726,366.3801848555991
2214.0,131.59719376368423,13.88888888888889,34.64101615137755,13.88888888888889,13.88888888888889,13.88888888888889,0.0,-731.9027418064964,365.60175726036596
2215.0,131.66919376368423,13.88888888888889,34.64101615137755,13.88888888888889,13.88888888888889,13.88888888888889,0.0,-732.5285277646379,364.8217627643859
2216.0,131.74119376368424,13.88888888888889,34.64101615137755,13.88888888888889,13.88888888888889,13.88888888888889,0.0,-733.152361782991,364.0402062426213
2217.0,131.81319376368424,13.88888888888889,34.64101615137755,13.88888888888889,13.88888888888889,13.88888888888889,0.0,-733.7742399625944,363.25709257979827
2218.0,131.88519376368424,13.88888888888889,34.64101615137755,13.88888888888889,13.88888888888889,13.88888888888889,0.0,-734.3941584167117,362.4724266703749
2219.0,131.95719376368424,13.88888888888889,34.64101615137755,13.88888888888889,13.88888888888889,13.88888888888889,0.0,-735.0121132708549,361.6862134185101
2220.0,132.02919376368425,13.88888888888889,34.64101615137755,13.88888888888889,13.88888888888889,13.88888888888889,0.0,-735.6281006628078,360.8984577380345
2221.0,132.10119376368425,13.88888888888889,34.64101615137755,13.88888888888889,13.88888888888889,13.88888888888889,0.0,-736.2421167426514,360.1091645524181
2222.0,132.17319376368425,13.88888888888889,34.64101615137755,13.88888888888889,13.88888888888889,13.88888888888889,0.0,-736.8541576727871,359.31833879474135
2223.0,132.24519376368426,13.88888888888889,34.64101615137755,13.88888888888889,13.88888888888889,13.88888888888889,0.0,-737.4642196279614,358.525985407662
2224.0,132.31719376368426,13.88888888888889,34.64101615137755,13.88888888888889,13.88888888888889,13.88888888888889,0.0,-738.0722987952887,357.73210934338647
2225.0,132.38919376368426,13.88888888888889,34.64101615137755,13.88888888888889,13.88888888888889,13.88888888888889,0.0,-738.6783913742761,356.9367155636379
2226.0,132.46119376368426,13.88888888888889,34.64101615137755,13.88888888888889,13.88888888888889,13.88888888888889,0.0,-739.2824935768472,356.1398090396244
2227.0,132.53319376368427,13.88888888888889,34.64101615137755,13.88888888888889,13.88888888888889,13.88888888888889,0.0,-739.8846016273653,355.341394752009
2228.0,132.60519376368427,13.88888888888889,34.64101615137755,13.88888888888889,13.88888888888889,13.88888888888889,0.0,-740.4847117626568,354.5414776908787
2229.0,132.67719376368427,13.88888888888889,34.64101615137755,13.88888888888889,13.88888888888889,13.88888888888889,0.0,-741.0828202320354,353.7400628557127
2230.0,132.74919376368427,13.88888888888889,34.64101615137755,13.88888888888889,13.88888888888889,13.88888888888889,0.0,-741.6789232973251,352.9371552553506
2231.0,132.82119376368428,13.88888888888889,34.64101615137755,13.88888888888889,13.88888888888889,13.88888888888889,0.0,-742.2730172328838,352.1327599079626
2232.0,132.89319376368428,13.88888888888889,34.64101615137755,13.88888888888889,13.88888888888889,13.88888888888889,0.0,-742.8650983256259,351.32688184101727
2233.0,132.96519376368428,13.88888888888889,34.64101615137755,13.88888888888889,13.88888888888889,13.88888888888889,0.0,-743.455162875047,350.51952609124953
2234.0,133.0371937636843,13.88888888888889,34.64101615137755,13.88888888888889,13.88888888888889,13.88888888888889,0.0,-744.0432071932455,349.7106977046301
2235.0,133.1091937636843,13.88888888888889,34.64101615137755,13.88888888888889,13.88888888888889,13.88888888888889,0.0,-744.6292276049463,348.90040173633383
2236.0,133.1811937636843,13.88888888888889,34.64101615137755,13.88888888888889,13.88888888888889,13.88888888888889,0.0,-745.2132204475236,348.0886432507083
2237.0,133.2531937636843,13.88888888888889,34.64101615137755,13.88888888888889,13.88888888888889,13.88888888888889,0.0,-745.7951820710241,347.27542732124084
2238.0,133.3251937636843,13.88888888888889,34.64101615137755,13.88888888888889,13.88888888888889,13.88888888888889,0.0,-746.3751088381894,346.46075903052883
2239.0,133.3971937636843,13.88888888888889,34.64101615137755,13.88888888888889,13.88888888888889,13.88888888888889,0.0,-746.9529971244795,345.644643470246
2240.0,133.4691937636843,13.88888888888889,34.64101615137755,13.88888888888889,13.88888888888889,13.88888888888889,0.0,-747.5288433180939,344.8270857411124
2241.0,133.5411937636843,13.88888888888889,34.64101615137755,13.88888888888889,13.88888888888889,13.88888888888889,0.0,-748.1026438199964,344.00809095286064
2242.0,133.6131937636843,13.88888888888889,34.64101615137755,13.88888888888889,13.88888888888889,13.88888888888889,0.0,-748.6743950439354,343.18766422420583
2243.0,133.6851937636843,13.88888888888889,34.64101615137755,13.88888888888889,13.88888888888889,13.88888888888889,0.0,-749.2440934164675,342.3658106828125
2244.0,133.7571937636843,13.88888888888889,34.64101615137755,13.88888888888889,13.88888888888889,13.88888888888889,0.0,-749.8117353769801,341.5425354652622
2245.0,133.82919376368432,13.88888888888889,34.64101615137755,13.88888888888889,13.88888888888889,13.88888888888889,0.0,-750.3773173777123,340.7178437170228
2246.0,133.90119376368432,13.88888888888889,34.64101615137755,13.88888888888889,13.88888888888889,13.88888888888889,0.0,-750.9408358837788,339.8917405924145
2247.0,133.97319376368432,13.88888888888889,34.64101615137755,13.88888888888889,13.88888888888889,13.88888888888889,0.0,-751.5022873731907,339.0642312545798
2248.0,134.04519376368432,13.88888888888889,34.64101615137755,13.88888888888889,13.88888888888889,13.88888888888889,0.0,-752.0616683368781,338.23532087544874
2249.0,134.11719376368433,13.88888888888889,34.64101615137755,13.88888888888889,13.88888888888889,13.88888888888889,0.0,-752.6189752787117,337.40501463570877
2250.0,134.18919376368433,13.88888888888889,34.64101615137755,13.88888888888889,13.88888888888889,13.88888888888889,0.0,-753.1742047155246,336.5733177247714
2251.0,134.26119376368433,13.88888888888889,34.64101615137755,13.88888888888889,13.88888888888889,13.88888888888889,0.0,-753.7273531771351,335.74023534073945
2252.0,134.33319376368433,13.88888888888889,34.64101615137755,13.88888888888889,13.88888888888889,13.88888888888889,0.0,-754.2784172063672,334.90577269037476
2253.0,134.40519376368434,13.88888888888889,34.64101615137755,13.88888888888889,13.88888888888889,13.88888888888889,0.0,-754.8273933590722,334.0699349890665
2254.0,134.47719376368434,13.88888888888889,34.64101615137755,13.88888888888889,13.88888888888889,13.88888888888889,0.0,-755.3742782041508,333.23272746079783
2255.0,134.54919376368434,13.88888888888889,34.64101615137755,13.88888888888889,13.88888888888889,13.88888888888889,0.0,-755.9190683235748,332.3941553381125
2256.0,134.62119376368435,13.88888888888889,34.64101615137755,13.88888888888889,13.88888888888889,13.88888888888889,0.0,-756.4617603124077,331.55422386208386
2257.0,134.69319376368435,13.88888888888889,34.64101615137755,13.88888888888889,13.88888888888889,13.88888888888889,0.0,-757.0023507788262,330.7129382822812
2258.0,134.76519376368435,13.88888888888889,34.64101615137755,13.88888888888889,13.88888888888889,13.88888888888889,0.0,-757.5408363441416,329.8703038567363
2259.0,134.83719376368435,13.88888888888889,34.64101615137755,13.88888888888889,13.88888888888889,13.88888888888889,0.0,-758.0772136428211,329.02632585191134
2260.0,134.90919376368436,13.88888888888889,34.64101615137755,13.88888888888889,13.88888888888889,13.88888888888889,0.0,-758.6114793225083,328.18100954266646
2261.0,134.98119376368436,13.88888888888889,34.64101615137755,13.88888888888889,13.88888888888889,13.88888888888889,0.0,-759.1436300440442,327.334360212226
2262.0,135.05319376368436,13.88888888888889,34.64101615137755,13.88888888888889,13.88888888888889,13.88888888888889,0.0,-759.6736624814888,326.48638315214504
2263.0,135.12519376368436,13.88888888888889,34.64101615137755,13.88888888888889,13.88888888888889,13.88888888888889,0.0,-760.2015733221408,325.637083662278
2264.0,135.19719376368437,13.88888888888889,34.64101615137755,13.88888888888889,13.88888888888889,13.88888888888889,0.0,-760.7273592665596,324.7864670507432
2265.0,135.26919376368437,13.88888888888889,34.64101615137755,13.88888888888889,13.88888888888889,13.88888888888889,0.0,-761.2510170285841,323.93453863389254
2266.0,135.34119376368437,13.88888888888889,34.64101615137755,13.88888888888889,13.88888888888889,13.88888888888889,0.0,-761.7725433353557,323.0813037362751
2267.0,135.41319376368438,13.88888888888889,34.64101615137755,13.88888888888889,13.88888888888889,13.88888888888889,0.0,-762.2919349273365,322.2267676906065
2268.0,135.48519376368438,13.88888888888889,34.64101615137755,13.88888888888889,13.88888888888889,13.88888888888889,0.0,-762.8091885583302,321.37093583773463
2269.0,135.55719376368438,13.88888888888889,34.64101615137755,13.88888888888889,13.88888888888889,13.88888888888889,0.0,-763.324300995504,320.5138135266051
2270.0,135.62919376368438,13.88888888888889,34.64101615137755,13.88888888888889,13.88888888888889,13.88888888888889,0.0,-763.8372690194062,319.65540611423023
2271.0,135.7011937636844,13.88888888888889,34.64101615137755,13.88888888888889,13.88888888888889,13.88888888888889,0.0,-764.348089423989,318.7957189656529
2272.0,135.7731937636844,13.88888888888889,34.64101615137755,13.88888888888889,13.88888888888889,13.88888888888889,0.0,-764.856759016626,317.9347574539156
2273.0,135.8451937636844,13.88888888888889,34.64101615137755,13.88888888888889,13.88888888888889,13.88888888888889,0.0,-765.3632746181341,317.07252696002445
2274.0,135.9171937636844,13.88888888888889,34.64101615137755,13.88888888888889,13.88888888888889,13.88888888888889,0.0,-765.8676330627927,316.2090328729174
2275.0,135.9891937636844,13.88888888888889,34.64101615137755,13.88888888888889,13.88888888888889,13.88888888888889,0.0,-766.3698311983625,315.3442805894301
2276.0,136.0611937636844,13.88888888888889,34.64101615137755,13.88888888888889,13.88888888888889,13.88888888888889,0.0,-766.8698658861072,314.47827551426116
2277.0,136.1331937636844,13.88888888888889,34.64101615137755,13.88888888888889,13.88888888888889,13.88888888888889,0.0,-767.3677340008119,313.61102305993916
2278.0,136.2051937636844,13.88888888888889,34.64101615137755,13.88888888888889,13.88888888888889,13.88888888888889,0.0,-767.8634324308023,312.7425286467894
2279.0,136.2771937636844,13.88888888888889,34.64101615137755,13.88888888888889,13.88888888888889,13.88888888888889,0.0,-768.3569580779644,311.87279770289956
2280.0,136.3491937636844,13.88888888888889,34.64101615137755,13.88888888888889,13.88888888888889,13.88888888888889,0.0,-768.848307857765,311.0018356640845
2281.0,136.4211937636844,13.88888888888889,34.64101615137755,13.88888888888889,13.88888888888889,13.88888888888889,0.0,-769.3374786992695,310.1296479738544
2282.0,136.49319376368442,13.88888888888889,34.64101615137755,13.88888888888889,13.88888888888889,13.88888888888889,0.0,-769.8244675451615,309.2562400833799
2283.0,136.56519376368442,13.88888888888889,34.64101615137755,13.88888888888889,13.88888888888889,13.88888888888889,0.0,-770.3092713517624,308.38161745145703
2284.0,136.63719376368442,13.88888888888889,34.64101615137755,13.88888888888889,13.88888888888889,13.88888888888889,0.0,-770.7918870890503,307.50578554447424
2285.0,136.70919376368442,13.88888888888889,34.64101615137755,13.88888888888889,13.88888888888889,13.88888888888889,0.0,-771.2723117406781,306.62874983637823
2286.0,136.78119376368443,13.88888888888889,34.64101615137755,13.88888888888889,13.88888888888889,13.88888888888889,0.0,-771.7505423039931,305.7505158086399
2287.0,136.85319376368443,13.88888888888889,34.64101615137755,13.88888888888889,13.88888888888889,13.88888888888889,0.0,-772.2265757900565,304.8710889502181
2288.0,136.92519376368443,13.88888888888889,34.64101615137755,13.88888888888889,13.88888888888889,13.88888888888889,0.0,-772.7004092236599,303.99047475752866
2289.0,136.99719376368444,13.88888888888889,34.64101615137755,13.88888888888889,13.88888888888889,13.88888888888889,0.0,-773.1720396433462,303.1086787344068
2290.0,137.06919376368444,13.88888888888889,34.64101615137755,13.88888888888889,13.88888888888889,13.88888888888889,0.0,-773.6414641014267,302.2257063920754
2291.0,137.14119376368444,13.88888888888889,34.64101615137755,13.88888888888889,13.88888888888889,13.88888888888889,0.0,-774.1086796640002,301.34156324910794
2292.0,137.21319376368444,13.88888888888889,34.64101615137755,13.88888888888889,13.88888888888889,13.88888888888889,0.0,-774.5736834109708,300.4562548313968
2293.0,137.28519376368445,13.88888888888889,34.64101615137755,13.88888888888889,13.88888888888889,13.88888888888889,0.0,-775.0364724360666,299.5697866721167
2294.0,137.35719376368445,13.88888888888889,34.64101615137755,13.88888888888889,13.88888888888889,13.88888888888889,0.0,-775.4970438468579,298.6821643116904
2295.0,137.42919376368445,13.88888888888889,34.64101615137755,13.88888888888889,13.88888888888889,13.88888888888889,0.0,-775.9553947647746,297.7933932977553
2296.0,137.50119376368446,13.88888888888889,34.64101615137755,13.88888888888889,13.88888888888889,13.88888888888889,0.0,-776.4115223251251,296.90347918512657
2297.0,137.57319376368446,13.88888888888889,34.64101615137755,13.88888888888889,13.88888888888889,13.88888888888889,0.0,-776.8654236771137,296.01242753576537
2298.0,137.64519376368446,13.88888888888889,34.64101615137755,13.88888888888889,13.88888888888889,13.88888888888889,0.0,-777.3170959838583,295.1202439187408
2299.0,137.71719376368446,13.88888888888889,34.64101615137755,13.88888888888889,13.88888888888889,13.88888888888889,0.0,-777.7665364224086,294.226933910198
2300.0,137.78919376368447,13.88888888888889,34.64101615137755,13.88888888888889,13.88888888888889,13.88888888888889,0.0,-778.2137421837631,293.33250309332186
2301.0,137.86119376368447,13.88888888888889,34.64101615137755,13.88888888888889,13.88888888888889,13.88888888888889,0.0,-778.6587104728874,292.43695705830174
2302.0,137.93319376368447,13.88888888888889,34.64101615137755,13.88888888888889,13.88888888888889,13.88888888888889,0.0,-779.1014385087312,291.54030140229725
2303.0,138.00519376368447,13.88888888888889,34.64101615137755,13.88888888888889,13.88888888888889,13.88888888888889,0.0,-779.5419235242457,290.64254172940343
2304.0,138.07719376368448,13.88888888888889,34.64101615137755,13.88888888888889,13.88888888888889,13.88888888888889,0.0,-779.9801627664008,289.7436836506158
2305.0,138.14919376368448,13.88888888888889,34.64101615137755,13.88888888888889,13.88888888888889,13.88888888888889,0.0,-780.4161534962029,288.8437327837938
2306.0,138.22119376368448,13.88888888888889,34.64101615137755,13.88888888888889,13.88888888888889,13.88888888888889,0.0,-780.8498929887112,287.94269475362773
2307.0,138.29319376368449,13.88888888888889,34.64101615137755,13.88888888888889,13.88888888888889,13.88888888888889,0.0,-781.2813785330552,287.0405751916025
2308.0,138.3651937636845,13.88888888888889,34.64101615137755,13.88888888888889,13.88888888888889,13.88888888888889,0.0,-781.7106074324519,286.13737973596227
2309.0,138.4371937636845,13.88888888888889,34.64101615137755,13.88888888888889,13.88888888888889,13.88888888888889,0.0,-782.1375770042221,285.2331140316753
2310.0,138.5091937636845,13.88888888888889,34.64101615137755,13.88888888888889,13.88888888888889,13.88888888888889,0.0,-782.562284579807,284.32778373039974
2311.0,138.5811937636845,13.88888888888889,34.64101615137755,13.88888888888889,13.88888888888889,13.88888888888889,0.0,-782.9847275047858,283.42139449044726
2312.0,138.6531937636845,13.88888888888889,34.64101615137755,13.88888888888889,13.88888888888889,13.88888888888889,0.0,-783.404903138892,282.51395197674697
2313.0,138.7251937636845,13.88888888888889,34.64101615137755,13.88888888888889,13.88888888888889,13.88888888888889,0.0,-783.8228088560286,281.6054618608123
2314.0,138.7971937636845,13.88888888888889,34.64101615137755,13.88888888888889,13.88888888888889,13.88888888888889,0.0,-784.2384420442866,280.69592982070293
2315.0,138.8691937636845,13.88888888888889,34.64101615137755,13.88888888888889,13.88888888888889,13.88888888888889,0.0,-784.6518001059599,279.7853615409918
2316.0,138.9411937636845,13.88888888888889,34.64101615137755,13.88888888888889,13.88888888888889,13.88888888888889,0.0,-785.062880457562,278.87376271272694
2317.0,139.0131937636845,13.88888888888889,34.64101615137755,13.88888888888889,13.88888888888889,13.88888888888889,0.0,-785.4716805298418,277.9611390333985
2318.0,139.08519376368452,13.88888888888889,34.64101615137755,13.88888888888889,13.88888888888889,13.88888888888889,0.0,-785.8781977678003,277.04749620690177
2319.0,139.15719376368452,13.88888888888889,34.64101615137755,13.88888888888889,13.88888888888889,13.88888888888889,0.0,-786.2824296307062,276.1328399435008
2320.0,139.22919376368452,13.88888888888889,34.64101615137755,13.88888888888889,13.88888888888889,13.88888888888889,0.0,-786.6843735921118,275.21717595979493
2321.0,139.30119376368452,13.88888888888889,34.64101615137755,13.88888888888889,13.88888888888889,13.88888888888889,0.0,-787.0840271398682,274.30050997868034
2322.0,139.37319376368453,13.88888888888889,34.64101615137755,13.88888888888889,13.88888888888889,13.88888888888889,0.0,-787.4813877761424,273.3828477293172
2323.0,139.44519376368453,13.88888888888889,34.64101615137755,13.88888888888889,13.88888888888889,13.88888888888889,0.0,-787.8764530174316,272.46419494709085
2324.0,139.51719376368453,13.88888888888889,34.64101615137755,13.88888888888889,13.88888888888889,13.88888888888889,0.0,-788.2692203945794,271.5445573735786
2325.0,139.58919376368453,13.88888888888889,34.64101615137755,13.88888888888889,13.88888888888889,13.88888888888889,0.0,-788.6596874527906,270.6239407565125
2326.0,139.66119376368454,13.88888888888889,34.64101615137755,13.88888888888889,13.88888888888889,13.88888888888889,0.0,-789.0478517516478,269.7023508497432
2327.0,139.73319376368454,13.88888888888889,34.64101615137755,13.88888888888889,13.88888888888889,13.88888888888889,0.0,-789.4337108651254,268.77979341320423
2328.0,139.80519376368454,13.88888888888889,34.64101615137755,13.88888888888889,13.88888888888889,13.88888888888889,0.0,-789.8172623816049,267.8562742128768
2329.0,139.87719376368455,13.88888888888889,34.64101615137755,13.88888888888889,13.88888888888889,13.88888888888889,0.0,-790.1985039038907,266.93179902075343
2330.0,139.94919376368455,13.88888888888889,34.64101615137755,13.88888888888889,13.88888888888889,13.88888888888889,0.0,-790.5774330492246,266.0063736148003
2331.0,140.02119376368455,13.88888888888889,34.64101615137755,13.88888888888889,13.88888888888889,13.88888888888889,0.0,-790.9540474493007,265.08000377892347
2332.0,140.09319376368455,13.88888888888889,34.64101615137755,13.88888888888889,13.88888888888889,13.88888888888889,0.0,-791.3283447502799,264.15269530293176
2333.0,140.16519376368456,13.88888888888889,34.64101615137755,13.88888888888889,13.88888888888889,13.88888888888889,0.0,-791.7003226128056,263.2244539824999
2334.0,140.23719376368456,13.88888888888889,34.64101615137755,13.88888888888889,13.88888888888889,13.88888888888889,0.0,-792.0699787120175,262.29528561913264
2335.0,140.30919376368456,13.88888888888889,34.64101615137755,13.88888888888889,13.88888888888889,13.88888888888889,0.0,-792.4373107375659,261.3651960201296
2336.0,140.38119376368456,13.88888888888889,34.64101615137755,13.88888888888889,13.88888888888889,13.88888888888889,0.0,-792.8023163936268,260.4341909985481
2337.0,140.45319376368457,13.88888888888889,34.64101615137755,13.88888888888889,13.88888888888889,13.88888888888889,0.0,-793.1649933989163,259.50227637316584
2338.0,140.52519376368457,13.88888888888889,34.64101615137755,13.88888888888889,13.88888888888889,13.88888888888889,0.0,-793.5253394867041,258.56945796844684
2339.0,140.59719376368457,13.88888888888889,34.64101615137755,13.88888888888889,13.88888888888889,13.88888888888889,0.0,-793.8833524048282,257.6357416145024
2340.0,140.66919376368458,13.88888888888889,34.64101615137755,13.88888888888889,13.88888888888889,13.88888888888889,0.0,-794.2390299157094,256.7011331470575
2341.0,140.74119376368458,13.88888888888889,34.64101615137755,13.88888888888889,13.88888888888889,13.88888888888889,0.0,-794.5923697963642,255.7656384074112
2342.0,140.81319376368458,13.88888888888889,34.64101615137755,13.88888888888889,13.88888888888889,13.88888888888889,0.0,-794.9433698384196,254.82926324240293
2343.0,140.88519376368458,13.88888888888889,34.64101615137755,13.88888888888889,13.88888888888889,13.88888888888889,0.0,-795.2920278481262,253.89201350437486
2344.0,140.9571937636846,13.88888888888889,34.64101615137755,13.88888888888889,13.88888888888889,13.88888888888889,0.0,-795.638341646373,252.95389505113394
2345.0,141.0291937636846,13.88888888888889,34.64101615137755,13.88888888888889,13.88888888888889,13.88888888888889,0.0,-795.9823090686994,252.0149137459183
2346.0,141.1011937636846,13.88888888888889,34.64101615137755,13.88888888888889,13.88888888888889,13.88888888888889,0.0,-796.3239279653105,251.07507545735734
2347.0,141.1731937636846,13.88888888888889,34.64101615137755,13.88888888888889,13.88888888888889,13.88888888888889,0.0,-796.663196201089,250.13438605943787
2348.0,141.2451937636846,13.88888888888889,34.64101615137755,13.88888888888889,13.88888888888889,13.88888888888889,0.0,-797.0001116556102,249.19285143146504
2349.0,141.3171937636846,13.88888888888889,34.64101615137755,13.88888888888889,13.88888888888889,13.88888888888889,0.0,-797.3346722231529,248.25047745802738
2350.0,141.3891937636846,13.88888888888889,34.64101615137755,13.88888888888889,13.88888888888889,13.88888888888889,0.0,-797.6668758127147,247.3072700289597
2351.0,141.4611937636846,13.88888888888889,34.64101615137755,13.88888888888889,13.88888888888889,13.88888888888889,0.0,-797.9967203480246,246.3632350393048
2352.0,141.5331937636846,13.88888888888889,34.64101615137755,13.88888888888889,13.88888888888889,13.88888888888889,0.0,-798.324203767555,245.41837838927808
2353.0,141.6051937636846,13.88888888888889,34.64101615137755,13.88888888888889,13.88888888888889,13.88888888888889,0.0,-798.649324024536,244.4727059842309
2354.0,141.6771937636846,13.88888888888889,34.64101615137755,13.88888888888889,13.88888888888889,13.88888888888889,0.0,-798.9720790869666,243.52622373461298
2355.0,141.74919376368462,13.88888888888889,34.64101615137755,13.88888888888889,13.88888888888889,13.88888888888889,0.0,-799.292466937629,242.57893755593466
2356.0,141.82119376368462,13.88888888888889,34.64101615137755,13.88888888888889,13.88888888888889,13.88888888888889,0.0,-799.6104855741,241.63085336873178
2357.0,141.89319376368462,13.88888888888889,34.64101615137755,13.88888888888889,13.88888888888889,13.88888888888889,0.0,-799.9261330087643,240.68197709852774
2358.0,141.96519376368462,13.88888888888889,34.64101615137755,13.88888888888889,13.88888888888889,13.88888888888889,0.0,-800.2394072688263,239.73231467579592
2359.0,142.03719376368463,13.88888888888889,34.64101615137755,13.88888888888889,13.88888888888889,13.88888888888889,0.0,-800.5503063963232,238.7818720359229
2360.0,142.10919376368463,13.88888888888889,34.64101615137755,13.88888888888889,13.88888888888889,13.88888888888889,0.0,-800.8588284481361,237.83065511917243
2361.0,142.18119376368463,13.88888888888889,34.64101615137755,13.88888888888889,13.88888888888889,13.88888888888889,0.0,-801.1649714960033,236.87866987064757
2362.0,142.25319376368464,13.88888888888889,34.64101615137755,13.88888888888889,13.88888888888889,13.88888888888889,0.0,-801.468733626532,235.92592224025236
2363.0,142.32519376368464,13.88888888888889,34.64101615137755,13.88888888888889,13.88888888888889,13.88888888888889,0.0,-801.7701129412095,234.9724181826569
2364.0,142.39719376368464,13.88888888888889,34.64101615137755,13.88888888888889,13.88888888888889,13.88888888888889,0.0,-802.0691075564164,234.01816365725796
2365.0,142.46919376368464,13.88888888888889,34.64101615137755,13.88888888888889,13.88888888888889,13.88888888888889,0.0,-802.3657156034369,233.0631646281438
2366.0,142.54119376368465,13.88888888888889,34.64101615137755,13.88888888888889,13.88888888888889,13.88888888888889,0.0,-802.659935228472,232.1074270640545
2367.0,142.61319376368465,13.88888888888889,34.64101615137755,13.88888888888889,13.88888888888889,13.88888888888889,0.0,-802.9517645926501,231.15095693834718
2368.0,142.68519376368465,13.88888888888889,34.64101615137755,13.88888888888889,13.88888888888889,13.88888888888889,0.0,-803.2412018720381,230.19376022895733
2369.0,142.75719376368465,13.88888888888889,34.64101615137755,13.88888888888889,13.88888888888889,13.88888888888889,0.0,-803.5282452576546,229.23584291836056
2370.0,142.82919376368466,13.88888888888889,34.64101615137755,13.88888888888889,13.88888888888889,13.88888888888889,0.0,-803.812892955479,228.27721099353766
2371.0,142.90119376368466,13.88888888888889,34.64101615137755,13.88888888888889,13.88888888888889,13.88888888888889,0.0,-804.0951431864643,227.31787044593437
2372.0,142.97319376368466,13.88888888888889,34.64101615137755,13.88888888888889,13.88888888888889,13.88888888888889,0.0,-804.3749941865472,226.35782727142657
2373.0,143.04519376368467,13.88888888888889,34.64101615137755,13.88888888888889,13.88888888888889,13.88888888888889,0.0,-804.65244420666,225.39708747028038
2374.0,143.11719376368467,13.88888888888889,34.64101615137755,13.88888888888889,13.88888888888889,13.88888888888889,0.0,-804.9274915127411,224.4356570471167
2375.0,143.18919376368467,13.88888888888889,34.64101615137755,13.88888888888889,13.88888888888889,13.88888888888889,0.0,-805.2001343857455,223.47354201087296
2376.0,143.26119376368467,13.88888888888889,34.64101615137755,13.88888888888889,13.88888888888889,13.88888888888889,0.0,-805.4703711216563,222.51074837476466
2377.0,143.33319376368468,13.88888888888889,34.64101615137755,13.88888888888889,13.88888888888889,13.88888888888889,0.0,-805.7382000314949,221.5472821562485
2378.0,143.40519376368468,13.88888888888889,34.64101615137755,13.88888888888889,13.88888888888889,13.88888888888889,0.0,-806.0036194413312,220.58314937698566
2379.0,143.47719376368468,13.88888888888889,34.64101615137755,13.88888888888889,13.88888888888889,13.88888888888889,0.0,-806.2666276922948,219.618356062803
2380.0,143.54919376368468,13.88888888888889,34.64101615137755,13.88888888888889,13.88888888888889,13.88888888888889,0.0,-806.5272231405853,218.65290824365513
2381.0,143.6211937636847,13.88888888888889,34.64101615137755,13.88888888888889,13.88888888888889,13.88888888888889,0.0,-806.7854041574816,217.68681195358806
2382.0,143.6931937636847,13.88888888888889,34.64101615137755,13.88888888888889,13.88888888888889,13.88888888888889,0.0,-807.0411691293534,216.72007323070073
2383.0,143.7651937636847,13.88888888888889,34.64101615137755,13.88888888888889,13.88888888888889,13.88888888888889,0.0,-807.2945164576704,215.75269811710672
2384.0,143.8371937636847,13.88888888888889,34.64101615137755,13.88888888888889,13.88888888888889,13.88888888888889,0.0,-807.5454445590126,214.78469265889697
2385.0,143.9091937636847,13.88888888888889,34.64101615137755,13.88888888888889,13.88888888888889,13.88888888888889,0.0,-807.7939518650803,213.8160629061028
2386.0,143.9811937636847,13.88888888888889,34.64101615137755,13.88888888888889,13.88888888888889,13.88888888888889,0.0,-808.0400368227033,212.84681491265735
2387.0,144.0531937636847,13.88888888888889,34.64101615137755,13.88888888888889,13.88888888888889,13.88888888888889,0.0,-808.2836978938519,211.87695473635677
2388.0,144.1251937636847,13.88888888888889,34.64101615137755,13.88888888888889,13.88888888888889,13.88888888888889,0.0,-808.524933555645,210.90648843882468
2389.0,144.1971937636847,13.88888888888889,34.64101615137755,13.88888888888889,13.88888888888889,13.88888888888889,0.0,-808.7637423003605,209.9354220854716
2390.0,144.2691937636847,13.88888888888889,34.64101615137755,13.88888888888889,13.88888888888889,13.88888888888889,0.0,-809.0001226354443,208.9637617454597
2391.0,144.34119376368471,13.88888888888889,34.64101615137755,13.88888888888889,13.88888888888889,13.88888888888889,0.0,-809.2340730835206,207.99151349166232
2392.0,144.41319376368472,13.88888888888889,34.64101615137755,13.88888888888889,13.88888888888889,13.88888888888889,0.0,-809.4655921823993,207.01868340062822
2393.0,144.48519376368472,13.88888888888889,34.64101615137755,13.88888888888889,13.88888888888889,13.88888888888889,0.0,-809.694678485087,206.0452775525426
2394.0,144.55719376368472,13.88888888888889,34.64101615137755,13.88888888888889,13.88888888888889,13.88888888888889,0.0,-809.9213305597951,205.07130203118817
2395.0,144.62919376368473,13.88888888888889,34.64101615137755,13.88888888888889,13.88888888888889,13.88888888888889,0.0,-810.1455469899488,204.09676292390952
2396.0,144.70119376368473,13.88888888888889,34.64101615137755,13.88888888888889,13.88888888888889,13.88888888888889,0.0,-810.3673263741963,203.12166632157215
2397.0,144.77319376368473,13.88888888888889,34.64101615137755,13.88888888888889,13.88888888888889,13.88888888888889,0.0,-810.586667326417,202.14601831852735
2398.0,144.84519376368473,13.88888888888889,34.64101615137755,13.88888888888889,13.88888888888889,13.88888888888889,0.0,-810.8035684757308,201.16982501257127
2399.0,144.91719376368474,13.88888888888889,34.64101615137755,13.88888888888889,13.88888888888889,13.88888888888889,0.0,-811.0180284665059,200.1930925049092
2400.0,144.98919376368474,13.88888888888889,34.64101615137755,13.88888888888889,13.88888888888889,13.88888888888889,0.9999999999999858,-811.2300459583685,199.21582690011655
2401.0,145.06100810091957,13.96070322612372,inf,25.0,25.0,25.0,1.0,-811.4408417577993,198.23829678245147
2402.0,145.13245490848283,14.03215003368697,inf,25.0,25.0,25.0,1.0,-811.6516375572301,197.26076666478636
2403.0,145.20353977207745,14.103234897281588,inf,25.0,25.0,25.0,1.0,-811.8624333566609,196.28323654712125
2404.0,145.27426813733825,14.173963262542387,inf,25.0,25.0,25.0,0.9999999999999858,-812.0732291560915,195.30570642945617
2405.0,145.34464531470044,14.244340439904587,inf,25.0,25.0,25.0,1.0000000000000142,-812.2840249555223,194.32817631179108
2406.0,145.4146764840528,14.314371609256943,inf,25.0,25.0,25.0,1.0000000000000142,-812.4948207549531,193.35064619412597
2407.0,145.4843666991868,14.384061824390955,inf,25.0,25.0,25.0,1.0,-812.7056165543839,192.37311607646086
2408.0,145.55372089205287,14.453416017257002,inf,25.0,25.0,25.0,1.0000000000000142,-812.9164123538147,191.39558595879578
2409.0,145.6227438768334,14.522439002037546,inf,25.0,25.0,25.0,1.0000000000000142,-813.1272081532455,190.4180558411307
2410.0,145.69144035384275,14.591135479046903,inf,25.0,25.0,25.0,1.0,-813.3380039526762,189.44052572346558
2411.0,145.7598149132624,14.659510038466541,inf,25.0,25.0,25.0,1.0000000000000142,-813.548799752107,188.46299560580047
2412.0,145.82787203872016,14.727567163924302,inf,25.0,25.0,25.0,1.0,-813.7595955515378,187.4854654881354
2413.0,145.89561611072128,14.795311235925432,inf,25.0,25.0,25.0,1.0,-813.9703913509686,186.5079353704703
2414.0,145.9630514099387,14.862746535142868,inf,25.0,25.0,25.0,1.0,-814.1811871503994,185.5304052528052
2415.0,146.0301821203696,14.929877245573767,inf,25.0,25.0,25.0,1.0000000000000142,-814.3919829498302,184.55287513514008
2416.0,146.0970123323647,14.996707457568856,inf,25.0,25.0,25.0,0.9999999999999858,-814.6027787492609,183.575345017475
2417.0,146.16354604553666,15.063241170740822,inf,25.0,25.0,25.0,1.0,-814.8135745486917,182.59781489980992
2418.0,146.22978717155343,15.12948229675759,inf,25.0,25.0,25.0,1.0000000000000142,-815.0243703481225,181.6202847821448
2419.0,146.29573953682183,15.195434662026004,inf,25.0,25.0,25.0,0.9999999999999858,-815.2351661475533,180.6427546644797
2420.0,146.36140688506694,15.261102010271124,inf,25.0,25.0,25.0,1.0,-815.4459619469841,179.6652245468146
2421.0,146.42679287981187,15.326488005016065,inf,25.0,25.0,25.0,0.9999999999999858,-815.6567577464149,178.68769442914953
2422.0,146.4919011067628,15.391596231967018,inf,25.0,25.0,25.0,1.0,-815.8675535458456,177.71016431148442
2423.0,146.55673507610365,15.456430201307846,inf,25.0,25.0,25.0,1.0000000000000142,-816.0783493452764,176.7326341938193
2424.0,146.62129822470422,15.520993349908418,inf,25.0,25.0,25.0,1.0000000000000142,-816.2891451447072,175.75510407615423
2425.0,146.6855939182464,15.5852890434506,inf,25.0,25.0,25.0,1.0,-816.499940944138,174.77757395848914
2426.0,146.74962545327145,15.649320578475647,inf,25.0,25.0,25.0,1.0,-816.7107367435688,173.80004384082403
2427.0,146.8133960591523,15.71309118435648,inf,25.0,25.0,25.0,0.9999999999999858,-816.9215325429996,172.82251372315892
2428.0,146.87690889999405,15.77660402519824,inf,25.0,25.0,25.0,1.0000000000000142,-817.1323283424302,171.84498360549384
2429.0,146.94016707646605,15.839862201670233,inf,25.0,25.0,25.0,1.0,-817.343124141861,170.86745348782875
2430.0,147.00317362756812,15.902868752772292,inf,25.0,25.0,25.0,1.0000000000000142,-817.5539199412918,169.88992337016364
2431.0,147.06593153233425,15.965626657538419,inf,25.0,25.0,25.0,1.0000000000000284,-817.7647157407226,168.91239325249853
2432.0,147.1284437114762,16.028138836680366,inf,25.0,25.0,25.0,1.0000000000000284,-817.9755115401534,167.93486313483345
2433.0,147.19071302896958,16.090408154173762,inf,25.0,25.0,25.0,0.9999999999999716,-818.1863073395842,166.95733301716837
2434.0,147.25274229358502,16.152437418789198,inf,25.0,25.0,25.0,1.0,-818.397103139015,165.97980289950326
2435.0,147.31453426036643,16.214229385570608,inf,25.0,25.0,25.0,1.0,-818.6078989384457,165.00227278183814
2436.0,147.37609163205894,16.275786757263116,inf,25.0,25.0,25.0,1.0000000000000284,-818.8186947378765,164.02474266417306
2437.0,147.4374170604883,16.337112185692472,inf,25.0,25.0,25.0,1.0000000000000284,-819.0294905373073,163.04721254650798
2438.0,147.49851314789387,16.398208273098057,inf,25.0,25.0,25.0,0.9999999999999716,-819.2402863367381,162.06968242884287
2439.0,147.55938244821718,16.459077573421347,inf,25.0,25.0,25.0,1.0,-819.4510821361689,161.09215231117776
2440.0,147.6200274683475,16.51972259355167,inf,25.0,25.0,25.0,1.0,-819.6618779355997,160.11462219351267
2441.0,147.68045066932675,16.580145794530925,inf,25.0,25.0,25.0,1.0000000000000284,-819.8726737350304,159.1370920758476
2442.0,147.74065446751476,16.640349592718945,inf,25.0,25.0,25.0,1.0000000000000284,-820.0834695344612,158.15956195818248
2443.0,147.80064123571685,16.700336360921046,inf,25.0,25.0,25.0,1.0,-820.294265333892,157.18203184051737
2444.0,147.86041330427506,16.760108429479256,inf,25.0,25.0,25.0,1.0,-820.5050611333228,156.20450172285229
2445.0,147.91997296212443,16.819668087328644,inf,25.0,25.0,25.0,1.0,-820.7158569327536,155.2269716051872
2446.0,147.9793224578159,16.879017583020097,inf,25.0,25.0,25.0,1.0,-820.9266527321844,154.2494414875221
2447.0,148.03846400050665,16.938159125710847,inf,25.0,25.0,25.0,1.0000000000000284,-821.1374485316151,153.27191136985698
2448.0,148.09739976091979,16.99709488612397,inf,25.0,25.0,25.0,1.0000000000000284,-821.3482443310459,152.2943812521919
2449.0,148.15613187227387,17.055826997478068,inf,25.0,25.0,25.0,1.0,-821.5590401304767,151.31685113452681
2450.0,148.214662431184,17.114357556388196,inf,25.0,25.0,25.0,0.9999999999999716,-821.7698359299075,150.3393210168617
2451.0,148.272993498535,17.172688623739198,inf,25.0,25.0,25.0,1.0,-821.9806317293383,149.3617908991966
2452.0,148.3311271003282,17.23082222553241,inf,25.0,25.0,25.0,1.0000000000000284,-822.191427528769,148.3842607815315
2453.0,148.38906522850252,17.28876035370673,inf,25.0,25.0,25.0,1.0000000000000284,-822.4022233281997,147.40673066386643
2454.0,148.4468098417308,17.346504966935033,inf,25.0,25.0,25.0,0.9999999999999716,-822.6130191276305,146.42920054620132
2455.0,148.50436286619254,17.40405799139677,inf,25.0,25.0,25.0,1.0,-822.8238149270613,145.4516704285362
2456.0,148.56172619632346,17.461421321527688,inf,25.0,25.0,25.0,1.0,-823.0346107264921,144.47414031087112
2457.0,148.6189016955432,17.518596820747423,inf,25.0,25.0,25.0,1.0,-823.2454065259229,143.49661019320604
2458.0,148.67589119696157,17.575586322165805,inf,25.0,25.0,25.0,1.0000000000000284,-823.4562023253537,142.51908007554093
2459.0,148.73269650406436,17.63239162926861,inf,25.0,25.0,25.0,0.9999999999999716,-823.6669981247844,141.54154995787582
2460.0,148.78931939137925,17.689014516583498,inf,25.0,25.0,25.0,1.0000000000000284,-823.8777939242152,140.56401984021073
2461.0,148.8457616051226,17.74545673032683,inf,25.0,25.0,25.0,1.0,-824.088589723646,139.58648972254565
2462.0,148.90202486382776,17.80171998903201,inf,25.0,25.0,25.0,1.0,-824.2993855230768,138.60895960488054
2463.0,148.9581108589558,17.85780598416003,inf,25.0,25.0,25.0,1.0000000000000284,-824.5101813225076,137.63142948721543
2464.0,149.01402125548856,17.913716380692808,inf,25.0,25.0,25.0,1.0000000000000284,-824.7209771219384,136.65389936955034
2465.0,149.06975769250565,17.96945281770989,inf,25.0,25.0,25.0,1.0000000000000284,-824.9317729213692,135.67636925188526
2466.0,149.12532178374488,18.025016908949127,inf,25.0,25.0,25.0,1.0,-825.1425687207999,134.69883913422015
2467.0,149.1807151181476,18.080410243351835,inf,25.0,25.0,25.0,1.0,-825.3533645202307,133.72130901655504
2468.0,149.23593926038873,18.135634385592965,inf,25.0,25.0,25.0,1.0,-825.5641603196615,132.74377889888996
2469.0,149.29099575139256,18.190690876596797,inf,25.0,25.0,25.0,0.9999999999999716,-825.7749561190923,131.76624878122487
2470.0,149.34588610883438,18.24558123403861,inf,25.0,25.0,25.0,1.0,-825.9857519185231,130.78871866355976
2471.0,149.4006118276286,18.300306952832837,inf,25.0,25.0,25.0,1.0,-826.1965477179539,129.81118854589465
2472.0,149.45517438040386,18.354869505608093,inf,25.0,25.0,25.0,1.0,-826.4073435173846,128.83365842822957
2473.0,149.5095752179653,18.40927034316955,inf,25.0,25.0,25.0,0.9999999999999716,-826.6181393168154,127.85612831056447
2474.0,149.5638157697448,18.46351089494904,inf,25.0,25.0,25.0,0.9999999999999716,-826.8289351162462,126.87859819289937
2475.0,149.61789744423905,18.517592569443302,inf,25.0,25.0,25.0,0.9999999999999716,-827.039730915677,125.90106807523428
2476.0,149.6718216294365,18.57151675464074,inf,25.0,25.0,25.0,1.0,-827.2505267151078,124.92353795756918
2477.0,149.7255896932328,18.625284818437052,inf,25.0,25.0,25.0,1.0,-827.4613225145386,123.94600783990408
2478.0,149.77920298383583,18.678898109040098,inf,25.0,25.0,25.0,1.0000000000000284,-827.6721183139692,122.96847772223899
2479.0,149.83266283016007,18.732357955364343,inf,25.0,25.0,25.0,0.9999999999999716,-827.8829141134,121.99094760457389
2480.0,149.8859705422109,18.785665667415188,inf,25.0,25.0,25.0,1.0000000000000284,-828.0937099128308,121.01341748690879
2481.0,149.93912741145925,18.838822536663532,inf,25.0,25.0,25.0,1.0000000000000284,-828.3045057122616,120.0358873692437
2482.0,149.99213471120655,18.891829836410814,inf,25.0,25.0,25.0,1.0,-828.5153015116924,119.0583572515786
2483.0,150.04499369694062,18.944688822144897,inf,25.0,25.0,25.0,1.0,-828.7260973111232,118.0808271339135
2484.0,150.09770560668275,18.99740073188703,inf,25.0,25.0,25.0,1.0,-828.9368931105539,117.1032970162484
2485.0,150.15027166132586,19.04996678653015,inf,25.0,25.0,25.0,0.9999999999999716,-829.1476889099847,116.12576689858331
2486.0,150.20269306496454,19.102388190168835,inf,25.0,25.0,25.0,0.9999999999999716,-829.3584847094155,115.14823678091821
2487.0,150.25497100521682,19.154666130421113,inf,25.0,25.0,25.0,1.0000000000000284,-829.5692805088463,114.17070666325311
2488.0,150.30710665353809,19.20680177874239,inf,25.0,25.0,25.0,0.9999999999999716,-829.7800763082771,113.19317654558802
2489.0,150.35910116552742,19.258796290731716,inf,25.0,25.0,25.0,1.0,-829.9908721077079,112.21564642792292
2490.0,150.41095568122637,19.310650806430676,inf,25.0,25.0,25.0,1.0,-830.2016679071386,111.23811631025782
2491.0,150.4626713254107,19.36236645061501,inf,25.0,25.0,25.0,1.0,-830.4124637065694,110.26058619259273
2492.0,150.51424920787497,19.413944333079296,inf,25.0,25.0,25.0,0.9999999999999716,-830.6232595060002,109.28305607492763
2493.0,150.5656904237105,19.465385548914814,inf,25.0,25.0,25.0,1.0,-830.834055305431,108.30552595726253
2494.0,150.61699605357651,19.516691178780835,inf,25.0,25.0,25.0,1.0000000000000284,-831.0448511048618,107.32799583959743
2495.0,150.66816716396517,19.567862289169497,inf,25.0,25.0,25.0,1.0000000000000284,-831.2556469042926,106.35046572193234
2496.0,150.71920480746013,19.618899932664466,inf,25.0,25.0,25.0,1.0,-831.4664427037233,105.37293560426724
2497.0,150.77011002298923,19.669805148193557,inf,25.0,25.0,25.0,0.9999999999999716,-831.6772385031541,104.39540548660214
2498.0,150.82088383607118,19.720578961275496,inf,25.0,25.0,25.0,1.0,-831.8880343025849,103.41787536893705
2499.0,150.87152725905665,19.771222384260962,inf,25.0,25.0,25.0,1.0,-832.0988301020157,102.44034525127195
2500.0,150.92204129136377,19.821736416568093,inf,25.0,25.0,25.0,1.0000000000000284,-832.3096259014465,101.46281513360685
2501.0,150.97242691970828,19.87212204491261,inf,25.0,25.0,25.0,1.0,-832.5204217008773,100.48528501594176
2502.0,151.02268511832835,19.922380243532693,inf,25.0,25.0,25.0,1.0,-832.731217500308,99.50775489827666
2503.0,151.07281684920443,19.97251197440877,inf,25.0,25.0,25.0,1.0,-832.9420132997387,98.53022478061156
2504.0,151.12282306227402,20.02251818747836,inf,25.0,25.0,25.0,0.9999999999999716,-833.1528090991695,97.55269466294646
2505.0,151.17270469564176,20.07239982084608,inf,25.0,25.0,25.0,1.0000000000000284,-833.3636048986003,96.57516454528137
2506.0,151.22246267578467,20.122157800988983,inf,25.0,25.0,25.0,0.9999999999999716,-833.5744006980311,95.59763442761627
2507.0,151.27209791775303,20.17179304295733,inf,25.0,25.0,25.0,1.0,-833.7851964974619,94.62010430995117
2508.0,151.32161132536663,20.221306450570935,inf,25.0,25.0,25.0,1.0,-833.9959922968927,93.64257419228608
2509.0,151.37100379140688,20.27069891661118,inf,25.0,25.0,25.0,1.0000000000000284,-834.2067880963234,92.66504407462098
2510.0,151.42027619780453,20.319971323008843,inf,25.0,25.0,25.0,1.0,-834.4175838957542,91.68751395695588
2511.0,151.4694294158235,20.36912454102782,inf,25.0,25.0,25.0,1.0000000000000284,-834.628379695185,90.70998383929079
2512.0,151.51846430624056,20.418159431444888,inf,25.0,25.0,25.0,1.0,-834.8391754946158,89.73245372162569
2513.0,151.56738171952125,20.467076844725575,inf,25.0,25.0,25.0,1.0,-835.0499712940466,88.75492360396059
2514.0,151.61618249599195,20.515877621196267,inf,25.0,25.0,25.0,1.0,-835.2607670934774,87.7773934862955
2515.0,151.6648674660083,20.564562591212628,inf,25.0,25.0,25.0,1.0,-835.4715628929081,86.7998633686304
2516.0,151.71343745012013,20.613132575324446,inf,25.0,25.0,25.0,0.9999999999999716,-835.6823586923389,85.8223332509653
2517.0,151.76189325923266,20.661588384436996,inf,25.0,25.0,25.0,1.0000000000000284,-835.8931544917697,84.8448031333002
2518.0,151.81023569476466,20.709930819969,inf,25.0,25.0,25.0,1.0000000000000284,-836.1039502912005,83.8672730156351
2519.0,151.8584655488029,20.758160674007268,inf,25.0,25.0,25.0,1.0,-836.3147460906313,82.88974289797001
2520.0,151.90658360425377,20.806278729458132,inf,25.0,25.0,25.0,1.0000000000000284,-836.5255418900621,81.91221278030491
2521.0,151.95459063499135,20.85428576019572,inf,25.0,25.0,25.0,0.9999999999999716,-836.7363376894928,80.93468266263982
2522.0,152.00248740600279,20.902182531207163,inf,25.0,25.0,25.0,1.0000000000000284,-836.9471334889236,79.95715254497472
2523.0,152.05027467353045,20.94996979873484,inf,25.0,25.0,25.0,0.9999999999999716,-837.1579292883544,78.97962242730962
2524.0,152.09795318521128,20.997648310415666,inf,25.0,25.0,25.0,1.0,-837.3687250877852,78.00209230964452
2525.0,152.1455236802132,21.045218805417583,inf,25.0,25.0,25.0,0.9999999999999716,-837.579520887216,77.02456219197943
2526.0,152.19298688936885,21.09268201457325,inf,25.0,25.0,25.0,0.9999999999999716,-837.7903166866467,76.04703207431433
2527.0,152.24034353530666,21.14003866051105,inf,25.0,25.0,25.0,0.9999999999999716,-838.0011124860774,75.06950195664923
2528.0,152.28759433257906,21.18728945778345,inf,25.0,25.0,25.0,1.0000000000000284,-838.2119082855082,74.09197183898414
2529.0,152.33473998778842,21.234435112992806,inf,25.0,25.0,25.0,1.0000000000000284,-838.422704084939,73.11444172131904
2530.0,152.38178119971025,21.281476324914628,inf,25.0,25.0,25.0,0.9999999999999716,-838.6334998843698,72.13691160365394
2531.0,152.42871865941405,21.328413784618437,inf,25.0,25.0,25.0,1.0000000000000284,-838.8442956838006,71.15938148598883
2532.0,152.47555305038182,21.375248175586215,inf,25.0,25.0,25.0,1.0,-839.0550914832314,70.18185136832375
2533.0,152.52228504862413,21.421980173828512,inf,25.0,25.0,25.0,1.0,-839.2658872826621,69.20432125065867
2534.0,152.5689153227939,21.4686104479983,inf,25.0,25.0,25.0,1.0000000000000284,-839.4766830820929,68.22679113299355
2535.0,152.6154445342982,21.515139659502605,inf,25.0,25.0,25.0,0.9999999999999716,-839.6874788815237,67.24926101532844
2536.0,152.66187333740754,21.56156846261194,inf,25.0,25.0,25.0,0.9999999999999716,-839.8982746809545,66.27173089766336
2537.0,152.70820237936329,21.60789750456767,inf,25.0,25.0,25.0,1.0,-840.1090704803853,65.29420077999828
2538.0,152.75443230048288,21.654127425687275,inf,25.0,25.0,25.0,0.9999999999999716,-840.3198662798161,64.31667066233317
2539.0,152.8005637342632,21.700258859467592,inf,25.0,25.0,25.0,0.9999999999999716,-840.5306620792469,63.339140544668055
2540.0,152.84659730748172,21.746292432686122,inf,25.0,25.0,25.0,1.0000000000000284,-840.7414578786776,62.36161042700297
2541.0,152.89253364029597,21.79222876550037,inf,25.0,25.0,25.0,1.0,-840.9522536781084,61.38408030933789
2542.0,152.9383733463409,21.83806847154532,inf,25.0,25.0,25.0,1.0,-841.1630494775392,60.40655019167278
2543.0,152.98411703282468,21.883812158029087,inf,25.0,25.0,25.0,1.0,-841.37384527697,59.42902007400767
2544.0,153.02976530062236,21.929460425826754,inf,25.0,25.0,25.0,1.0,-841.5846410764008,58.451489956342584
2545.0,153.07531874436805,21.975013869572454,inf,25.0,25.0,25.0,0.9999999999999716,-841.7954368758316,57.4739598386775
2546.0,153.12077795254535,22.020473077749752,inf,25.0,25.0,25.0,1.0000000000000284,-842.0062326752623,56.49642972101239
2547.0,153.16614350757595,22.06583863278035,inf,25.0,25.0,25.0,0.9999999999999716,-842.217028474693,55.51889960334728
2548.0,153.21141598590674,22.11111111111112,inf,25.0,25.0,25.0,1.0,-842.4278242741239,54.541369485682196
2549.0,153.25659595809523,22.156291083299607,inf,25.0,25.0,25.0,1.0,-842.6386200735546,53.56383936801711
2550.0,153.3016839888935,22.201379114097882,inf,25.0,25.0,25.0,1.0,-842.8494158729854,52.586309250352
2551.0,153.34668063733056,22.24637576253493,inf,25.0,25.0,25.0,1.0000000000000284,-843.0602116724162,51.60877913268689
2552.0,153.39158645679314,22.291281581997517,inf,25.0,25.0,25.0,0.9999999999999716,-843.2710074718469,50.63124901502181
2553.0,153.4364019951052,22.336097120309574,inf,25.0,25.0,25.0,1.0000000000000284,-843.4818032712777,49.653718897356725
2554.0,153.48112779460584,22.380822919810203,inf,25.0,25.0,25.0,1.0000000000000284,-843.6925990707085,48.676188779691614
2555.0,153.52576439222585,22.425459517430223,inf,25.0,25.0,25.0,1.0,-843.9033948701393,47.6986586620265
2556.0,153.57031231956302,22.470007444767386,inf,25.0,25.0,25.0,0.9999999999999716,-844.1141906695701,46.72112854436142
2557.0,153.61477210295587,22.514467228160246,inf,25.0,25.0,25.0,0.9999999999999716,-844.3249864690009,45.74359842669634
2558.0,153.65914426355633,22.55883938876071,inf,25.0,25.0,25.0,0.9999999999999716,-844.5357822684316,44.766068309031226
2559.0,153.70342931740092,22.60312444260531,inf,25.0,25.0,25.0,1.0,-844.7465780678624,43.788538191366115
2560.0,153.74762777548085,22.64732290068523,inf,25.0,25.0,25.0,1.0000000000000568,-844.9573738672932,42.81100807370103
2561.0,153.7917401438107,22.691435269015084,inf,25.0,25.0,25.0,1.0,-845.168169666724,41.83347795603595
2562.0,153.83576692349612,22.735462048700523,inf,25.0,25.0,25.0,1.0,-845.3789654661548,40.85594783837084
2563.0,153.87970861080024,22.77940373600463,inf,25.0,25.0,25.0,1.0,-845.5897612655856,39.87841772070573
2564.0,153.92356569720883,22.82326082241321,inf,25.0,25.0,25.0,0.9999999999999432,-845.8005570650164,38.900887603040644
2565.0,153.96733866949452,22.8670337946989,inf,25.0,25.0,25.0,1.0,-846.0113528644471,37.92335748537556
2566.0,154.01102800977986,22.91072313498423,inf,25.0,25.0,25.0,1.0,-846.2221486638779,36.94582736771045
2567.0,154.0546341955992,22.954329320803552,inf,25.0,25.0,25.0,1.0,-846.4329444633087,35.96829725004534
2568.0,154.0981576999596,22.997852825163953,inf,25.0,25.0,25.0,1.0000000000000568,-846.6437402627395,34.990767132380256
2569.0,154.14159899140074,23.04129411660512,inf,25.0,25.0,25.0,1.0,-846.8545360621703,34.01323701471517
2570.0,154.1849585340538,23.084653659258173,inf,25.0,25.0,25.0,1.0,-847.065331861601,33.03570689705006
2571.0,154.22823678769916,23.127931912903534,inf,25.0,25.0,25.0,0.9999999999999432,-847.2761276610318,32.05817677938495
2572.0,154.27143420782343,23.171129333027807,inf,25.0,25.0,25.0,1.0,-847.4869234604625,31.080646661719868
2573.0,154.31455124567535,23.214246370879707,inf,25.0,25.0,25.0,1.0,-847.6977192598933,30.103116544054785
2574.0,154.3575883483207,23.257283473525053,inf,25.0,25.0,25.0,1.0,-847.9085150593241,29.125586426389674
2575.0,154.40054595869648,23.30024108390086,inf,25.0,25.0,25.0,1.0,-848.119310858755,28.148056308724563
2576.0,154.44342451566413,23.34311964086852,inf,25.0,25.0,25.0,1.0,-848.3301066581857,27.17052619105948
2577.0,154.48622445406173,23.3859195792661,inf,25.0,25.0,25.0,1.0,-848.5409024576164,26.192996073394397
2578.0,154.52894620475544,23.428641329959824,inf,25.0,25.0,25.0,1.0,-848.7516982570472,25.215465955729286
2579.0,154.57159019469026,23.47128531989464,inf,25.0,25.0,25.0,1.0,-848.962494056478,24.237935838064175
2580.0,154.61415684693964,23.51385197214403,inf,25.0,25.0,25.0,1.0000000000000568,-849.1732898559088,23.260405720399092
2581.0,154.65664658075457,23.556341705958964,inf,25.0,25.0,25.0,1.0,-849.3840856553396,22.28287560273401
2582.0,154.6990598116117,23.59875493681609,inf,25.0,25.0,25.0,1.0,-849.5948814547704,21.305345485068898
2583.0,154.74139695126073,23.641092076465117,inf,25.0,25.0,25.0,1.0,-849.8056772542011,20.327815367403787
2584.0,154.78365840777107,23.68335353297547,inf,25.0,25.0,25.0,1.0000000000000568,-850.0164730536319,19.350285249738704
2585.0,154.82584458557778,23.725539710782172,inf,25.0,25.0,25.0,1.0,-850.2272688530627,18.37275513207362
2586.0,154.8679558855266,23.76765101073099,inf,25.0,25.0,25.0,1.0,-850.4380646524935,17.39522501440851
2587.0,154.9099927049185,23.809687830122886,inf,25.0,25.0,25.0,1.0,-850.6488604519243,16.4176948967434
2588.0,154.95195543755335,23.851650562757744,inf,25.0,25.0,25.0,1.0,-850.8596562513551,15.440164779078316
2589.0,154.993844473773,23.893539598977416,inf,25.0,25.0,25.0,1.0,-851.0704520507858,14.462634661413233
2590.0,155.03566020050366,23.935355325708073,inf,25.0,25.0,25.0,1.0,-851.2812478502166,13.485104543748122
2591.0,155.0774030012975,23.977098126501918,inf,25.0,25.0,25.0,0.9999999999999432,-851.4920436496474,12.50757442608301
2592.0,155.1190732563738,24.018768381578223,inf,25.0,25.0,25.0,1.0,-851.7028394490782,11.530044308417928
2593.0,155.16067134265933,24.060366467863737,inf,25.0,25.0,25.0,0.9999999999999432,-851.913635248509,10.552514190752845
2594.0,155.20219763382806,24.101892759032467,inf,25.0,25.0,25.0,0.9999999999999432,-852.1244310479398,9.574984073087734
2595.0,155.24365250034043,24.143347625544838,inf,25.0,25.0,25.0,1.0,-852.3352268473704,8.597453955422623
2596.0,155.28503630948185,24.184731434686256,inf,25.0,25.0,25.0,1.0,-852.5460226468012,7.61992383775754
2597.0,155.32634942540068,24.226044550605067,inf,25.0,25.0,25.0,0.9999999999999432,-852.756818446232,6.642393720092457
2598.0,155.36759220914556,24.26728733434995,inf,25.0,25.0,25.0,1.0,-852.9676142456628,5.664863602427346
2599.0,155.40876501870233,24.308460143906718,inf,25.0,25.0,25.0,1.0000000000000568,-853.1784100450936,4.6873334847622345
2600.0,155.4498682090302,24.34956333423459,inf,25.0,25.0,25.0,1.0,-853.3892058445244,3.7098033670971517
2601.0,155.4909021320975,24.39059725730187,inf,25.0,25.0,25.0,1.0,-853.6000016439552,2.732273249432069
2602.0,155.53186713691676,24.431562262121133,inf,25.0,25.0,25.0,1.0,-853.8107974433859,1.7547431317669577
2603.0,155.57276356957948,24.472458694783846,inf,25.0,25.0,25.0,1.0,-854.0215932428167,0.7772130141018465
2604.0,155.61359177329012,24.51328689849449,inf,25.0,25.0,25.0,1.0,-854.2323890422475,-0.2003171035632363
2605.0,155.65435208839978,24.554047213604147,inf,25.0,25.0,25.0,1.0,-854.4431848416783,-1.177847221228319
2606.0,155.69504485243925,24.594739977643624,inf,25.0,25.0,25.0,1.0000000000000568,-854.6539806411091,-2.1553773388934303
2607.0,155.7356704001517,24.635365525356054,inf,25.0,25.0,25.0,1.0,-854.8647764405399,-3.1329074565585415
2608.0,155.77622906352465,24.675924188729013,inf,25.0,25.0,25.0,1.0,-855.0755722399706,-4.110437574223624
2609.0,155.81672117182183,24.716416297026186,inf,25.0,25.0,25.0,1.0,-855.2863680394014,-5.087967691888707
2610.0,155.8571470516142,24.756842176818544,inf,25.0,25.0,25.0,1.0,-855.4971638388322,-6.065497809553818
2611.0,155.89750702681073,24.797202152015085,inf,25.0,25.0,25.0,1.0,-855.707959638263,-7.04302792721893
2612.0,155.93780141868874,24.8374965438931,inf,25.0,25.0,25.0,1.0000000000000568,-855.9187554376938,-8.020558044884012
2613.0,155.97803054592364,24.87772567112801,inf,25.0,25.0,25.0,1.0,-856.1295512371246,-8.998088162549095
2614.0,156.0181947246184,24.917889849822792,inf,25.0,25.0,25.0,1.0,-856.3403470365553,-9.975618280214206
2615.0,156.05829426833253,24.957989393536927,inf,25.0,25.0,25.0,0.9999999999999432,-856.5511428359861,-10.953148397879318
2616.0,156.09832948811058,24.998024613314982,inf,25.0,25.0,25.0,0.04938271604919464,-856.7619386354169,-11.9306785155444
2617.0,156.13833106848236,25.0,inf,25.0,25.0,25.0,0.0,-856.9727344348477,-12.908208633209483
2618.0,156.17833106848235,25.0,inf,25.0,25.0,25.0,0.0,-857.1835302342785,-13.885738750874594
2619.0,156.21833106848234,25.0,inf,25.0,25.0,25.0,0.0,-857.3943260337093,-14.863268868539706
2620.0,156.25833106848233,25.0,inf,25.0,25.0,25.0,0.0,-857.60512183314,-15.840798986204788
2621.0,156.29833106848233,25.0,inf,25.0,25.0,25.0,0.0,-857.8159176325707,-16.81832910386987
2622.0,156.33833106848232,25.0,inf,25.0,25.0,25.0,0.0,-858.0267134320015,-17.795859221534982
2623.0,156.3783310684823,25.0,inf,25.0,25.0,25.0,0.0,-858.2375092314323,-18.773389339200094
2624.0,156.4183310684823,25.0,inf,25.0,25.0,25.0,0.0,-858.4483050308631,-19.750919456865176
2625.0,156.4583310684823,25.0,inf,25.0,25.0,25.0,0.0,-858.6591008302939,-20.72844957453026
2626.0,156.4983310684823,25.0,inf,25.0,25.0,25.0,0.0,-858.8698966297247,-21.70597969219537
2627.0,156.53833106848228,25.0,inf,25.0,25.0,25.0,0.0,-859.0806924291554,-22.68350980986048
2628.0,156.57833106848227,25.0,inf,25.0,25.0,25.0,0.0,-859.2914882285862,-23.661039927525565
2629.0,156.61833106848226,25.0,inf,25.0,25.0,25.0,0.0,-859.502284028017,-24.638570045190647
2630.0,156.65833106848225,25.0,inf,25.0,25.0,25.0,0.0,-859.7130798274478,-25.61610016285576
2631.0,156.69833106848225,25.0,inf,25.0,25.0,25.0,0.0,-859.9238756268786,-26.59363028052087
2632.0,156.73833106848224,25.0,inf,25.0,25.0,25.0,0.0,-860.1346714263093,-27.571160398185953
2633.0,156.77833106848223,25.0,inf,25.0,25.0,25.0,0.0,-860.3454672257401,-28.548690515851035
2634.0,156.81833106848222,25.0,inf,25.0,25.0,25.0,0.0,-860.5562630251709,-29.526220633516147
2635.0,156.85833106848222,25.0,inf,25.0,25.0,25.0,0.0,-860.7670588246017,-30.503750751181258
2636.0,156.8983310684822,25.0,inf,25.0,25.0,25.0,0.0,-860.9778546240325,-31.48128086884634
2637.0,156.9383310684822,25.0,inf,25.0,25.0,25.0,0.0,-861.1886504234633,-32.45881098651142
2638.0,156.9783310684822,25.0,inf,25.0,25.0,25.0,0.0,-861.3994462228941,-33.436341104176535
2639.0,157.01833106848218,25.0,inf,25.0,25.0,25.0,0.0,-861.6102420223248,-34.413871221841646
2640.0,157.05833106848218,25.0,inf,25.0,25.0,25.0,0.0,-861.8210378217556,-35.39140133950673
2641.0,157.09833106848217,25.0,inf,25.0,25.0,25.0,0.0,-862.0318336211864,-36.36893145717181
2642.0,157.13833106848216,25.0,inf,25.0,25.0,25.0,0.0,-862.2426294206172,-37.34646157483692
2643.0,157.17833106848215,25.0,inf,25.0,25.0,25.0,0.0,-862.453425220048,-38.323991692502034
2644.0,157.21833106848214,25.0,inf,25.0,25.0,25.0,0.0,-862.6642210194788,-39.30152181016712
2645.0,157.25833106848214,25.0,inf,25.0,25.0,25.0,0.0,-862.8750168189094,-40.2790519278322
2646.0,157.29833106848213,25.0,inf,25.0,25.0,25.0,0.0,-863.0858126183402,-41.25658204549731
2647.0,157.33833106848212,25.0,inf,25.0,25.0,25.0,0.0,-863.296608417771,-42.23411216316242
2648.0,157.3783310684821,25.0,inf,25.0,25.0,25.0,0.0,-863.5074042172018,-43.211642280827505
2649.0,157.4183310684821,25.0,inf,25.0,25.0,25.0,0.0,-863.7182000166326,-44.18917239849259
2650.0,157.4583310684821,25.0,inf,25.0,25.0,25.0,0.0,-863.9289958160634,-45.1667025161577
2651.0,157.4983310684821,25.0,inf,25.0,25.0,25.0,0.0,-864.1397916154941,-46.14423263382281
2652.0,157.53833106848208,25.0,inf,25.0,25.0,25.0,0.0,-864.3505874149249,-47.12176275148789
2653.0,157.57833106848207,25.0,inf,25.0,25.0,25.0,0.0,-864.5613832143557,-48.099292869152976
2654.0,157.61833106848206,25.0,inf,25.0,25.0,25.0,0.0,-864.7721790137865,-49.07682298681809
2655.0,157.65833106848206,25.0,inf,25.0,25.0,25.0,0.0,-864.9829748132173,-50.0543531044832
2656.0,157.69833106848205,25.0,inf,25.0,25.0,25.0,0.0,-865.1937706126481,-51.03188322214828
2657.0,157.73833106848204,25.0,inf,25.0,25.0,25.0,0.0,-865.4045664120788,-52.009413339813364
2658.0,157.77833106848203,25.0,inf,25.0,25.0,25.0,0.0,-865.6153622115096,-52.986943457478475
2659.0,157.81833106848202,25.0,inf,25.0,25.0,25.0,0.0,-865.8261580109404,-53.964473575143586
2660.0,157.85833106848202,25.0,inf,25.0,25.0,25.0,0.0,-866.0369538103712,-54.94200369280867
2661.0,157.898331068482,25.0,inf,25.0,25.0,25.0,0.0,-866.247749609802,-55.91953381047375
2662.0,157.938331068482,25.0,inf,25.0,25.0,25.0,0.0,-866.4585454092328,-56.89706392813889
2663.0,157.978331068482,25.0,inf,25.0,25.0,25.0,0.0,-866.6693412086636,-57.874594045803974
2664.0,158.01833106848198,25.0,inf,25.0,25.0,25.0,0.0,-866.8801370080943,-58.85212416346906
2665.0,158.05833106848198,25.0,inf,25.0,25.0,25.0,0.0,-867.0909328075251,-59.82965428113414
2666.0,158.09833106848197,25.0,inf,25.0,25.0,25.0,0.0,-867.3017286069559,-60.80718439879922
2667.0,158.13833106848196,25.0,inf,25.0,25.0,25.0,0.0,-867.5125244063867,-61.78471451646436
2668.0,158.17833106848195,25.0,inf,25.0,25.0,25.0,0.0,-867.7233202058175,-62.762244634129445
2669.0,158.21833106848194,25.0,inf,25.0,25.0,25.0,0.0,-867.9341160052481,-63.73977475179453
2670.0,158.25833106848194,25.0,inf,25.0,25.0,25.0,0.0,-868.1449118046789,-64.71730486945967
2671.0,158.29833106848193,25.0,inf,25.0,25.0,25.0,0.0,-868.3557076041097,-65.69483498712475
2672.0,158.33833106848192,25.0,inf,25.0,25.0,25.0,0.0,-868.5665034035405,-66.67236510478983
2673.0,158.3783310684819,25.0,inf,25.0,25.0,25.0,0.0,-868.7772992029713,-67.64989522245492
2674.0,158.4183310684819,25.0,inf,25.0,25.0,25.0,0.0,-868.9880950024021,-68.62742534012
2675.0,158.4583310684819,25.0,inf,25.0,25.0,25.0,0.0,-869.1988908018329,-69.60495545778514
2676.0,158.4983310684819,25.0,inf,25.0,25.0,25.0,0.0,-869.4096866012636,-70.58248557545022
2677.0,158.53833106848188,25.0,inf,25.0,25.0,25.0,0.0,-869.6204824006944,-71.5600156931153
2678.0,158.57833106848187,25.0,inf,25.0,25.0,25.0,0.0,-869.8312782001252,-72.53754581078044
2679.0,158.61833106848187,25.0,inf,25.0,25.0,25.0,0.0,-870.042073999556,-73.51507592844553
2680.0,158.65833106848186,25.0,inf,25.0,25.0,25.0,0.0,-870.2528697989868,-74.49260604611061
2681.0,158.69833106848185,25.0,inf,25.0,25.0,25.0,0.0,-870.4636655984176,-75.47013616377569
2682.0,158.73833106848184,25.0,inf,25.0,25.0,25.0,0.0,-870.6744613978483,-76.44766628144077
2683.0,158.77833106848183,25.0,inf,25.0,25.0,25.0,0.0,-870.8852571972791,-77.42519639910591
2684.0,158.81833106848183,25.0,inf,25.0,25.0,25.0,0.0,-871.0960529967099,-78.402726516771
2685.0,158.85833106848182,25.0,inf,25.0,25.0,25.0,0.0,-871.3068487961407,-79.38025663443608
2686.0,158.8983310684818,25.0,inf,25.0,25.0,25.0,0.0,-871.5176445955715,-80.35778675210122
2687.0,158.9383310684818,25.0,inf,25.0,25.0,25.0,0.0,-871.7284403950023,-81.3353168697663
2688.0,158.9783310684818,25.0,inf,25.0,25.0,25.0,0.0,-871.939236194433,-82.31284698743139
2689.0,159.01833106848179,25.0,inf,25.0,25.0,25.0,0.0,-872.1500319938638,-83.29037710509647
2690.0,159.05833106848178,25.0,inf,25.0,25.0,25.0,0.0,-872.3608277932946,-84.26790722276155
2691.0,159.09833106848177,25.0,inf,25.0,25.0,25.0,0.0,-872.5716235927254,-85.24543734042669
2692.0,159.13833106848176,25.0,inf,25.0,25.0,25.0,0.0,-872.7824193921562,-86.22296745809177
2693.0,159.17833106848175,25.0,inf,25.0,25.0,25.0,0.0,-872.993215191587,-87.20049757575686
2694.0,159.21833106848175,25.0,inf,25.0,25.0,25.0,0.0,-873.2040109910176,-88.178027693422
2695.0,159.25833106848174,25.0,inf,25.0,25.0,25.0,0.0,-873.4148067904484,-89.15555781108708
2696.0,159.29833106848173,25.0,inf,25.0,25.0,25.0,0.0,-873.6256025898792,-90.13308792875216
2697.0,159.33833106848172,25.0,inf,25.0,25.0,25.0,0.0,-873.83639838931,-91.11061804641724
2698.0,159.3783310684817,25.0,inf,25.0,25.0,25.0,0.0,-874.0471941887408,-92.08814816408233
2699.0,159.4183310684817,25.0,inf,25.0,25.0,25.0,0.0,-874.2579899881716,-93.06567828174747
2700.0,159.4583310684817,25.0,inf,25.0,25.0,25.0,0.0,-874.4687857876024,-94.04320839941255
2701.0,159.4983310684817,25.0,inf,25.0,25.0,25.0,0.0,-874.6795815870331,-95.02073851707763
2702.0,159.53833106848168,25.0,inf,25.0,25.0,25.0,0.0,-874.8903773864639,-95.99826863474277
2703.0,159.57833106848167,25.0,inf,25.0,25.0,25.0,0.0,-875.1011731858947,-96.97579875240785
2704.0,159.61833106848167,25.0,inf,25.0,25.0,25.0,0.0,-875.3119689853255,-97.95332887007294
2705.0,159.65833106848166,25.0,inf,25.0,25.0,25.0,0.0,-875.5227647847563,-98.93085898773802
2706.0,159.69833106848165,25.0,inf,25.0,25.0,25.0,0.0,-875.733560584187,-99.9083891054031
2707.0,159.73833106848164,25.0,inf,25.0,25.0,25.0,0.0,-875.9443563836178,-100.88591922306824
2708.0,159.77833106848163,25.0,inf,25.0,25.0,25.0,0.0,-876.1551521830486,-101.86344934073333
2709.0,159.81833106848163,25.0,inf,25.0,25.0,25.0,0.0,-876.3659479824794,-102.84097945839841
2710.0,159.85833106848162,25.0,inf,25.0,25.0,25.0,0.0,-876.5767437819102,-103.81850957606355
2711.0,159.8983310684816,25.0,inf,25.0,25.0,25.0,0.0,-876.787539581341,-104.79603969372863
2712.0,159.9383310684816,25.0,inf,25.0,25.0,25.0,0.0,-876.9983353807718,-105.77356981139371
2713.0,159.9783310684816,25.0,inf,25.0,25.0,25.0,0.0,-877.2091311802025,-106.7510999290588
2714.0,160.0183310684816,25.0,inf,25.0,25.0,25.0,0.0,-877.4199269796333,-107.72863004672388
2715.0,160.05833106848158,25.0,inf,25.0,25.0,25.0,0.0,-877.6307227790641,-108.70616016438902
2716.0,160.09833106848157,25.0,inf,25.0,25.0,25.0,0.0,-877.8415185784949,-109.6836902820541
2717.0,160.13833106848156,25.0,inf,25.0,25.0,25.0,0.0,-878.0523143779257,-110.66122039971918
2718.0,160.17833106848155,25.0,inf,25.0,25.0,25.0,0.0,-878.2631101773565,-111.63875051738432
2719.0,160.21833106848155,25.0,inf,25.0,25.0,25.0,0.0,-878.4739059767871,-112.6162806350494
2720.0,160.25833106848154,25.0,inf,25.0,25.0,25.0,0.0,-878.6847017762179,-113.59381075271449
2721.0,160.29833106848153,25.0,inf,25.0,25.0,25.0,0.0,-878.8954975756487,-114.57134087037957
2722.0,160.33833106848152,25.0,inf,25.0,25.0,25.0,0.0,-879.1062933750795,-115.54887098804465
2723.0,160.37833106848151,25.0,inf,25.0,25.0,25.0,0.0,-879.3170891745103,-116.5264011057098
2724.0,160.4183310684815,25.0,inf,25.0,25.0,25.0,0.0,-879.5278849739411,-117.50393122337488
2725.0,160.4583310684815,25.0,inf,25.0,25.0,25.0,0.0,-879.7386807733719,-118.48146134103996
2726.0,160.4983310684815,25.0,inf,25.0,25.0,25.0,0.0,-879.9494765728026,-119.4589914587051
2727.0,160.53833106848148,25.0,inf,25.0,25.0,25.0,0.0,-880.1602723722334,-120.43652157637018
2728.0,160.57833106848148,25.0,inf,25.0,25.0,25.0,0.0,-880.3710681716642,-121.41405169403527
2729.0,160.61833106848147,25.0,inf,25.0,25.0,25.0,0.0,-880.581863971095,-122.39158181170035
2730.0,160.65833106848146,25.0,inf,25.0,25.0,25.0,0.0,-880.7926597705258,-123.36911192936543
2731.0,160.69833106848145,25.0,inf,25.0,25.0,25.0,0.0,-881.0034555699565,-124.34664204703057
2732.0,160.73833106848144,25.0,inf,25.0,25.0,25.0,0.0,-881.2142513693873,-125.32417216469565
2733.0,160.77833106848144,25.0,inf,25.0,25.0,25.0,0.0,-881.4250471688181,-126.30170228236074
2734.0,160.81833106848143,25.0,inf,25.0,25.0,25.0,0.0,-881.6358429682489,-127.27923240002588
2735.0,160.85833106848142,25.0,inf,25.0,25.0,25.0,0.0,-881.8466387676797,-128.25676251769096
2736.0,160.8983310684814,25.0,inf,25.0,25.0,25.0,0.0,-882.0574345671105,-129.23429263535604
2737.0,160.9383310684814,25.0,inf,25.0,25.0,25.0,0.0,-882.2682303665413,-130.21182275302112
2738.0,160.9783310684814,25.0,inf,25.0,25.0,25.0,0.0,-882.479026165972,-131.1893528706862
2739.0,161.0183310684814,25.0,inf,25.0,25.0,25.0,0.0,-882.6898219654028,-132.16688298835135
2740.0,161.05833106848138,25.0,inf,25.0,25.0,25.0,0.0,-882.9006177648336,-133.14441310601643
2741.0,161.09833106848137,25.0,inf,25.0,25.0,25.0,0.0,-883.1114135642644,-134.1219432236815
2742.0,161.13833106848136,25.0,inf,25.0,25.0,25.0,0.0,-883.3222093636952,-135.09947334134665
2743.0,161.17833106848136,25.0,inf,25.0,25.0,25.0,0.0,-883.533005163126,-136.07700345901173
2744.0,161.21833106848135,25.0,inf,25.0,25.0,25.0,0.0,-883.7438009625566,-137.05453357667682
2745.0,161.25833106848134,25.0,inf,25.0,25.0,25.0,0.0,-883.9545967619874,-138.0320636943419
2746.0,161.29833106848133,25.0,inf,25.0,25.0,25.0,0.0,-884.1653925614182,-139.00959381200698
2747.0,161.33833106848132,25.0,inf,25.0,25.0,25.0,0.0,-884.376188360849,-139.98712392967212
2748.0,161.37833106848132,25.0,inf,25.0,25.0,25.0,0.0,-884.5869841602798,-140.9646540473372
2749.0,161.4183310684813,25.0,inf,25.0,25.0,25.0,0.0,-884.7977799597106,-141.9421841650023
2750.0,161.4583310684813,25.0,inf,25.0,25.0,25.0,0.0,-885.0085757591413,-142.91971428266743
2751.0,161.4983310684813,25.0,inf,25.0,25.0,25.0,0.0,-885.2193715585721,-143.8972444003325
2752.0,161.53833106848128,25.0,inf,25.0,25.0,25.0,0.0,-885.4301673580029,-144.8747745179976
2753.0,161.57833106848128,25.0,inf,25.0,25.0,25.0,0.0,-885.6409631574337,-145.85230463566268
2754.0,161.61833106848127,25.0,inf,25.0,25.0,25.0,0.0,-885.8517589568645,-146.82983475332776
2755.0,161.65833106848126,25.0,inf,25.0,25.0,25.0,0.0,-886.0625547562953,-147.8073648709929
2756.0,161.69833106848125,25.0,inf,25.0,25.0,25.0,0.0,-886.273350555726,-148.78489498865798
2757.0,161.73833106848124,25.0,inf,25.0,25.0,25.0,0.0,-886.4841463551568,-149.76242510632306
2758.0,161.77833106848124,25.0,inf,25.0,25.0,25.0,0.0,-886.6949421545876,-150.7399552239882
2759.0,161.81833106848123,25.0,inf,25.0,25.0,25.0,0.0,-886.9057379540184,-151.7174853416533
2760.0,161.85833106848122,25.0,inf,25.0,25.0,25.0,0.0,-887.1165337534492,-152.69501545931837
2761.0,161.8983310684812,25.0,inf,25.0,25.0,25.0,0.0,-887.32732955288,-153.67254557698345
2762.0,161.9383310684812,25.0,inf,25.0,25.0,25.0,0.0,-887.5381253523108,-154.65007569464854
2763.0,161.9783310684812,25.0,inf,25.0,25.0,25.0,0.0,-887.7489211517415,-155.62760581231367
2764.0,162.0183310684812,25.0,inf,25.0,25.0,25.0,0.0,-887.9597169511723,-156.60513592997876
2765.0,162.05833106848118,25.0,inf,25.0,25.0,25.0,0.0,-888.170512750603,-157.58266604764384
2766.0,162.09833106848117,25.0,inf,25.0,25.0,25.0,0.0,-888.3813085500339,-158.56019616530898
2767.0,162.13833106848116,25.0,inf,25.0,25.0,25.0,0.0,-888.5921043494646,-159.53772628297406
2768.0,162.17833106848116,25.0,inf,25.0,25.0,25.0,0.0,-888.8029001488953,-160.51525640063915
2769.0,162.21833106848115,25.0,inf,25.0,25.0,25.0,0.0,-889.0136959483261,-161.49278651830423
2770.0,162.25833106848114,25.0,inf,25.0,25.0,25.0,0.0,-889.2244917477569,-162.4703166359693
2771.0,162.29833106848113,25.0,inf,25.0,25.0,25.0,0.0,-889.4352875471877,-163.44784675363445
2772.0,162.33833106848112,25.0,inf,25.0,25.0,25.0,0.0,-889.6460833466185,-164.42537687129953
2773.0,162.37833106848112,25.0,inf,25.0,25.0,25.0,0.0,-889.8568791460493,-165.40290698896462
2774.0,162.4183310684811,25.0,inf,25.0,25.0,25.0,0.0,-890.0676749454801,-166.38043710662976
2775.0,162.4583310684811,25.0,inf,25.0,25.0,25.0,0.0,-890.2784707449108,-167.35796722429484
2776.0,162.4983310684811,25.0,inf,25.0,25.0,25.0,0.0,-890.4892665443416,-168.33549734195992
2777.0,162.53833106848109,25.0,inf,25.0,25.0,25.0,0.0,-890.7000623437724,-169.313027459625
2778.0,162.57833106848108,25.0,inf,25.0,25.0,25.0,0.0,-890.9108581432032,-170.2905575772901
2779.0,162.61833106848107,25.0,inf,25.0,25.0,25.0,0.0,-891.121653942634,-171.26808769495523
2780.0,162.65833106848106,25.0,inf,25.0,25.0,25.0,0.0,-891.3324497420648,-172.2456178126203
2781.0,162.69833106848105,25.0,inf,25.0,25.0,25.0,0.0,-891.5432455414955,-173.2231479302854
2782.0,162.73833106848105,25.0,inf,25.0,25.0,25.0,0.0,-891.7540413409263,-174.20067804795053
2783.0,162.77833106848104,25.0,inf,25.0,25.0,25.0,0.0,-891.9648371403571,-175.17820816561562
2784.0,162.81833106848103,25.0,inf,25.0,25.0,25.0,0.0,-892.1756329397879,-176.1557382832807
2785.0,162.85833106848102,25.0,inf,25.0,25.0,25.0,0.0,-892.3864287392187,-177.13326840094578
2786.0,162.898331068481,25.0,inf,25.0,25.0,25.0,0.0,-892.5972245386495,-178.11079851861086
2787.0,162.938331068481,25.0,inf,25.0,25.0,25.0,0.0,-892.8080203380803,-179.088328636276
2788.0,162.978331068481,25.0,inf,25.0,25.0,25.0,0.0,-893.018816137511,-180.0658587539411
2789.0,163.018331068481,25.0,inf,25.0,25.0,25.0,0.0,-893.2296119369418,-181.04338887160617
2790.0,163.05833106848098,25.0,inf,25.0,25.0,25.0,0.0,-893.4404077363725,-182.0209189892713
2791.0,163.09833106848097,25.0,inf,25.0,25.0,25.0,0.0,-893.6512035358033,-182.9984491069364
2792.0,163.13833106848097,25.0,inf,25.0,25.0,25.0,0.0,-893.8619993352341,-183.97597922460147
2793.0,163.17833106848096,25.0,inf,25.0,25.0,25.0,0.0,-894.0727951346648,-184.95350934226656
2794.0,163.21833106848095,25.0,inf,25.0,25.0,25.0,0.0,-894.2835909340956,-185.93103945993164
2795.0,163.25833106848094,25.0,inf,25.0,25.0,25.0,0.0,-894.4943867335264,-186.90856957759678
2796.0,163.29833106848093,25.0,inf,25.0,25.0,25.0,0.0,-894.7051825329572,-187.88609969526186
2797.0,163.33833106848093,25.0,inf,25.0,25.0,25.0,0.0,-894.915978332388,-188.86362981292694
2798.0,163.37833106848092,25.0,inf,25.0,25.0,25.0,0.0,-895.1267741318188,-189.84115993059208
2799.0,163.4183310684809,25.0,inf,25.0,25.0,25.0,0.0,-895.3375699312496,-190.81869004825717
2800.0,163.4583310684809,25.0,inf,25.0,25.0,25.0,0.0,-895.5483657306803,-191.79622016592225
2801.0,163.4983310684809,25.0,inf,25.0,25.0,25.0,0.0,-895.7591615301111,-192.77375028358733
2802.0,163.5383310684809,25.0,inf,25.0,25.0,25.0,0.0,-895.9699573295419,-193.75128040125242
2803.0,163.57833106848088,25.0,inf,25.0,25.0,25.0,0.0,-896.1807531289727,-194.72881051891756
2804.0,163.61833106848087,25.0,inf,25.0,25.0,25.0,0.0,-896.3915489284035,-195.70634063658264
2805.0,163.65833106848086,25.0,inf,25.0,25.0,25.0,0.0,-896.6023447278342,-196.68387075424772
2806.0,163.69833106848085,25.0,inf,25.0,25.0,25.0,0.0,-896.813140527265,-197.66140087191286
2807.0,163.73833106848085,25.0,inf,25.0,25.0,25.0,0.0,-897.0239363266958,-198.63893098957794
2808.0,163.77833106848084,25.0,inf,25.0,25.0,25.0,0.0,-897.2347321261266,-199.61646110724303
2809.0,163.81833106848083,25.0,inf,25.0,25.0,25.0,0.0,-897.4455279255574,-200.5939912249081
2810.0,163.85833106848082,25.0,inf,25.0,25.0,25.0,0.0,-897.6563237249882,-201.5715213425732
2811.0,163.89833106848081,25.0,inf,25.0,25.0,25.0,0.0,-897.867119524419,-202.54905146023833
2812.0,163.9383310684808,25.0,inf,25.0,25.0,25.0,0.0,-898.0779153238497,-203.5265815779034
2813.0,163.9783310684808,25.0,inf,25.0,25.0,25.0,0.0,-898.2887111232805,-204.5041116955685
2814.0,164.0183310684808,25.0,inf,25.0,25.0,25.0,0.0,-898.4995069227112,-205.48164181323364
2815.0,164.05833106848078,25.0,inf,25.0,25.0,25.0,0.0,-898.710302722142,-206.45917193089872
2816.0,164.09833106848077,25.0,inf,25.0,25.0,25.0,0.0,-898.9210985215728,-207.4367020485638
2817.0,164.13833106848077,25.0,inf,25.0,25.0,25.0,0.0,-899.1318943210036,-208.41423216622889
2818.0,164.17833106848076,25.0,inf,25.0,25.0,25.0,0.0,-899.3426901204343,-209.39176228389397
2819.0,164.21833106848075,25.0,inf,25.0,25.0,25.0,0.0,-899.5534859198651,-210.3692924015591
2820.0,164.25833106848074,25.0,inf,25.0,25.0,25.0,0.0,-899.7642817192959,-211.3468225192242
2821.0,164.29833106848073,25.0,inf,25.0,25.0,25.0,0.0,-899.9750775187267,-212.32435263688927
2822.0,164.33833106848073,25.0,inf,25.0,25.0,25.0,0.0,-900.1858733181575,-213.3018827545544
2823.0,164.37833106848072,25.0,inf,25.0,25.0,25.0,0.0,-900.3966691175883,-214.2794128722195
2824.0,164.4183310684807,25.0,inf,25.0,25.0,25.0,0.0,-900.6074649170191,-215.25694298988458
2825.0,164.4583310684807,25.0,inf,25.0,25.0,25.0,0.0,-900.8182607164498,-216.23447310754966
2826.0,164.4983310684807,25.0,inf,25.0,25.0,25.0,0.0,-901.0290565158806,-217.21200322521474
2827.0,164.5383310684807,25.0,inf,25.0,25.0,25.0,0.0,-901.2398523153114,-218.18953334287988
2828.0,164.57833106848068,25.0,inf,25.0,25.0,25.0,0.0,-901.4506481147422,-219.16706346054497
2829.0,164.61833106848067,25.0,inf,25.0,25.0,25.0,0.0,-901.661443914173,-220.14459357821005
2830.0,164.65833106848066,25.0,inf,25.0,25.0,25.0,0.0,-901.8722397136037,-221.1221236958752
2831.0,164.69833106848066,25.0,inf,25.0,25.0,25.0,0.0,-902.0830355130345,-222.09965381354027
2832.0,164.73833106848065,25.0,inf,25.0,25.0,25.0,0.0,-902.2938313124653,-223.07718393120535
2833.0,164.77833106848064,25.0,inf,25.0,25.0,25.0,0.0,-902.5046271118961,-224.05471404887044
2834.0,164.81833106848063,25.0,inf,25.0,25.0,25.0,0.0,-902.7154229113269,-225.03224416653552
2835.0,164.85833106848062,25.0,inf,25.0,25.0,25.0,0.0,-902.9262187107577,-226.00977428420066
2836.0,164.89833106848062,25.0,inf,25.0,25.0,25.0,0.0,-903.1370145101885,-226.98730440186574
2837.0,164.9383310684806,25.0,inf,25.0,25.0,25.0,0.0,-903.3478103096191,-227.96483451953083
2838.0,164.9783310684806,25.0,inf,25.0,25.0,25.0,0.0,-903.55860610905,-228.94236463719596
2839.0,165.0183310684806,25.0,inf,25.0,25.0,25.0,0.0,-903.7694019084807,-229.91989475486105
2840.0,165.05833106848058,25.0,inf,25.0,25.0,25.0,0.0,-903.9801977079115,-230.89742487252613
2841.0,165.09833106848058,25.0,inf,25.0,25.0,25.0,0.0,-904.1909935073423,-231.8749549901912
2842.0,165.13833106848057,25.0,inf,25.0,25.0,25.0,0.0,-904.4017893067731,-232.8524851078563
2843.0,165.17833106848056,25.0,inf,25.0,25.0,25.0,0.0,-904.6125851062038,-233.83001522552144
2844.0,165.21833106848055,25.0,inf,25.0,25.0,25.0,0.0,-904.8233809056346,-234.80754534318652
2845.0,165.25833106848054,25.0,inf,25.0,25.0,25.0,0.0,-905.0341767050654,-235.7850754608516
2846.0,165.29833106848054,25.0,inf,25.0,25.0,25.0,0.0,-905.2449725044962,-236.76260557851674
2847.0,165.33833106848053,25.0,inf,25.0,25.0,25.0,0.0,-905.455768303927,-237.74013569618182
2848.0,165.37833106848052,25.0,inf,25.0,25.0,25.0,0.0,-905.6665641033578,-238.7176658138469
2849.0,165.4183310684805,25.0,inf,25.0,25.0,25.0,0.0,-905.8773599027885,-239.695195931512
2850.0,165.4583310684805,25.0,inf,25.0,25.0,25.0,0.0,-906.0881557022193,-240.67272604917707
2851.0,165.4983310684805,25.0,inf,25.0,25.0,25.0,0.0,-906.2989515016501,-241.6502561668422
2852.0,165.5383310684805,25.0,inf,25.0,25.0,25.0,0.0,-906.5097473010809,-242.6277862845073
2853.0,165.57833106848048,25.0,inf,25.0,25.0,25.0,0.0,-906.7205431005117,-243.60531640217238
2854.0,165.61833106848047,25.0,inf,25.0,25.0,25.0,0.0,-906.9313388999425,-244.58284651983752
2855.0,165.65833106848046,25.0,inf,25.0,25.0,25.0,0.0,-907.1421346993732,-245.5603766375026
2856.0,165.69833106848046,25.0,inf,25.0,25.0,25.0,0.0,-907.352930498804,-246.53790675516768
2857.0,165.73833106848045,25.0,inf,25.0,25.0,25.0,0.0,-907.5637262982348,-247.51543687283277
2858.0,165.77833106848044,25.0,inf,25.0,25.0,25.0,0.0,-907.7745220976656,-248.49296699049785
2859.0,165.81833106848043,25.0,inf,25.0,25.0,25.0,0.0,-907.9853178970964,-249.470497108163
2860.0,165.85833106848042,25.0,inf,25.0,25.0,25.0,0.0,-908.1961136965272,-250.44802722582807
2861.0,165.89833106848042,25.0,inf,25.0,25.0,25.0,0.0,-908.406909495958,-251.42555734349315
2862.0,165.9383310684804,25.0,inf,25.0,25.0,25.0,0.0,-908.6177052953886,-252.4030874611583
2863.0,165.9783310684804,25.0,inf,25.0,25.0,25.0,0.0,-908.8285010948194,-253.38061757882338
2864.0,166.0183310684804,25.0,inf,25.0,25.0,25.0,0.0,-909.0392968942502,-254.35814769648846
2865.0,166.05833106848038,25.0,inf,25.0,25.0,25.0,0.0,-909.250092693681,-255.33567781415354
2866.0,166.09833106848038,25.0,inf,25.0,25.0,25.0,0.0,-909.4608884931118,-256.3132079318186
2867.0,166.13833106848037,25.0,inf,25.0,25.0,25.0,0.0,-909.6716842925425,-257.29073804948376
2868.0,166.17833106848036,25.0,inf,25.0,25.0,25.0,0.0,-909.8824800919733,-258.26826816714885
2869.0,166.21833106848035,25.0,inf,25.0,25.0,25.0,0.0,-910.0932758914041,-259.24579828481393
2870.0,166.25833106848035,25.0,inf,25.0,25.0,25.0,0.0,-910.3040716908349,-260.22332840247907
2871.0,166.29833106848034,25.0,inf,25.0,25.0,25.0,0.0,-910.5148674902657,-261.20085852014415
2872.0,166.33833106848033,25.0,inf,25.0,25.0,25.0,0.0,-910.7256632896965,-262.17838863780923
2873.0,166.37833106848032,25.0,inf,25.0,25.0,25.0,0.0,-910.9364590891273,-263.1559187554743
2874.0,166.4183310684803,25.0,inf,25.0,25.0,25.0,0.0,-911.147254888558,-264.1334488731394
2875.0,166.4583310684803,25.0,inf,25.0,25.0,25.0,0.0,-911.3580506879888,-265.11097899080454
2876.0,166.4983310684803,25.0,inf,25.0,25.0,25.0,0.0,-911.5688464874196,-266.0885091084696
2877.0,166.5383310684803,25.0,inf,25.0,25.0,25.0,0.0,-911.7796422868504,-267.0660392261347
2878.0,166.57833106848028,25.0,inf,25.0,25.0,25.0,0.0,-911.9904380862812,-268.04356934379985
2879.0,166.61833106848027,25.0,inf,25.0,25.0,25.0,0.0,-912.201233885712,-269.0210994614649
2880.0,166.65833106848027,25.0,inf,25.0,25.0,25.0,0.0,-912.4120296851427,-269.99862957913
2881.0,166.69833106848026,25.0,inf,25.0,25.0,25.0,0.0,-912.6228254845735,-270.9761596967951
2882.0,166.73833106848025,25.0,inf,25.0,25.0,25.0,0.0,-912.8336212840043,-271.9536898144602
2883.0,166.77833106848024,25.0,inf,25.0,25.0,25.0,0.0,-913.0444170834351,-272.9312199321253
2884.0,166.81833106848023,25.0,inf,25.0,25.0,25.0,0.0,-913.2552128828659,-273.9087500497904
2885.0,166.85833106848023,25.0,inf,25.0,25.0,25.0,0.0,-913.4660086822967,-274.8862801674555
2886.0,166.89833106848022,25.0,inf,25.0,25.0,25.0,0.0,-913.6768044817275,-275.8638102851206
2887.0,166.9383310684802,25.0,inf,25.0,25.0,25.0,0.0,-913.8876002811581,-276.8413404027857
2888.0,166.9783310684802,25.0,inf,25.0,25.0,25.0,0.0,-914.0983960805889,-277.8188705204508
2889.0,167.0183310684802,25.0,inf,25.0,25.0,25.0,0.0,-914.3091918800197,-278.79640063811587
2890.0,167.0583310684802,25.0,inf,25.0,25.0,25.0,0.0,-914.5199876794505,-279.77393075578095
2891.0,167.09833106848018,25.0,inf,25.0,25.0,25.0,0.0,-914.7307834788813,-280.7514608734461
2892.0,167.13833106848017,25.0,inf,25.0,25.0,25.0,0.0,-914.941579278312,-281.7289909911112
2893.0,167.17833106848016,25.0,inf,25.0,25.0,25.0,0.0,-915.1523750777428,-282.70652110877626
2894.0,167.21833106848015,25.0,inf,25.0,25.0,25.0,0.0,-915.3631708771736,-283.6840512264414
2895.0,167.25833106848015,25.0,inf,25.0,25.0,25.0,0.0,-915.5739666766044,-284.6615813441065
2896.0,167.29833106848014,25.0,inf,25.0,25.0,25.0,0.0,-915.7847624760352,-285.63911146177156
2897.0,167.33833106848013,25.0,inf,25.0,25.0,25.0,0.0,-915.995558275466,-286.61664157943665
2898.0,167.37833106848012,25.0,inf,25.0,25.0,25.0,0.0,-916.2063540748968,-287.59417169710173
2899.0,167.41833106848011,25.0,inf,25.0,25.0,25.0,0.0,-916.4171498743275,-288.57170181476687
2900.0,167.4583310684801,25.0,inf,25.0,25.0,25.0,0.0,-916.6279456737583,-289.54923193243195
2901.0,167.4983310684801,25.0,inf,25.0,25.0,25.0,0.0,-916.8387414731891,-290.52676205009703
2902.0,167.5383310684801,25.0,inf,25.0,25.0,25.0,0.0,-917.0495372726199,-291.5042921677622
2903.0,167.57833106848008,25.0,inf,25.0,25.0,25.0,0.0,-917.2603330720507,-292.48182228542726
2904.0,167.61833106848007,25.0,inf,25.0,25.0,25.0,0.0,-917.4711288714814,-293.45935240309234
2905.0,167.65833106848007,25.0,inf,25.0,25.0,25.0,0.0,-917.6819246709122,-294.4368825207574
2906.0,167.69833106848006,25.0,inf,25.0,25.0,25.0,0.0,-917.892720470343,-295.4144126384225
2907.0,167.73833106848005,25.0,inf,25.0,25.0,25.0,0.0,-918.1035162697738,-296.39194275608764
2908.0,167.77833106848004,25.0,inf,25.0,25.0,25.0,0.0,-918.3143120692046,-297.3694728737527
2909.0,167.81833106848003,25.0,inf,25.0,25.0,25.0,0.0,-918.5251078686354,-298.3470029914178
2910.0,167.85833106848003,25.0,inf,25.0,25.0,25.0,0.0,-918.7359036680662,-299.32453310908295
2911.0,167.89833106848002,25.0,inf,25.0,25.0,25.0,0.0,-918.9466994674968,-300.30206322674803
2912.0,167.93833106848,25.0,inf,25.0,25.0,25.0,0.0,-919.1574952669276,-301.2795933444131
2913.0,167.97833106848,25.0,inf,25.0,25.0,25.0,0.0,-919.3682910663584,-302.2571234620782
2914.0,168.01833106848,25.0,inf,25.0,25.0,25.0,0.0,-919.5790868657892,-303.2346535797433
2915.0,168.05833106848,25.0,inf,25.0,25.0,25.0,0.0,-919.78988266522,-304.2121836974084
2916.0,168.09833106847998,25.0,inf,25.0,25.0,25.0,0.0,-920.0006784646508,-305.1897138150735
2917.0,168.13833106847997,25.0,inf,25.0,25.0,25.0,0.0,-920.2114742640815,-306.1672439327386
2918.0,168.17833106847996,25.0,inf,25.0,25.0,25.0,0.0,-920.4222700635123,-307.1447740504037
2919.0,168.21833106847996,25.0,inf,25.0,25.0,25.0,0.0,-920.6330658629431,-308.1223041680688
2920.0,168.25833106847995,25.0,inf,25.0,25.0,25.0,0.0,-920.8438616623739,-309.0998342857339
2921.0,168.29833106847994,25.0,inf,25.0,25.0,25.0,0.0,-921.0546574618047,-310.077364403399
2922.0,168.33833106847993,25.0,inf,25.0,25.0,25.0,0.0,-921.2654532612355,-311.05489452106406
2923.0,168.37833106847992,25.0,inf,25.0,25.0,25.0,0.0,-921.4762490606663,-312.0324246387292
2924.0,168.41833106847992,25.0,inf,25.0,25.0,25.0,0.0,-921.687044860097,-313.00995475639434
2925.0,168.4583310684799,25.0,inf,25.0,25.0,25.0,0.0,-921.8978406595278,-313.9874848740594
2926.0,168.4983310684799,25.0,inf,25.0,25.0,25.0,0.0,-922.1086364589586,-314.9650149917245
2927.0,168.5383310684799,25.0,inf,25.0,25.0,25.0,0.0,-922.3194322583894,-315.9425451093896
2928.0,168.57833106847988,25.0,inf,25.0,25.0,25.0,0.0,-922.5302280578202,-316.92007522705467
2929.0,168.61833106847988,25.0,inf,25.0,25.0,25.0,0.0,-922.7410238572509,-317.89760534471975
2930.0,168.65833106847987,25.0,inf,25.0,25.0,25.0,0.0,-922.9518196566817,-318.87513546238483
2931.0,168.69833106847986,25.0,inf,25.0,25.0,25.0,0.0,-923.1626154561125,-319.8526655800499
2932.0,168.73833106847985,25.0,inf,25.0,25.0,25.0,0.0,-923.3734112555433,-320.830195697715
2933.0,168.77833106847984,25.0,inf,25.0,25.0,25.0,0.0,-923.5842070549741,-321.8077258153802
2934.0,168.81833106847984,25.0,inf,25.0,25.0,25.0,0.0,-923.7950028544049,-322.7852559330453
2935.0,168.85833106847983,25.0,inf,25.0,25.0,25.0,0.0,-924.0057986538357,-323.76278605071036
2936.0,168.89833106847982,25.0,inf,25.0,25.0,25.0,0.0,-924.2165944532663,-324.74031616837544
2937.0,168.9383310684798,25.0,inf,25.0,25.0,25.0,0.0,-924.4273902526971,-325.7178462860405
2938.0,168.9783310684798,25.0,inf,25.0,25.0,25.0,0.0,-924.6381860521279,-326.6953764037056
2939.0,169.0183310684798,25.0,inf,25.0,25.0,25.0,0.0,-924.8489818515587,-327.6729065213707
2940.0,169.0583310684798,25.0,inf,25.0,25.0,25.0,0.0,-925.0597776509895,-328.6504366390359
2941.0,169.09833106847978,25.0,inf,25.0,25.0,25.0,0.0,-925.2705734504203,-329.62796675670097
2942.0,169.13833106847977,25.0,inf,25.0,25.0,25.0,0.0,-925.481369249851,-330.60549687436605
2943.0,169.17833106847976,25.0,inf,25.0,25.0,25.0,0.0,-925.6921650492818,-331.58302699203114
2944.0,169.21833106847976,25.0,inf,25.0,25.0,25.0,0.0,-925.9029608487126,-332.5605571096962
2945.0,169.25833106847975,25.0,inf,25.0,25.0,25.0,0.0,-926.1137566481434,-333.5380872273613
2946.0,169.29833106847974,25.0,inf,25.0,25.0,25.0,0.0,-926.3245524475742,-334.5156173450264
2947.0,169.33833106847973,25.0,inf,25.0,25.0,25.0,0.0,-926.535348247005,-335.49314746269147
2948.0,169.37833106847972,25.0,inf,25.0,25.0,25.0,0.0,-926.7461440464357,-336.47067758035655
2949.0,169.41833106847972,25.0,inf,25.0,25.0,25.0,0.0,-926.9569398458665,-337.44820769802175
2950.0,169.4583310684797,25.0,inf,25.0,25.0,25.0,0.0,-927.1677356452973,-338.42573781568683
2951.0,169.4983310684797,25.0,inf,25.0,25.0,25.0,0.0,-927.3785314447281,-339.4032679333519
2952.0,169.5383310684797,25.0,inf,25.0,25.0,25.0,0.0,-927.5893272441589,-340.380798051017
2953.0,169.57833106847968,25.0,inf,25.0,25.0,25.0,0.0,-927.8001230435897,-341.3583281686821
2954.0,169.61833106847968,25.0,inf,25.0,25.0,25.0,0.0,-928.0109188430204,-342.33585828634716
2955.0,169.65833106847967,25.0,inf,25.0,25.0,25.0,0.0,-928.2217146424512,-343.31338840401224
2956.0,169.69833106847966,25.0,inf,25.0,25.0,25.0,0.0,-928.432510441882,-344.29091852167744
2957.0,169.73833106847965,25.0,inf,25.0,25.0,25.0,0.0,-928.6433062413128,-345.2684486393425
2958.0,169.77833106847964,25.0,inf,25.0,25.0,25.0,0.0,-928.8541020407436,-346.2459787570076
2959.0,169.81833106847964,25.0,inf,25.0,25.0,25.0,0.0,-929.0648978401744,-347.2235088746727
2960.0,169.85833106847963,25.0,inf,25.0,25.0,25.0,0.0,-929.2756936396052,-348.20103899233777
2961.0,169.89833106847962,25.0,inf,25.0,25.0,25.0,0.0,-929.4864894390358,-349.17856911000285
2962.0,169.9383310684796,25.0,inf,25.0,25.0,25.0,0.0,-929.6972852384666,-350.15609922766794
2963.0,169.9783310684796,25.0,inf,25.0,25.0,25.0,0.0,-929.9080810378974,-351.133629345333
2964.0,170.0183310684796,25.0,inf,25.0,25.0,25.0,0.0,-930.1188768373282,-352.1111594629981
2965.0,170.0583310684796,25.0,inf,25.0,25.0,25.0,0.0,-930.329672636759,-353.0886895806633
2966.0,170.09833106847958,25.0,inf,25.0,25.0,25.0,0.0,-930.5404684361897,-354.0662196983284
2967.0,170.13833106847957,25.0,inf,25.0,25.0,25.0,0.0,-930.7512642356205,-355.04374981599346
2968.0,170.17833106847957,25.0,inf,25.0,25.0,25.0,0.0,-930.9620600350513,-356.02127993365855
2969.0,170.21833106847956,25.0,inf,25.0,25.0,25.0,0.0,-931.1728558344821,-356.99881005132363
2970.0,170.25833106847955,25.0,inf,25.0,25.0,25.0,0.0,-931.3836516339129,-357.9763401689887
2971.0,170.29833106847954,25.0,inf,25.0,25.0,25.0,0.0,-931.5944474333437,-358.9538702866538
2972.0,170.33833106847953,25.0,inf,25.0,25.0,25.0,0.0,-931.8052432327745,-359.931400404319
2973.0,170.37833106847953,25.0,inf,25.0,25.0,25.0,0.0,-932.0160390322052,-360.9089305219841
2974.0,170.41833106847952,25.0,inf,25.0,25.0,25.0,0.0,-932.226834831636,-361.88646063964916
2975.0,170.4583310684795,25.0,inf,25.0,25.0,25.0,0.0,-932.4376306310668,-362.86399075731424
2976.0,170.4983310684795,25.0,inf,25.0,25.0,25.0,0.0,-932.6484264304976,-363.8415208749793
2977.0,170.5383310684795,25.0,inf,25.0,25.0,25.0,0.0,-932.8592222299284,-364.8190509926444
2978.0,170.57833106847949,25.0,inf,25.0,25.0,25.0,0.0,-933.0700180293592,-365.7965811103095
2979.0,170.61833106847948,25.0,inf,25.0,25.0,25.0,0.0,-933.2808138287899,-366.7741112279746
2980.0,170.65833106847947,25.0,inf,25.0,25.0,25.0,0.0,-933.4916096282207,-367.75164134563965
2981.0,170.69833106847946,25.0,inf,25.0,25.0,25.0,0.0,-933.7024054276515,-368.72917146330485
2982.0,170.73833106847945,25.0,inf,25.0,25.0,25.0,0.0,-933.9132012270823,-369.70670158096993
2983.0,170.77833106847945,25.0,inf,25.0,25.0,25.0,0.0,-934.123997026513,-370.684231698635
2984.0,170.81833106847944,25.0,inf,25.0,25.0,25.0,0.0,-934.3347928259439,-371.6617618163001
2985.0,170.85833106847943,25.0,inf,25.0,25.0,25.0,0.0,-934.5455886253746,-372.6392919339652
2986.0,170.89833106847942,25.0,inf,25.0,25.0,25.0,0.0,-934.7563844248053,-373.61682205163027
2987.0,170.9383310684794,25.0,inf,25.0,25.0,25.0,0.0,-934.9671802242361,-374.59435216929535
2988.0,170.9783310684794,25.0,inf,25.0,25.0,25.0,0.0,-935.1779760236669,-375.57188228696054
2989.0,171.0183310684794,25.0,inf,25.0,25.0,25.0,0.0,-935.3887718230977,-376.5494124046256
2990.0,171.0583310684794,25.0,inf,25.0,25.0,25.0,0.0,-935.5995676225285,-377.5269425222907
2991.0,171.09833106847938,25.0,inf,25.0,25.0,25.0,0.0,-935.8103634219592,-378.5044726399558
2992.0,171.13833106847937,25.0,inf,25.0,25.0,25.0,0.0,-936.02115922139,-379.4820027576209
2993.0,171.17833106847937,25.0,inf,25.0,25.0,25.0,0.0,-936.2319550208208,-380.45953287528596
2994.0,171.21833106847936,25.0,inf,25.0,25.0,25.0,0.0,-936.4427508202516,-381.43706299295104
2995.0,171.25833106847935,25.0,inf,25.0,25.0,25.0,0.0,-936.6535466196824,-382.4145931106161
2996.0,171.29833106847934,25.0,inf,25.0,25.0,25.0,0.0,-936.8643424191132,-383.3921232282812
2997.0,171.33833106847933,25.0,inf,25.0,25.0,25.0,0.0,-937.075138218544,-384.3696533459464
2998.0,171.37833106847933,25.0,inf,25.0,25.0,25.0,0.0,-937.2859340179747,-385.3471834636115
2999.0,171.41833106847932,25.0,inf,25.0,25.0,25.0,0.0,-937.4967298174055,-386.32471358127657
3000.0,171.4583310684793,25.0,inf,25.0,25.0,25.0,0.0,-937.7075256168363,-387.30224369894165
