T_s,delta_m,jerk_integral,rms_jerk_mps3,target_error_m,min_gap_m,min_margin_m,min_speed_mps,max_speed_mps,min_accel_mps2,max_accel_mps2,max_abs_jerk_mps3,feasible
2.0,-20.0,5099.999999999949,50.497524691810135,-20.0,48.906359947526596,2.429070544066615,8.312592592592601,25.0,-24.197530864197496,19.199999999999957,119.99999999999983,False
2.0,-19.0,4447.499999999953,47.15665382530843,-18.99999999999997,48.86497380717052,2.424237767961145,9.2411853134111,25.0,-22.75741323019365,17.760247697313833,112.49999999999983,False
2.0,-18.0,3839.999999999971,43.817804600413126,-17.99999999999997,48.81873113685009,2.4186989474502725,10.168411470186635,25.0,-21.317781907130144,16.321069218109773,104.99999999999983,False
2.0,-17.0,3277.499999999989,40.481477245772474,-16.999999999999986,48.766623354915396,2.4122873553088913,11.093930844907414,25.0,-19.87875450658663,14.88261253127799,97.49999999999986,False
2.0,-16.0,2759.9999999999927,37.14835124201337,-15.999999999999972,48.707326838527344,2.4047793630967904,12.017280240420757,25.0,-18.44048986757427,13.445081235801993,89.99999999999986,False
2.0,-15.0,2287.4999999999727,33.81937314617151,-14.999999999999972,48.63906576943311,2.395867948450436,12.937812500000012,25.0,-17.003207842894806,12.008763398450347,82.49999999999987,False
2.0,-14.0,1859.9999999999945,30.495901363953767,-13.999999999999957,48.559395188518124,2.3851199167288732,13.85459533607684,25.0,-15.567221679843753,10.574080390406179,74.99999999999986,False
2.0,-13.0,1477.5000000000055,27.179955849853815,-12.999999999999986,48.46484375,2.3719038616232297,14.766235351562518,25.0,-14.132993446023464,9.141674001579029,67.49999999999989,False
2.0,-12.0,1140.000000000009,23.874672772626738,-11.999999999999986,48.35029674082997,2.355262609114621,15.670553935860069,25.0,-12.701234177824663,7.712572046305399,59.999999999999915,False
2.0,-11.0,847.4999999999854,20.585188850238726,-10.999999999999993,48.20786804585775,2.3336731716196812,16.56394675925926,25.0,-11.273097295302842,6.288529394068278,52.49999999999993,False
2.0,-10.0,599.9999999999959,17.320508075688714,-9.999999999999986,48.02469135802469,2.304559548278159,17.44000000000001,25.0,-9.850584882424238,4.872807104646447,44.999999999999936,False
2.0,-9.0,397.4999999999977,14.097872179871644,-8.999999999999986,47.778227948361774,2.263204161477959,18.286132812500007,25.0,-8.437499999999986,3.472222222222214,37.499999999999936,False
2.0,-8.0,239.9999999999975,10.954451150103266,-8.0,47.425389162514726,2.199989706672462,19.074074074074073,25.0,-7.042039303074595,2.1037676981363265,29.999999999999964,False
2.0,-7.0,127.49999999999898,7.984359711335624,-6.999999999999993,46.87687838330896,2.092125950538794,19.7265625,25.0,-5.685567123682762,0.8244560125716547,22.499999999999968,False
2.0,-6.0,60.0000000000004,5.477225575051679,-6.0,46.0,1.8728093679747104,20.0,25.0,-4.444444444444441,0.0,14.999999999999984,False
2.0,-5.0,37.5,4.330127018922194,-5.0,45.0,1.3085937499999998,20.0,25.0,-3.75,0.0,7.5,False
2.0,-4.0,59.99999999999995,5.4772255750516585,-4.0,44.0,0.036244899460859514,20.0,25.0,-4.444444444444442,3.1554436208840472e-30,14.999999999999988,False
2.0,-3.0,127.49999999999858,7.984359711335611,-3.0,43.0,-1.6768719877131328,20.000000000000004,25.2734375,-5.6855671236827625,0.8244560125716532,22.499999999999975,False
2.0,-2.0,240.00000000000063,10.954451150103337,-2.0,42.0,-3.5336176626935902,20.000000000000007,25.925925925925924,-7.042039303074593,2.1037676981363234,29.999999999999964,False
2.0,-1.0,397.500000000001,14.097872179871702,-1.0,41.0,-5.444933964582251,20.000000000000007,26.713867187499996,-8.437499999999988,3.472222222222213,37.49999999999995,False
2.0,0.0,599.9999999999923,17.32050807568866,-1.4210854715202004e-14,40.000000000000014,-7.381942475503047,20.0,27.55999999999999,-9.850584882424233,4.872807104646459,44.999999999999936,False
2.0,1.0,847.4999999999932,20.58518885023882,0.9999999999999929,39.00000000000001,-9.332954888651782,20.000000000000014,28.436053240740733,-11.273097295302831,6.288529394068274,52.49999999999993,False
2.0,2.0,1140.0000000000077,23.874672772626724,1.999999999999993,38.00000000000001,-11.292408158719608,20.0,29.329446064139937,-12.70123417782464,7.7125720463053895,59.99999999999992,False
2.0,3.0,1477.5000000000136,27.179955849853894,2.999999999999986,37.000000000000014,-13.257331677031146,20.0,30.233764648437486,-14.132993446023475,9.141674001579025,67.49999999999989,False
2.0,4.0,1860.000000000001,30.49590136395382,3.9999999999999574,36.00000000000004,-15.225998894584897,19.999999999999957,31.14540466392316,-15.567221679843785,10.574080390406166,74.99999999999986,False
2.0,5.0,2287.49999999998,33.81937314617156,4.999999999999972,35.00000000000003,-17.197339210474723,20.0,32.062187499999986,-17.003207842894795,12.008763398450364,82.49999999999987,False
2.0,6.0,2760.0000000000455,37.148351242013725,5.999999999999972,34.00000000000003,-19.170654033403043,20.0,32.98271975957925,-18.440489867574268,13.445081235802006,89.99999999999986,False
2.0,7.0,3277.4999999999964,40.48147724577252,6.999999999999986,33.000000000000014,-21.145468351902053,20.00000000000003,33.90606915509258,-19.878754506586642,14.882612531277992,97.49999999999986,False
2.0,8.0,3839.9999999999873,43.81780460041322,7.999999999999986,32.000000000000014,-23.12144802735072,20.0,34.831588529813374,-21.31778190713011,16.321069218109766,104.99999999999984,False
2.0,9.0,4447.499999999993,47.156653825308645,8.999999999999972,31.00000000000003,-25.098351231302928,20.0,35.758814686588906,-22.75741323019366,17.76024769731383,112.49999999999983,False
2.0,10.0,5099.999999999985,50.49752469181032,10.0,30.0,-27.075998656942048,20.000000000000057,36.68740740740739,-24.19753086419749,19.19999999999997,119.99999999999983,False
2.25,-20.0,3074.6532540771095,36.966370627471726,-19.99999999999997,48.7176032715382,2.40319194471346,9.344283306666696,25.0,-20.08660294400608,15.644718499561643,88.23045267489697,False
2.25,-19.0,2696.954732510282,34.621475239832684,-19.0,48.67107252895635,2.3968881551319248,10.168411470186628,25.0,-18.94913947300458,14.50761708276422,82.96296296296285,False
2.25,-18.0,2344.228014022245,32.278152322325084,-17.99999999999997,48.619333175926286,2.389707251370805,10.991192732620933,25.0,-17.812099658737168,13.371021934265809,77.69547325102869,False
2.25,-17.0,2016.4730986129962,29.936771136016333,-16.999999999999986,48.56135833215073,2.3814527576618874,11.81230857131396,25.0,-16.67558065568586,12.235057395439016,72.42798353909455,False
2.25,-16.0,1713.6899862825967,27.5978258908809,-15.999999999999986,48.495818236924144,2.371864889886426,12.631331610217861,25.0,-15.539711763207336,11.099892130879866,67.1604938271604,False
2.25,-15.0,1435.8786770309516,25.261993209219362,-14.999999999999972,48.420956508319414,2.360592881214451,13.447674876178862,25.0,-14.404668907623916,9.965760795359401,61.89300411522624,False
2.25,-14.0,1183.0391708580892,22.930224313077264,-13.999999999999957,48.334399347963114,2.347151442645208,14.260509828059186,25.0,-13.270697720816786,8.832999776625341,56.62551440329208,False
2.25,-13.0,955.1714677640653,20.60389895965287,-12.999999999999986,48.23285075790155,2.3308496674229024,15.068628256760096,25.0,-12.13815181413157,7.702108965990438,51.35802469135795,False
2.25,-12.0,752.2755677488058,18.28509493487105,-12.0,48.111585137814174,2.310669735498678,15.870197652373255,25.0,-11.00755933780528,6.57386469180211,46.09053497942381,False
2.25,-11.0,574.3514708123784,15.977087355367907,-10.999999999999986,47.963560536787504,2.285048832128143,16.662300646394904,25.0,-9.879745580470564,5.449541079066348,40.823045267489654,False
2.25,-10.0,421.3991769547308,13.685339714124435,-9.999999999999972,47.77777777777778,2.2514612408987347,17.44000000000002,25.0,-8.756075451043763,4.331384093019069,35.55555555555549,False
2.25,-9.0,293.4186861758913,11.419645570991369,-8.999999999999979,47.53603628122846,2.2055516860832087,18.194249764739187,25.0,-7.63897851089752,3.223752474049857,30.28806584362135,False
2.25,-8.0,190.40999847584217,9.199275296960256,-8.0,47.20605550210517,2.1391493273624014,18.90661090382276,25.0,-6.533229797427602,2.136347778666872,25.020576131687214,False
2.25,-7.0,112.37311385459569,7.067079039999347,-6.999999999999986,46.726392505861135,2.0350955079900466,19.533527696793016,25.0,-5.44963361971999,1.0958921231213554,19.753086419753057,False
2.25,-6.0,59.30803231214712,5.1341138935619055,-6.0,45.98530412504522,1.8514591180160276,19.951448945531787,25.0,-4.418509954936564,0.21075190102466948,14.485596707818916,False
2.25,-5.0,31.21475384849871,3.724677695139016,-4.999999999999993,44.99999999999999,1.4671999999999992,20.000000000000007,25.0,-3.560427298217063,3.552713678800501e-15,9.218106995884765,False
2.25,-4.0,28.093278463648822,3.533539519999667,-4.0,44.0,0.5925925925925932,20.0,25.0,-3.4213349285311145,1.7763568394002505e-15,7.901234567901233,False
2.25,-3.0,49.94360615759777,4.711386026666216,-3.0,43.0,-0.829316227743957,20.0,25.008765339343853,-4.178181485456863,0.06431555340911409,13.168724279835377,False
2.25,-2.0,96.76573693034504,6.557971804701852,-2.000000000000014,42.000000000000014,-2.4872158180427,19.99999999999999,25.334110900519995,-5.184858784301495,0.8512176639567718,18.436213991769524,False
2.25,-1.0,168.55967078189192,8.655368809958153,-1.0,41.0,-4.2294914561808845,20.000000000000007,25.925925925925924,-6.259590491621851,1.870015731676732,23.703703703703674,False
2.25,0.0,265.3254077122391,10.859208232079437,-7.105427357601002e-15,40.00000000000001,-6.008334642712169,20.0,26.62266277939747,-7.361205318403695,2.9494139351837436,28.971193415637817,False
2.25,1.0,387.0629477213825,13.115943609403743,0.9999999999999858,39.000000000000014,-7.80592757240697,19.999999999999993,27.368743213385816,-8.476053789443153,4.053242660304276,34.23868312757196,False
2.25,2.0,533.7722908093201,15.402341680685659,1.999999999999993,38.00000000000001,-9.614332778495038,20.000000000000014,28.14166497048646,-9.598368810951378,5.169303067006752,39.506172839506114,False
2.25,3.0,705.4534369760684,17.706915622949488,3.000000000000007,36.99999999999999,-11.429517617547761,20.00000000000003,28.930741052720414,-10.725303931657368,6.292350438089117,44.773662551440296,False
2.25,4.0,902.1063862216247,20.023390613331586,3.999999999999986,36.000000000000014,-13.249225830827339,20.0,29.730274889752607,-11.855294689069867,7.419760915153395,50.0411522633744,False
2.25,5.0,1123.7311385459527,22.348066170834088,4.999999999999957,35.00000000000004,-15.072099499316177,19.999999999999957,30.53695999999998,-12.987410656493287,8.550077323159934,55.30864197530853,False
2.25,6.0,1370.327693949088,24.67862497474361,5.999999999999972,34.00000000000002,-16.897273530554422,20.0,31.34874816438054,-14.12106405676783,9.68242597028536,60.57613168724269,False
2.25,7.0,1641.8960524310319,27.013544359417857,6.999999999999986,33.000000000000014,-18.72417113568789,20.0,32.16430391650774,-15.255865430734072,10.81625132079029,65.84362139917685,False
2.25,8.0,1938.4362139917446,29.35178369739313,7.999999999999986,32.000000000000014,-20.55239316927367,20.00000000000003,32.982719759579254,-16.391546548954896,11.951183320712897,71.111111111111,False
2.25,9.0,2259.948178631319,31.692608171701973,8.999999999999986,31.000000000000007,-22.381654727758182,20.00000000000003,33.803357650847076,-17.527916669785508,13.08696598025416,76.37860082304515,False
2.25,10.0,2606.431946349622,34.035484400513674,10.000000000000014,29.99999999999998,-24.211747057393193,20.000000000000057,34.62575600668474,-18.664836454113292,14.223416584338059,81.6460905349793,False
2.5,-20.0,1966.0799999999904,28.043394944264435,-19.99999999999997,48.52341392106261,2.3724628709094646,10.168411470186648,25.0,-17.054225525704112,13.05685537448784,67.19999999999989,False
2.5,-19.0,1733.8367999999878,26.3350473703769,-19.0,48.471965239103376,2.364509088317939,10.908983571312147,25.0,-16.13320381923808,12.136189874360637,63.359999999999914,False
2.5,-18.0,1516.3391999999806,24.6279451030733,-18.0,48.41501195884746,2.355498738616606,11.648237244388305,25.0,-15.212553430850884,11.215973286532964,59.51999999999991,False
2.5,-17.0,1313.5871999999972,22.922366369988918,-16.99999999999997,48.35152135839112,2.3452066935439375,12.385875588573134,25.0,-14.292355319730852,10.296310859464231,55.679999999999914,False
2.5,-16.0,1125.5807999999934,21.21867856394449,-15.999999999999986,48.2801722488043,2.3333391162541184,13.121505495159338,25.0,-13.372715807360528,9.37734350878123,51.839999999999925,False
2.5,-15.0,952.3199999999929,19.517376872930367,-14.999999999999943,48.199243985647655,2.3195051555864366,13.854595336076851,25.0,-12.453777343875004,8.459264312324962,47.999999999999915,False
2.5,-14.0,793.8047999999947,17.81914476062187,-13.999999999999972,48.10644921325114,2.303173439120759,14.584408235516033,25.0,-11.535735261335576,7.542345083531344,44.15999999999993,False
2.5,-13.0,650.0352000000055,16.12495209295216,-12.999999999999957,47.9986737931367,2.2836029476161808,15.309892800031609,25.0,-10.618864788989347,6.626981013321784,40.31999999999993,False
2.5,-12.0,521.0111999999975,14.436221112188571,-11.999999999999972,47.87155753568701,2.2597288587979687,16.029496062553932,25.0,-9.70356648397104,5.713769524477121,36.47999999999993,False
2.5,-11.0,406.73279999999977,12.755121324393583,-11.0,47.71878942038816,2.2299652345864254,16.740825782114893,25.0,-8.790446563527613,4.803658348439751,32.63999999999996,False
2.5,-10.0,307.19999999999857,11.085125168440788,-9.999999999999993,47.53086419753086,2.191844879253964,17.440000000000005,25.0,-7.880467905939391,3.8982456837171666,28.799999999999965,False
2.5,-9.0,222.41279999999733,9.432132314593499,-8.999999999999986,47.29276514294129,2.141317097325819,18.120289385595512,25.0,-6.975256345462219,3.0004516087527247,24.959999999999965,False
2.5,-8.0,152.37119999999948,7.806950749172162,-7.999999999999993,46.97939173456948,2.0712625352467056,18.76898025646245,25.0,-6.077785650004369,2.1162324012538853,21.119999999999973,False
2.5,-7.0,97.07519999999903,6.231378659654668,-6.999999999999993,46.546214202720456,1.9680204566076238,19.359126081019575,25.0,-5.1941213940117565,1.2598676136041314,17.27999999999998,False
2.5,-6.0,56.52479999999933,4.754988958977689,-5.999999999999986,45.912965645938726,1.8022315724924527,19.8244170096022,25.0,-4.338737495595952,0.47591170684424167,13.439999999999982,False
2.5,-5.0,30.72000000000024,3.505424368033077,-4.999999999999993,44.99999999999999,1.5019307362505288,20.000000000000004,25.0,-3.5555555555555545,0.0,9.59999999999999,False
2.5,-4.0,19.66079999999998,2.8043394944264493,-4.0,44.0,0.8879435114564012,20.0,25.0,-3.029425485316315,0.0,5.759999999999998,False
2.5,-3.0,23.347199999999987,3.0559581148962094,-3.0,43.0,-0.23583872828316021,20.0,25.0,-3.234455963695085,8.881784197001252e-16,7.679999999999993,False
2.5,-2.0,41.779199999999996,4.0879921722038555,-2.0,42.0,-1.7010726226588533,20.0,25.037900874635568,-3.9326610905758597,0.15941846019037337,11.51999999999999,False
2.5,-1.0,74.9568000000003,5.475647906869115,-1.000000000000007,41.0,-3.2970538741359032,20.0,25.38542449286251,-4.7613273293641,0.8531546939187392,15.359999999999983,False
2.5,0.0,122.87999999999971,7.0108487360661185,0.0,40.0,-4.945767604018247,20.00000000000001,25.925925925925924,-5.633631442459672,1.6830141585090594,19.199999999999974,False
2.5,1.0,185.54879999999912,8.615075159277465,0.9999999999999787,39.000000000000014,-6.6197827098875734,19.99999999999998,26.550225980463615,-6.525280445828079,2.556059146966887,23.03999999999997,False
2.5,2.0,262.96319999999514,10.255987519493091,1.999999999999993,38.00000000000001,-8.30768485988497,20.000000000000014,27.216898167173497,-7.427124412285503,3.448128403043754,26.879999999999956,False
2.5,3.0,355.12319999999943,11.918442851312406,2.999999999999993,37.00000000000001,-10.003980414515167,20.000000000000014,27.907737641619665,-8.334983800778225,4.350225379805831,30.719999999999953,False
2.5,4.0,462.02879999999453,13.594540080488116,3.999999999999986,36.000000000000014,-11.705721080884347,20.0,28.613608136685567,-9.246684918389395,5.25824694868191,34.55999999999997,False
2.5,5.0,583.6799999999985,15.279790574481032,4.999999999999986,35.000000000000014,-13.411189244645838,20.0,29.32944606413993,-10.160987342259718,6.170057637044309,38.399999999999935,False
2.5,6.0,720.076799999996,16.971467821022387,5.999999999999972,34.00000000000003,-15.119318699175253,20.0,30.052226099563363,-11.077132189637497,7.084437325147772,42.23999999999993,False
2.5,7.0,871.219200000001,18.667824725982413,6.999999999999972,33.00000000000003,-16.82941342851943,20.0,30.78003194687259,-11.994629340403845,8.000638594655394,46.07999999999992,False
2.5,8.0,1037.1072000000038,20.367692063658108,7.999999999999986,32.000000000000014,-18.541000139984515,20.00000000000003,31.51159184381109,-12.913148227899804,8.918178155971832,49.919999999999895,False
2.5,9.0,1217.740799999995,22.07025872073089,8.999999999999986,31.000000000000007,-20.253745945189692,20.00000000000003,32.24602905368221,-13.832457841735032,9.836729702984991,53.75999999999994,False
2.5,10.0,1413.11999999999,23.774944794888505,9.999999999999986,30.000000000000014,-21.96740997556985,20.00000000000003,32.982719759579254,-14.752391894059397,10.756064988641608,57.599999999999945,False
2.75,-20.0,1318.061980366483,21.892813103569218,-19.99999999999997,48.324541813093376,2.336695807506437,10.841709458554478,25.0,-14.742653434245629,11.10897231579085,52.652141247182485,False
2.75,-19.0,1168.1348144376493,20.610101798854494,-18.99999999999997,48.26840173890665,2.326923465013637,11.513937845341712,25.0,-13.981739482573124,10.348406963382871,49.76709241172043,False
2.75,-18.0,1027.3635059701483,19.328391796621112,-18.0,48.20651002726938,2.3159091445895212,12.184882041613676,25.0,-13.221152787532759,9.588241512505775,46.88204357625839,False
2.75,-17.0,895.7480549639545,18.04789642704761,-16.99999999999997,48.13783754803252,2.303400510550267,12.85426604637709,25.0,-12.460961352141451,8.8285656476737,43.996994740796325,False
2.75,-16.0,773.2884614190566,16.768893945409285,-15.999999999999972,48.06108221351484,2.289072079576955,13.521728832378262,25.0,-11.701253407065824,8.069498017369066,41.11194590533427,False
2.75,-15.0,659.9847253354428,15.491754115545621,-14.999999999999986,47.97456975821317,2.272496728668387,14.186788956778754,25.0,-10.942145528217145,7.3111989432539035,38.22689706987222,False
2.75,-14.0,555.836846713155,14.21697892359254,-13.999999999999972,47.87610727712674,2.253102813830642,14.84878994822003,25.0,-10.183794999863055,6.553890458345336,35.341848234410165,False
2.75,-13.0,460.84482555214623,12.945266956089272,-12.999999999999972,47.762760909310906,2.2301076864460225,15.506813125054293,25.0,-9.42641925705301,5.797889123155142,32.45679939894811,False
2.75,-12.0,375.0086618524525,11.677619026503843,-11.999999999999986,47.63050746775899,2.2024110211575207,16.159532804117646,25.0,-8.6703276263606,5.043662242107432,29.571750563486056,False
2.75,-11.0,298.32835561406046,10.415519113568603,-10.999999999999986,47.47366832790449,2.1684166846540647,16.804964303074666,25.0,-7.915975487221408,4.291929535133144,26.686701728023998,False
2.75,-10.0,230.8039068369662,9.161260469785827,-9.999999999999986,47.28395061728395,2.1257209408616493,17.44000000000001,25.0,-7.164061732672173,3.5438597124701445,23.80165289256195,False
2.75,-9.0,172.43531552116855,7.918570016019732,-8.999999999999993,47.04874670338048,2.070535242140729,18.059494611896294,25.0,-6.41571592779869,2.8014839749519864,20.916604057099896,False
2.75,-8.0,123.22258166667545,6.693893599031487,-7.999999999999986,46.747971644180154,1.9965432837531147,18.654302086254752,25.0,-5.672888229786785,2.0686671896683055,18.03155522163784,False
2.75,-7.0,83.16570527348529,5.49927946597586,-6.999999999999986,46.34798471808911,1.8924472570732491,19.206593815703954,25.0,-4.939251760939889,1.3537610578633323,15.146506386175783,False
2.75,-6.0,52.26468634159389,4.359511496469796,-5.999999999999993,45.790668736007476,1.736181228687874,19.677219304078847,25.0,-4.222605846759066,0.6786597697317005,12.261457550713736,False
2.75,-5.0,30.519524871003775,3.3313674435584817,-5.0,44.99037968227684,1.4799968476847025,19.969831649831647,25.0,-3.5426526827571125,0.12357299701075387,9.376408715251682,False
2.75,-4.0,17.930220861714687,2.553444793480132,-4.0,44.0,1.0138446878712666,20.000000000000004,25.0,-2.963718478185804,0.0,6.491359879789628,False
2.75,-3.0,14.496774313726709,2.2959865626568075,-3.0,43.0,0.15153898517633868,20.0,25.0,-2.7328845175729195,0.0,4.327573253193087,True
2.75,-2.0,20.219185227039816,2.711536647668779,-2.0,42.0,-1.113274735825132,20.0,25.0,-3.090994657306026,0.0,7.212622088655137,False
2.75,-1.0,35.097453601654166,3.572493583003546,-1.0,41.0,-2.5731087301386637,20.0,25.07743833613974,-3.707110595321655,0.23991266445590542,10.097670924117192,False
2.75,0.0,59.13157943756912,4.63706723293424,0.0,40.0,-4.1098174554358655,20.00000000000001,25.429061818181815,-4.399442428694954,0.8413010145535381,12.982719759579252,False
2.75,1.0,92.32156273478569,5.794089864517454,1.0,39.0,-5.681065933838807,20.000000000000007,25.925925925925924,-5.121483129508794,1.5300128713718715,15.867768595041298,False
2.75,2.0,134.66740349330212,6.9978543073327355,1.9999999999999858,38.000000000000014,-7.270273941655544,19.999999999999993,26.491331972970364,-5.857920338803821,2.2506399201016327,18.752817430503356,False
2.75,3.0,186.16910171312085,8.22787063391298,3.0,37.00000000000001,-8.869902991482938,20.0,27.09351932056757,-6.602380944439076,2.9863791943265423,21.637866265965414,False
2.75,4.0,246.82665739424368,9.473919365466509,4.0,35.99999999999999,-10.476086048415167,20.00000000000003,27.717550682997537,-7.351759767089651,3.7304434957272092,24.52291510142747,False
2.75,5.0,316.6400705366599,10.73041675945127,4.999999999999986,35.00000000000001,-12.08664862828034,20.0,28.35556585426407,-8.104367693702507,4.479575391987129,27.407963936889534,False
2.75,6.0,395.6093411403849,11.99407946583927,5.999999999999957,34.00000000000004,-13.70027838399107,19.99999999999997,29.00305595432028,-8.859208445870749,5.232018930146785,30.293012772351574,False
2.75,7.0,483.7344692054012,13.262859546395664,6.999999999999972,33.000000000000014,-15.316137919472322,20.0,29.657256060751454,-9.615656863239895,5.98674466551197,33.178061607813646,False
2.75,8.0,581.0154547317262,14.535416993508413,7.999999999999972,32.00000000000003,-16.933668393141524,20.0,30.316378837547838,-10.373301008490776,6.743109432332788,36.06311044327566,False
2.75,9.0,687.4522977193516,15.810839753666718,8.999999999999986,31.000000000000014,-18.552482872978697,20.000000000000043,30.97921858500948,-11.131858486386466,7.500690820783703,38.94815927873775,False
2.75,10.0,803.0449981682848,17.088486269131195,9.999999999999986,30.000000000000007,-20.172305092922155,20.00000000000003,31.644932905341058,-11.891129272443656,8.259200002419156,41.83320811419978,False
3.0,-20.0,918.5185185185346,17.497795275581957,-19.99999999999997,48.1216,2.2957357884948326,11.401982507288652,25.0,-12.932825899891766,9.602213654993804,42.22222222222216,False
3.0,-19.0,817.7777777777751,16.510378329783716,-18.99999999999997,48.06099025779101,2.28398733984524,12.01728024042076,25.0,-12.29365991171618,8.963387490534679,39.999999999999936,False
3.0,-18.0,722.9629629629708,15.52377706362051,-17.99999999999997,47.99442431589886,2.2708076879993717,12.63133161021787,25.0,-11.654783822405498,8.324919098159928,37.777777777777715,False
3.0,-17.0,634.0740740740766,14.538157541152142,-17.0,47.92088369221392,2.255918975414789,13.243880437902337,25.0,-11.016255170515953,7.686885372656249,35.55555555555551,False
3.0,-16.0,551.1111111111056,13.553733939534961,-15.999999999999972,47.839092782777186,2.238966653544696,13.854595336076832,25.0,-10.378147786562506,7.049386926937468,33.333333333333286,False
3.0,-15.0,474.07407407407516,12.570787221094193,-14.999999999999986,47.74743030595064,2.2194911586826027,14.463040000000012,25.0,-9.740557992369958,6.412557992369961,31.111111111111068,False
3.0,-14.0,402.962962962962,11.589693164804695,-13.999999999999986,47.643801010535405,2.1968860911416246,15.068628256760098,25.0,-9.10361386059868,5.776581724492812,28.888888888888847,False
3.0,-13.0,337.7777777777734,10.610965676722884,-12.999999999999972,47.52544511124495,2.170334791962636,15.670553935860072,25.0,-8.467489451883104,5.141714697536924,26.666666666666625,False
3.0,-12.0,278.5185185185178,9.635325950523898,-11.999999999999957,47.3886471202034,2.1387111697549597,16.267677504009345,25.0,-7.832427452176473,4.508327729184805,24.444444444444404,False
3.0,-11.0,225.18518518518653,8.663817195385771,-10.999999999999986,47.22827655287041,2.100419058058129,16.85833502951354,25.0,-7.198776608213541,3.876977300255058,22.22222222222219,False
3.0,-10.0,177.77777777777857,7.698003589195027,-10.0,47.03703703703704,2.0531211085419687,17.440000000000005,25.0,-6.567056588282826,3.2485380697642996,19.999999999999975,False
3.0,-9.0,136.29629629629358,6.740333728045756,-8.999999999999986,46.804189537727034,1.9932587348695747,18.00864815657716,25.0,-5.938076859424263,2.6244673919686456,17.777777777777754,False
3.0,-8.0,100.74074074073948,5.794846582402318,-7.999999999999972,46.51329276369013,1.9151525671559462,18.557475582268985,25.0,-5.313170169461658,2.007385045494724,15.55555555555553,False
3.0,-7.0,71.111111111111,4.868644955601472,-6.999999999999979,46.138083743772086,1.80920117873211,19.07407407407408,25.0,-4.694692868716394,1.402511798757557,13.333333333333313,False
3.0,-6.0,47.40740740740702,3.97523195999961,-6.0,45.63519000781485,1.6579925761812095,19.533527696793005,25.0,-4.087225214789993,0.821919092341015,11.111111111111098,False
3.0,-5.0,29.62962962962942,3.1426968052735336,-5.0,44.936202536716415,1.4272832368673358,19.880000000000003,25.0,-3.500920288277976,0.30092028827797296,8.888888888888879,False
3.0,-4.0,17.777777777777878,2.434322477800745,-4.0,44.0,1.0450811994152653,20.000000000000004,25.0,-2.962962962962963,0.0,6.666666666666662,False
3.0,-3.0,11.851851851851851,1.987615979999813,-3.0,43.0,0.3743935211260614,20.0,25.0,-2.566001196398336,1.7763568394002505e-15,4.444444444444442,True
3.0,-2.0,11.85185185185185,1.987615979999813,-2.0,42.0,-0.6862915010152384,20.0,25.0,-2.5660011963983367,0.0,4.444444444444443,False
3.0,-1.0,17.777777777777715,2.434322477800734,-1.0,41.0,-2.0097042488125894,20.000000000000004,25.0,-2.9629629629629615,0.0,6.6666666666666625,False
3.0,0.0,29.62962962962956,3.1426968052735407,0.0,40.00000000000001,-3.4448365050101826,20.0,25.119999999999997,-3.5009202882779755,0.300920288277976,8.888888888888877,False
3.0,1.0,47.40740740740705,3.975231959999611,1.0,39.0,-4.927722784735639,20.000000000000004,25.466472303206995,-4.087225214789993,0.8219190923410153,11.111111111111104,False
3.0,2.0,71.11111111111052,4.868644955601456,1.9999999999999716,38.00000000000002,-6.43407465244565,19.999999999999986,25.92592592592592,-4.694692868716405,1.402511798757546,13.333333333333309,False
3.0,3.0,100.74074074074055,5.794846582402349,2.999999999999986,37.000000000000014,-7.953446057939502,19.999999999999993,26.442524417731022,-5.313170169461666,2.007385045494718,15.555555555555523,False
3.0,4.0,136.29629629629673,6.740333728045833,4.0,36.00000000000001,-9.480729945594158,20.000000000000007,26.991351843422844,-5.938076859424254,2.624467391968642,17.777777777777757,False
3.0,5.0,177.77777777777857,7.698003589195027,5.0,34.99999999999999,-11.013162586507008,20.000000000000014,27.559999999999995,-6.567056588282815,3.2485380697643076,19.99999999999998,False
3.0,6.0,225.18518518518601,8.66381719538576,5.999999999999986,34.000000000000014,-12.54912613855801,20.0,28.141664970486456,-7.1987766082135405,3.8769773002550627,22.222222222222193,False
3.0,7.0,278.51851851851967,9.635325950523931,6.999999999999957,33.00000000000004,-14.087613368388517,19.99999999999997,28.73232249599065,-7.83242745217649,4.508327729184785,24.444444444444404,False
3.0,8.0,337.7777777777741,10.610965676722895,7.999999999999972,32.00000000000003,-15.627965517352742,20.0,29.32944606413993,-8.467489451883116,5.141714697536922,26.666666666666615,False
3.0,9.0,402.96296296296237,11.5896931648047,8.999999999999986,31.000000000000014,-17.169734069585285,20.00000000000003,29.931371743239904,-9.103613860598681,5.776581724492821,28.888888888888836,False
3.0,10.0,474.0740740740721,12.570787221094152,9.999999999999986,30.000000000000014,-18.712603297729633,20.00000000000003,30.53695999999999,-9.740557992369965,6.412557992369957,31.11111111111106,False
3.25,-20.0,661.0757541887435,14.262115003244338,-19.999999999999915,47.91509576667782,2.249457547291898,11.875390986478802,25.0,-11.48412540031287,8.409950374651547,34.51979972690025,False
3.25,-19.0,591.0794978628726,13.485941373409485,-18.99999999999997,47.85023043754764,2.2355869045515933,12.442539604037869,25.0,-10.939686481780122,7.865841766931633,32.771961766044555,False
3.25,-18.0,525.0546603356333,12.710439807625534,-17.99999999999997,47.7792410821344,2.220093919404126,13.00848172016751,25.0,-10.395505580209257,7.322054516853779,31.02412380518884,False
3.25,-17.0,463.00124160703547,11.935741304773343,-17.0,47.70112506757921,2.202677058888857,13.57297972717933,25.0,-9.85163170772912,6.778654930770356,29.27628584433314,False
3.25,-16.0,404.9192416770527,11.162013075634322,-16.0,47.61463829973606,2.182955377433565,14.135729396111802,25.0,-9.30812711728361,6.235728887864441,27.52844788347743,False
3.25,-15.0,350.8086605457162,10.389471898116806,-14.999999999999972,47.51821622245829,2.1604406385204262,14.696334836743018,25.0,-8.76507209266997,5.693389630511324,25.780609922621718,False
3.25,-14.0,300.669498213001,9.618403805093987,-13.999999999999986,47.40986130554274,2.1344968660292016,15.254271287154923,25.0,-8.222571977290714,5.151789593085003,24.032771961766013,False
3.25,-13.0,254.5017546789176,8.849193873393085,-12.999999999999943,47.28697915755324,2.104280219593965,15.808828255077685,25.0,-7.680767763318965,4.611138939366199,22.284934000910294,False
3.25,-12.0,212.30542994346595,8.082372651326626,-11.999999999999972,47.14613371546013,2.0686471355501626,16.359019808697205,25.0,-7.139852534959568,4.071735703696878,20.53709604005459,False
3.25,-11.0,174.08052400664533,7.318691013828284,-10.999999999999957,46.982671113002446,2.026009515864436,16.903437678519502,25.0,-6.6000979147600365,3.5340169804111397,18.789258079198873,False
3.25,-10.0,139.8270368684574,6.5592456617993085,-9.999999999999972,46.79012345679012,1.9740980697672499,17.440000000000012,25.0,-6.061898389184143,2.9986505259362763,17.041420118343165,False
3.25,-9.0,109.54496852889818,5.805699282837331,-9.0,46.55923121295849,1.9095591215158225,17.96549877902845,25.0,-5.5258493420468024,2.4667095146705775,15.293582157487464,False
3.25,-8.0,83.23431898796895,5.060687669537197,-8.0,46.276284527410866,1.8272337996216832,18.474732859215514,25.0,-4.992892852763971,1.9400338232285566,13.545744196631754,False
3.25,-7.0,60.8950882456714,4.328619898932841,-6.999999999999986,45.920233610263,1.7187960802855584,18.95871862210134,25.0,-4.464610892008551,1.4220588905035427,11.797906235776043,False
3.25,-6.0,42.52727630200371,3.6173630983399927,-5.999999999999986,45.45771635368452,1.5700166996299907,19.400660557685363,25.0,-3.9438723935157283,0.920005127224224,10.050068274920331,False
3.25,-5.0,28.130883156967144,2.942049686186467,-5.0,44.836232190952124,1.3549345666742434,19.76605538461538,25.0,-3.436444521139648,0.451965888661013,8.302230314064625,False
3.25,-4.0,17.705908810561937,2.334089103207366,-4.0,43.99336233372913,1.0232564232845562,19.979958978534192,25.0,-2.95569906970242,0.07869909927684414,6.554392353208914,False
3.25,-3.0,11.252353262787071,1.860715599546589,-3.0,42.99999999999999,0.47938365245178005,20.000000000000004,25.0,-2.5393765715596435,0.0,4.806554392353204,True
3.25,-2.0,8.770216513642858,1.6427197442180927,-2.0,42.0,-0.39532274393595523,20.0,25.0,-2.3110960205113504,0.0,3.058716431497496,False
3.25,-1.0,10.259498563129384,1.7767298018143318,-1.0,41.0,-1.5758337822438744,20.000000000000004,25.0,-2.4563160304696017,8.881784197001252e-16,4.369594902139279,False
3.25,0.0,15.72019941124659,2.199314537356974,0.0,40.0,-2.9131770954416156,20.0,25.003304843304843,-2.8430194351792926,0.02288648171300739,6.1174328629949875,False
3.25,1.0,25.152319057994518,2.781937291667004,1.0,39.0,-4.31713492537448,20.0,25.16200820630836,-3.312927691865894,0.34522536688568933,7.865270823850694,False
3.25,2.0,38.55585750337303,3.4443200737255277,2.0,38.0,-5.752135574119933,20.000000000000007,25.498821275398093,-3.815435284239442,0.798634764837464,9.613108784706407,False
3.25,3.0,55.93081474738237,4.14843120477284,2.999999999999986,37.000000000000014,-7.203552084667734,20.0,25.92592592592592,-4.333562648045902,1.2946262757761986,11.360946745562117,False
3.25,4.0,77.27719079002304,4.8762277598735,4.0,36.0,-8.664576534695545,20.000000000000007,26.401427281193804,-4.860301427676626,1.809533976728097,13.108784706417826,False
3.25,5.0,102.59498563129365,5.618512960432849,5.0,35.00000000000001,-10.131673064236836,20.000000000000014,26.905401375484015,-5.3922726390359434,2.334449653940232,14.856622667273538,False
3.25,6.0,131.88419927119511,6.37022398522267,6.0,34.00000000000001,-11.60283904759738,20.000000000000007,27.42742825887194,-5.927655186624615,2.865289372936049,16.604460628129246,False
3.25,7.0,165.144831709726,7.128379505345053,6.999999999999986,33.000000000000014,-13.07686042775504,20.0,27.96158391761767,-6.465383221629169,3.399921715382106,18.352298588984954,False
3.25,8.0,202.37688294689173,7.891122235620555,7.999999999999972,32.00000000000003,-14.552960242069734,20.0,28.504267176867103,-7.004792208080415,3.9371269067987082,20.100136549840663,False
3.25,9.0,243.58035298268692,8.657239797865705,8.999999999999972,31.00000000000003,-16.030618933221938,19.999999999999986,29.053168264288022,-7.545446606055709,4.476157004859655,21.84797451069637,False
3.25,10.0,288.7552418171092,9.425909330826213,9.999999999999986,30.000000000000014,-17.509476255569542,20.000000000000014,29.60673971312256,-8.087049189987086,5.016528082900896,23.595812471552083,False
3.5,-20.0,488.93913250430626,11.819344101989348,-19.999999999999915,47.705453270128196,2.1977633591411383,12.280611216931241,25.0,-10.302700574030345,7.448323148986252,28.68804664723027,False
3.5,-19.0,438.90283810316794,11.198250349345624,-18.99999999999997,47.636537194892945,2.1816362136392655,12.806511754518398,25.0,-9.8334074850516,6.979350435398434,27.288629737609288,False
3.5,-18.0,391.6082584637328,10.577715908776375,-17.99999999999997,47.56136097252838,2.1636953625813797,13.33124657715783,25.0,-9.36434503943165,6.51066744304967,25.889212827988295,False
3.5,-17.0,347.055393586006,9.95784534333186,-16.99999999999997,47.47894157990672,2.1436175455927913,13.854595336076832,25.0,-8.895555245625003,6.042331651660697,24.489795918367303,False
3.5,-16.0,305.244243469982,9.33877085013994,-16.0,47.388069701798955,2.1209981138088105,14.376278559568956,25.0,-8.42709096272938,5.574416808705026,23.090379008746325,False
3.5,-15.0,266.17480811566674,8.720661968904928,-14.999999999999972,47.28723923082868,2.0953238121189237,14.895936460233992,25.0,-7.959019641426928,5.107019116699131,21.690962099125333,False
3.5,-14.0,229.84708752305664,8.103739657414906,-13.999999999999972,47.17454841696447,2.0659339190186694,15.413097957368274,25.0,-7.491428724982203,4.640266473589291,20.29154518950434,False
3.5,-13.0,196.26108169215271,7.488297187557829,-12.999999999999986,47.04755841479309,2.0319635313664453,15.927134229822464,25.0,-7.024433636824166,4.174332678982148,18.892128279883355,False
3.5,-12.0,165.41679062295216,6.874732007721198,-11.999999999999972,46.90308624216541,1.9922587174270903,16.437187022166967,25.0,-6.558189922115013,3.709460020924314,17.492711370262363,False
3.5,-11.0,137.31421431546434,6.263595825207853,-10.999999999999972,46.736894060505264,1.9452459818073826,16.942054220160735,25.0,-6.09291229605564,3.2459966286271533,16.093294460641374,False
3.5,-10.0,111.9533527696777,5.655676106347314,-9.999999999999986,46.54320987654321,1.8887249464665241,17.44000000000001,25.0,-5.628905647099564,2.784461202655114,14.693877551020387,False
3.5,-9.0,89.33420598560122,5.052134088979519,-8.999999999999986,46.3139661336008,1.8195269065274866,17.9284251715523,25.0,-5.166617732269275,2.325661717535952,13.294460641399395,False
3.5,-8.0,69.45677396323089,4.454749438624255,-7.999999999999986,46.037553946556706,1.7329287172772587,18.40326314949086,25.0,-4.706733502373324,1.8709288558690909,11.89504373177841,False
3.5,-7.0,52.321056702564036,3.8663772893484833,-7.0,45.69673642192122,1.6215985688732344,18.85780037337529,25.0,-4.250354916762667,1.422617646681357,10.495626822157421,False
3.5,-6.0,37.927054203605536,3.2918537636155945,-5.999999999999972,45.26516485094494,1.4736010420375942,19.28019494720181,25.0,-3.7993715552423786,0.9853188796938657,9.09620991253643,False
3.5,-5.0,26.2747664663532,2.739904402208911,-5.0,44.70223845569755,1.2684355546868928,19.647830687830687,25.0,-3.357303866985408,0.5692968123116854,7.696793002915444,False
3.5,-4.0,17.364193490807548,2.2273747193121163,-3.999999999999986,43.95184392444285,0.9690207893331184,19.914135451325542,25.0,-2.931483039979756,0.20289849321339357,6.297376093294453,False
3.5,-3.0,11.19533527696796,1.7884818204250346,-3.0,43.0,0.5075459404278801,20.0,25.0,-2.539682539682539,0.0,4.897959183673465,True
3.5,-2.0,7.768191824834908,1.489793065671961,-2.0,42.0,-0.21774210301534858,20.0,25.0,-2.2336927171030037,0.0,3.4985422740524763,False
3.5,-1.0,7.082763134408284,1.4225493347616942,-1.0,41.0,-1.2515214095163332,20.0,25.0,-2.153681012432083,8.881784197001252e-16,2.798833819241982,False
3.5,0.0,9.139049205688105,1.6159074589563869,0.0,40.0,-2.48912728762739,20.0,25.0,-2.3698916661966836,2.220446049250313e-15,4.19825072886297,False
3.5,1.0,13.937050038674288,1.9954985083342163,0.9999999999999858,39.000000000000014,-3.819330704793301,19.999999999999993,25.01665686850872,-2.729402364789741,0.0643034033944834,5.5976676384839585,False
3.5,2.0,21.476765633366952,2.4771392274941992,2.0,38.0,-5.191116044498079,20.000000000000007,25.20189869302295,-3.1416343501559574,0.3765362004424266,6.997084548104947,False
3.5,3.0,31.758195989766303,3.012269955165103,2.999999999999986,37.00000000000001,-6.583839804046866,20.000000000000004,25.527027419964522,-3.5768966866097216,0.7735792812161922,8.39650145772594,False
3.5,4.0,44.781341107871604,3.57696364085006,3.999999999999986,36.000000000000014,-7.988327602343544,19.999999999999993,25.92592592592592,-4.024022458899767,1.2021529703636122,9.79591836734692,False
3.5,5.0,60.54620098768359,4.1591963848692695,5.0,35.00000000000001,-9.400015473320218,20.000000000000004,26.36635428571428,-4.478012826976033,1.6457588587220684,11.195335276967919,False
3.5,6.0,79.05277562920203,4.752526414721874,6.0,33.99999999999999,-10.816408679700935,20.000000000000014,26.832119866684625,-4.936319071696688,2.097672713430831,12.594752186588908,False
3.5,7.0,100.3010650324274,5.353265092644125,6.999999999999986,33.000000000000014,-12.236037695508617,20.0,27.31438747967673,-5.397511127945086,2.554652527510723,13.994169096209887,False
3.5,8.0,124.29106919735659,5.9591722626877965,7.999999999999957,32.00000000000004,-13.65798384673176,19.999999999999986,27.807970759029914,-5.860726294950568,3.014946151873128,15.393586005830871,False
3.5,9.0,151.02278812399575,6.568817856770528,8.999999999999972,31.000000000000018,-15.081644579948804,20.0,28.30963815714471,-6.325413884125661,3.4775247780569036,16.793002915451865,False
3.5,10.0,180.49622181234002,7.181249827797387,9.999999999999972,30.00000000000003,-16.506608806726575,20.0,28.817276112090916,-6.791206112924076,3.9417450116111254,18.192419825072854,False
3.75,-20.0,370.1570370370345,9.93521732071704,-19.999999999999943,47.49303039487358,2.1405813270473044,12.63133161021787,25.0,-9.323827057924397,6.659935278527942,24.177777777777738,False
3.75,-19.0,333.50542222221964,9.430523806197542,-18.999999999999915,47.42025837320645,2.1220753788921813,13.121505495159358,25.0,-8.915143871573678,6.251562339187492,23.039999999999957,False
3.75,-18.0,298.7956148148095,8.926299939912536,-17.99999999999997,47.34111741605532,2.1015656427248834,13.610554587229254,25.0,-8.506667693818912,5.843451504180702,21.90222222222219,False
3.75,-17.0,266.02761481481394,8.42263006928064,-16.99999999999997,47.25464675556802,2.078709135087937,14.098274491557525,25.0,-8.098434737140611,5.435652847973339,20.76444444444441,False
3.75,-16.0,235.20142222221935,7.919619893609698,-15.999999999999972,47.1596738198767,2.053080179062827,14.584408235516047,25.0,-7.6904901742237115,5.028230055687582,19.626666666666633,False
3.75,-15.0,206.31703703703678,7.417403625475009,-15.0,47.05475126316926,2.024144009841041,15.068628256760089,25.0,-7.282891088478947,4.621265379594248,18.488888888888862,False
3.75,-14.0,179.37445925925985,6.916154215733092,-13.999999999999972,46.93806992901341,1.9912196457310978,15.550510471877326,25.0,-6.875710670876093,4.21486692906458,17.351111111111084,False
3.75,-13.0,154.3736888888892,6.416098272083831,-12.999999999999986,46.80733630353051,1.9534266028742873,16.029496062553918,25.0,-6.469044322647366,3.8091796829847455,16.213333333333313,False
3.75,-12.0,131.3147259259248,5.917538360409105,-11.999999999999986,46.659596419751836,1.90960669337426,16.5048336520381,25.0,-6.063018754029779,3.4044026448642177,15.075555555555534,False
3.75,-11.0,110.19757037036936,5.420887267360559,-10.999999999999972,46.49097709040453,1.8582063374607412,16.975489124446696,25.0,-5.657805943287772,3.0008165398910447,13.937777777777756,False
3.75,-10.0,91.02222222222156,4.926722297084789,-9.999999999999957,46.29629629629629,1.7970943722752966,17.440000000000012,25.0,-5.253645270626258,2.5988304558114437,12.799999999999978,False
3.75,-9.0,73.78868148148186,4.435874404037513,-8.999999999999986,46.06846123781477,1.7232708611951062,17.896230586874058,25.0,-4.850879992178627,2.1990644430585475,11.662222222222205,False
3.75,-8.0,58.49694814814811,3.9495805059321802,-8.0,45.79751412317616,1.632384686763492,18.34094040773399,25.0,-4.450020142703958,1.8025050608309285,10.524444444444432,False
3.75,-7.0,45.147022222221324,3.4697558885209325,-6.999999999999986,45.46908760185423,1.5179018622887346,18.76898025646245,25.0,-4.0518571000029135,1.4108216008359218,9.386666666666654,False
3.75,-6.0,33.73890370370374,2.9995067907331583,-5.999999999999972,45.06190071721064,1.3696093262270463,19.171695573974628,25.0,-3.657686591785921,1.0270754506285373,8.248888888888876,False
3.75,-5.0,24.272592592592694,2.544148454399766,-5.0,44.54398750976856,1.1708133326200014,19.533527696793005,25.0,-3.269780171831996,0.6575352738728052,7.111111111111103,False
3.75,-4.0,16.748088888889015,2.113328426212327,-4.0,43.86944846890809,0.8929943524802142,19.824417009602193,25.0,-2.8924916637306377,0.3172744712294912,5.9733333333333265,False
3.75,-3.0,11.165392592592571,1.725525434379729,-2.999999999999986,42.99522888938222,0.4863774235579843,19.986003790640034,25.0,-2.5352210305580694,0.053226570724276286,4.83555555555555,True
3.75,-2.0,7.524503703703691,1.4165219098156057,-2.0,41.99999999999999,-0.12834633459971778,20.0,25.0,-2.221670625275542,0.0,3.6977777777777745,False
3.75,-1.0,5.825422222222233,1.246373108633979,-1.0,41.0,-1.0228686677704042,20.0,25.0,-2.0196169902108756,1.7763568394002505e-15,2.5599999999999987,False
3.75,0.0,6.068148148148147,1.2720742271998802,0.0,40.0,-2.155289899951189,20.0,25.0,-2.052800957118669,0.0,2.844444444444443,False
3.75,1.0,8.25268148148146,1.4834807250950008,1.0,39.0,-3.412970534478397,20.000000000000004,25.0,-2.293498424393199,1.1102230246251565e-15,3.9822222222222194,False
3.75,2.0,12.379022222222199,1.8168854098683787,2.0,38.00000000000001,-4.726832402236658,19.999999999999996,25.037900874635568,-2.6217740603839075,0.10627897346024874,5.119999999999994,False
3.75,3.0,18.447170370370404,2.217937202018753,3.0,37.0,-6.067749870902084,20.000000000000004,25.239083193242855,-2.9854397193642597,0.39804376217044257,6.25777777777777,False
3.75,4.0,26.457125925925943,2.656168966810455,3.9999999999999716,36.00000000000002,-7.423224334756142,19.999999999999986,25.551813318066053,-3.365984187710294,0.7480148670382655,7.395555555555543,False
3.75,5.0,36.40888888888903,3.115932771584951,4.999999999999986,35.000000000000014,-8.787301657756704,20.0,25.92592592592592,-3.755754294973116,1.1220094390060384,8.53333333333332,False
3.75,6.0,48.30245925925935,3.5889630539292487,6.0,34.00000000000001,-10.156847822222035,20.0,26.3360760896579,-4.151085923247486,1.508152494981207,9.671111111111099,False
3.75,7.0,62.13783703703639,4.070637527039596,7.0,32.99999999999999,-11.530073077193707,20.000000000000014,26.768918984408383,-4.550019548684454,1.9012692127532553,10.808888888888875,False
3.75,8.0,77.91502222222226,4.558216675330306,7.999999999999986,32.000000000000014,-12.905886507694332,19.999999999999993,27.216898167173497,-4.9514162748570065,2.2987522686958353,11.946666666666648,False
3.75,9.0,95.634014814815,5.049990490151178,8.999999999999957,31.000000000000043,-14.28358733175071,19.999999999999986,27.675449529387787,-5.354570269277806,2.6991477696994575,13.084444444444427,False
3.75,10.0,115.29481481481335,5.544843005046842,9.999999999999972,30.00000000000003,-15.662705666230519,20.0,28.141664970486456,-5.759021286570833,3.1015818402040494,14.2222222222222,False
4.0,-20.0,285.9374999999966,8.454843286542877,-19.999999999999943,47.27813153886621,2.0778639316863403,12.937812500000012,25.0,-8.501603921447403,6.004381699225173,20.624999999999968,False
4.0,-19.0,258.5156250000034,8.039210548928349,-18.999999999999915,47.20168804616709,2.056869036861138,13.396746063566146,25.0,-8.142514132900162,5.645592003014047,19.687499999999964,False
4.0,-18.0,232.49999999999932,7.623975340988442,-17.999999999999915,47.11879037703624,2.0336828898823724,13.85459533607684,25.0,-7.783610839921876,5.287040195203089,18.749999999999964,False
4.0,-17.0,207.89062499999773,7.209206353684117,-16.99999999999997,47.028501804341694,2.007944809369632,14.311170618766553,25.0,-7.424925425172278,4.928770100297234,17.81249999999997,False
4.0,-16.0,184.68750000000068,6.794988962463454,-15.999999999999972,46.9296875,1.979210714441944,14.766235351562518,25.0,-7.066496723011732,4.570837000789514,16.87499999999997,False
4.0,-15.0,162.8906249999991,6.3814305802069,-15.0,46.82095821932143,1.946927673618767,15.219490740740746,25.0,-6.708373367851886,4.213311639456815,15.937499999999979,False
4.0,-14.0,142.50000000000114,5.9686681931566845,-13.999999999999972,46.70059348165993,1.9103985925833045,15.670553935860069,25.0,-6.3506170889123315,3.8562860231526996,14.999999999999979,False
4.0,-13.0,123.51562499999943,5.556879182598795,-12.999999999999972,46.5664350008759,1.868732315804954,16.118926376877567,25.0,-5.99330742754658,3.4998820495058163,14.062499999999979,False
4.0,-12.0,105.93749999999818,5.1462972125596815,-11.999999999999986,46.4157360917155,1.8207716706331656,16.56394675925926,25.0,-5.636548647651421,3.144264697034139,13.124999999999982,False
4.0,-11.0,89.76562500000068,4.737236140409318,-10.999999999999943,46.24494454459441,1.7649873295350993,17.00471919609318,25.0,-5.280480125266957,2.7896628617224253,12.187499999999979,False
4.0,-10.0,74.99999999999949,4.3301270189221786,-9.999999999999972,46.04938271604938,1.6993172489864499,17.44000000000001,25.0,-4.925292441212119,2.4364035523232235,11.249999999999984,False
4.0,-9.0,61.64062500000034,3.9255771868605622,-8.999999999999957,45.82276530874619,1.6209168333753798,17.868012688614552,25.0,-4.571253181103321,2.0849706022281533,10.312499999999982,False
4.0,-8.0,49.687499999999716,3.524468044967911,-7.999999999999972,45.55645589672354,1.5257578111356254,18.286132812500007,25.0,-4.218749999999993,1.736111111111107,9.374999999999984,False
4.0,-7.0,39.14062500000017,3.1281234390605563,-6.999999999999986,45.23829907124991,1.4079617313664274,18.690324344023328,25.0,-3.8683660216044755,1.3910417585659252,8.43749999999999,False
4.0,-6.0,29.999999999999687,2.7386127875258164,-6.0,44.85077832502945,1.2586518403498514,19.074074074074073,25.0,-3.5210196515372973,1.0518838490681632,7.499999999999991,False
4.0,-5.0,22.26562500000003,2.359323261022111,-4.999999999999986,44.36824155840404,1.0639078193669684,19.426250000000003,25.0,-3.1782426637998076,0.7226871082442502,6.562499999999992,False
4.0,-4.0,15.937499999999872,1.996089927833906,-3.999999999999986,43.75375676661793,0.8010587831689242,19.7265625,25.0,-2.842783561841381,0.41222800628582734,5.624999999999992,False
4.0,-3.0,11.015624999999943,1.659489755918965,-3.0,42.96275930026869,0.4322804622908558,19.936342592592595,25.0,-2.5200670929608835,0.14352388308433955,4.687499999999996,True
4.0,-2.0,7.50000000000005,1.3693063937629197,-2.0,41.99999999999999,-0.10304883724334513,20.0,25.0,-2.2222222222222205,0.0,3.749999999999996,False
4.0,-1.0,5.390624999999989,1.1608859763129182,-1.0,41.0,-0.8772062091288642,20.0,25.0,-1.9805735539897313,0.0,2.8124999999999982,False
4.0,0.0,4.6875,1.0825317547305484,0.0,40.0,-1.9000712586786417,20.0,25.0,-1.875,0.0,1.875,False
4.0,1.0,5.390624999999998,1.1608859763129191,1.0,39.0,-3.082896397002223,20.0,25.0,-1.9805735539897313,0.0,2.8124999999999982,False
4.0,2.0,7.499999999999994,1.3693063937629146,2.0,38.0,-4.341507079254528,20.0,25.0,-2.222222222222221,1.5777218104420236e-30,3.749999999999997,False
4.0,3.0,11.015624999999932,1.659489755918964,3.0,37.0,-5.635523437007505,20.000000000000004,25.06365740740741,-2.5200670929608826,0.14352388308434064,4.687499999999996,False
4.0,4.0,15.937499999999822,1.9960899278339028,4.0,36.0,-6.947777754753536,20.000000000000004,25.2734375,-2.8427835618413813,0.4122280062858266,5.624999999999994,False
4.0,5.0,22.265624999999932,2.3593232610221055,4.999999999999986,35.000000000000014,-8.27041076570693,20.0,25.573749999999997,-3.178242663799806,0.7226871082442515,6.562499999999992,False
4.0,6.0,30.000000000000078,2.738612787525834,6.0,34.0,-9.59944495491124,20.000000000000007,25.925925925925924,-3.5210196515372965,1.0518838490681617,7.499999999999991,False
4.0,7.0,39.14062499999997,3.1281234390605483,7.0,33.00000000000001,-10.932683085256436,20.000000000000007,26.309675655976672,-3.8683660216044733,1.3910417585659274,8.43749999999999,False
4.0,8.0,49.68750000000013,3.5244680449679255,8.0,32.00000000000001,-12.268821924661774,20.000000000000007,26.713867187499996,-4.218749999999994,1.7361111111111065,9.374999999999988,False
4.0,9.0,61.64062499999926,3.9255771868605276,8.999999999999957,31.000000000000036,-13.607042887020533,19.99999999999998,27.131987311385448,-4.571253181103324,2.0849706022281493,10.312499999999982,False
4.0,10.0,74.99999999999903,4.330127018922165,9.999999999999972,30.00000000000003,-14.946807236581709,20.0,27.55999999999999,-4.925292441212116,2.4364035523232297,11.249999999999984,False
4.25,-20.0,224.79784936088043,7.272799434490464,-19.999999999999943,47.06101746801445,2.009586716365033,13.207895254604068,25.0,-7.802685763463772,5.452519814010818,17.78139629554241,False
4.25,-19.0,203.897491085371,6.926462318917314,-18.999999999999943,46.98107670587555,1.9860049517038463,13.63928301954421,25.0,-7.484688409141878,5.1348124911221555,16.999796458375712,False
4.25,-18.0,184.03565992913332,6.580464133981706,-17.999999999999915,46.894616806237416,1.960048272554578,14.069626189023172,25.0,-7.166859660285891,4.81732173391917,16.218196621209007,False
4.25,-17.0,165.212355892177,6.234861305918653,-16.99999999999997,46.800726206817124,1.931340316926168,14.49874857194216,25.0,-6.849226848880298,4.500086062508581,15.436596784042314,False
4.25,-16.0,147.42757897450196,5.889723432526142,-15.999999999999943,46.69830811606314,1.899421147810076,14.926432114511623,25.0,-6.531823544945659,4.183153698429044,14.65499694687561,False
4.25,-15.0,130.68132917610535,5.545137332964491,-14.999999999999972,46.58603007125002,1.8637228302740134,15.352403727058842,25.0,-6.2146914414053676,3.8665858204903416,13.873397109708911,False
4.25,-14.0,114.97360649699246,5.201212675271988,-14.0,46.46225596451714,1.823535977359205,15.776316824131085,25.0,-5.8978829652146665,3.550461224462942,13.091797272542218,False
4.25,-13.0,100.30441093715812,4.858089940250862,-12.999999999999972,46.324953019681935,1.777963150963236,16.197724938523983,25.0,-5.581464962987937,3.234883146466477,12.310197435375516,False
4.25,-12.0,86.67374249660415,4.515951922231553,-11.999999999999986,46.1715623357528,1.7258527413750242,16.616043158604082,25.0,-5.265524013761436,2.9199895185530225,11.528597598208819,False
4.25,-11.0,74.08160117532907,4.175040716260186,-10.999999999999986,45.99881542752616,1.6657032089899841,17.030490339049777,25.0,-4.950174271184837,2.6059688509352608,10.746997761042119,False
4.25,-10.0,62.527986973335544,3.8356834492874636,-9.999999999999972,45.80246913580247,1.5955212265905598,17.44000000000001,25.0,-4.635569356434934,2.2930856963042157,9.965397923875418,False
4.25,-9.0,52.01289989062226,3.4983323721494455,-8.999999999999957,45.57691473858088,1.512606198731569,17.84307841414983,25.0,-4.32192096249776,1.981723175393949,9.183798086708718,False
4.25,-8.0,42.53633992718902,3.1636293352893445,-7.999999999999986,45.31458993416325,1.4132138114354094,18.237569997634594,25.0,-4.0095290233006855,1.6724575287363281,8.40219824954202,False
4.25,-7.0,34.098307083037255,2.8325132088591762,-7.0,45.005079372661086,1.2920148309086972,18.620252485502157,25.0,-3.6988327449372194,1.366196743300166,7.620598412375322,False
4.25,-6.0,26.69880135816512,2.506405974259469,-5.999999999999986,44.633731127562235,1.1411972815229259,18.986103411857165,25.0,-3.3905013598823843,1.064457853598892,6.838998575208621,False
4.25,-5.0,20.337822752572944,2.187548870180716,-4.999999999999972,44.17959133999828,0.9489341345801046,19.326897442104425,25.0,-3.08560555800422,0.7699757669931697,6.057398738041921,False
4.25,-4.0,15.01537126626124,1.8796352128107037,-3.9999999999999716,43.612798374857206,0.6967273340797355,19.628382733268225,25.0,-2.7859660485897564,0.488215197579765,5.2757989008752215,False
4.25,-3.0,10.73144689922989,1.5890394360211966,-3.0,42.89424209340994,0.35494609264694077,19.864548386085335,25.0,-2.494929588207543,0.23182854913951745,4.494199063708524,True
4.25,-2.0,7.486049651478939,1.3271862896394044,-1.9999999999999858,41.996456254994214,-0.12316116811983369,19.989837204723166,25.0,-2.2192990192543816,0.037685633159203716,3.7125992265418235,False
4.25,-1.0,5.27917952300831,1.1145222688518435,-1.0,41.0,-0.8003846095063629,20.0,25.0,-1.9747490691849545,1.7763568394002505e-15,2.930999389375125,False
4.25,0.0,4.110836513817928,0.9834915608738596,0.0,40.0,-1.7153247507144531,20.0,25.0,-1.8013617489628184,1.7763568394002505e-15,2.149399552208426,False
4.25,1.0,3.9810206239079005,0.9678381760589696,1.0,39.0,-2.8185595376288894,20.0,25.0,-1.778238174841686,8.881784197001252e-16,1.9539995929167513,False
4.25,2.0,4.889731853278177,1.0726253502261665,2.0,38.0,-4.022029654295062,20.0,25.0,-1.9222331853663421,0.0,2.7355994300834503,False
4.25,3.0,6.836970201928803,1.2683449337786907,2.999999999999986,37.000000000000014,-5.2722646292602215,19.999999999999993,25.001586580105144,-2.1542873704643464,0.01064136173767893,3.517199267250149,False
4.25,4.0,9.822735669859718,1.5202736340277474,4.0,36.0,-6.545659630413747,20.0,25.091524187788206,-2.4241845036598555,0.17488606457686381,4.29879910441685,False
4.25,5.0,13.847028257070948,1.8050275055470484,4.999999999999986,35.000000000000014,-7.831720865841476,20.0,25.305052306636938,-2.7122168010155128,0.4209536290800705,5.080398941583546,False
4.25,6.0,18.909847963562477,2.1093544015708847,5.999999999999986,34.000000000000014,-9.125341187911154,19.999999999999996,25.59329219254834,-3.0101071186943447,0.6980288711342811,5.861998778750248,False
4.25,7.0,25.011194789334553,2.4258992166318842,7.0,33.00000000000001,-10.423796859092612,20.000000000000004,25.925925925925924,-3.313900848505685,0.9900083285347405,6.6435986159169484,False
4.25,8.0,32.151068734386854,2.750446754486895,8.0,31.999999999999993,-11.725519130863036,20.000000000000014,26.286455199182683,-3.6214950481135673,1.2902590010757702,7.425198453083648,False
4.25,9.0,40.329469798718755,3.080468635039681,8.999999999999986,31.000000000000014,-13.029546222353538,20.0,26.6654944845179,-3.9316747120588054,1.5955648021410218,8.206798290250346,False
4.25,10.0,49.54639798233198,3.414377834370827,9.999999999999957,30.000000000000043,-14.335257736417304,19.99999999999998,27.057390152505437,-4.243690923337319,1.9041818456321637,8.988398127417042,False
4.5,-20.0,179.48483462886895,6.3154983023048405,-19.999999999999943,46.84191301663883,1.9357470165713506,13.447674876178862,25.0,-7.202334453811958,4.9828803976797005,15.47325102880656,False
4.5,-19.0,163.29218106995836,6.023881750904447,-18.999999999999943,46.75863917416577,1.9094926591478918,13.854595336076832,25.0,-6.918765191041675,4.69959128462495,14.814814814814792,False
4.5,-18.0,147.87989635726115,5.732556078269316,-17.999999999999915,46.66879869592622,1.8806845649040453,14.260509828059186,25.0,-6.635348860408393,4.4164998883126705,14.15637860082302,False
4.5,-17.0,133.24798049077827,5.441568003000979,-16.999999999999915,46.57150580215827,1.8489326769689995,14.665254560426266,25.0,-6.352109376265787,4.133640203396173,13.497942386831252,False
4.5,-16.0,119.39643347050816,5.1509747399132175,-15.999999999999972,46.46570151580311,1.8137636538859163,15.068628256760096,25.0,-6.069075907065785,3.851054482995219,12.839506172839487,False
4.5,-15.0,106.32525529644901,4.860847098019233,-14.999999999999972,46.3501084043402,1.7745975308641961,15.4703808223335,25.0,-5.786284400080862,3.5687959056692993,12.181069958847717,False
4.5,-14.0,94.03444596860072,4.571273733717763,-14.0,46.22317027562835,1.7307161309007908,15.870197652373255,25.0,-5.50377966890264,3.286932345901055,11.522633744855952,False
4.5,-13.0,82.52400548696883,4.282367089121748,-13.0,46.0829706803051,1.6812196464245925,16.267677504009338,25.0,-5.221618301450986,3.0055518194565303,10.864197530864182,False
4.5,-12.0,71.7939338515473,3.9942718388419767,-11.999999999999972,45.92712107357501,1.6249659453724794,16.662300646394904,25.0,-4.939872790235282,2.724770539533174,10.205761316872414,False
4.5,-11.0,61.84423106233807,3.707177154965399,-10.999999999999986,45.752604793232024,1.56048413902481,17.05338195253112,25.0,-4.658637527659652,2.4447451679946934,9.547325102880645,False
4.5,-10.0,52.67489711934135,3.4213349285311088,-9.999999999999943,45.55555555555555,1.4858489608934429,17.44000000000002,25.0,-4.378037725521882,2.1656920465095344,8.888888888888873,False
4.5,-9.0,44.28593202255747,3.137087538981817,-8.999999999999972,45.33093722773449,1.3984940596154203,17.82088671570833,25.0,-4.098243062966138,1.88791852069631,8.230452674897109,False
4.5,-8.0,36.677335771986414,2.8549113927478422,-7.999999999999957,45.072072562456924,1.2949276670592418,18.194249764739187,25.0,-3.81948925544876,1.6118762370249284,7.5720164609053375,False
4.5,-7.0,29.84910836762656,2.575487369956588,-6.999999999999972,44.7699391455352,1.1702881935729232,18.557475582268978,25.0,-3.5421134463077717,1.3382566969964853,6.913580246913569,False
4.5,-6.0,23.80124980948027,2.299818824240064,-6.0,44.412111004210345,1.0176309190761847,18.90661090382276,25.0,-3.266614898713801,1.068173889333436,6.2551440329218035,False
4.5,-5.0,18.533760097546256,2.029436708796379,-4.999999999999986,43.98119863616393,0.8267550276534275,19.235413333333337,25.0,-2.993764680249859,0.8035424580276327,5.596707818930035,False
4.5,-4.0,14.04663923182446,1.7667697599998367,-3.9999999999999716,43.45278501172227,0.5822482796782942,19.533527696793016,25.0,-2.724816809859995,0.5479460615606777,4.938271604938264,True
4.5,-3.0,10.339887212315226,1.515833999436557,-2.999999999999986,42.794012025638025,0.2602960743404452,19.78288893412037,25.0,-2.4619471612330406,0.30892909125995655,4.279835390946497,True
4.5,-2.0,7.41350403901839,1.2835284733904764,-2.0,41.970608250090436,-0.17580958816482228,19.951448945531787,25.0,-2.209254977468282,0.10537595051233474,3.621399176954729,False
4.5,-1.0,5.267489711934137,1.0819211012447705,-0.9999999999999858,40.999999999999986,-0.7777777777777821,20.0,25.0,-1.975308641975307,1.7763568394002505e-15,2.9629629629629597,False
4.5,0.0,3.9018442310623387,0.931169423784754,1.4210854715202004e-14,39.999999999999986,-1.5938351890656541,20.000000000000007,25.0,-1.7802136491085314,1.7763568394002505e-15,2.3045267489711914,False
4.5,1.0,3.3165675964029893,0.8584957899855342,1.0,39.0,-2.612838026671107,20.0,25.0,-1.6717793793221,0.0,1.6460905349794233,False
4.5,2.0,3.5116598079561028,0.8833848799999168,2.0,38.0,-3.7588394934862013,20.0,25.0,-1.7106674642655573,8.881784197001252e-16,1.9753086419753083,False
4.5,3.0,4.487120865721685,0.9985679597104917,3.0,37.0,-4.966672745080346,20.000000000000004,25.0,-1.8708111481995071,6.661338147750939e-16,2.633744855967077,False
4.5,4.0,6.242950769699721,1.177846506666554,4.0,36.00000000000001,-6.204305715506484,20.0,25.008765339343853,-2.0890907427284313,0.032157776704557044,3.2921810699588443,False
4.5,5.0,8.779149519890252,1.3967541356771302,5.0,35.0,-7.457599999999996,20.0,25.119999999999997,-2.3339468588519847,0.20061352551865078,3.950617283950614,False
4.5,6.0,12.09571711629313,1.639492951175463,5.999999999999972,34.00000000000002,-8.719915823955176,19.99999999999999,25.334110900519995,-2.5924293921507475,0.4256088319783859,4.609053497942381,False
4.5,7.0,16.192653558908518,1.8969363346025154,7.0,33.0,-9.987838784508899,20.000000000000007,25.61080518341963,-2.8586962415776545,0.6742812027202708,5.267489711934149,False
4.5,8.0,21.06995884773649,2.1638422024895383,8.0,32.00000000000001,-11.259463177020496,20.000000000000007,25.925925925925924,-3.1297952458109255,0.935007865838366,5.9259259259259185,False
4.5,9.0,26.72763298277693,2.4371036080094446,9.0,31.000000000000007,-12.533650762069348,20.000000000000007,26.265874481107264,-3.404089481164662,1.2026789134689748,6.584362139917685,False
4.5,10.0,33.16567596402989,2.7148020580198593,9.999999999999986,30.000000000000014,-13.809683041696758,20.0,26.62266277939747,-3.6806026592018477,1.4747069675918718,7.242798353909454,False
4.75,-20.0,145.2814285696981,5.530421675551524,-19.999999999999943,46.621013177706075,1.8563626737098038,13.661960092066913,25.0,-6.681855511980711,4.579349723700484,13.576323079166038,False
4.75,-19.0,132.5522444781079,5.282587971780655,-18.999999999999943,46.534560821454704,1.8273620906002055,14.047005283438882,25.0,-6.427416249581559,4.325180968069783,13.016474704767438,False
4.75,-18.0,120.41857777092044,5.035005415162936,-17.999999999999943,46.44150936627434,1.7956346874258888,14.431081895371575,25.0,-6.17311612980158,4.071193205459475,12.45662633036884,False
4.75,-17.0,108.88042844813532,4.787712967875719,-16.999999999999915,46.34099904671961,1.760778646643098,14.814037511180958,25.0,-5.918976167297751,3.817416550670699,11.896777955970236,False
4.75,-16.0,97.93779650975146,4.540758028758761,-15.999999999999972,46.232008108538494,1.7223095618347595,15.195686071111725,25.0,-5.665021827433534,3.563888184157827,11.33692958157164,False
4.75,-15.0,87.59068195576961,4.294198827445663,-14.999999999999972,46.11331212735005,1.679638215347965,15.575798083839395,25.0,-5.4112842686726035,3.310654550802244,10.77708120717304,False
4.75,-14.0,77.83908478618977,4.048107674514229,-13.999999999999972,45.98343036808983,1.632040835225514,15.954087225207205,25.0,-5.157802025022812,3.057774433154777,10.21723283277444,False
4.75,-13.0,68.68300500101111,3.8025754430665626,-13.0,45.84055412931082,1.5786187183224114,16.330191675494248,25.0,-4.904623321401007,2.8053233330878236,9.657384458375844,False
4.75,-12.0,60.12244260023555,3.557717855155422,-11.999999999999972,45.6824496706044,1.5182425638195973,16.70364763286989,25.0,-4.651809317609998,2.553399860262659,9.097536083977243,False
4.75,-11.0,52.15739758386023,3.3136844681557855,-10.999999999999972,45.506324721152914,1.4494744204219667,17.07385092043745,25.0,-4.39943874531933,2.3021352862128306,8.537687709578643,False
4.75,-10.0,44.787869951888105,3.0706717918118627,-9.999999999999986,45.30864197530864,1.370456208700837,17.440000000000005,25.0,-4.147614687336521,2.0517082545879886,7.977839335180045,False
4.75,-9.0,38.01385970431703,2.828942882507138,-8.999999999999943,45.08485423351085,1.278747280963294,17.801009099027418,25.0,-3.8964747454224367,1.8023682058979553,7.4179909607814425,False
4.75,-8.0,31.8353668411482,2.5888573720607524,-7.999999999999972,44.829022222104506,1.17108254999025,18.155371716617708,25.0,-3.6462067421336672,1.5544741794070767,6.858142586382845,False
4.75,-7.0,26.252391362380564,2.35091880637877,-6.999999999999986,44.533255577017414,1.043004025318193,18.500938707344037,25.0,-3.397073798494086,1.3085621669719785,6.2982942119842455,False
4.75,-6.0,21.264933268015504,2.1158516149353,-5.999999999999972,44.186889840948574,0.8882863923227715,18.834543316382845,25.0,-3.149455985766357,1.0654688279836044,5.738445837585644,False
4.75,-5.0,16.872992558052065,1.8847304739908857,-4.999999999999986,43.77529057598595,0.6980227023028347,19.151340108347508,25.0,-2.9039227672392953,0.8265751281691649,5.178597463187047,False
4.75,-4.0,13.076569232490105,1.6592052144572493,-3.999999999999986,43.278238004998165,0.45915153012380916,19.443587441582004,25.0,-2.6613660870380014,0.5943303824906814,4.618749088788448,True
4.75,-3.0,9.875663291330401,1.441903952661597,-2.999999999999986,42.66837923600985,0.15211964790344812,19.69833043641826,25.0,-2.4232615070553245,0.37351737903859444,4.058900714389848,True
4.75,-2.0,7.270274734572281,1.2371677956715474,-1.9999999999999858,41.9131269514387,-0.25246347214265574,19.89315035095375,25.0,-2.192222850068612,0.17483112239702553,3.4990523399912474,False
4.75,-1.0,5.260403562216174,1.0523561096507181,-1.0,40.99729623974024,-0.7965762595113839,19.992386654150785,25.0,-1.9732955611506622,0.027662733018577353,2.9392039655926494,False
4.75,0.0,3.846049774261852,0.8998303669682884,0.0,40.0,-1.5275253468073178,19.999999999999993,25.0,-1.7772766791423324,0.0,2.37935559119405,False
4.75,1.0,3.027213370709328,0.7983157758957723,1.0,39.0,-2.4608263852309795,20.000000000000004,25.0,-1.6293539000757524,1.7763568394002505e-15,1.8195072167954505,False
4.75,2.0,2.80389435155864,0.7683056342996294,2.0,38.0,-3.5451776971916464,20.0,25.0,-1.5800393124983958,0.0,1.3996209359965006,False
4.75,3.0,3.1760927168097863,0.8177108891752295,3.0,37.0,-4.710205218188527,20.0,25.0,-1.6594775614721315,0.0,1.9594693103950995,False
4.75,4.0,4.143808466462768,0.9340132385473107,4.0,36.0,-5.913973251183764,20.0,25.0,-1.823134217273111,0.0,2.519317684793699,False
4.75,5.0,5.707041600517602,1.0961215453653996,5.0,35.0,-7.137378633418418,20.000000000000004,25.02137263157895,-2.02645298560246,0.056300938818835376,3.079166059192299,False
4.75,6.0,7.865792118974245,1.286839630868402,6.0,34.0,-8.371683319372503,20.0,25.148190620134944,-2.2491056436753576,0.2213855936267594,3.6390144335909,False
4.75,7.0,10.620060021832641,1.4952598803751485,6.999999999999986,33.000000000000014,-9.612553664718897,20.0,25.36082883606631,-2.4822549275644286,0.42722641835764047,4.198862807989498,False
4.75,8.0,13.969845309092992,1.7149402511668472,8.0,32.0,-10.857649956095527,20.000000000000007,25.626585056083414,-2.7216591624078026,0.6515665353104176,4.758711182388097,False
4.75,9.0,17.915147980755215,1.942063361791171,9.0,30.999999999999993,-12.10561344872492,20.000000000000014,25.925925925925924,-2.9650691802419367,0.8857969255310835,5.318559556786697,False
4.75,10.0,22.45596803681916,2.174298097841627,10.0,30.000000000000007,-13.355606258887361,20.000000000000007,26.247508803871305,-3.2111914423716965,1.1259151352330425,5.878407931185296,False
5.0,-20.0,119.03999999999911,4.879344218232592,-19.999999999999886,46.3984879712953,1.7714706964952494,13.854595336076851,25.0,-6.226888671937502,4.229632156162481,11.999999999999979,False
5.0,-19.0,108.90239999999835,4.666956181495565,-18.999999999999943,46.30900250863007,1.739662142311245,14.21996805312741,25.0,-5.997314670201923,4.000319297327698,11.519999999999982,False
5.0,-18.0,99.22559999999933,4.454786190155468,-17.999999999999943,46.21289842650227,1.7049601886533452,14.584408235516033,25.0,-5.767867630667788,3.771172541765672,11.039999999999983,False
5.0,-17.0,90.00959999999914,4.242866955255589,-16.999999999999943,46.10934191358207,1.666953123176265,14.947773900436637,25.0,-5.538566094818755,3.5422186625738825,10.559999999999985,False
5.0,-16.0,81.25440000000069,4.03123802323804,-15.999999999999915,45.99734758627341,1.6251476889062832,15.309892800031609,25.0,-5.3094323944946735,3.313490506660892,10.079999999999982,False
5.0,-15.0,72.95999999999985,3.8199476436202593,-14.999999999999972,45.87574185207491,1.5789479910556832,15.670553935860072,25.0,-5.080493671129865,3.0850288185221517,9.599999999999985,False
5.0,-14.0,65.12639999999969,3.6090552780471428,-13.999999999999943,45.74311507137402,1.5276275600255549,16.029496062553932,25.0,-4.85178324198552,2.8568847622385607,9.119999999999983,False
5.0,-13.0,57.75360000000063,3.3986350201220676,-12.999999999999972,45.59775833680028,1.4702918633934339,16.386391863314444,25.0,-4.623342459194694,2.629123474340963,8.639999999999985,False
5.0,-12.0,50.84159999999997,3.1887803310983958,-12.0,45.437578840776325,1.4058272826571134,16.740825782114893,25.0,-4.395223281763807,2.4018291742198756,8.15999999999999,False
5.0,-11.0,44.390399999999595,2.97961071282809,-10.999999999999972,45.25998501630518,1.3328305891170926,17.09226235838034,25.0,-4.167491900389122,2.1751126899029054,7.679999999999989,False
5.0,-10.0,38.39999999999982,2.771281292110197,-9.999999999999986,45.06172839506172,1.2495098227810848,17.440000000000005,25.0,-3.9402339529696957,1.9491228418585833,7.199999999999991,False
5.0,-9.0,32.87039999999987,2.5639968798732915,-8.999999999999986,44.838682635118246,1.1535424417891218,17.783101832826503,25.0,-3.713562206142755,1.7240642015218726,6.719999999999991,False
5.0,-8.0,27.801599999999667,2.3580330786483747,-7.999999999999972,44.58553028588258,1.041868369305516,18.120289385595512,25.0,-3.4876281727311094,1.5002258043763623,6.239999999999991,False
5.0,-7.0,23.193600000000032,2.153768789819373,-6.999999999999957,44.29531325792846,0.9103819029585809,18.449774019536385,25.0,-3.262640222914037,1.2780295734834481,5.759999999999991,False
5.0,-6.0,19.046399999999934,1.9517376872930405,-5.999999999999986,43.958783469138965,0.7534637138286897,18.76898025646245,25.0,-3.0388928250021845,1.0581162006269427,5.279999999999993,False
5.0,-5.0,15.359999999999925,1.7527121840165272,-5.0,43.56347290628682,0.5632570344774079,19.074074074074073,25.0,-2.816815721229838,0.8415070792545274,4.7999999999999945,True
5.0,-4.0,12.134399999999879,1.557844664913667,-3.999999999999986,43.092428405440906,0.32853639586804295,19.359126081019575,25.0,-2.5970606970058783,0.6299338068020657,4.319999999999995,True
5.0,-3.0,9.369599999999947,1.3689119767172722,-2.9999999999999716,42.52281494270008,0.03295861608952544,19.614575507137502,25.0,-2.3806636646820496,0.42657734695936944,3.8399999999999945,True
5.0,-2.0,7.065599999999916,1.1887472397444223,-1.9999999999999716,41.82593129187745,-0.347445774272205,19.8244170096022,25.0,-2.169368747797976,0.23795585342212083,3.3599999999999954,False
5.0,-1.0,5.222400000000009,1.021998043050965,-1.0,40.97639682297424,-0.8468334086806433,19.962099125364432,25.0,-1.9663305452879298,0.07970923009518821,2.8799999999999972,False
5.0,0.0,3.84000000000003,0.8763560920082692,1.4210854715202004e-14,39.999999999999986,-1.5074178180311657,20.000000000000004,25.0,-1.7777777777777772,0.0,2.3999999999999977,False
5.0,1.0,2.918399999999992,0.7639895287240516,1.0,38.99999999999999,-2.3584124435513987,20.0,25.0,-1.617227981847542,0.0,1.9199999999999982,False
5.0,2.0,2.4575999999999976,0.7010848736066123,2.0,37.99999999999999,-3.3764949156017474,20.0,25.0,-1.5147127426581575,0.0,1.4399999999999995,False
5.0,3.0,2.4575999999999993,0.7010848736066125,3.0,37.0,-4.496524334547554,20.0,25.0,-1.5147127426581568,8.881784197001252e-16,1.4399999999999995,False
5.0,4.0,2.9183999999999983,0.7639895287240523,4.0,36.0,-5.667099399121019,20.0,25.0,-1.6172279818475426,4.440892098500626e-16,1.9199999999999982,False
5.0,5.0,3.8400000000000007,0.8763560920082658,5.0,35.00000000000001,-6.862637510670254,20.0,25.0,-1.777777777777777,1.4210854715202016e-16,2.3999999999999972,False
5.0,6.0,5.2223999999999995,1.0219980430509639,6.0,34.0,-8.071523658544232,20.0,25.037900874635568,-1.9663305452879298,0.07970923009518668,2.8799999999999977,False
5.0,7.0,7.065599999999979,1.1887472397444276,6.999999999999972,33.00000000000002,-9.288184970396598,19.99999999999999,25.175582990397803,-2.1693687477979773,0.23795585342211978,3.3599999999999954,False
5.0,8.0,9.369600000000037,1.3689119767172788,7.999999999999986,32.0,-10.509714412259243,20.0,25.38542449286251,-2.38066366468205,0.4265773469593696,3.839999999999996,False
5.0,9.0,12.134400000000019,1.5578446649136761,9.0,31.000000000000007,-11.734473750122254,20.000000000000007,25.640873918980425,-2.597060697005878,0.6299338068020658,4.319999999999993,False
5.0,10.0,15.359999999999964,1.7527121840165296,10.0,29.999999999999993,-12.961477886835045,20.00000000000001,25.925925925925924,-2.816815721229836,0.8415070792545297,4.799999999999994,False
5.25,-20.0,98.61146920705411,4.333951660069576,-19.99999999999997,46.174486373782145,1.6811258524955803,14.028690671261899,25.0,-5.826240886293857,3.9242060329076605,10.677032717849029,False
5.25,-19.0,90.44273880592151,4.150564822284438,-18.999999999999886,46.082104552698425,1.646459174664485,14.376278559568993,25.0,-5.618060641819583,3.7162778724700174,10.262390670553916,False
5.25,-18.0,82.63505726229485,3.967368259577598,-17.999999999999943,45.98309572969024,1.6087396565474887,14.722968558079929,25.0,-5.409996560219492,3.5085025148929563,9.847748623258811,False
5.25,-17.0,75.18842457617802,3.784389604834149,-16.999999999999943,45.876651768436965,1.5675474745046674,15.068628256760096,25.0,-5.202065063199245,3.3009038425673247,9.433106575963704,False
5.25,-16.0,68.10284074757243,3.6016620699621824,-15.999999999999915,45.76182262544671,1.52238260022187,15.413097957368281,25.0,-4.994285816654801,3.0935109823928553,9.018464528668595,False
5.25,-15.0,61.37830577647243,3.4192259156401503,-14.999999999999915,45.63748329225491,1.4726448336904445,15.756183291062149,25.0,-4.7866825721646995,2.8863598271332735,8.603822481373486,False
5.25,-14.0,55.01481966288323,3.2371304065669975,-13.999999999999972,45.502291021743694,1.417607617188349,16.097645314131746,25.0,-4.579284284255629,2.6794951182295854,8.18918043407838,False
5.25,-13.0,49.01238240680134,3.05543644787611,-12.999999999999972,45.35462936324811,1.3563832758675678,16.437187022166974,25.0,-4.37212661474334,2.472973347282885,7.774538386783272,False
5.25,-12.0,43.370994008227655,2.8742201926527633,-12.0,45.19253406399404,1.2878762715469594,16.77443468540698,25.0,-4.165253989797836,2.2668668772860068,7.3598963394881665,False
5.25,-11.0,38.09065446716431,2.693578058206286,-11.0,45.01359372055775,1.2107194429160097,17.10891154590879,25.0,-3.958722461429614,2.0612699257125255,6.9452542921930585,False
5.25,-10.0,33.17136378360849,2.5136338250432613,-9.999999999999972,44.81481481481481,1.1231857074417204,17.44000000000001,25.0,-3.752603764733042,1.8563074684367444,6.53061224489795,False
5.25,-9.0,28.613121957561862,2.334548878928651,-8.999999999999986,44.59243589280878,1.0230637714191264,17.76688599625183,25.0,-3.5469911951247157,1.6521488709062586,6.115970197602842,False
5.25,-8.0,24.41592898902357,2.1565373033560986,-7.999999999999943,44.34166837171062,0.907480126510313,18.088475217653965,25.0,-3.342008330345263,1.4490294496123177,5.701328150307733,False
5.25,-7.0,20.57978487799382,1.9798886393885327,-6.999999999999972,44.05633091983506,0.7726395081430761,18.40326314949086,25.0,-3.1378223349155507,1.2472859039127193,5.286686103012626,False
5.25,-6.0,17.104689624472947,1.8050030800381553,-5.999999999999957,43.7283303907105,0.6134396920982772,18.709127291168702,25.0,-2.9346649040278594,1.0474172295780897,4.8720440557175175,True
5.25,-5.0,13.990643228460652,1.6324473726490223,-4.999999999999972,43.346928999767265,0.4228907619067037,19.00298328890046,25.0,-2.732866455593428,0.8501952806145648,4.4574020084224095,True
5.25,-4.0,11.237645689957011,1.4630461171624742,-4.0,42.89774727641741,0.19123148454478178,19.2801949472018,25.0,-2.532914370161587,0.6568792531292387,4.042759961127303,True
5.25,-3.0,8.845697008962173,1.2980349257141532,-2.999999999999986,42.361582513675984,-0.09540441852258086,19.533527696793005,25.0,-2.3355572655942827,0.46966805276629536,3.6281179138321957,False
5.25,-2.0,6.814797185476074,1.1393228720416997,-1.9999999999999858,41.71377829100368,-0.4568910375259252,19.75126801493221,25.0,-2.142003034658995,0.2927636363416642,3.2134758665370873,False
5.25,-1.0,5.144946219498468,0.9899443196942677,-0.9999999999999858,40.927765886664275,-0.9212705451427032,19.91413545132554,25.0,-1.95432202665317,0.13526566214226343,2.798833819241979,False
5.25,0.0,3.836144111029564,0.8548064789100418,0.0,39.99789038821736,-1.5247688318847512,19.994148571428568,25.0,-1.7763355930488467,0.020907021620276675,2.384191771946872,False
5.25,1.0,2.8883908600693182,0.7417342432652352,1.0,38.99999999999999,-2.3010219525744064,20.0,25.0,-1.6157312196021885,0.0,1.969549724651764,False
5.25,2.0,2.3016864666177463,0.6621302514097598,2.0,37.99999999999999,-3.2497978544888957,20.0,25.0,-1.4891284780686684,1.7763568394002505e-15,1.5549076773566557,False
5.25,3.0,2.0760309306748286,0.628835799701068,3.0,36.99999999999999,-4.321121006014882,20.000000000000004,25.0,-1.4293803604597226,1.7763568394002505e-15,1.1402656300615481,False
5.25,4.0,2.211424252240579,0.6490174628570818,4.0,36.0,-5.457866589741891,20.0,25.0,-1.4662863979419065,4.440892098500626e-16,1.4512471655328794,False
5.25,5.0,2.7078664313149936,0.7181810928695052,5.0,35.0,-6.626709239678194,20.0,25.0,-1.579927777464456,8.881784197001252e-16,1.8658892128279876,False
5.25,6.0,3.5653574678980826,0.8240847700152354,6.0,34.0,-7.8121364392693255,20.000000000000004,25.000880602097006,-1.7341159104181376,0.005787528025484284,2.280531260123095,False
5.25,7.0,4.783897361989812,0.9545776789454679,7.0,33.0,-9.006889078410822,20.0,25.056944331221796,-1.908706971330582,0.1010661210258409,2.6951733074182025,False
5.25,8.0,6.363486113590199,1.1009507677751988,7.999999999999986,32.000000000000014,-10.207307951575121,20.0,25.20189869302295,-2.094422900103973,0.2510241336282842,3.109815354713309,False
5.25,9.0,8.304123722699376,1.2576715994021406,9.0,31.0,-11.411395441237044,20.000000000000004,25.408105278076285,-2.286750479810754,0.42423997085388787,3.5244574020084176,False
5.25,10.0,10.60581018931703,1.4213213295292069,10.0,30.000000000000007,-12.617982469585366,20.000000000000007,25.653871417838356,-2.4832945877034964,0.6093866774319535,3.939099449303529,False
5.5,-20.0,82.49809066693035,3.8729385288864053,-19.99999999999997,45.94913951642635,1.5853991872395419,14.186788956778754,25.0,-5.471072764108572,3.6555994716269518,9.556724267468056,False
5.5,-19.0,75.84578798020522,3.7135082158422943,-18.99999999999997,45.853989937267386,1.5478354420917908,14.518221785460044,25.0,-5.281431854858422,3.466201907760339,9.196093163035298,False
5.5,-18.0,69.47960583914437,3.554244730898135,-17.999999999999943,45.752214554253484,1.5070670638994832,14.84878994822003,25.0,-5.091897499931528,3.276945229172668,8.835462058602541,False
5.5,-17.0,63.39954424374763,3.395171551262111,-16.999999999999943,45.64303046495943,1.4626678074502633,15.178369822074567,25.0,-4.902484295742954,3.087850807426779,8.474830954169784,False
5.5,-16.0,57.60560319401828,3.236316739022318,-15.999999999999943,45.52552181862181,1.4141328096454142,15.506813125054293,25.0,-4.713209628526505,2.898944561577571,8.114199849737027,False
5.5,-15.0,52.09778268995636,3.0777141071656757,-14.999999999999915,45.39860992965495,1.3608597329237324,15.833940471380487,25.0,-4.524094373227182,2.7102582340577084,7.7535687453042685,False
5.5,-14.0,46.876082731556565,2.9194047566259607,-13.999999999999972,45.261014935517984,1.302124263819963,16.159532804117646,25.0,-4.3351638131803,2.521831121053716,7.392937640871514,False
5.5,-13.0,41.94050331882499,2.7614391280577197,-12.999999999999972,45.11120609565256,1.2370479185158307,16.483319847430472,25.0,-4.1464488662932455,2.333712457878514,7.032306536438757,False
5.5,-12.0,37.29104445175756,2.603879778392151,-11.999999999999972,44.94733665580898,1.1645552273738822,16.804964303074666,25.0,-3.957987743610704,2.145964767566572,6.671675432005999,False
5.5,-11.0,32.92770613035576,2.446805194547511,-11.0,44.76715749191672,1.0833160526157295,17.124039857133308,25.0,-3.7698282287320195,1.958668658307873,6.311044327573245,False
5.5,-10.0,28.850488354620776,2.2903151174464567,-9.999999999999972,44.5679012345679,0.9916667910767003,17.44000000000001,25.0,-3.5820308663360865,1.7719298562350723,5.950413223140488,False
5.5,-9.0,25.05939112455029,2.1345381073516623,-8.999999999999972,44.346124871811874,0.8875011298621693,17.752132903771418,25.0,-3.394673511243835,1.5858897878118976,5.58978211870773,False
5.5,-8.0,21.55441444014607,1.979642504004933,-7.999999999999986,44.09749340676096,0.7681162151892811,18.059494611896294,25.0,-3.207857963899345,1.4007419874759932,5.229151014274974,False
5.5,-7.0,18.335558301407268,1.825852642735207,-6.999999999999943,43.81647942573882,0.6299925426499553,18.360807567544096,25.0,-3.0217198945292525,1.2167584357008365,4.868519909842216,True
5.5,-6.0,15.402822708334432,1.6734733997578717,-5.999999999999972,43.49594328836031,0.4684740326839325,18.654302086254752,25.0,-2.8364441148933923,1.0343335948341528,4.50788880540946,True
5.5,-5.0,12.756207660927291,1.5229282595726439,-4.999999999999986,43.126548500591234,0.2772965986867555,18.9374609064405,25.0,-2.6522888598233005,0.8540616901675642,4.147257700976704,True
5.5,-4.0,10.39571315918566,1.374819866493965,-3.9999999999999716,42.69596943617822,0.04788778517175141,19.206593815703954,25.0,-2.4696258804699447,0.6768805289316662,3.786626596543946,True
5.5,-3.0,8.321339203109538,1.2300287655992985,-2.999999999999986,42.1879161562104,-0.23166739796713864,19.456106561730707,25.0,-2.289009624412908,0.504359280091778,3.4259954921111904,False
5.5,-2.0,6.533085792699236,1.089877874117449,-1.9999999999999858,41.58133747201496,-0.5780886277162307,19.677219304078847,25.0,-2.111302923379533,0.33932988486585025,3.065364387678434,False
5.5,-1.0,5.030952927954457,0.9564092817269904,-0.9999999999999716,40.8515707796721,-1.0146577332950777,19.85579663083673,25.0,-1.9379195782437069,0.1874509025672746,2.7047332832456767,False
5.5,0.0,3.814940608875472,0.8328418608896204,0.0,39.98075936455368,-1.5720329861721147,19.969831649831647,25.0,-1.7713263413785563,0.06178649850537694,2.3441021788129204,False
5.5,1.0,2.8850488354620385,0.7242612330646799,1.0000000000000142,38.999999999999986,-2.2831996107492163,20.000000000000007,25.0,-1.6161616161616152,0.0,1.9834710743801633,False
5.5,2.0,2.241277607714336,0.638361198370033,2.0,38.0,-3.1627981899810074,20.000000000000004,25.0,-1.481859239092902,0.0,1.622839969947407,False
5.5,3.0,1.8836269256322486,0.5852158771276007,3.0,37.0,-4.181009433900714,20.0,25.0,-1.3881213233019825,0.0,1.2622088655146502,False
5.5,4.0,1.8120967892158386,0.5739966406642019,4.0,36.0,-5.281913078373619,20.0,25.0,-1.3664422587864598,0.0,1.0818933132982718,False
5.5,5.0,2.026687198465081,0.6070326033576003,5.0,35.0,-6.424330135621437,20.0,25.0,-1.4280991735537187,4.440892098500626e-16,1.4425244177310281,False
5.5,6.0,2.527398153379977,0.6778841619171948,6.0,34.00000000000001,-7.5876495136405016,20.0,25.0,-1.545497328653013,0.0,1.8031555221637843,False
5.5,7.0,3.3142296539605405,0.7762649095579468,7.0,33.0,-8.762311260354224,20.0,25.00517234245045,-1.691885769594488,0.018345634515892027,2.1637866265965426,False
5.5,8.0,4.387181700206771,0.8931233957508865,8.0,32.0,-9.943646147107227,20.0,25.07743833613974,-1.8535552976608276,0.11995633222795271,2.524417731029298,False
5.5,9.0,5.746254292118647,1.0221416279840754,9.0,31.000000000000004,-11.129187752891072,20.0,25.227002778023184,-2.0239500758981266,0.2611978369554112,2.885048835462056,False
5.5,10.0,7.39144742969614,1.15926680823356,10.0,30.0,-12.317533894669674,20.00000000000001,25.429061818181815,-2.199721214347477,0.42065050727676906,3.245679939894813,False
5.75,-20.0,69.63656225281963,3.480044034024748,-19.99999999999997,45.72256330969472,1.4843764796231862,14.330989366996585,25.0,-5.154320638173937,3.417878493259103,8.600312320210394,False
5.75,-19.0,64.1668226817626,3.3405759118623894,-18.99999999999997,45.62476693265441,1.4438874654569536,14.647683863135862,25.0,-4.980850501293881,3.24464329057321,8.284704528643038,False
5.75,-18.0,58.92618215032997,3.201254703755741,-17.999999999999886,45.5203541846886,1.4000500631868276,14.963545500441501,25.0,-4.807478341269376,3.0715382632865658,7.969096737075682,False
5.75,-17.0,53.91464065852325,3.0621004629111312,-16.999999999999943,45.40856683841782,1.3524331930608784,15.278458727302588,25.0,-4.634217175949876,2.898582593642292,7.653488945508331,False
5.75,-16.0,49.1321982063414,2.9231370345644048,-15.999999999999943,45.2885220176794,1.3005289461605591,15.592285660609159,25.0,-4.461082432917261,2.7257994226603066,7.337881153940977,False
5.75,-15.0,44.57885479378559,2.7843929880609006,-14.999999999999943,45.15918512584777,1.2437348124919014,15.904860440780926,25.0,-4.28809253319967,2.553216925564695,7.022273362373623,False
5.75,-14.0,40.25461042085527,2.6459028350116442,-13.999999999999915,45.01933539123766,1.181330789731409,16.215981792178063,25.0,-4.11526965297085,2.380869757418303,6.706665570806267,False
5.75,-13.0,36.15946508754984,2.507708640157726,-12.999999999999972,44.867521592629,1.1124495900477689,16.525403090214642,25.0,-3.9426407297992845,2.208801026460297,6.391057779238915,False
5.75,-12.0,32.293418793870885,2.3698621788534777,-11.999999999999943,44.702004584995706,1.0360374299257487,16.83281890975597,25.0,-3.7702388099915356,2.037065034041294,6.0754499876715595,False
5.75,-11.0,28.65647153981694,2.232427866883436,-10.999999999999972,44.520681889934366,0.9508018081577856,17.13784652179778,25.0,-3.59810487960388,1.8657311519547515,5.759842196104207,False
5.75,-10.0,25.24862332538857,2.0954867993271957,-10.0,44.32098765432098,0.8551410651610238,17.44,25.0,-3.4262903938866915,1.6948894277031092,5.4442344045368545,False
5.75,-9.0,22.069874150585214,1.959142410012726,-8.999999999999972,44.099758438953174,0.7470480813249374,17.738653290927964,25.0,-3.2548608358373246,1.5246588858326215,5.128626612969501,False
5.75,-8.0,19.12022401540743,1.8235285439240154,-7.999999999999986,43.85305121003425,0.6239767559528338,18.03298642547522,25.0,-3.083900825549776,1.3552001655067032,4.813018821402148,True
5.75,-7.0,16.399672919855288,1.6888211952542667,-6.999999999999986,43.575894175177694,0.48265420662318137,18.321905330405677,25.0,-2.9135216260620824,1.186735379447838,4.497411029834793,True
5.75,-6.0,13.908220863928541,1.5552559338622243,-5.999999999999972,43.26194363800786,0.3188129129800723,18.603919169961515,25.0,-2.7438724590835686,1.0195804946482148,4.181803238267439,True
5.75,-5.0,11.64586784762712,1.423154356114071,-4.999999999999957,42.903012309476004,0.1268040246443367,18.876947375201297,25.0,-2.5751580753482193,0.8542004800717841,3.8661954467000843,True
5.75,-4.0,9.612613870951112,1.2929651712549932,-3.999999999999986,42.48843399714377,-0.10096492613726982,19.138006828719256,25.0,-2.4076669763743124,0.6913082551631511,3.5505876551327313,False
5.75,-3.0,7.808458933900857,1.1653295062211864,-3.0,42.004265459924014,-0.37484385751082927,19.382689521832067,25.0,-2.241818553632044,0.5320538821996809,3.2349798635653784,False
5.75,-2.0,6.233403036475865,1.0411868676179845,-1.9999999999999858,41.43250577596449,-0.7090784817611042,19.604270506490884,25.0,-2.078245489944219,0.37841617866112065,2.919372071998024,False
5.75,-1.0,4.887446178676247,0.9219493694177474,-0.9999999999999716,40.75123331746584,-1.123222401878369,19.792197679066817,25.0,-1.9179456387633296,0.23410034309495745,2.6037642804306698,False
5.75,0.0,3.7705883605022334,0.8097866987538442,1.4210854715202004e-14,39.93928948092961,-1.6431707876786756,19.929907466092033,25.0,-1.7625796204445263,0.1068958976800584,2.288156488863316,False
5.75,1.0,2.8828295819535823,0.7080689701058153,1.0,38.99832244702063,-2.2990667550818786,19.995405437046756,25.0,-1.6150947394927226,0.016186831763916908,1.9725486972959627,False
5.75,2.0,2.224169843030423,0.6219422373613056,2.0,37.99999999999999,-3.1130151334512366,20.000000000000004,25.0,-1.481117043629866,0.0,1.6569409057286086,False
5.75,3.0,1.7946091437327079,0.5586644234605161,3.0,36.99999999999999,-4.074365276511636,20.000000000000004,25.0,-1.3720570957609586,0.0,1.341333114161255,False
5.75,4.0,1.5941474840604362,0.5265387361877213,4.0,36.0,-5.13613891370514,20.0,25.0,-1.3098493072311486,0.0,1.0257253225939011,False
5.75,5.0,1.622784864013617,0.5312470749200073,5.0,35.0,-6.251401854670775,20.0,25.0,-1.319412311489681,0.0,1.1046272704857398,False
5.75,6.0,1.8805212835922496,0.5718803893780358,6.0,34.0,-7.39333794974293,20.000000000000004,25.0,-1.3959994038968286,8.881784197001252e-16,1.4202350620530937,False
5.75,7.0,2.367356742796329,0.641649605422221,7.0,33.0,-8.54927538290907,20.0,25.0,-1.512864382015063,0.0,1.7358428536204478,False
5.75,8.0,3.0832912416258664,0.7322735580102699,8.0,32.00000000000001,-9.713175433019096,20.0,25.01323654462899,-1.6509859167623564,0.03340390317145068,2.0514506451878014,False
5.75,9.0,4.028324780080858,0.8370055093144596,8.999999999999972,31.00000000000002,-10.881951559295308,19.999999999999993,25.098629292741148,-1.8008284494820406,0.13636727855788344,2.367058436755155,False
5.75,10.0,5.2024573581612605,0.9511967161022463,10.0,30.00000000000001,-12.053902081087811,20.0,25.250847498061667,-1.95763842715414,0.26898810211090024,2.6826662283225082,False
6.0,-20.0,59.259259259259395,3.142696805273548,-19.99999999999997,45.49486061190127,1.3781566504157783,14.463040000000012,25.0,-4.870278996184979,3.2062789961849805,7.777777777777767,False
6.0,-19.0,54.72222222222271,3.01999509442821,-18.99999999999997,45.39453124999999,1.3347243664940702,14.766235351562505,25.0,-4.710997815341158,3.0472246671930083,7.499999999999989,False
6.0,-18.0,50.37037037037025,2.8974232912011737,-17.99999999999997,45.28760202107082,1.2878082535142994,15.068628256760098,25.0,-4.55180693029934,2.888290862246406,7.222222222222212,False
6.0,-17.0,46.203703703703255,2.77499860972047,-16.999999999999886,45.17333873060861,1.2369738750608128,15.370110584147284,25.0,-4.392717988104975,2.7294948476091156,6.944444444444432,False
6.0,-16.0,42.222222222221674,2.652741419180721,-15.999999999999943,45.0508902224899,1.1817119152916877,15.670553935860072,25.0,-4.233744725941552,2.570857348768462,6.666666666666656,False
6.0,-15.0,38.42592592592547,2.5306759942067347,-14.999999999999943,44.91926381003058,1.1214214581472526,15.969804687500014,25.0,-4.074903461221118,2.412403461221111,6.3888888888888795,False
6.0,-14.0,34.814814814814724,2.4088314876309744,-13.999999999999915,44.777294240406796,1.0553886266364008,16.267677504009345,25.0,-3.9162137260882366,2.2541638645924027,6.111111111111101,False
6.0,-13.0,31.388888888888587,2.2872432055820893,-12.999999999999915,44.62360413757325,0.9827590297191553,16.563946759259274,25.0,-3.757699098434278,2.096176464689428,5.833333333333322,False
6.0,-12.0,28.148148148148316,2.165954298846443,-11.999999999999972,44.45655310574083,0.902501853210288,16.85833502951354,25.0,-3.5993883041067707,1.938488650127529,5.555555555555547,False
6.0,-11.0,25.09259259259244,2.0450180354784337,-10.999999999999972,44.27417159327751,0.8133625436572107,17.15049743652345,25.0,-3.441316699200288,1.7811604492002897,5.27777777777777,False
6.0,-10.0,22.22222222222232,1.9245008972987567,-10.0,44.07407407407407,0.7137997306946955,17.440000000000005,25.0,-3.283528294141413,1.6242690348821498,4.999999999999994,True
6.0,-9.0,19.537037037036917,1.8044868632124071,-8.999999999999972,43.853343901907984,0.6019000991415326,17.726289176384846,25.0,-3.126078564674272,1.4679152993681504,4.722222222222216,True
6.0,-8.0,17.037037037036697,1.685083432011439,-7.999999999999972,43.608379075454074,0.47526202839553155,18.00864815657716,25.0,-2.9690384297121315,1.3122336959843228,4.444444444444438,True
6.0,-7.0,14.72222222222215,1.566430242207961,-6.999999999999986,43.334683845085316,0.33083447173734637,18.286132812500007,25.0,-2.8124999999999973,1.1574074074074083,4.166666666666662,True
6.0,-6.0,12.592592592592435,1.4487116456005795,-5.999999999999943,43.02658552738026,0.164691060008344,18.557475582268985,25.0,-2.656585084730829,1.003692522747362,3.8888888888888826,True
6.0,-5.0,10.648148148147946,1.3321754231424094,-4.999999999999972,42.67684998373347,-0.02829003250765627,18.820937500000007,25.0,-2.5014581209429934,0.8514581209429921,3.6111111111111063,False
6.0,-4.0,8.888888888888875,1.217161238900368,-3.9999999999999574,42.27616748754417,-0.2548826948120957,19.07407407407408,25.0,-2.347346434358197,0.7012558993787785,3.333333333333328,False
6.0,-3.0,7.314814814814763,1.1041448285750957,-2.9999999999999716,41.81249999999999,-0.5241618091874676,19.313354492187504,25.0,-2.194573120481441,0.553948120481442,3.055555555555551,False
6.0,-2.0,5.925925925925878,0.9938079899999025,-2.0,41.2703800156297,-0.848400649161813,19.533527696793005,25.0,-2.0436126073949965,0.4109595461705075,2.7777777777777746,False
6.0,-1.0,4.722222222222234,0.8871510790372962,-1.0,40.6306351499269,-1.2442033836823412,19.7265625,25.0,-1.8951890412275882,0.27481867085721895,2.4999999999999973,False
6.0,0.0,3.7037037037036775,0.7856742013183834,0.0,39.87240507343282,-1.7335225295452927,19.880000000000003,25.0,-1.750460144138988,0.15046014413898648,2.2222222222222197,False
6.0,1.0,2.870370370370382,0.6916610887771532,1.0,38.98410946289144,-2.3430207239467205,19.9755859375,25.0,-1.6113822585077777,0.048882258507779656,1.944444444444442,False
6.0,2.0,2.2222222222222348,0.6085806194501863,2.0,37.99999999999999,-3.0972515091145407,20.000000000000004,25.0,-1.4814814814814814,0.0,1.6666666666666654,False
6.0,3.0,1.7592592592592524,0.541488574711608,3.0,36.999999999999986,-4.000000000000005,19.999999999999996,25.0,-1.3675469876085848,0.0,1.3888888888888877,False
6.0,4.0,1.4814814814814814,0.49690399499995325,4.0,36.0,-5.018549386845933,20.0,25.0,-1.283000598199168,8.881784197001252e-16,1.1111111111111105,False
6.0,5.0,1.388888888888889,0.4811252243246882,5.0,35.0,-6.104835019744087,20.0,25.0,-1.25,0.0,0.8333333333333334,False
6.0,6.0,1.4814814814814812,0.49690399499995325,6.0,34.0,-7.225424859373684,20.0,25.0,-1.2830005981991683,0.0,1.1111111111111107,False
6.0,7.0,1.759259259259259,0.541488574711609,7.0,33.0,-8.36355582099076,20.0,25.0,-1.3675469876085844,2.220446049250313e-16,1.388888888888888,False
6.0,8.0,2.2222222222222143,0.6085806194501835,8.0,32.0,-9.511324799409087,20.000000000000004,25.0,-1.4814814814814807,0.0,1.6666666666666656,False
6.0,9.0,2.870370370370364,0.691661088777151,9.0,31.000000000000004,-10.664814474514483,20.0,25.0244140625,-1.6113822585077784,0.048882258507778636,1.9444444444444429,False
6.0,10.0,3.703703703703695,0.7856742013183852,10.0,30.000000000000014,-11.821932925704171,20.0,25.119999999999997,-1.7504601441389878,0.150460144138988,2.222222222222219,False
6.25,-20.0,50.803507199999885,2.8510631616995057,-19.999999999999943,45.26612303312784,1.2668501458165466,14.584408235516044,25.0,-4.61429410453423,3.0169380334125435,7.065599999999989,False
6.25,-19.0,47.00975923199988,2.742546531441168,-18.99999999999997,45.1633678243215,1.2204661884833923,14.87519449999366,25.0,-4.467531001357742,2.870394025684867,6.81983999999999,False
6.25,-18.0,43.36700620800018,2.6341452111225814,-17.99999999999997,45.05403531553989,1.1704714461135513,15.165207370643962,25.0,-4.3208512952410665,2.7239618215732277,6.574079999999991,False
6.25,-17.0,39.875248127999626,2.525874046836053,-16.999999999999886,44.93741464636696,1.1164294902133944,15.454345543928499,25.0,-4.174265438218077,2.5776570047487524,6.328319999999989,False
6.25,-16.0,36.53448499199992,2.417750524499992,-15.999999999999943,44.81268511511864,1.0578310866928544,15.742489286301286,25.0,-4.027785702416222,2.431498192346085,6.082559999999991,False
6.25,-15.0,33.34471679999993,2.3097953779501745,-14.999999999999943,44.67889383921752,0.9940784868286809,16.029496062553925,25.0,-3.8814265935884196,2.285507809790844,5.836799999999991,False
6.25,-14.0,30.30594355200016,2.2020333713002684,-13.999999999999943,44.53492773422214,0.9244655144305907,16.315194864560866,25.0,-3.735205382534835,2.1397131155508227,5.591039999999992,False
6.25,-13.0,27.418165247999802,2.0944943159817764,-12.999999999999915,44.37947807128542,0.848152095988826,16.59937876914065,25.0,-3.5891427954888115,1.9941475750532953,5.345279999999991,False
6.25,-12.0,24.68138188799984,1.9872144076772327,-11.999999999999972,44.21099525171523,0.7641313696368455,16.881795049337892,25.0,-3.443263921708918,1.84885273067784,5.099519999999993,False
6.25,-11.0,22.09559347199974,1.8802380050195664,-10.999999999999943,44.02763056755205,0.6711867770331899,17.162131854595515,25.0,-3.297599422177566,1.7038807897569195,4.853759999999991,True
6.25,-10.0,19.660800000000012,1.773620026950531,-9.999999999999972,43.82716049382715,0.5678354838350286,17.44000000000001,25.0,-3.1521871623757556,1.5592982734868661,4.6079999999999925,True
6.25,-9.0,17.377001471999918,1.6674292295386892,-9.0,43.6068873374748,0.4522529297858622,17.71490765871656,25.0,-3.007074452815822,1.4151912700494431,4.362239999999995,True
6.25,-8.0,15.244197887999732,1.5617527531846893,-7.999999999999972,43.363507666281734,0.32217104035667843,17.986224555589107,25.0,-2.8623211774937247,1.271673177418902,4.116479999999995,True
6.25,-7.0,13.262389247999874,1.456702536443175,-6.999999999999972,43.092936668710784,0.1747392918733115,18.25313029881559,25.0,-2.7180042475712503,1.1288964258979952,3.8707199999999955,True
6.25,-6.0,11.431575551999906,1.3524245222266509,-6.0,42.79007240019914,0.006332940105627571,18.51453819634814,25.0,-2.57422408065883,0.9870707809838507,3.6249599999999953,True
6.25,-5.0,9.751756799999923,1.2491121198675432,-4.999999999999943,42.4484793364237,-0.18771422976203622,18.768980256462463,25.0,-2.431114260001747,0.8464929605015529,3.379199999999994,False
6.25,-4.0,8.22293299199992,1.147026276386024,-3.999999999999943,42.05996858138104,-0.4134844867540881,19.014429186937207,25.0,-2.2888563381550067,0.7075966166355445,3.1334399999999953,False
6.25,-3.0,6.845104128000068,1.0465259960841924,-3.0,41.6140625016792,-0.6789997263062952,19.248015731684674,25.0,-2.1477032518966803,0.571041019405843,2.8876799999999965,False
6.25,-2.0,5.618270207999876,0.948115622316171,-2.0,41.09738788469539,-0.9949372532829832,19.465569364836703,25.0,-2.0080177201280804,0.4378782713538546,2.641919999999997,False
6.25,-1.0,4.542431232000038,0.8525192063056445,-1.0,40.49325437438629,-1.3755409550862812,19.660863665979303,25.0,-1.8703378837208717,0.3098932810548352,2.3961599999999974,False
6.25,0.0,3.6175871999999942,0.7607982334364343,2.842170943040401e-14,39.78241411484681,-1.8395370368921142,19.8244170096022,25.0,-1.735494998238381,0.19036468273769824,2.150399999999997,False
6.25,1.0,2.843738112000005,0.674535468244629,1.0000000000000284,38.94848502067501,-2.410179443021711,19.942005409353843,25.0,-1.6048361666823103,0.08599841000671607,1.9046399999999977,False
6.25,2.0,2.2208839679999928,0.5961052213158335,2.0,37.998644130318596,-3.111667191732592,19.99632621263684,25.0,-1.4806710050854461,0.012788854206859714,1.6588799999999986,False
6.25,3.0,1.7490247680000057,0.5290028004462745,3.0,36.999999999999986,-3.9567140415849353,20.000000000000004,25.0,-1.3672137143487737,0.0,1.4131199999999986,False
6.25,4.0,1.4281605120000027,0.478022679294613,4.0,35.99999999999999,-4.928055006997741,20.0,25.0,-1.2725601598235745,0.0,1.1673599999999993,False
6.25,5.0,1.2582911999999995,0.448694319108232,5.0,35.0,-5.982450048763843,20.0,25.0,-1.211770194126526,0.0,0.9215999999999998,False
6.25,6.0,1.2394168319999996,0.445316396644004,6.0,34.0,-7.0809456472765575,20.0,25.0,-1.2042893892677653,0.0,0.8601599999999998,False
6.25,7.0,1.3715374079999991,0.4684506220296861,7.0,33.0,-8.201710874836515,20.0,25.0,-1.2534149548873863,8.881784197001252e-16,1.1059199999999996,False
6.25,8.0,1.654652928,0.5145332530361861,8.0,32.00000000000001,-9.334319680301897,20.0,25.0,-1.3413421970116646,0.0,1.3516799999999989,False
6.25,9.0,2.0887633920000033,0.5781021905511174,9.0,31.000000000000004,-10.47373041108906,20.000000000000004,25.00053853579231,-1.4510742321861412,0.003490022462014602,1.5974399999999986,False
6.25,10.0,2.6738687999999984,0.6540787475526167,10.0,30.000000000000007,-11.617335628404264,20.0,25.037900874635568,-1.573064436230344,0.06376738407614928,1.8431999999999977,False
6.5,-20.0,43.85108256821452,2.5973679745292015,-19.999999999999943,45.03643244491659,1.1505773206057626,14.696334836743018,25.0,-4.382536046334985,2.846694815255662,6.4451524806554294,False
6.5,-19.0,40.65533150369103,2.5009331029004427,-18.99999999999997,44.93135229971704,1.1012422292555981,14.975675890981227,25.0,-4.246872425730338,2.711242853633737,6.226672735548467,False
6.5,-18.0,37.58368727662513,2.4046009512734967,-17.99999999999997,44.81972261108548,1.0481779559439879,15.254271287154923,25.0,-4.111285988645357,2.5758947965425016,6.008192990441503,False
6.5,-17.0,34.63614988701658,2.308384379637931,-16.99999999999997,44.70085511797066,0.9909473294510858,15.532026011029743,25.0,-3.975786141520796,2.4406647451437578,5.789713245334539,False
6.5,-16.0,31.8127193348647,2.2122984683482714,-15.999999999999886,44.57395831510648,0.9290425378788627,15.808828255077685,25.0,-3.8403838816594824,2.3055694696830993,5.5712335002275735,False
6.5,-15.0,29.113395620170387,2.11636101399659,-14.999999999999943,44.43811710284956,0.8618703878686487,16.084545554181226,25.0,-3.7050921477995615,2.1706290714679666,5.35275375512061,False
6.5,-14.0,26.538178742933244,2.0205931628316565,-13.999999999999943,44.29226743092026,0.7887337558022334,16.359019808697205,25.0,-3.569926267479784,2.035867851848439,5.134274010013647,False
6.5,-13.0,24.087068703153715,1.9250202277919741,-12.999999999999915,44.13516445615112,0.7088080502691048,16.63206080477123,25.0,-3.4349045338056263,1.9013154677490345,4.915794264906682,True
6.5,-12.0,21.760065500830667,1.829672753457071,-11.999999999999915,43.96534222600489,0.6211110768823489,16.903437678519502,25.0,-3.3000489573800182,1.7670084902055698,4.697314519799718,True
6.5,-11.0,19.557169135965644,1.7345879198492713,-10.999999999999972,43.78106219616616,0.5244640912857677,17.172867527104405,25.0,-3.165386258586087,1.6329925396769331,4.478834774692756,True
6.5,-10.0,17.478379608557177,1.6398114154498271,-9.999999999999943,43.58024691358024,0.41744096312986745,17.440000000000012,25.0,-3.0309491945920715,1.4993252629681382,4.260355029585791,True
6.5,-9.0,15.523696918606246,1.5453999690698073,-9.0,43.36039384026003,0.2983011336767274,17.704396132105938,25.0,-2.8967783601364765,1.3660805649936374,4.04187528447883,True
6.5,-8.0,13.693121066112273,1.4514248207093328,-8.0,43.118462425916974,0.16490025851147383,17.96549877902845,25.0,-2.7629246710234012,1.2333547573352888,3.823395539371866,True
6.5,-7.0,11.986652051075552,1.3579765519146805,-6.999999999999972,42.85072502468388,0.014569838147835412,18.22259056391932,25.0,-2.629452851037369,1.1012757158826605,3.604915794264902,True
6.5,-6.0,10.404289873496118,1.2651719173842992,-6.0,42.55256905482173,-0.15604657106617248,18.474732859215514,25.0,-2.4964464263819854,0.9700169116142783,3.3864360491579384,False
6.5,-5.0,8.94603453337385,1.1731636736340068,-4.999999999999943,42.21823429964739,-0.3512181515271253,18.72067531919385,25.0,-2.3640150411704317,0.8398196206787187,3.1679563040509735,False
6.5,-4.0,7.611886030708925,1.0821549747332102,-3.9999999999999716,41.840467220526,-0.5764369493396,18.95871862210134,25.0,-2.2323054460042755,0.7110294452517714,2.949476558944011,False
6.5,-3.0,6.401844365501071,0.9924208447800816,-2.999999999999943,41.41007973694562,-0.8388448057153157,19.186501217180556,25.0,-2.1015184817759285,0.5841591265787373,2.7309968138370464,False
6.5,-2.0,5.315909537750464,0.9043407745849982,-1.9999999999999716,40.915432707369035,-1.1478105071405742,19.400660557685363,25.0,-1.9719361967578641,0.460002563612112,2.512517068730083,False
6.5,-1.0,4.3540815474571355,0.8184489596845915,-1.0,40.34198600488725,-1.5156670108856938,19.596287102949944,25.0,-1.8439667815928746,0.339855883902902,2.2940373236231197,False
6.5,0.0,3.516360394620893,0.7355124215466168,0.0,39.67246438190425,-1.958503881224945,19.76605538461538,25.0,-1.718222260569824,0.2259829443305065,2.075557578516156,False
6.5,1.0,2.8027460792419765,0.656651889892023,1.0000000000000284,38.88951102811291,-2.496509713971248,19.89899745001787,25.0,-1.5956594438381262,0.1227055899318925,1.857077833409192,False
6.5,2.0,2.213238601320242,0.5835222758018415,2.0,37.98672466745826,-3.1522102401060144,19.979958978534192,25.0,-1.47784953485121,0.03934954963842207,1.6385980883022284,False
6.5,3.0,1.7478379608557157,0.5185539005966074,3.0,36.99999999999999,-3.942783078921831,20.000000000000004,25.0,-1.3675213675213669,1.7763568394002505e-15,1.420118343195265,False
6.5,4.0,1.406544157848384,0.46517889988664723,4.0,35.999999999999986,-4.864142281405907,20.000000000000004,25.0,-1.2696882857798217,0.0,1.201638598088301,False
6.5,5.0,1.1893571922982638,0.4277593126798624,5.0,35.0,-5.882901499572634,20.0,25.0,-1.1937940412471915,8.881784197001252e-16,0.9831588529813378,False
6.5,6.0,1.0962770642053572,0.4106799360545232,6.0,34.0,-6.957662724798547,20.0,25.0,-1.1555480102556752,0.0,0.764679107874374,False
6.5,7.0,1.1273037735696605,0.4164508972015161,7.0,33.0,-8.060964235613584,20.0,25.0,-1.1688216816421946,0.0,0.873918980427856,False
6.5,8.0,1.282437320391173,0.44418245045358296,8.0,32.0,-9.179042675442117,20.000000000000004,25.0,-1.2281580152348008,4.440892098500626e-16,1.0923987255348198,False
6.5,9.0,1.5616777046698964,0.4901613085615319,9.0,31.000000000000004,-10.305326849039359,20.0,25.0,-1.3165895969229526,4.440892098500626e-16,1.3108784706417833,False
6.5,10.0,1.9650249264058237,0.5498286343392434,10.0,30.000000000000007,-11.43651954727105,20.0,25.003304843304843,-1.4215097175896463,0.011443240856503695,1.5293582157487469,False
6.75,-20.0,38.087137926255124,2.375402903096188,-19.999999999999943,44.80586225087055,1.0294668458662402,14.7998760137123,25.0,-4.171826918341005,2.6929414346962,5.901539399481777,False
6.75,-19.0,35.37672102829827,2.289322106628082,-18.999999999999943,44.698552273704664,0.9771894123229661,15.068628256760096,25.0,-4.046050604710524,2.5673696553301437,5.706447187928661,False
6.75,-18.0,32.769068752065806,2.2033331232834263,-17.99999999999997,44.58472494091762,0.9210729458094644,15.336661309346894,25.0,-3.9203458632650268,2.441894608292976,5.511354976375545,False
6.75,-17.0,30.264181097556225,2.1174471386136524,-16.99999999999997,44.46371383610612,0.8606806665507045,15.603885956620681,25.0,-3.7947211824000138,2.3165290844332342,5.3162627648224285,False
6.75,-16.0,27.86205806477081,2.0316772149856805,-15.999999999999972,44.33475541344252,0.7955073809319329,15.87019765237326,25.0,-3.6691864459350922,2.191288230600701,5.1211705532693115,False
6.75,-15.0,25.56269965370871,1.9460386983213498,-14.999999999999886,44.19697042626648,0.7249656627498238,16.135473093618423,25.0,-3.5437532316353892,2.066190117500842,4.926078341716193,False
6.75,-14.0,23.366105864369725,1.8605497341484745,-13.999999999999943,44.049340932070564,0.6483685848917549,16.399565838979537,25.0,-3.418435189635582,1.9412564798562009,4.730986130163077,True
6.75,-13.0,21.272276696754314,1.7752319283741935,-12.999999999999943,43.89068161036252,0.5649079700572852,16.662300646394904,25.0,-3.293248526823521,1.8165136930221066,4.535893918609961,True
6.75,-12.0,19.28121215086286,1.6901112017266513,-11.999999999999915,43.71960371164618,0.4736267694159242,16.923466074435716,25.0,-3.168212633399358,1.6919940789824754,4.340801707056844,True
6.75,-11.0,17.392912226694236,1.605218906345186,-10.999999999999972,43.534469383393,0.3733836758739195,17.182804698086628,25.0,-3.0433509026543066,1.5677376787893325,4.145709495503728,True
6.75,-10.0,15.607376924249234,1.520593301569379,-9.999999999999972,43.33333333333333,0.2628073719623809,17.44000000000001,25.0,-2.9186918170145884,1.4437946976730225,3.9506172839506113,True
6.75,-9.0,13.924606243527771,1.4362815283469954,-8.999999999999972,43.11386771341147,0.14023681157949452,17.69465855642124,25.0,-2.7942704066276556,1.3202289400262044,3.7555250723974947,True
6.75,-8.0,12.344600184529604,1.3523422854319644,-8.0,42.87326464322403,0.0036425118392733324,17.94628545107283,25.0,-2.6701302379478364,1.1971227342927764,3.560432860844379,True
6.75,-7.0,10.867358747255036,1.2688495078879183,-6.999999999999972,42.60810884368539,-0.14947819077054803,18.19424976473918,25.0,-2.546326170299174,1.0745841580166178,3.3653406492912623,False
6.75,-6.0,9.492881931703932,1.1858974992683613,-5.999999999999972,42.314210392026595,-0.3222418122919528,18.437735235892518,25.0,-2.422928248075982,0.9527579175041074,3.1702484377381452,False
6.75,-5.0,8.221169737876078,1.1036082059671075,-5.0,41.98638488964701,-0.5185691140003175,18.67566830279762,25.0,-2.300027310563162,0.8318422279736486,2.975156226185029,False
6.75,-4.0,7.052222165771907,1.0221416996622488,-3.999999999999943,41.61816650631551,-0.7434440026668496,18.906610903822777,25.0,-2.1777432658091995,0.7121159262222885,2.7800640146319116,False
6.75,-3.0,5.986039215391058,0.9417115399645366,-2.9999999999999716,41.20144227519446,-1.0032650118235473,19.12859721937706,25.0,-2.0562376146182184,0.593983821007269,2.584971803078796,False
6.75,-2.0,5.022620886733721,0.8626076647119538,-2.0,40.726015471537906,-1.3063153488933787,19.338879715286147,25.0,-1.9357329732909399,0.47805629244425346,2.389879591525679,False
6.75,-1.0,4.161967179799772,0.7852310044443654,-0.9999999999999716,40.179177517583405,-1.6633634018388586,19.533527696793016,25.0,-1.8165445399066635,0.3652973743737835,2.1947873799725617,False
6.75,0.0,3.4040780945893285,0.7101463693247229,0.0,39.54559999999999,-2.088336126324017,19.7067935553886,25.0,-1.6991327759089019,0.25732071591502576,1.999695168419446,False
6.75,1.0,2.7489536311023324,0.6381632939874701,1.0,38.80858477776965,-2.5987685076226885,19.850172355301275,25.0,-1.5841954872171573,0.15703722891358457,1.8046029568663295,False
6.75,2.0,2.1965937893387837,0.5704570992846563,2.0,37.95591237513565,-3.2150356725113216,19.951448945531787,25.0,-1.4728366516455216,0.07025063367488928,1.6095107453132127,False
6.75,3.0,1.7469985692986827,0.508738245917352,3.0,36.998888550569454,-3.955823512594039,19.997016250247093,25.0,-1.3668917678205497,0.010280213498278559,1.4144185337600959,False
6.75,4.0,1.40016797098204,0.4554473537054961,4.0,35.99999999999999,-4.826406455868882,19.999999999999993,25.0,-1.2695810295951122,0.0,1.2193263222069797,False
6.75,5.0,1.1561019943888344,0.4138530772376673,5.0,35.0,-5.805571738417948,19.999999999999996,25.0,-1.1868090994056881,0.0,1.0242341106538633,False
6.75,6.0,1.0148006395190932,0.38773810166697587,6.0,34.0,-6.854017946160338,20.0,25.0,-1.129197722120147,8.881784197001252e-16,0.8291418991007465,False
6.75,7.0,0.9762639063727988,0.38030473285643873,7.0,33.0,-7.939125894332271,20.0,25.0,-1.1114918896453336,0.0,0.6828227404359092,False
6.75,8.0,1.0404917949499566,0.3926155022221853,8.0,32.0,-9.042930890452874,20.0,25.0,-1.140444976177038,4.440892098500626e-16,0.8779149519890255,False
6.75,9.0,1.2074843052505644,0.4229498359626403,9.0,31.000000000000004,-10.15678827640169,20.0,25.0,-1.2056579490378414,0.0,1.073007163542142,False
6.75,10.0,1.4772414372746308,0.4678146890596161,10.0,30.0,-11.276468120786676,20.000000000000004,25.0,-1.2928398288736698,0.0,1.2680993750952592,False
7.0,-20.0,33.27185101445834,2.180165492226232,-19.999999999999943,44.574478461657364,0.9036541649561485,14.895936460233992,25.0,-3.979509820713464,2.5535095583495653,5.422740524781333,False
7.0,-19.0,30.958529184268674,2.1030090409515827,-18.999999999999943,44.46502834543702,0.8484507199455706,15.154864178386962,25.0,-3.8625788456843027,2.4367762949262386,5.24781341107871,False
7.0,-18.0,28.73088594038208,2.0259349143537264,-17.999999999999943,44.34909683392895,0.7893068466532793,15.413097957368274,25.0,-3.7457143624911016,2.3201332367946454,5.072886297376085,False
7.0,-17.0,26.58892128279876,1.9489528793980908,-16.99999999999997,44.22603859290488,0.7257871775571074,15.670553935860065,25.0,-3.6289240508070475,2.2035920132301077,4.897959183673462,False
7.0,-16.0,24.53263521151909,1.8720742968894573,-15.999999999999972,44.09511682958617,0.6573901945727749,15.927134229822464,25.0,-3.512216818412083,2.087166339491074,4.723032069970839,False
7.0,-15.0,22.56202772654227,1.7953124569493375,-14.999999999999886,43.95548631459342,0.5835352845830022,16.18272388790909,25.0,-3.3956030564620368,1.97087250580557,4.548104956268213,True
7.0,-14.0,20.67709882786902,1.7186830019302994,-13.999999999999943,43.80617248433081,0.5035466694894644,16.437187022166967,25.0,-3.2790949610575066,1.854730010462157,4.373177842565591,True
7.0,-13.0,18.87784851549932,1.6422044641926257,-12.999999999999943,43.64604554092537,0.4166333086951388,16.69036184285529,25.0,-3.1627069420628326,1.7387623890284436,4.198250728862968,True
7.0,-12.0,17.164276789433043,1.5658989563019632,-11.999999999999943,43.47378812101053,0.32186356898161206,16.942054220160735,25.0,-3.04645614802782,1.6229983143135767,4.0233236151603435,True
7.0,-11.0,15.536383649669828,1.4897930656719613,-10.999999999999915,43.28785463628798,0.21813303866528866,17.192029240970086,25.0,-2.930363147475284,1.5074730759365664,3.8483965014577195,True
7.0,-10.0,13.994169096209713,1.4139190265868284,-9.999999999999972,43.08641975308641,0.10412328196584353,17.44000000000001,25.0,-2.814452823549782,1.392230601327557,3.673469387755097,True
7.0,-9.0,12.537633129053246,1.3383162731610216,-8.999999999999943,42.86731261656682,-0.02175148217320544,17.685612520323275,25.0,-2.698755563972539,1.2773262637553635,3.4985422740524723,False
7.0,-8.0,11.166775748200152,1.2630335222448799,-7.999999999999972,42.62793226720161,-0.16141392997620096,17.9284251715523,25.0,-2.5833088661346375,1.162830858767976,3.3236151603498487,False
7.0,-7.0,9.881596953650158,1.1881316036804628,-7.0,42.365138173311166,-0.3172151557536784,18.16788013331537,25.0,-2.468159535848345,1.048836356715415,3.1486880466472265,False
7.0,-6.0,8.682096745403861,1.1136873596560637,-5.999999999999972,42.07510789311341,-0.4920561154071419,18.40326314949086,25.0,-2.353366751186662,0.9354644279345454,2.9737609329446024,False
7.0,-5.0,7.568275123460477,1.0397990962173191,-4.999999999999972,41.753151752783936,-0.6895499068159241,18.633645714285716,25.0,-2.239006413488018,0.822879429361034,2.7988338192419793,False
7.0,-4.0,6.5401320878205045,0.9665943223371208,-4.0,41.393472843842446,-0.9142395491254613,18.85780037337529,25.0,-2.1251774583813337,0.7113088233406785,2.6239067055393552,False
7.0,-3.0,5.597667638484042,0.8942409102125223,-2.999999999999943,40.98886206880154,-1.1718898795843953,19.07407407407409,25.0,-2.012011229449883,0.6010764851818049,2.4489795918367308,False
7.0,-2.0,4.740881775450692,0.8229634409038986,-1.9999999999999432,40.530329701889876,-1.469873916838555,19.28019494720181,25.0,-1.8996857776211893,0.49265943984693283,2.2740524781341076,False
7.0,-1.0,3.969774498720784,0.7530674887912754,-1.0,40.00671814235808,-1.8176655027532673,19.472972580035478,25.0,-1.7884483433048615,0.38678964060809307,2.099125364431484,False
7.0,0.0,3.28434580829415,0.6849761005522278,0.0,39.40447691139509,-2.227407052966967,19.647830687830687,25.0,-1.678651933492704,0.2846484061558427,1.924198250728861,False
7.0,1.0,2.684595704170846,0.6192848068735471,1.0,38.708192841270595,-2.714375269781322,19.798101306977053,25.0,-1.5708171750779805,0.18826810022121274,1.749271137026237,False
7.0,2.0,2.1705241863509435,0.5568436798280291,2.0000000000000284,37.903687848885696,-3.2967427275607495,19.914135451325542,25.0,-1.465741519989878,0.10144924660669678,1.5743440233236132,False
7.0,3.0,1.7421312548342902,0.4988746270835547,3.0000000000000284,36.9887959789331,-3.993006390229814,19.983343131491285,25.0,-1.3647011823948698,0.03215170169724274,1.3994169096209896,False
7.0,4.0,1.399416909620995,0.44712045510625864,4.0,35.99999999999999,-4.81409256878277,20.0,25.0,-1.2698412698412695,0.0,1.2244897959183663,False
7.0,5.0,1.1423811507110158,0.40397686473909716,5.0,34.999999999999986,-5.750365357210303,20.0,25.0,-1.1849458330983418,0.0,1.0495626822157427,False
7.0,6.0,0.9710239781043635,0.3724482664179902,6.0,34.0,-6.769102374182783,20.0,25.0,-1.1168463585515018,0.0,0.8746355685131191,False
7.0,7.0,0.885345391801035,0.3556373336904234,7.0,32.99999999999999,-7.834546530767177,20.000000000000004,25.0,-1.0768405062160418,0.0,0.6997084548104954,False
7.0,8.0,0.8853453918010356,0.35563733369042355,8.0,32.0,-8.923903358808033,20.0,25.0,-1.0768405062160415,4.440892098500626e-16,0.6997084548104955,False
7.0,9.0,0.9710239781043611,0.3724482664179898,9.0,31.0,-10.025767917781133,20.0,25.0,-1.1168463585515016,0.0,0.8746355685131192,False
7.0,10.0,1.142381150711013,0.4039768647390967,10.0,30.0,-11.134641096896344,20.0,25.0,-1.1849458330983418,1.1102230246251565e-15,1.0495626822157424,False
7.25,-20.0,29.22055707361849,2.007591010471677,-20.0,44.34234060899834,0.773280018834329,14.985295545149244,25.0,-3.803347865807783,2.4265834743409664,4.998974947722327,False
7.25,-19.0,27.23457764360232,1.9381675541818046,-18.999999999999943,44.23083500319816,0.7151737087479437,15.235083629112593,25.0,-3.694361618691715,2.3177884075660384,4.841526917872804,False
7.25,-18.0,25.320488871686457,1.8688181355286797,-17.999999999999943,44.11288716206753,0.6530338738609425,15.484201862310838,25.0,-3.5854372527009817,2.209077593271832,4.684078888023282,False
7.25,-17.0,23.47829075787038,1.799551314111396,-16.99999999999997,43.98787207264755,0.5864274696699909,15.7325713309592,25.0,-3.476581732851674,2.1004616280896466,4.526630858173761,False
7.25,-16.0,21.70798330215417,1.7303770090360584,-15.999999999999972,43.85507852598558,0.5148575788421819,15.980100272419316,25.0,-3.367803108459998,1.99195296092332,4.369182828324239,True
7.25,-15.0,20.00956650453826,1.6613067770651266,-14.999999999999972,43.713693569045276,0.4377512927070244,16.226681362100628,25.0,-3.259110732298416,1.8835663155610802,4.211734798474716,True
7.25,-14.0,18.383040365023042,1.592354161135624,-13.999999999999886,43.56278347452647,0.3544447599228162,16.47218828658158,25.0,-3.150515535032889,1.7753192343461617,4.054286768625193,True
7.25,-13.0,16.828404883607277,1.523535130638824,-12.999999999999943,43.401270297150134,0.2641646122122485,16.71647137534522,25.0,-3.0420303718841124,1.667232785324408,3.8968387387756716,True
7.25,-12.0,15.345660060292026,1.4548686425024189,-11.999999999999943,43.22790279764344,0.16600472128449795,16.959351977331593,25.0,-2.9336704646449534,1.559332493139726,3.73939070892615,True
7.25,-11.0,13.93480589507701,1.3863773629226694,-10.999999999999915,43.0412201303548,0.058896891900794834,17.20061514416888,25.0,-2.825453971032958,1.4516495807053025,3.581942679076627,True
7.25,-10.0,12.595842387961953,1.318088605046479,-9.999999999999915,42.8395061728395,-0.058426383474807775,17.440000000000012,25.0,-2.717402726185995,1.3442226495576448,3.4244946492271047,False
7.25,-9.0,11.328769538946748,1.2500355602636628,-8.999999999999972,42.62073168181058,-0.18747964454656696,17.677186907517914,25.0,-2.6095432200097153,1.237099990579266,3.2670466193775836,False
7.25,-8.0,10.13358734803186,1.182258933540123,-7.999999999999943,42.38248053719945,-0.33008610818599093,17.911780131779864,25.0,-2.501907902410042,1.130342818617784,3.1095985895280607,False
7.25,-7.0,9.010295815217326,1.1148091418662642,-7.0,42.121855134096286,-0.4884579500664672,18.14328407701379,25.0,-2.394536951688203,1.0240298913964332,2.95215055967854,False
7.25,-6.0,7.958894940502905,1.047749308032775,-6.0,41.83535448574379,-0.6653016540174277,18.371070193482637,25.0,-2.2874807087523394,0.918264254510458,2.7947025298290176,False
7.25,-5.0,6.979384723888496,0.9811593932787388,-4.999999999999972,41.518716926064215,-0.8639571420195953,18.594330097665782,25.0,-2.180803087133572,0.8131833444727781,2.6372544999794956,False
7.25,-4.0,6.071765165374134,0.9151419837360935,-4.0,41.16671795842752,-1.088582238931802,18.8120079416592,25.0,-2.074586443999484,0.7089745675414275,2.4798064701299736,False
7.25,-3.0,5.23603626496014,0.8498305116993574,-2.999999999999943,40.772914399644954,-1.3443970215999612,19.022700973742996,25.0,-1.9689386911153035,0.6059001413753188,2.3223584402804507,False
7.25,-2.0,4.472198022646109,0.7854011075083389,-1.9999999999999716,40.329333136444404,-1.6380041042857112,19.224510535408967,25.0,-1.8640039319486685,0.5043382889788612,2.164910410430929,False
7.25,-1.0,3.7802504384323234,0.7220899207002354,-0.9999999999999432,39.82612945873981,-1.9777956970829003,19.414815042654382,25.0,-1.7599788157650516,0.40485478898754557,2.0074623805814067,False
7.25,0.0,3.160193512318571,0.6602187215762689,2.842170943040401e-14,39.25132223472733,-2.3744311683737953,19.589921052218546,25.0,-1.6571384707923913,0.30833437185567003,1.8500143507318847,False
7.25,1.0,2.612027244305014,0.6002329713570722,1.0,38.590953896494455,-2.84127794603578,19.74453491855747,25.0,-1.5558790845673478,0.21623906565200768,1.6925663208823631,False
7.25,2.0,2.1357516343916307,0.5427581711313797,2.0,37.830714721660925,-3.3944461417781087,19.871036610654542,25.0,-1.4567905925070939,0.13116158415967835,1.5351182910328411,False
7.25,3.0,1.7313666825783218,0.48868107963886825,3.0000000000000284,36.9619771767538,-4.051387963890551,19.95893349156881,25.0,-1.3607861405370287,0.058149733180524125,1.377670261183319,False
7.25,4.0,1.3988723888652008,0.43925837010300095,4.0,35.99907757987192,-4.825858294903507,19.997543594009827,25.0,-1.269342783067864,0.008387708110699308,1.2202222313337967,False
7.25,5.0,1.1382687532521982,0.39623551917448746,5.0,34.999999999999986,-5.717372280504993,20.000000000000007,25.0,-1.1849640911918435,0.0,1.0627742014842745,False
7.25,6.0,0.9495557757393297,0.36190221116595034,6.0,33.99999999999999,-6.702605859543738,20.0,25.0,-1.1120587932688515,8.881784197001252e-16,0.9053261716347528,False
7.25,7.0,0.8327334563266049,0.33890970343076887,7.0,32.99999999999999,-7.7460988757579035,20.0,25.0,-1.058305867783587,8.881784197001252e-16,0.7478781417852307,False
7.25,8.0,0.7878017950140188,0.3296396768498261,8.0,31.999999999999993,-8.820314622025517,20.0,25.0,-1.034790091720723,8.881784197001252e-16,0.5904301119357086,False
7.25,9.0,0.8147607918015711,0.33523245497592,9.0,31.0,-9.910322544702785,20.0,25.0,-1.0491385475940467,0.0,0.7085161343228502,False
7.25,10.0,0.9136104466892612,0.354986244840705,10.0,30.0,-11.008898933689444,20.0,25.0,-1.0964341746771908,2.220446049250313e-16,0.8659641641723724,False
7.5,-20.0,25.789629629629598,1.8543509063687522,-20.0,44.10950252633852,0.6384890584042937,15.068628256760089,25.0,-3.6414455442394735,2.310632689797124,4.622222222222216,False
7.5,-19.0,24.075377777777575,1.791661343661336,-18.999999999999943,43.99602137941012,0.5775091245692736,15.3098928000316,25.0,-3.5396215963297837,2.208993671107264,4.479999999999993,False
7.5,-18.0,22.42180740740748,1.729038553933273,-17.999999999999943,43.876139858026825,0.5124106549749978,15.550510471877326,25.0,-3.4378553354380466,2.10743346453229,4.337777777777771,False
7.5,-17.0,20.828918518518684,1.6664900647176062,-16.999999999999943,43.74925251819631,0.4427637334094321,15.790406936041675,25.0,-3.3361530931585497,2.005961746188989,4.195555555555549,False
7.5,-16.0,19.29671111111115,1.6040245680209577,-15.999999999999972,43.61467260706103,0.36807684430328624,16.029496062553918,25.0,-3.234522161323683,1.9045898414923728,4.053333333333328,True
7.5,-15.0,17.825185185184843,1.541652152083811,-14.999999999999972,43.4716178005085,0.28778553209841196,16.267677504009338,25.0,-3.1329709808705917,1.803331091673914,3.9111111111111057,True
7.5,-14.0,16.4143407407406,1.4793845901022762,-13.999999999999972,43.31919283950368,0.2012384917839265,16.5048336520381,25.0,-3.0315093770148893,1.7022013224321089,3.7688888888888834,True
7.5,-13.0,15.064177777777811,1.4172357027104001,-12.999999999999886,43.15636826116449,0.10768039754956149,16.740825782114907,25.0,-2.930148854509203,1.6012194494799123,3.6266666666666603,True
7.5,-12.0,13.77469629629617,1.3552218168401398,-11.999999999999943,42.98195418080905,0.006230559989899742,16.975489124446696,25.0,-2.828902971643886,1.5004082699455223,3.484444444444439,True
7.5,-11.0,12.54589629629618,1.2933623517172173,-10.999999999999943,42.794567762601346,-0.10414379024859155,17.208626498106646,25.0,-2.727787818554442,1.3997955096295904,3.3422222222222175,False
7.5,-10.0,11.377777777777695,1.2316805742711971,-9.999999999999915,42.59259259259258,-0.2246611918347714,17.440000000000012,25.0,-2.626822635313129,1.2994152279057218,3.1999999999999944,False
7.5,-9.0,10.270340740740691,1.1702045827256413,-8.999999999999972,42.37412760542938,-0.3567687563275088,17.669320026487043,25.0,-2.5260306197210793,1.1993097310085223,3.0577777777777735,False
7.5,-8.0,9.223585185185232,1.1089686010093782,-7.999999999999972,42.13692247562955,-0.5021969665952781,17.896230586874058,25.0,-2.4254399960893136,1.0995322215292738,2.9155555555555512,False
7.5,-7.0,8.2375111111111,1.0480147016215056,-6.999999999999972,41.87829542882387,-0.6630303566251805,18.12028938559552,25.0,-2.325085448487406,1.0001505362509122,2.773333333333329,False
7.5,-6.0,7.312118518518513,0.9873951264830451,-6.0,41.595028246352314,-0.8417993119554716,18.34094040773399,25.0,-2.225010071351979,0.9012525304154643,2.631111111111108,False
7.5,-5.0,6.4474074074073595,0.9271754531843732,-4.999999999999972,41.283231909225336,-1.0416000000000043,18.557475582268975,25.0,-2.1252680677846647,0.8029540181978897,2.488888888888886,False
7.5,-4.0,5.6433777777776655,0.8674389721302331,-3.9999999999999716,40.93817520370845,-1.2662516172711529,18.76898025646245,25.0,-2.0259285500014568,0.7054108004179609,2.3466666666666636,False
7.5,-3.0,4.900029629629636,0.8082928206724456,-3.0,40.55406876302642,-1.5205024331046637,18.974254259653453,25.0,-1.9270810003718648,0.6088374512546175,2.2044444444444418,False
7.5,-2.0,4.217362962962968,0.7498766976832896,-1.9999999999999432,40.12380143442128,-1.8102973855875328,19.171695573974628,25.0,-1.8288432958929606,0.5135377253142687,2.062222222222219,False
7.5,-1.0,3.5953777777777374,0.6923754066282961,-0.9999999999999716,39.63864260816136,-2.143116787965586,19.359126081019575,25.0,-1.7313737980039192,0.41995587120137606,1.9199999999999975,False
7.5,0.0,3.034074074074087,0.6360371135999415,0.0,39.08797501953712,-2.5283783177133428,19.533527696793005,25.0,-1.634890085915998,0.3287676369364026,1.7777777777777757,False
7.5,1.0,2.533451851851809,0.5812001206528676,1.0000000000000284,38.459267131022244,-2.9778367733367777,19.69064482561848,25.0,-1.5396989136253383,0.24105167116956425,1.6355555555555532,False
7.5,2.0,2.093511111111127,0.5283321065530817,2.0,37.73889693781618,-3.505751517601011,19.824417009602193,25.0,-1.4462458318653189,0.1586372356147456,1.4933333333333316,False
7.5,3.0,1.714251851851833,0.47808672181963435,3.0,36.91553733330179,-4.1281717693349425,19.926358181967615,25.0,-1.3552006261368519,0.08487926507824892,1.3511111111111098,False
7.5,4.0,1.3956740740740714,0.43138135859493226,4.000000000000028,35.99045777876444,-4.859829109419491,19.986003790640034,25.0,-1.2676105152790347,0.026613285362138143,1.2088888888888876,False
7.5,5.0,1.1377777777777742,0.38949159644811754,5.0,35.0,-5.706476623230726,20.0,25.0,-1.1851851851851847,8.881784197001252e-16,1.0666666666666658,False
7.5,6.0,0.9405629629629614,0.3541304774539014,6.0,33.999999999999986,-6.654691614451572,20.0,25.0,-1.110835312637771,0.0,0.9244444444444436,False
7.5,7.0,0.8040296296296336,0.32742014387829665,7.0,33.00000000000001,-7.673173444578145,19.999999999999996,25.0,-1.0496221885793657,8.881784197001252e-16,0.7822222222222219,False
7.5,8.0,0.7281777777777791,0.3115932771584948,8.0,32.0,-8.730931988350092,20.0,25.0,-1.0098084951054378,8.881784197001252e-16,0.6399999999999997,False
7.5,9.0,0.7130074074074074,0.30833043041676517,9.0,30.999999999999993,-9.808867211950938,20.0,25.0,-1.0011086542393175,4.440892098500626e-16,0.5688888888888889,False
7.5,10.0,0.7585185185185184,0.31801855679997004,10.0,30.0,-10.897445175879113,20.0,25.0,-1.0264004785593346,0.0,0.7111111111111108,False
7.75,-20.0,22.86631552573814,1.7176997193635724,-20.0,43.87601301852929,0.4994285576435793,15.146522086441786,25.0,-3.492186927891951,2.2043591915705143,4.285858145077366,False
7.75,-19.0,21.37909293922149,1.6609011521818213,-19.0,43.76063189580846,0.4356096289646021,15.3798192746555,25.0,-3.3968422703328356,2.109193480713648,4.156960155751731,False
7.75,-18.0,19.943375896826268,1.604162967219022,-17.999999999999943,43.63889452594031,0.36759497962268695,15.61249151504558,25.0,-3.3015514762797538,2.014101600077323,4.028062166426096,False
7.75,-17.0,18.55916439855298,1.5474918061611405,-16.999999999999943,43.51021429543779,0.2949585269767634,15.844468711389485,25.0,-3.206320314306621,1.9190924030933618,3.899164177100461,True
7.75,-16.0,17.22645844440149,1.490895312064424,-15.999999999999943,43.37392782392671,0.21721484253891,16.07566992405846,25.0,-3.1111554058160538,1.8241762156384558,3.7702661877748254,True
7.75,-15.0,15.945258034371875,1.4343823233700181,-14.999999999999972,43.229281859864585,0.13380854198352,16.306001199637393,25.0,-3.0160643883909137,1.7293651549588522,3.6413681984491912,True
7.75,-14.0,14.715563168463898,1.3779631142806117,-13.999999999999972,43.07541740740937,0.044101344293762335,16.535352860625075,25.0,-2.921056118106205,1.6346735351097486,3.512470209123556,True
7.75,-13.0,13.537373846678138,1.321649694775588,-12.999999999999886,42.911350388165566,-0.0526438088268697,16.763596092857462,25.0,-2.826140922064225,1.5401183875405309,3.38357221979792,False
7.75,-12.0,12.410690069013935,1.2654561879985151,-11.999999999999943,42.73594794054096,-0.15728236591234346,16.99057861048587,25.0,-2.73133091628645,1.4457201368032764,3.2546742304722853,False
7.75,-11.0,11.335511835471644,1.209399308933139,-10.999999999999943,42.547899194723094,-0.27081254958672396,17.216119096551314,25.0,-2.6366404095248672,1.351503488022985,3.1257762411466508,False
7.75,-10.0,10.311839146050897,1.1534989769449382,-9.999999999999943,42.34567901234567,-0.39440588037224567,17.44000000000001,25.0,-2.5420864212707706,1.257498607650698,2.9968782518210153,False
7.75,-9.0,9.33967200075194,1.0977791070333593,-8.999999999999915,42.12750272116054,-0.5294456551806919,17.661958099794113,25.0,-2.447689353357022,1.1637427168914998,2.8679802624953794,False
7.75,-8.0,8.419010399574866,1.0422686422059282,-7.999999999999972,41.89126927694376,-0.6775757963727753,17.881671996108217,25.0,-2.3534738708160847,1.0702822760297175,2.7390822731697453,False
7.75,-7.0,7.549854342519592,0.9870029148252277,-6.999999999999943,41.63448951973476,-0.8407632948884172,18.098745313963242,25.0,-2.2594700718470024,0.9771760313672027,2.6101842838441094,False
7.75,-6.0,6.7322038295862034,0.9320254620352872,-5.999999999999972,41.35419525083834,-1.0213785429868851,18.312683836221545,25.0,-2.1657150633659565,0.8844993488572098,2.481286294518475,False
7.75,-5.0,5.96605886077444,0.8773904755304451,-5.0,41.04682379809174,-1.2222992370467156,18.522863907396257,25.0,-2.072255115136142,0.7923505139070705,2.3523883051928407,False
7.75,-4.0,5.2514194360846105,0.8231661484061922,-3.9999999999999716,40.708071801618196,-1.447045216504729,18.728488082301162,25.0,-1.9791486545646146,0.7008601186201073,2.2234903158672052,False
7.75,-3.0,4.588285555516475,0.7694393061659208,-2.9999999999999716,40.33271186642696,-1.6999533774623004,18.928521833426206,25.0,-1.8864705079525053,0.6102054497823741,2.0945923265415707,False
7.75,-2.0,3.9766572190701504,0.7163218972816485,-2.0,39.91436845852927,-1.9864028708217312,19.121601701935234,25.0,-1.7943180316595158,0.5206332698499757,1.9656943372159352,False
7.75,-1.0,3.4165344267456845,0.6639602035048131,-0.9999999999999432,39.445260121864,-2.3130988389544935,19.305899890422772,25.0,-1.7028201806833498,0.4324972774627482,1.8367963478902996,False
7.75,0.0,2.907917178542929,0.6125480551042431,5.684341886080802e-14,38.91594722164291,-2.688411624919598,19.47892224611709,25.0,-1.6121512697960882,0.3463225163114183,1.7078983585646648,False
7.75,1.0,2.4508054744620362,0.5623459473017605,1.0,38.31521348315946,-3.1227311247584515,19.637206575577196,25.0,-1.52255246214277,0.26292219109390935,1.57900036923903,False
7.75,2.0,2.0451993145029093,0.5137087557578817,2.0,37.63045039792102,-3.628691089996429,19.77588562074616,25.0,-1.4343664139385226,0.18362377520022205,1.4501023799133952,False
7.75,3.0,1.6910986986655616,0.4671255545340911,3.0,36.849556112378124,-4.22085020346803,19.888137219640864,25.0,-1.3480951335263354,0.11074363238051112,1.32120439058776,False
7.75,4.0,1.3885036269499955,0.42327503861688853,4.000000000000028,35.96697824725132,-4.913826532983203,19.964945265521365,25.0,-1.2645003238700752,0.0486924959441044,1.1923064012621247,False
7.75,5.0,1.1374140993562831,0.3830967366010302,5.0,34.99922606143177,-5.717078654843506,19.997953540863353,25.0,-1.184783978847627,0.006933053531263575,1.0634084119364897,False
7.75,6.0,0.9378301158843324,0.3478654014607694,6.0,33.99999999999999,-6.625754786987674,20.0,25.0,-1.110922260402669,0.0,0.9345104226108549,False
7.75,7.0,0.789751676534169,0.31922318545719885,7.0,32.999999999999986,-7.6156621110205975,20.000000000000004,25.0,-1.0462740870266585,0.0,0.8056124332852198,False
7.75,8.0,0.693178781305811,0.29906926186804655,8.0,31.999999999999993,-8.654933371080649,20.000000000000004,25.0,-0.9965158633091359,0.0,0.6767144439595847,False
7.75,9.0,0.6481114301992401,0.28918381925002473,9.0,31.0,-9.720148329771511,20.0,25.0,-0.9699972208762427,8.881784197001252e-16,0.5478164546339497,False
7.75,10.0,0.6545496232144643,0.2906166132529945,10.0,30.0,-10.798784125384358,20.0,25.0,-0.9739562232397919,0.0,0.5800409519653587,False
8.0,-20.0,20.361328124999886,1.595357645051725,-20.0,43.64191643864286,0.35624723725526586,15.219490740740746,25.0,-3.354186683925943,2.1066558197284073,3.9843749999999947,False
8.0,-19.0,19.064941406250128,1.5437349758884347,-19.0,43.52470681709304,0.28962864551060896,15.445324352166965,25.0,-3.2647224289178465,2.017364785900272,3.8671874999999947,False
8.0,-18.0,17.812500000000142,1.4921670482891711,-17.999999999999943,43.40118696331986,0.21874467800287123,15.670553935860069,25.0,-3.1753085444561657,1.9281430115763498,3.7499999999999947,True
8.0,-17.0,16.60400390625003,1.4406597406331771,-16.999999999999943,43.27078837355004,0.14317369713837413,15.895113327490735,25.0,-3.0859502973109088,1.8389986131164298,3.6328124999999947,True
8.0,-16.0,15.439453124999929,1.3892197956496988,-15.999999999999943,43.1328700017518,0.06243694006361533,16.118926376877567,25.0,-2.99665371377329,1.7499410247529081,3.5156249999999947,True
8.0,-15.0,14.318847656249815,1.3378549835580935,-14.999999999999972,42.986706200408925,-0.02401140659188039,16.341905000000004,25.0,-2.9074257214253008,1.6609812769808547,3.3984374999999956,False
8.0,-14.0,13.242187499999773,1.2865743031399204,-13.999999999999972,42.831472183431,-0.1167962484241083,16.56394675925926,25.0,-2.8182743238257104,1.5721323485170695,3.2812499999999956,False
8.0,-13.0,12.209472656250057,1.2353882312986704,-12.999999999999972,42.66622640627577,-0.21663627720754697,16.784931834059346,25.0,-2.7292088173654183,1.4834096155170657,3.1640624999999956,False
8.0,-12.0,11.220703125000085,1.1843090351023295,-11.999999999999886,42.48988908918882,-0.3243620092616091,17.00471919609318,25.0,-2.6402400626334783,1.3948314308612126,3.0468749999999947,False
8.0,-11.0,10.275878906249957,1.1333511650328174,-10.999999999999943,42.30121588849285,-0.440938067737481,17.223141736853478,25.0,-2.5513808269297438,1.3064198795878437,2.9296874999999956,False
8.0,-10.0,9.374999999999936,1.0825317547305446,-9.999999999999943,42.09876543209876,-0.567490884330498,17.44000000000001,25.0,-2.4626462206060595,1.2182017761616117,2.812499999999996,False
8.0,-9.0,8.518066406249922,1.0318712617285357,-8.999999999999915,41.88085905914727,-0.7053433641975366,17.65505403484474,25.0,-2.374054258543164,1.1302099987709264,2.6953124999999956,False
8.0,-8.0,7.705078125000043,0.9813942967151406,-7.999999999999915,41.64553061749238,-0.8560585491520638,17.868012688614552,25.0,-2.2856265905516606,1.0424853011140767,2.5781249999999956,False
8.0,-7.0,6.936035156250085,0.9311307075439306,-6.999999999999972,41.39046355584736,-1.0214949665873538,18.078519361897015,25.0,-2.1973894628274557,0.9550788130773602,2.4609374999999964,False
8.0,-6.0,6.2109374999999645,0.8811170112419777,-5.999999999999943,41.11291179344708,-1.2038772072066508,18.286132812500007,25.0,-2.1093749999999964,0.8680555555555535,2.343749999999996,False
8.0,-5.0,5.529785156250078,0.8313983067887857,-5.0,40.809599999999996,-1.4058863670456705,18.490300925925926,25.0,-2.0216229390144407,0.781499482224316,2.2265624999999973,False
8.0,-4.0,4.892578125000021,0.7820308597651391,-3.9999999999999716,40.476598142499824,-1.6307763059891984,18.690324344023328,25.0,-1.9341830108022378,0.6955208792829626,2.1093749999999973,False
8.0,-3.0,4.299316406250028,0.7330856367309713,-2.9999999999999716,40.109164951942304,-1.8825230583331294,18.885305245789716,25.0,-1.8471182682883998,0.6102675122068741,1.9921874999999973,False
8.0,-2.0,3.749999999999961,0.6846531968814541,-2.0,39.701556650058905,-2.1660156250000053,19.074074074074073,25.0,-1.7605098257686487,0.5259419245340816,1.8749999999999978,False
8.0,-1.0,3.244628906250025,0.6368505423419636,-0.9999999999999432,39.24680421136663,-2.4872951925448836,19.25508311419986,25.0,-1.6744637518021308,0.4428292247130609,1.7578124999999973,False
8.0,0.0,2.7832031250000036,0.5898308152555277,2.842170943040401e-14,38.73648311680807,-2.853842356482149,19.426250000000003,25.0,-1.5891213318999038,0.3613435541221251,1.640624999999998,False
8.0,1.0,2.3657226562500036,0.5437971423529646,1.0000000000000568,38.16055566876289,-3.2748874612249104,19.584726508916333,25.0,-1.5046747529390951,0.28210959518875234,1.5234374999999978,False
8.0,2.0,1.992187499999984,0.4990224819584765,2.0000000000000284,37.507513533235866,-3.76165126605209,19.7265625,25.0,-1.4213917809206904,0.20611400314291367,1.406249999999998,False
8.0,3.0,1.6625976562499876,0.455877951902972,3.0,36.76543209876542,-4.32725058482365,19.846255466472304,25.0,-1.3396558565663979,0.13500733048929983,1.2890624999999987,False
8.0,4.0,1.376953124999993,0.41487243897974124,4.0,35.92551860053737,-4.985609875184026,19.936342592592595,25.0,-1.2600335464804417,0.07176194154216978,1.171874999999999,False
8.0,5.0,1.1352539062499876,0.37670510785128525,5.000000000000028,34.991806487077326,-5.74804172542731,19.988125000000004,25.0,-1.1833921342287632,0.022281023117653356,1.054687499999999,False
8.0,6.0,0.9375000000000062,0.34232659844072993,6.0,33.999999999999986,-6.616098265697206,20.0,25.0,-1.1111111111111103,0.0,0.937499999999999,False
8.0,7.0,0.7836914062499956,0.3129879003751574,7.0,32.999999999999986,-7.573885722621277,20.000000000000007,25.0,-1.0454665442611604,8.881784197001252e-16,0.8203124999999991,False
8.0,8.0,0.6738281249999987,0.29022149407822956,8.0,31.999999999999993,-8.59191790741216,20.0,25.0,-0.9902867769948657,0.0,0.7031249999999996,False
8.0,9.0,0.6079101562499996,0.275660605693396,9.0,30.999999999999996,-9.643234395080382,20.0,25.0,-0.9517201376262638,0.0,0.5859374999999998,False
8.0,10.0,0.5859375,0.2706329386826371,10.0,30.0,-10.711692375900043,20.0,25.0,-0.9375,0.0,0.46875,False
8.25,-20.0,18.203389448522984,1.4854196202776562,-20.0,43.40725318670738,0.2090942046846278,15.287985355514358,25.0,-3.2262509304492237,2.016573144678138,3.713164704900237,False
8.25,-19.0,17.06832687230203,1.4383629951210437,-19.0,43.28828272793272,0.13971933006351822,15.506813125054281,25.0,-3.142139752351004,1.9326297077183845,3.6063110443275685,True
8.25,-18.0,15.970942721847829,1.3913561172728082,-18.0,43.16304960899177,0.06601663021159743,15.725056834131045,25.0,-3.058075747430343,1.8487513291663553,3.4994573837548995,True
8.25,-17.0,14.91123699716001,1.3444042049630853,-16.999999999999943,43.03100273542604,-0.012430563107220571,15.942653968685626,25.0,-2.9740637340530807,1.7649454634495845,3.392603723182231,False
8.25,-16.0,13.889209698239103,1.2975132251670993,-15.999999999999943,42.89152240327698,-0.09609386622730565,16.159532804117646,25.0,-2.8901092087868667,1.681220747369149,3.2857500626095617,False
8.25,-15.0,12.904860825084917,1.2506900313649851,-14.999999999999943,42.743909184561545,-0.18550912832964617,16.375610653040184,25.0,-2.8062184698439347,1.5975872438420908,3.178896402036893,False
8.25,-14.0,11.958190377697129,1.2039425324902537,-13.999999999999972,42.58737059027004,-0.2812876395014823,16.59079169964513,25.0,-2.7223987684447675,1.5140567484353564,3.072042741464225,False
8.25,-13.0,11.049198356076252,1.1572799015076194,-12.999999999999972,42.42100498371347,-0.3841297343874599,16.804964303074666,25.0,-2.6386584957404717,1.4306431783777096,2.965189080891556,False
8.25,-12.0,10.17788476022192,1.1107128347322814,-11.999999999999886,42.243782074099336,-0.49484139713641495,17.017997612681274,25.0,-2.5550074154096105,1.3473630711088822,2.8583354203188867,False
8.25,-11.0,9.344249590134432,1.0642538766458354,-10.999999999999886,42.05451913494987,-0.6143546487280562,17.229737283123765,25.0,-2.471456955462834,1.2642362300490482,2.7514817597462176,False
8.25,-10.0,8.548292845813497,1.017917829976199,-9.999999999999943,41.85185185185185,-0.7437527290784609,17.44000000000001,25.0,-2.3880205775573913,1.1812865708233824,2.6446280991735502,False
8.25,-9.0,7.790014527259195,0.9717222777740184,-8.999999999999943,41.63419839375183,-0.8843013919642955,17.648566416788178,25.0,-2.304714248862144,1.0985432443220338,2.537774438600881,False
8.25,-8.0,7.069414634471599,0.9256882539885202,-7.999999999999915,41.39971490442227,-1.037488034337251,17.855171945461745,25.0,-2.221557051164273,1.016042148068184,2.430920778028212,False
8.25,-7.0,6.3864931674506575,0.8798411128910794,-6.999999999999972,41.14624011014144,-1.2050709116514922,18.0594946118963,25.0,-2.138571975932896,0.9338279916506609,2.324067117455544,False
8.25,-6.0,5.741250126196414,0.8342116675074893,-5.999999999999943,40.8712261312402,-1.3891413783175528,18.261138845087842,25.0,-2.0557869747561037,0.8519571678396356,2.2172134568828747,False
8.25,-5.0,5.133685510708899,0.7888376958468437,-4.999999999999972,40.57165189861128,-1.5922029606877777,18.459613556363642,25.0,-1.9732363656489942,0.770501820194456,2.110359796310206,False
8.25,-4.0,4.563799320988002,0.7437659554479448,-4.0,40.24391493254046,-1.8172721073732712,18.65430208625475,25.0,-1.8909627432622622,0.6895557298894354,2.0035061357375383,False
8.25,-3.0,4.031591557033833,0.6990549080644163,-2.9999999999999716,39.883696988007166,-2.0680065509634717,18.844420402238804,25.0,-1.8090196151777853,0.6092430429578154,1.8966524751648695,False
8.25,-2.0,3.5370622188462386,0.6547784468089987,-1.9999999999999716,39.4858001052745,-2.348867959417417,19.02895808647623,25.0,-1.7274751047113475,0.5297315679814362,1.789798814592201,False
8.25,-1.0,3.0802113064253205,0.6110310517750895,-1.0,39.043954154267325,-2.665324853332793,19.20659381570395,25.0,-1.6464172536466302,0.45125368595444887,1.6829451540195322,False
8.25,0.0,2.6610388197711154,0.5679349962559592,5.684341886080802e-14,38.55061050267558,-3.024096782814678,19.375572784634464,25.0,-1.5659617815298121,0.3741404540683478,1.5760914934468628,False
8.25,1.0,2.2795447588835653,0.5256505071073844,1.0000000000000568,37.996772521490826,-3.4334244541417904,19.533527696793012,25.0,-1.4862637144690884,0.298879669942185,1.4692378328741944,False
8.25,2.0,1.9357291237627379,0.484390166274422,2.0,37.372006208022434,-3.9033058375625735,19.677219304078843,25.0,-1.4075352822530216,0.22621992324390283,1.362384172301526,False
8.25,3.0,1.6295919144085356,0.4444393014299929,3.0,36.6650087979296,-4.445525890506101,19.802178075778066,25.0,-1.3300742828532122,0.15736899835002477,1.2555305117288575,False
8.25,4.0,1.361133130820968,0.4061844827647964,4.0,35.865698788018236,-5.0730472659228285,19.90229884706533,25.0,-1.254310496257164,0.09440240861678705,1.148676851156189,False
8.25,5.0,1.130352773000119,0.3701519381731612,5.000000000000028,34.971139046830494,-5.797825663911951,19.969831649831658,25.0,-1.1808842275857032,0.041190999003589066,1.04182319058352,False
8.25,6.0,0.9372508409459424,0.33705513278824595,6.000000000000028,33.999344309939104,-6.6256489528592315,19.998277047217883,25.0,-1.1107835550700702,0.005796504137075367,0.9349695300108513,False
8.25,7.0,0.7818273346584221,0.30784241042385035,7.0,33.0,-7.548423039532095,19.999999999999996,25.0,-1.045589391799604,0.0,0.8281158694381828,False
8.25,8.0,0.6640822541375785,0.2837160881644586,8.0,31.999999999999986,-8.541910355577862,20.000000000000004,25.0,-0.9879061593952677,0.0,0.7212622088655141,False
8.25,9.0,0.5840155993834034,0.2660634691614591,9.0,31.0,-9.577523220157136,19.999999999999996,25.0,-0.9420141292496861,0.0,0.6144085482928456,False
8.25,10.0,0.5416273703958971,0.25622607687788135,10.0,29.999999999999993,-10.635203820369355,20.000000000000004,25.0,-0.9142499802299394,1.7763568394002505e-15,0.5075548877201768,False
8.5,-20.0,16.33516614701317,1.3862843332411228,-19.999999999999943,43.172060142500044,0.0581180127816312,15.352403727058842,25.0,-3.1073457207026838,1.9332929102451708,3.4683492774272278,True
8.5,-19.0,15.337206493329788,1.3432710949430076,-19.0,43.05139294548524,-0.013966334453959561,15.564642774167561,25.0,-3.028121481263577,1.85423116608188,3.3706492977813918,False
8.5,-18.0,14.371700812124057,1.300303168817997,-18.0,42.92451192903429,-0.09043409484033571,15.776316824131085,25.0,-2.9489414826073332,1.775230612231471,3.2729493181355545,False
8.5,-17.0,13.438649103395662,1.2573852001578356,-17.0,42.79088272985491,-0.17169652324076523,15.987366755500751,25.0,-2.86981014141877,1.6962981073206633,3.1752493384897167,False
8.5,-16.0,12.538051367144766,1.2145224850627154,-15.999999999999943,42.64990603936388,-0.2582176972031842,16.197724938523983,25.0,-2.7907324814939685,1.6174415732332386,3.077549358843879,False
8.5,-15.0,11.669907603371144,1.171721087238323,-14.999999999999943,42.50090734462182,-0.350523203493331,16.40731365562098,25.0,-2.71171424156209,1.5386702091343047,2.9798493791980416,False
8.5,-14.0,10.834217812075519,1.1289879805578882,-13.999999999999972,42.343124671505606,-0.4492105739647436,16.616043158604082,25.0,-2.632762006880718,1.4599947592765112,2.8821493995522047,False
8.5,-13.0,10.030981993257159,1.0863312241754304,-12.999999999999972,42.17569386935128,-0.5549618877796134,16.823809262011963,25.0,-2.5538833709378523,1.3814278510177624,2.784449419906367,False
8.5,-12.0,9.260200146916134,1.0437601790650466,-11.999999999999972,41.99763085505232,-0.6685590711359635,17.030490339049777,25.0,-2.4750871355924184,1.3029844254676304,2.6867494402605296,False
8.5,-11.0,8.521872273052917,1.0012857776851025,-10.999999999999886,41.80781007862005,-0.7909025744659242,17.23594354128047,25.0,-2.396383560720291,1.224682291734812,2.5890494606146914,False
8.5,-10.0,7.815998371666943,0.9589208623218659,-9.999999999999943,41.60493827160493,-0.9230343016376197,17.44000000000001,25.0,-2.317784678217467,1.1465428481521078,2.4913494809688546,False
8.5,-9.0,7.142578442758477,0.9166806129764498,-8.999999999999943,41.387522282608536,-1.066165920419131,17.642458678109037,25.0,-2.239304690511555,1.0685920321311273,2.3936495013230172,False
8.5,-8.0,6.501612486327782,0.8745830930373614,-7.999999999999915,41.153829477161764,-1.2217140165169185,17.84307841414983,25.0,-2.16096048124888,0.9908615876969745,2.2959495216771795,False
8.5,-7.0,5.893100502374519,0.8326499513335877,-6.999999999999915,40.90183877057465,-1.391343986562147,18.041567516556448,25.0,-2.0827722766316605,0.9133907816179405,2.1982495420313417,False
8.5,-6.0,5.317042490898627,0.7909073338223361,-5.999999999999972,40.6291798683265,-1.5770251213308146,18.237569997634594,25.0,-2.0047645116503428,0.8362287643681641,2.100549562385505,False
8.5,-5.0,4.773438451900409,0.7493870791128071,-4.999999999999943,40.33305773085181,-1.7811000256318303,18.430647139146977,25.0,-1.9269669788403354,0.7594378764696053,2.002849582739667,False
8.5,-4.0,4.262288385379657,0.7081283022147941,-4.0,40.01015874532217,-2.006372345218627,18.620252485502157,25.0,-1.8494163724686097,0.683098371650083,1.9051496030938304,False
8.5,-3.0,3.7835922913363667,0.6671795147208148,-3.0,39.65653482180939,-2.2562176359230373,18.805697458390785,25.0,-1.7721583952758284,0.6073153163596389,1.8074496234479929,False
8.5,-2.0,3.33735016977064,0.6266014935648673,-1.9999999999999716,39.26746225512447,-2.5347228293884303,18.986103411857165,25.0,-1.6952506799411922,0.532228926799446,1.7097496438021553,False
8.5,-1.0,2.923562020682413,0.5864712039149581,-0.9999999999999716,38.83727520873075,-2.8468593502934674,19.160333854491405,25.0,-1.6187669137782414,0.45803051037334097,1.612049664156318,False
8.5,0.0,2.542227844071618,0.546887217545179,5.684341886080802e-14,38.35918267999656,-3.1986915832966796,19.326897442104425,25.0,-1.54280277900211,0.38498788349658486,1.5143496845104802,False
8.5,1.0,2.1933476399383904,0.5079772621055801,1.0000000000000284,37.825101442458774,-3.597611374711901,19.483807974518143,25.0,-1.467484697869463,0.31348750509982937,1.4166497048646431,False
8.5,2.0,1.876921408282655,0.4699088032026759,2.000000000000057,37.225596749714406,-4.052559444934785,19.628382733268225,25.0,-1.3929830242948782,0.2441075987898825,1.3189497252188054,False
8.5,3.0,1.5929491491044478,0.43290389493233034,3.0000000000000284,36.550169108522454,-4.574120440298119,19.75696030144256,25.0,-1.3195324845456193,0.17775223403096754,1.221249745572968,False
8.5,4.0,1.3414308624037363,0.39725985900529914,4.0,35.788484186819886,-5.174206122234413,19.864548386085335,25.0,-1.2474647941037715,0.11591427456975872,1.123549765927131,False
8.5,5.0,1.1223665481805416,0.3633773841550377,5.0,34.93398610837602,-5.864686946605289,19.944583529411762,25.0,-1.1772623587497117,0.06123621495886444,1.0258497862812936,False
8.5,6.0,0.9357562064348673,0.3317965724098511,6.000000000000028,33.99291250998843,-6.6538356081993,19.989837204723166,25.0,-1.1096495096271908,0.018842816579601858,0.9281498066354559,False
8.5,7.0,0.7815998371666985,0.3032374020789843,7.0,32.999999999999986,-7.53984700883472,20.0,25.0,-1.0457516339869273,1.7763568394002505e-15,0.8304498269896186,False
8.5,8.0,0.6598974403760387,0.27863056721296087,8.0,31.999999999999993,-8.50532427741851,20.0,25.0,-0.9873745345924773,8.881784197001252e-16,0.7327498473437812,False
8.5,9.0,0.5706490160628852,0.2591045703192814,9.0,30.999999999999982,-9.52276093468061,20.000000000000004,25.0,-0.9374669097227427,0.0,0.6350498676979437,False
8.5,10.0,0.513854564227241,0.2458728902184649,10.0,30.0,-10.568608406761864,20.0,25.0,-0.9006808744814092,8.881784197001252e-16,0.5373498880521065,False
8.75,-20.0,14.710213601475818,1.2965983451863934,-19.999999999999943,42.93637104241118,-0.09653416371288692,15.413097957368278,25.0,-2.996571489992881,1.8561065894357176,3.2466472303206944,False
8.75,-19.0,13.829355482834568,1.2571784954678504,-18.999999999999943,42.81406787742547,-0.17127832118859088,15.619129438288146,25.0,-2.921820617136553,1.7815131891666585,3.157084548104951,False
8.75,-18.0,12.976572523353504,1.2178000081342704,-18.0,42.685600750536935,-0.2504549750693861,15.824614128293199,25.0,-2.8471112907537783,1.706977411767286,3.067521865889209,False
8.75,-17.0,12.151864723031911,1.178467029566409,-17.0,42.55045137490453,-0.33446959620146055,16.02949606255392,25.0,-2.7724475668488715,1.6325055784220257,2.977959183673465,False
8.75,-16.0,11.35523208187041,1.1391842736610343,-15.999999999999943,42.40803993538324,-0.4237784108637954,16.233711405117482,25.0,-2.6978340462054593,1.5581049685729436,2.8883965014577218,False
8.75,-15.0,10.58667459986901,1.0999571212353954,-14.999999999999943,42.257715605413516,-0.5188965292862964,16.437187022166967,25.0,-2.623275968846005,1.4837840083697285,2.7988338192419784,False
8.75,-14.0,9.846192277027422,1.0607917408118157,-13.999999999999943,42.098745264366194,-0.6204076667696619,16.63983873522122,25.0,-2.5487793288070146,1.4095525053401823,2.709271137026235,False
8.75,-13.0,9.133785113345661,1.0216952362671232,-12.999999999999972,41.9303000114783,-0.7289758262663946,16.841569167883964,25.0,-2.4743510145038465,1.335421943047818,2.619708454810492,False
8.75,-12.0,8.449453108823683,0.9826758284732375,-11.999999999999972,41.75143896929989,-0.845359409184713,17.042265072276535,25.0,-2.399998981579472,1.2614058543895386,2.5301457725947487,False
8.75,-11.0,7.793196263461674,0.9437430802599175,-10.999999999999972,41.56108973772669,-0.9704283478270357,17.241793983688684,25.0,-2.3257324673323576,1.1875202991103326,2.4405830903790053,False
8.75,-10.0,7.165014577259523,0.9049081770155797,-9.999999999999886,41.35802469135801,-1.105185017112051,17.44000000000002,25.0,-2.2515622588398245,1.1137844810620452,2.351020408163261,False
8.75,-9.0,6.564908050217224,0.8661842793188476,-8.999999999999943,41.140832098733476,-1.2507898963853759,17.636698409781104,25.0,-2.177501031087462,1.0402215552515677,2.2614577259475186,False
8.75,-8.0,5.992876682334699,0.8275869696091298,-7.999999999999943,40.90788077170495,-1.4085932282908011,17.831668790325942,25.0,-2.1035637773089375,0.9668596962593013,2.171895043731775,False
8.75,-7.0,5.44892047361215,0.78913482270954,-6.999999999999915,40.65727661765495,-1.580174277375228,18.024646050105616,25.0,-2.0297683621307714,0.8937335321351555,2.0823323615160314,False
8.75,-6.0,4.933039424049515,0.7508501409582923,-5.999999999999972,40.386809063693356,-1.7673902433369406,18.21530867782519,25.0,-1.956136240228425,0.8208860979852747,1.992769679300289,False
8.75,-5.0,4.445233533646712,0.7127599101798755,-4.999999999999972,40.09388486639177,-1.9724374441581798,18.40326314949087,25.0,-1.8826934009493297,0.7483715423476345,1.9032069970845453,False
8.75,-4.0,3.985502802403709,0.6748970547871904,-3.999999999999943,39.775446376497634,-2.197928043694315,18.58802298481988,25.0,-1.8094716257940602,0.6762589466702897,1.8136443148688015,False
8.75,-3.0,3.5538472303207183,0.6373021019732406,-3.0,39.42787107099319,-2.4469862902901403,18.768980256462445,25.0,-1.736510185715534,0.6046378289296838,1.7240816326530592,False
8.75,-2.0,3.150266817397524,0.6000254106426326,-1.9999999999999716,39.046849529197615,-2.7233687486150817,18.9453663200924,25.0,-1.6638581670893813,0.5336262620827038,1.6345189504373157,False
8.75,-1.0,2.7747615636342204,0.5631301867885279,-0.9999999999999716,38.62724104406969,-3.031612796953132,19.116196974567824,25.0,-1.5915777127906254,0.46338317296445203,1.5449562682215723,False
8.75,0.0,2.4273314690307606,0.5266966021784958,2.842170943040401e-14,38.162912127362354,-3.3772153826405926,19.280194947201803,25.0,-1.5197486220969525,0.39412755187754295,1.4553935860058291,False
8.75,1.0,2.10797653358716,0.4908274685044966,1.0000000000000568,37.64657891127448,-3.766836496230737,19.435679325465713,25.0,-1.448475012744639,0.32616953530638604,1.3658309037900855,False
8.75,2.0,1.8166967573035029,0.45565610557631264,2.0000000000000284,37.069713161928,-4.208501649493857,19.580407577146175,25.0,-1.377895187920855,0.2599628256366244,1.2762682215743424,False
8.75,3.0,1.5534921401796853,0.4213572817427964,3.0000000000000284,36.42266505805243,-4.711728082345906,19.711353620632746,25.0,-1.3081966147941886,0.19619754683400387,1.186705539358599,False
8.75,4.0,1.318362682215729,0.38816236399817894,4.000000000000028,35.695379760785535,-5.287384738989936,19.824417009602197,25.0,-1.2396392844559867,0.13597477338406877,1.0971428571428556,False
8.75,5.0,1.111308383411673,0.356379955089937,5.0,34.87960981110713,-5.946852770918522,19.91413545132554,25.0,-1.1725932159919026,0.08115939728535743,1.0075801749271127,False
8.75,6.0,0.9323292437674695,0.32642290601828955,6.0,33.974628961815796,-6.699642943025182,19.97384559710826,25.0,-1.1076005002115505,0.035162350362806724,0.9180174927113695,False
8.75,7.0,0.7814252632831584,0.2988406672044789,7.000000000000028,32.99943964491366,-7.548454463106703,19.998535761849375,25.0,-1.0454808318080264,0.004895586094576122,0.828454810495626,False
8.75,8.0,0.6585964419587027,0.2743504415802539,8.0,31.999999999999986,-8.482843097785535,20.0,25.0,-0.987514127316291,0.0,0.7388921282798826,False
8.75,9.0,0.5638427797941327,0.2538487243096076,9.0,30.999999999999986,-9.479059067492782,20.000000000000004,25.0,-0.935751153866371,8.881784197001252e-16,0.6493294460641392,False
8.75,10.0,0.49716427678943365,0.23836689050751364,10.0,30.0,-10.51146460991394,19.999999999999996,25.0,-0.8934770868412015,8.881784197001252e-16,0.5597667638483963,False
9.0,-20.0,13.290656912056127,1.2152117745048083,-19.999999999999943,42.7002168086804,-0.25471723725503903,15.4703808223335,25.0,-2.893142200040431,1.7843979528346496,3.045267489711929,False
9.0,-19.0,12.51028806584368,1.178996186302553,-18.999999999999943,42.576335333734846,-0.33206922530908667,15.670553935860076,25.0,-2.8224964839610345,1.7139048991789851,2.962962962962958,False
9.0,-18.0,11.75430574607509,1.1428184334294407,-18.0,42.446340551256704,-0.4138966518362901,15.870197652373255,25.0,-2.75188983445132,1.6434661729505275,2.880658436213988,False
9.0,-17.0,11.022709952751013,1.10668222643434,-17.0,42.309729620234265,-0.5005988995644364,16.06925894727958,25.0,-2.6813259829143448,1.5730876095222737,2.7983539094650167,False
9.0,-16.0,10.315500685871104,1.070591772280437,-16.0,42.165941360610205,-0.5926241023260714,16.267677504009338,25.0,-2.610809150725493,1.5027759097282651,2.7160493827160455,False
9.0,-15.0,9.63267794543515,1.0345518592573282,-14.999999999999943,42.01434747517015,-0.6904767535768714,16.465384422739803,25.0,-2.5403441322227036,1.4325388062355582,2.6337448559670746,False
9.0,-14.0,8.974241731443412,0.9985679597104942,-13.999999999999943,41.854242147150025,-0.7947267662668644,16.662300646394904,25.0,-2.469936395117641,1.362385269766587,2.5514403292181034,False
9.0,-13.0,8.340192043895867,0.9626463550428676,-12.999999999999943,41.68482965861124,-0.906020310906007,16.85833502951354,25.0,-2.3995922027378467,1.2923257667516874,2.469135802469132,False
9.0,-12.0,7.7305288827922585,0.9267942887413497,-11.999999999999972,41.50520958646405,-1.0250928428575592,17.05338195253112,25.0,-2.329318763829826,1.2223725839973467,2.3868312757201613,False
9.0,-11.0,7.145252248132963,0.8910201549118955,-10.999999999999972,41.314359021145435,-1.1527848380066215,17.247318352709268,25.0,-2.259124417433175,1.1525402415868902,2.3045267489711905,False
9.0,-10.0,6.584362139917669,0.8553337321327772,-9.999999999999886,41.1111111111111,-1.2900608950636228,17.44000000000002,25.0,-2.189018862760941,1.0828460232547672,2.2222222222222183,False
9.0,-9.0,6.04785855814664,0.8197464755877365,-8.999999999999886,40.89412905708983,-1.438033041834708,17.631256786614195,25.0,-2.1190134473607865,1.0133106650760733,2.1399176954732475,False
9.0,-8.0,5.5357415028196835,0.7842718847454543,-7.999999999999943,40.66187445546897,-1.5979893128137466,17.82088671570833,25.0,-2.049121531483069,0.943959260348155,2.057613168724277,False
9.0,-7.0,5.04801097393684,0.7489259697828647,-6.999999999999943,40.41256861318111,-1.7714289590971548,18.00864815657716,25.0,-1.9793589531414215,0.8748224639895403,1.9753086419753059,False
9.0,-6.0,4.584666971498302,0.7137278481869606,-5.999999999999915,40.144145124913855,-1.9601060216333437,18.194249764739187,25.0,-1.90974462772438,0.8059381185124642,1.8930041152263344,False
9.0,-5.0,4.145709495503684,0.6787005145049606,-4.999999999999972,39.85419162934238,-2.1660834533939815,18.37733722060253,25.0,-1.8403013296009239,0.7373534837959396,1.8106995884773638,False
9.0,-4.0,3.73113854595332,0.643871842489147,-3.999999999999943,39.539878291070394,-2.3918005074286164,18.557475582268978,25.0,-1.7710567231538858,0.6691283484982427,1.7283950617283923,False
9.0,-3.0,3.3409541228470765,0.6092759020023575,-2.9999999999999716,39.19787031603306,-2.640156665495507,18.734125518892736,25.0,-1.7020447405823305,0.6013394567344909,1.6460905349794215,False
9.0,-2.0,2.975156226185034,0.574954706060016,-2.0,38.82422200842068,-2.9146158121001644,18.90661090382276,25.0,-1.6333074493569004,0.534086944666718,1.5637860082304509,False
9.0,-1.0,2.6337448559670764,0.5409605506223861,-0.9999999999999716,38.414251231316264,-3.2193342667225933,19.07407407407408,25.0,-1.564897622905465,0.4675039329191852,1.4814814814814796,False
9.0,0.0,2.316720012193282,0.5073591771990947,2.842170943040401e-14,37.96239727232786,-3.559314729109601,19.235413333333337,25.0,-1.4968823401249296,0.40177122901381634,1.3991769547325088,False
9.0,1.0,2.0240816948635763,0.4742340836506302,1.0,37.462075762608876,-3.940582983056987,19.389194816580368,25.0,-1.429348120788827,0.3371406013601348,1.3168724279835375,False
9.0,2.0,1.7558299039780576,0.44169243999995916,2.000000000000057,36.90557002344454,-4.370370370370382,19.533527696793016,25.0,-1.3624084049299976,0.27397303078033886,1.234567901234566,False
9.0,3.0,1.511964639536654,0.4098732377938675,3.000000000000057,36.28405896648673,-4.85725148778114,19.665889099480008,25.0,-1.2962146960753733,0.21280441598919245,1.1522633744855952,False
9.0,4.0,1.2924859015394032,0.37895849985913926,4.000000000000028,35.58802405127605,-5.411109502602788,19.78288893412037,25.0,-1.2309735806165203,0.15446454562997827,1.0699588477366242,False
9.0,5.0,1.0973936899862835,0.3491885339192829,5.0,34.808607610149245,-6.042635770141631,19.879999999999995,25.0,-1.1669734294259921,0.10030676275932489,0.9876543209876534,False
9.0,6.0,0.9266880048772987,0.3208821183476191,6.0,33.941216500180865,-6.7617630112903395,19.951448945531787,25.0,-1.104627488734141,0.05268797525616737,0.9053497942386822,False
9.0,7.0,0.7803688462124779,0.29446162666664094,7.000000000000028,32.99382807477723,-7.574103488505358,19.991234660656158,25.0,-1.0445453713642154,0.01607888835227784,0.823045267489711,False
9.0,8.0,0.6584362139917671,0.2704802753111926,8.000000000000028,31.999999999999975,-8.475208614068038,20.0,25.0,-0.9876543209876535,8.881784197001252e-16,0.7407407407407399,False
9.0,9.0,0.5608901082152122,0.24964198992762332,9.0,30.999999999999993,-9.446881745636533,19.999999999999996,25.0,-0.9354055740997537,0.0,0.6584362139917691,False
9.0,10.0,0.48773052888279234,0.2327923559461885,10.000000000000028,29.99999999999998,-10.463622918499787,20.000000000000007,25.0,-0.8901068245542657,8.881784197001252e-16,0.5761316872427978,False
9.25,-20.0,12.04541586803292,1.1411429011602463,-19.999999999999886,42.46362583791866,-0.4162888075864388,15.524531104853672,25.0,-2.7963682112841197,1.7176288097252164,2.8618245711014105,False
9.25,-19.0,11.351663707336545,1.10779370249141,-18.999999999999943,42.338220799099936,-0.49619481952529076,15.71916655642906,25.0,-2.72949875332193,1.6509074062935252,2.7860146486881283,False
9.25,-18.0,10.67917598068409,1.0744791814759869,-17.999999999999943,42.206753711844236,-0.5806134356013151,15.913289235173098,25.0,-2.6626660755219085,1.5842372814111128,2.7102047262748457,False
9.25,-17.0,10.027952688076176,1.0412026667779586,-17.0,42.06873657469488,-0.6699377062506797,16.106848858103888,25.0,-2.595873616519404,1.517623830430567,2.6343948038615643,False
9.25,-16.0,9.397993829512629,1.0079679225651401,-16.0,41.92362602649317,-0.7646074949590909,16.299788377542342,25.0,-2.5291252566011364,1.451073231948513,2.558584881448282,False
9.25,-15.0,8.789299404993468,0.9747792212955527,-15.0,41.770815209828456,-0.8651166025756187,16.492042810217626,25.0,-2.462425390818681,1.384592595059955,2.4827749590349995,False
9.25,-14.0,8.201869414518711,0.9416414314129207,-13.999999999999943,41.60962416553262,-0.9720212156284251,16.683537816012432,25.0,-2.3957790170901934,1.3181901410770558,2.406965036621717,False
9.25,-13.0,7.635703858088153,0.9085601235865969,-12.999999999999943,41.43928844544303,-1.0859499687654188,16.874187962063104,25.0,-2.329191842992536,1.2518754294887637,2.3311551142084346,False
9.25,-12.0,7.090802735701935,0.8755417001631238,-11.999999999999972,41.25894555509109,-1.207615984030432,17.06389458852362,25.0,-2.2626704160260833,1.1856596412355487,2.2553451917951524,False
9.25,-11.0,6.5671660473601365,0.842593553863253,-10.999999999999972,41.06761874269945,-1.3378313422476316,17.252543166122656,25.0,-2.196222283581472,1.1195559369749943,2.1795352693818697,False
9.25,-10.0,6.064793793062537,0.8097242635822319,-9.999999999999972,40.86419753086419,-1.4775245600128337,17.44,25.0,-2.1298561907944293,1.0535799145181588,2.1037253469685875,False
9.25,-9.0,5.583685972809409,0.7769438376035982,-8.999999999999886,40.64741423669433,-1.6277617968012645,17.62610808530792,25.0,-2.0635823271487457,0.9877501989370314,2.0279154245553044,False
9.25,-8.0,5.1238425866004995,0.7442640178600166,-7.999999999999943,40.41581553869547,-1.789772709115386,17.810681852018487,25.0,-1.9974126363811189,0.9220892124004356,1.9521055021420224,False
9.25,-7.0,4.6852636344360805,0.7116986634149338,-6.999999999999943,40.16772791884565,-1.9649821121927742,17.99350044090334,25.0,-1.9313612094038748,0.8566241908375252,1.87629557972874,False
9.25,-6.0,4.267949116315897,0.6792642375884244,-5.999999999999915,39.901215534480286,-2.1550489141840696,18.174299017262896,25.0,-1.8654447872671738,0.791388544686007,1.8004856573154573,False
9.25,-5.0,3.871899032240119,0.646980431822396,-4.999999999999915,39.6140287658028,-2.3619141587411328,18.352757434953517,25.0,-1.7996834116605864,0.7264237072474959,1.7246757349021746,False
9.25,-4.0,3.4971133822086258,0.6148709714973717,-3.9999999999999716,39.30354137574921,-2.587860443071677,18.528485282345994,25.0,-1.734101275700719,0.6617816866780578,1.6488658124888926,False
9.25,-3.0,3.143592166221467,0.5829646659564129,-2.999999999999943,38.96667400235836,-2.835585431101755,18.701001931409323,25.0,-1.668727850283184,0.5975286539713116,1.57305589007561,False
9.25,-2.0,2.811335384278725,0.5512967890816652,-2.0,38.59980180094254,-3.1082925410443147,18.869709607302045,25.0,-1.6035993951336625,0.5337500908741422,1.4972459676623282,False
9.25,-1.0,2.5003430363802397,0.5199109109110428,-1.0,38.19864496717498,-3.4098018669032637,19.033856605561304,25.0,-1.5387610154870517,0.4705583465325584,1.4214360452490458,False
9.25,0.0,2.210615122526105,0.4888613491077719,2.842170943040401e-14,37.75814372632646,-3.7446833238261688,19.192486480649748,25.0,-1.4742695061026396,0.40810402088953385,1.345626122835763,False
9.25,1.0,1.9421516427163175,0.4582164769550691,1.0000000000000284,37.27232667386572,-4.118410367452594,19.344367173808827,25.0,-1.410197352939844,0.3465936280543657,1.269816200422481,False
9.25,2.0,1.6949525969508765,0.42806321798220875,2.000000000000057,36.73419872511538,-4.537523036738411,19.487891608651534,25.0,-1.3466384721670779,0.28631795723224895,1.1940062780091982,False
9.25,3.0,1.4690179852297702,0.3985131806602828,3.0000000000000284,36.13571514687326,-5.009766058035584,19.620938827360614,25.0,-1.2837166149309,0.22769946380629527,1.118196355595916,False
9.25,4.0,1.2643478075529884,0.3697110350871176,4.000000000000057,35.46800038773856,-5.544115432408978,19.740685271240494,25.0,-1.221597961333792,0.17137528604074842,1.0423864331826334,False
9.25,5.0,1.0809420639205778,0.3418458739036166,5.000000000000028,34.722180536667615,-6.150494033545879,19.843371673904223,25.0,-1.1605104662088928,0.11835114712649843,0.9665765107693509,False
9.25,6.0,0.9188007543324956,0.31516632319965393,6.0,33.89166234571435,-6.838756389876149,19.924111310610797,25.0,-1.10077437095713,0.07030715397098253,0.8907665883560689,False
9.25,7.0,0.7779238787887459,0.28999979101367046,7.0,32.97757798347102,-7.61620532090083,19.977174430675948,25.0,-1.0428516314307033,0.030260531376046295,0.8149566659427865,False
9.25,8.0,0.658311437289334,0.26677481896025973,8.000000000000028,31.999517358246756,-8.482973625851896,19.998745135931188,25.0,-0.98742793933623,0.004172226752736271,0.7391467435295039,False
9.25,9.0,0.5599634298342656,0.24604183995635742,9.0,30.999999999999986,-9.4269655025892,19.999999999999996,25.0,-0.935550685484836,0.0,0.6633368211162216,False
9.25,10.0,0.48287985642353803,0.22848025674325467,10.0,29.999999999999982,-10.425250466840675,20.000000000000004,25.0,-0.8888568512708878,8.881784197001252e-16,0.5875268987029391,False
9.5,-20.0,10.948835244471201,1.0735497068614157,-19.999999999999943,42.2266242547001,-0.5811096597513186,15.575798083839395,25.0,-2.7056421343363017,1.655327275401122,2.69427030179326,False
9.5,-19.0,10.330055462241116,1.0427723908808073,-18.999999999999886,42.09974767162836,-0.6635145072325974,15.765191093477249,25.0,-2.6422542390529604,1.5920830191885285,2.6242892549934345,False
9.5,-18.0,9.729885598273722,1.0120269186285573,-17.999999999999943,41.966860736179655,-0.7504637097684039,15.954087225207205,25.0,-2.578901012511406,1.5288872165773886,2.55430820819361,False
9.5,-17.0,9.148325652568781,0.9813162831823484,-16.999999999999943,41.82748970447028,-0.8423437949443726,16.14243875513263,25.0,-2.515585628738782,1.4657448636074124,2.484327161393785,False
9.5,-16.0,8.585375625126389,0.9506438607666406,-16.0,41.681108258621634,-0.9395862337670531,16.330191675494248,25.0,-2.4523116607005035,1.4026616665439118,2.414346114593961,False
9.5,-15.0,8.041035515946572,0.9200134733536627,-15.0,41.527129954957346,-1.0426741143574318,16.51728463099065,25.0,-2.389083144881715,1.339644172529597,2.344365067794136,False
9.5,-14.0,7.515305325029444,0.8894294637888555,-13.999999999999943,41.3648993412088,-1.1521500247594152,16.70364763286989,25.0,-2.325904658804999,1.2766999301313295,2.2743840209943107,False
9.5,-13.0,7.0081850523747296,0.8588967864206127,-12.999999999999943,41.19368146642455,-1.2686254028487998,16.889200495088968,25.0,-2.262781414603897,1.2138376880647939,2.204402974194486,False
9.5,-12.0,6.519674697982529,0.8284211170389464,-11.999999999999943,41.01264944230583,-1.3927916740690192,17.07385092043745,25.0,-2.199719372659665,1.1510676431064153,2.1344219273946607,False
9.5,-11.0,6.0497742618529955,0.7980089870126444,-10.999999999999972,40.82086963326894,-1.5254335771953365,17.257492142546837,25.0,-2.1367253804903408,1.0884017519788687,2.0644408805948364,False
9.5,-10.0,5.598483743986013,0.7676679479529657,-9.999999999999972,40.61728395061728,-1.6674451791317697,17.440000000000005,25.0,-2.0738073436682605,1.0258541272939943,1.9944598337950112,False
9.5,-9.0,5.165803144381494,0.7374067751520577,-8.999999999999972,40.40068859911439,-1.8198492075602424,17.62122927822469,25.0,-2.0109744376947942,0.9634415451647904,1.924478786995186,False
9.5,-8.0,4.7517324630396285,0.7072357206267845,-7.999999999999886,40.169708467021714,-1.9838204918823807,17.801009099027418,25.0,-1.9482373727112183,0.9011841029489777,1.8544977401953606,False
9.5,-7.0,4.35627169996029,0.6771668300982364,-6.999999999999943,39.9227661590306,-2.1607145059109207,17.979137059963353,25.0,-1.8856087270128934,0.8391060814698259,1.784516693395536,False
9.5,-6.0,3.979420855143525,0.6472143430151881,-5.999999999999943,39.65804444420901,-2.3521022574772035,18.155371716617708,25.0,-1.8231033710668336,0.7772370897035383,1.7145356465957113,False
9.5,-5.0,3.6211799285893287,0.6173952013000671,-4.999999999999915,39.37344063495842,-2.5598130747102816,18.329422846003908,25.0,-1.7607390118749489,0.7156136057670844,1.644554599795886,False
9.5,-4.0,3.2815489202975705,0.5877297015946925,-3.9999999999999716,39.06651115403483,-2.7859871907216327,18.500938707344037,25.0,-1.698536899247043,0.6542810834859892,1.5745735529960614,False
9.5,-3.0,2.960527830268495,0.5582423384600234,-2.9999999999999716,38.73440435343124,-3.0331403980439484,18.669489195637,25.0,-1.6365227526716122,0.5932968815037536,1.5045925061962364,False
9.5,-2.0,2.658116658501938,0.528962903733825,-1.9999999999999432,38.37377968189714,-3.3042433456964293,18.834543316382845,25.0,-1.5747279928831786,0.5327344139918022,1.434611459396411,False
9.5,-1.0,2.374315404997906,0.49992793217442916,-1.0,37.98071191544255,-3.6028180751232926,18.995438728040916,25.0,-1.513191400573097,0.47268915866170164,1.364630412596587,False
9.5,0.0,2.109124069756508,0.4711826184977214,2.842170943040401e-14,37.5505811519719,-3.933053654903931,19.151340108347508,25.0,-1.4519613836196477,0.41328756408458245,1.2946493657967617,False
9.5,1.0,1.8625426527776368,0.4427833797072948,1.0000000000000284,37.077954339172585,-4.29994020774818,19.30118169204589,25.0,-1.3910991265385326,0.354700620340959,1.2246683189969367,False
9.5,2.0,1.634571154061263,0.41480130361431233,2.0000000000000284,36.55647600999633,-4.709413885309767,19.443587441582004,25.0,-1.3306830435190007,0.2971651912453407,1.154687272197112,False
9.5,3.0,1.4252095736075128,0.38732681340147135,3.000000000000057,35.9788129654491,-5.16848937604575,19.576760205821014,25.0,-1.2708151977815405,0.24101878499005283,1.0847062253972866,False
9.5,4.0,1.2344579114163001,0.3604759881653993,4.000000000000028,35.3367584720197,-5.68532062110889,19.69833043641826,25.0,-1.2116307535276623,0.18675868951929722,1.014725178597462,False
9.5,5.0,1.0623161674876531,0.3343990946046124,5.000000000000028,34.621737545175364,-6.269053131020451,19.8051618843026,25.0,-1.1533122167157033,0.13514775794974232,0.9447441317976369,False
9.5,6.0,0.9087843418215351,0.30929194891788686,6.000000000000028,33.8262539028774,-6.929176430679416,19.89315035095375,25.0,-1.096111425034306,0.08741556119851276,0.8747630849978119,False
9.5,7.0,0.7738624344180018,0.28541058779055056,7.0,32.94742784966128,-7.6738275306467205,19.957216620273435,25.0,-1.0403843795277785,0.04567080088524069,0.8047820381979872,False
9.5,8.0,0.6575504452770218,0.26308902741267953,8.0,31.994592479480474,-8.506318909789119,19.992386654150785,25.0,-0.9866477805753311,0.013831366509288677,0.7348009913981624,False
9.5,9.0,0.5598483743986006,0.24275792022389636,9.0,30.99999999999998,-9.420151790142501,20.0,25.0,-0.9356725146198825,0.0,0.6648199445983373,False
9.5,10.0,0.4807562217827315,0.2249575917420721,10.0,29.999999999999996,-10.396834463007911,19.999999999999993,25.0,-0.8886383395711662,0.0,0.5948388977985125,False
9.75,-20.0,9.979619769192954,1.0117068476383126,-19.999999999999943,41.98923613508189,-0.7490441679874564,15.624405330867488,25.0,-2.620427077796384,1.5970780631746322,2.5408385171698744,False
9.75,-19.0,9.425990914033981,0.9832437637103426,-18.999999999999943,41.86093747265973,-0.8338916821595448,15.808828255077682,25.0,-2.5602559211063234,1.537046313122061,2.476103777878922,False
9.75,-18.0,8.888705346112255,0.9548099741732614,-17.999999999999943,41.7266804444374,-0.9233102424700141,15.992769505388592,25.0,-2.5001174803001303,1.4770603954669843,2.4113690385879694,False
9.75,-17.0,8.367763065427688,0.9264081763858923,-16.999999999999943,41.58600500612354,-1.017679710758515,16.176183749069317,25.0,-2.440014689767564,1.417124943206766,2.3466342992970173,False
9.75,-16.0,7.863164071980344,0.8980414057029655,-16.0,41.43840114638039,-1.117423092238318,16.359019808697198,25.0,-2.3799508449865234,1.3572452345656199,2.281899560006066,False
9.75,-15.0,7.3749083657699686,0.869713089488533,-15.0,41.28330186879835,-1.223012789985265,16.541219694168845,25.0,-2.319929659711967,1.2974273091878856,2.2171648207151136,False
9.75,-14.0,6.902995946796866,0.8414271116899301,-14.0,41.12007496568713,-1.3349779648283606,16.722717437001513,25.0,-2.25995533436401,1.2376781103363153,2.1524300814241615,False
9.75,-13.0,6.447426815061062,0.8131878904253727,-12.999999999999943,40.948013339007346,-1.453913230453964,16.903437678519495,25.0,-2.2000326382533473,1.1780056601370412,2.087695342133209,False
9.75,-12.0,6.008200970562203,0.7850004717008024,-11.999999999999943,40.76632356773005,-1.580488967900207,17.083293949613285,25.0,-2.1401670090150415,1.1184192771754438,2.022960602842257,False
9.75,-11.0,5.585318413300538,0.7568706432376189,-10.999999999999943,40.5741123510955,-1.7154636120486257,17.26218656124327,25.0,-2.080364673590982,1.0589298488607641,1.9582258635513043,False
9.75,-10.0,5.178779143276145,0.7288050735332526,-9.999999999999972,40.37037037037036,-1.8596983489389558,17.440000000000005,25.0,-2.0206327963947155,0.9995501753120932,1.8934911242603525,False
9.75,-9.0,4.788583160488914,0.7008114827891445,-8.999999999999972,40.153953004025034,-2.0141747712997216,17.616599689359937,25.0,-1.9609796620341822,0.9402954076286267,1.8287563849694002,False
9.75,-8.0,4.414730464938768,0.6728988543598867,-7.999999999999886,39.923557198832846,-2.180016175983442,17.79182793124952,25.0,-1.901414902337305,0.8811836121394154,1.7640216456784474,False
9.75,-7.0,4.057221056625857,0.6450776980930367,-6.999999999999886,39.67769363887545,-2.358513356944541,17.96549877902846,25.0,-1.8419497806822658,0.8222365048901984,1.6992869063874951,False
9.75,-6.0,3.7160549355500536,0.617360380607304,-5.999999999999943,39.414653164839855,-2.5511559565751956,18.13739150454965,25.0,-1.7825975511621857,0.7634804192820588,1.6345521670965435,False
9.75,-5.0,3.3912321017114544,0.5897615425734462,-4.999999999999943,39.13246618256851,-2.7596706896287717,18.307242197566126,25.0,-1.7233739164848207,0.7049475977463248,1.5698174278055912,False
9.75,-4.0,3.0827525551099244,0.5622986299485742,-3.9999999999999147,38.82885358223259,-2.9860680430354583,18.474732859215525,25.0,-1.6642976175879898,0.6466779410761824,1.5050826885146387,False
9.75,-3.0,2.790616295745641,0.5349925756250379,-2.9999999999999716,38.501167518778814,-3.232699358585603,18.639477098633073,25.0,-1.6053912010728157,0.5887214157057571,1.4403479492236868,False
9.75,-2.0,2.514823323618548,0.5078686811511516,-1.9999999999999432,38.14632039818299,-3.502326458970269,18.801001177648757,25.0,-1.5466820298002946,0.5311414256576281,1.3756132099327343,False
9.75,-1.0,2.2553736387285577,0.480957766548092,-0.9999999999999716,37.760700830789006,-3.7982060255871364,18.958718622101344,25.0,-1.4882036306695166,0.4740196301678481,1.3108784706417822,False
9.75,0.0,2.012267241075764,0.45429768181235347,0.0,37.34007670752055,-4.124190429333804,19.111895859544415,25.0,-1.4299975170502857,0.41746298164240525,1.2461437313508306,False
9.75,1.0,1.7855041306601107,0.4279353091130158,1.0000000000000284,36.87948911329552,-4.4848448912157775,19.259605267231127,25.0,-1.3721156904068075,0.3616142693891824,1.1814089920598783,False
9.75,2.0,1.5750843074816052,0.4019292331488863,2.0000000000000284,36.37314906105356,-4.885576071410881,19.400660557685356,25.0,-1.3146241311719105,0.30666837574140643,1.1166742527689262,False
9.75,3.0,1.3810077715403053,0.3763533216567679,3.0,35.81436752539826,-5.332755974809558,19.533527696793,25.0,-1.2576077583969214,0.2528981822587732,1.0519395134779739,False
9.75,4.0,1.203274522836157,0.3513015393831049,4.000000000000057,35.19559003677396,-5.8338001374667385,19.656203338763458,25.0,-1.2011776157068583,0.20069747456769726,0.9872047741870212,False
9.75,5.0,1.0418845613691796,0.32689440957627824,5.000000000000057,34.50869657285635,-6.397105762747637,19.76605538461539,25.0,-1.1454815070465485,0.1506552962203392,0.9224700348960692,False
9.75,6.0,0.8968378871393454,0.3032876077915695,6.000000000000028,33.74592195942246,-7.031647396186505,19.859639036000495,25.0,-1.0907201027274986,0.10369198270762332,0.857735295605117,False
9.75,7.0,0.7681345001466824,0.2806831410257303,7.0,32.90215700583279,-7.745833642773993,19.932582426410907,25.0,-1.037171922099862,0.06132501692230577,0.793000556314165,False
9.75,8.0,0.6557744003911816,0.2593432336897071,8.0,31.980087001187396,-8.544998691413005,19.979958978534192,25.0,-0.9852330232341401,0.02623303309228083,0.7282658170232127,False
9.75,9.0,0.5597575878728503,0.23960599878472508,9.000000000000028,30.99958134039969,-9.427166395930621,19.99891639923336,25.0,-0.9354813850608379,0.0035847257439511203,0.6635310777322604,False
9.75,10.0,0.48008406259167835,0.22189950661288982,10.0,29.999999999999986,-10.379130873309483,20.0,25.0,-0.8887824422837926,0.0,0.5987963384413084,False
10.0,-20.0,9.119999999999981,0.9549869109050648,-19.999999999999943,41.75148370414983,-0.9199606140299914,15.670553935860072,25.0,-2.5402468355649326,1.5425144092610759,2.3999999999999964,False
10.0,-19.0,8.623200000000084,0.9286118672513336,-18.999999999999943,41.62181003168785,-1.007194003798498,15.850258561469584,25.0,-2.4830537747891044,1.4854566967422,2.3399999999999963,False
10.0,-18.0,8.140799999999961,0.9022638195117857,-17.999999999999886,41.486230142748035,-1.0990204162413635,16.029496062553932,25.0,-2.42589162099276,1.4284423811192803,2.279999999999996,False
10.0,-17.0,7.67280000000004,0.8759452037656259,-16.999999999999943,41.34429715818546,-1.1958129466721479,16.208223342895526,25.0,-2.3687630911238373,1.3714757647349511,2.219999999999996,False
10.0,-16.0,7.219200000000079,0.8496587550305169,-15.999999999999943,41.195516673600565,-1.2979861036417244,16.386391863314444,25.0,-2.311671229597347,1.3145617371704814,2.159999999999996,False
10.0,-15.0,6.779999999999973,0.8234075540095545,-15.0,41.039340229288754,-1.4060016735372738,16.56394675925926,25.0,-2.2546194590605686,1.2577058788136526,2.0999999999999974,False
10.0,-14.0,6.355199999999996,0.7971950827745989,-14.0,40.87515768155266,-1.5203755968845174,16.740825782114893,25.0,-2.1976116408819033,1.2009145871099378,2.0399999999999974,False
10.0,-13.0,5.9447999999999634,0.7710252914139694,-12.999999999999943,40.702288258203865,-1.641686061425987,16.916958022048114,25.0,-2.140652147602188,1.1441952315024155,1.9799999999999973,False
10.0,-12.0,5.548799999999949,0.7449026782070225,-11.999999999999943,40.51997003261037,-1.770583064269795,17.09226235838034,25.0,-2.083745950194561,1.0875563449514527,1.9199999999999973,False
10.0,-11.0,5.167200000000016,0.7188323865825758,-10.999999999999943,40.32734749058743,-1.9077997544851035,17.266645567819758,25.0,-2.0268987237775433,1.031007862502067,1.8599999999999972,False
10.0,-10.0,4.799999999999978,0.6928203230275493,-9.999999999999972,40.12345679012345,-2.054165941491916,17.440000000000005,25.0,-1.9701169764848478,0.9745614209292917,1.7999999999999978,False
10.0,-9.0,4.447199999999962,0.6668733013099236,-8.999999999999972,39.90720822235695,-2.210624247126213,17.612200701678244,25.0,-1.9134082076118208,0.9182307384760143,1.7399999999999978,False
10.0,-8.0,4.108799999999984,0.6409992199683229,-7.999999999999972,39.67736527023649,-2.378249494640717,17.783101832826503,25.0,-1.8567811030713774,0.8620321007609363,1.6799999999999977,False
10.0,-7.0,3.784799999999966,0.6152072821415532,-6.999999999999886,39.43251952625286,-2.55827207077525,17.952532165664934,25.0,-1.80024577880166,0.8059849890863272,1.6199999999999972,False
10.0,-6.0,3.4751999999999583,0.5895082696620937,-5.999999999999943,39.17106057176515,-2.752106171682226,18.120289385595512,25.0,-1.7438140863655547,0.7501129021881812,1.5599999999999978,False
10.0,-5.0,3.180000000000045,0.5639148871948714,-4.999999999999943,38.89113974180886,-2.961384052093182,18.286132812500007,25.0,-1.6874999999999982,0.6944444444444421,1.499999999999998,False
10.0,-4.0,2.899200000000004,0.5384421974548432,-3.9999999999999147,38.59062651585693,-3.187997635856582,18.449774019536385,25.0,-1.6313201114570186,0.6390147867417241,1.4399999999999977,False
10.0,-3.0,2.632799999999982,0.5131081757290544,-2.9999999999999147,38.26705612516923,-3.434149096881887,18.61086462620029,25.0,-1.5752942691107938,0.5838676573138112,1.3799999999999977,False
10.0,-2.0,2.380799999999992,0.48793442182326013,-1.9999999999999716,37.91756693827793,-3.702412233311235,18.76898025646245,25.0,-1.5194464125010922,0.5290581003134713,1.3199999999999983,False
10.0,-1.0,2.143199999999974,0.46294708120907013,-0.9999999999999432,37.53882646593366,-3.995806518388421,18.923599243164073,25.0,-1.4638056751198483,0.47465636956429097,1.259999999999998,False
10.0,0.0,1.9199999999999906,0.4381780460041318,0.0,37.12694581257363,-4.317885362869655,19.074074074074073,25.0,-1.408407860614919,0.4207535396272637,1.1999999999999986,False
10.0,1.0,1.7111999999999883,0.413666532366348,1.0000000000000284,36.67738492588887,-4.672838817462876,19.219592747813415,25.0,-1.3532974468395436,0.36746978244045203,1.1399999999999986,False
10.0,2.0,1.5167999999999848,0.38946116622841676,2.0000000000000284,36.18485681088182,-5.0656075227347825,19.359126081019575,25.0,-1.2985303485029391,0.31496690340103284,1.0799999999999987,False
10.0,3.0,1.3368000000000135,0.36562275640337455,3.0000000000000284,35.64325169321401,-5.501996759376452,19.491355613425924,25.0,-1.244177789751496,0.26346791320828566,1.019999999999999,False
10.0,4.0,1.1711999999999934,0.34222799417931804,4.000000000000057,35.04562988540016,-5.988761964153431,19.614575507137502,25.0,-1.1903318323410248,0.21328867347968472,0.9599999999999986,False
10.0,5.0,1.0199999999999898,0.31937438845342464,5.000000000000028,34.384391916544836,-6.5336000000000105,19.7265625,25.0,-1.1371134247365529,0.16489120251433065,0.899999999999999,False
10.0,6.0,0.8831999999999895,0.2971868099361056,6.000000000000057,33.6518625837549,-7.144905039327192,19.8244170096022,25.0,-1.084684373898988,0.11897792671106042,0.8399999999999989,False
10.0,7.0,0.7607999999999948,0.2758260321289481,7.000000000000028,32.84179339010446,-7.831006703404158,19.9044189453125,25.0,-1.0332655573257634,0.07666833510354118,0.779999999999999,False
10.0,8.0,0.6528000000000012,0.25549951076274124,8.0,31.952793645948468,-8.598400124143632,19.962099125364432,25.0,-0.9831652726439649,0.039854615047594105,0.7199999999999993,False
10.0,9.0,0.5591999999999975,0.2364741000617187,9.0,30.99523567873415,-9.44842966078438,19.993344907407405,25.0,-0.9348243287318564,0.011984822559015873,0.6599999999999995,False
10.0,10.0,0.48000000000000376,0.2190890230020673,10.000000000000028,29.99999999999997,-10.373033443975554,20.000000000000004,25.0,-0.8888888888888886,0.0,0.5999999999999994,False
10.25,-20.0,8.355074580772772,0.9028450738595551,-19.999999999999943,41.51338751105804,-1.0937314286053943,15.714425259449184,25.0,-2.464677653083524,1.4913113223134165,2.2704255596987823,False
10.25,-19.0,7.908021082099816,0.8783588400603578,-18.999999999999943,41.38238364978235,-1.1832935979595254,15.889644817336332,25.0,-2.410247070644745,1.4370121952601134,2.214709595043597,False
10.25,-18.0,7.4736950851684725,0.8538975254202786,-17.999999999999943,41.24552577270886,-1.2774663854079615,16.064411179724015,25.0,-2.3558457172114764,1.38275419914576,2.1589936303884123,False
10.25,-17.0,7.0520965899788965,0.8294633345800014,-16.999999999999886,41.10237965433202,-1.3766160559492149,16.23868334431834,25.0,-2.3014761120634315,1.328541334639442,2.103277665733227,False
10.25,-16.0,6.643225596530652,0.8050587372317838,-15.999999999999943,40.952465832967505,-1.4811486272510814,16.412415233886982,25.0,-2.247141072014209,1.2743781378045487,2.0475617010780427,False
10.25,-15.0,6.2470821048239555,0.7806865086965918,-15.0,40.7952535274503,-1.5915153716580228,16.585554890539427,25.0,-2.1928437565791095,1.2202697726135296,1.9918457364228583,False
10.25,-14.0,5.863666114858963,0.7563497780891514,-14.0,40.630153553109395,-1.7082192451799818,16.758043512494595,25.0,-2.138587721609208,1.166222143300498,1.9361297717676735,False
10.25,-13.0,5.492977626635614,0.73205208575424,-13.0,40.456510043824835,-1.8318224267757683,16.929814296485453,25.0,-2.0843769832978443,1.1122420316895578,1.8804138071124885,False
10.25,-12.0,5.135016640153706,0.7077974520904461,-11.999999999999943,40.27359074492696,-1.9629551923592503,17.10079103885206,25.0,-2.0302160949709225,1.0583372662135544,1.8246978424573037,False
10.25,-11.0,4.789783155413483,0.6835904604376186,-10.999999999999943,40.08057558987452,-2.1023263991029486,17.270886435088663,25.0,-1.9761102397330381,1.0045169314792088,1.7689818778021187,False
10.25,-10.0,4.457277172414809,0.6594363574325303,-9.999999999999943,39.87654320987653,-2.250735919266308,17.44000000000001,25.0,-1.9220653429120458,0.9507916301749204,1.7132659131469339,False
10.25,-9.0,4.1374986911576155,0.6353411751912714,-8.999999999999972,39.660454947459804,-2.409089441904892,17.60801550708689,25.0,-1.8680882094019318,0.8971738132008433,1.6575499484917493,False
10.25,-8.0,3.8304477116420843,0.6113118809330957,-7.999999999999972,39.43113584991034,-2.5784161588485723,17.774797814072382,25.0,-1.8141866925559338,0.843678199643118,1.6018339838365645,False
10.25,-7.0,3.536124233868093,0.5873565613266549,-6.999999999999886,39.187252004433304,-2.759889971937712,17.940188898391458,25.0,-1.7603699033837918,0.7903223163965227,1.546118019181379,False
10.25,-6.0,3.254528257835797,0.5634846510633454,-5.999999999999886,38.92728344317918,-2.95485500498698,18.10400286740937,25.0,-1.7066484716824133,0.7371271990698429,1.4904020545261942,False
10.25,-5.0,2.985659783544981,0.5397072181483786,-4.999999999999943,38.64949169613309,-3.164856377876278,18.266019626487278,25.0,-1.6530348747061043,0.6841183131805249,1.4346860898710099,False
10.25,-4.0,2.7295188109957276,0.5160373224350392,-3.999999999999943,38.351880914765566,-3.3916773983900548,18.425976774186104,25.0,-1.599543854546445,0.631326780595108,1.3789701252158248,False
10.25,-3.0,2.486105340188055,0.49249046940765384,-2.9999999999999147,38.032151358372914,-3.637384535838571,18.5835591339705,25.0,-1.5461929532733767,0.5787910356615679,1.3232541605606398,False
10.25,-2.0,2.2554193711219748,0.4690851886979618,-1.9999999999999716,37.68764399331941,-3.9043817213290986,18.738385105614707,25.0,-1.4930032062015388,0.5265590968130082,1.2675381959054552,False
10.25,-1.0,2.0374609037974434,0.4458437770578546,-0.9999999999999432,37.315275141330744,-4.195475585503739,18.88998869841095,25.0,-1.4400000501139218,0.4746917368464937,1.2118222312502702,False
10.25,0.0,1.8322299382145222,0.4227932595413649,5.684341886080802e-14,36.911460813897094,-4.5139530061951145,19.037795652682934,25.0,-1.3872145276117802,0.42326699373644355,1.1561062665950852,False
10.25,1.0,1.6397264743731683,0.39996664182528024,1.0,36.47203217757473,-4.8636713970834125,19.181091415874903,25.0,-1.3346849053084249,0.3723867294740088,1.1003903019399008,False
10.25,2.0,1.4599505122733836,0.3774045525948972,2.0000000000000284,35.992147730515995,-5.2491596973115335,19.318977864870867,25.0,-1.2824588794192482,0.32218640319898834,1.044674337284716,False
10.25,3.0,1.2929020519151981,0.35515740954216657,3.0000000000000284,35.46621677044938,-5.67572232052391,19.45031455524683,25.0,-1.2305966291544235,0.27285004551272374,0.9889583726295313,False
10.25,4.0,1.1385810932985716,0.3332882870324599,4.000000000000028,34.88786791647039,-6.14952592171494,19.573639140999067,25.0,-1.1791751160085018,0.22463394844397705,0.9332424079743464,False
10.25,5.0,0.9969876364235304,0.3118767167974301,5.000000000000057,34.25003703461597,-6.6776228030572184,19.68706140503295,25.0,-1.12829424959724,0.1779055623193646,0.8775264433191613,False
10.25,6.0,0.8681216812900758,0.29102370723815874,6.000000000000057,33.54533446876477,-7.26781192553138,19.788129546695348,25.0,-1.0780859074092701,0.13321020801979397,0.8218104786639765,False
10.25,7.0,0.7519832278981825,0.2708582975578194,7.000000000000028,32.76702934021071,-7.928137353646649,19.87368798374979,25.0,-1.028727410799695,0.09139159341715809,0.7660945140087917,False
10.25,8.0,0.6485722762478632,0.25154590838290686,8.0,31.911337819742574,-8.665657521158327,19.93982519864937,25.0,-0.9804621041278262,0.053823652040537594,0.7103785493536071,False
10.25,9.0,0.5578888263391218,0.2332984744472765,9.0,30.982235131706577,-9.483968902033594,19.98230655949903,25.0,-0.933631460826545,0.02289255635668865,0.6546625846984222,False
10.25,10.0,0.4799328781719675,0.21638558136265773,10.000000000000028,29.99963449497914,-10.379380530913048,19.999057847368604,25.0,-0.8887260838944577,0.0031026103757731344,0.5989466200432373,False
10.5,-20.0,7.672288222059054,0.8548064789100376,-19.99999999999983,41.274966584509826,-1.2702333648440933,15.756183291062149,25.0,-2.3933412860823498,1.4431799135666368,2.1509556203433715,False
10.5,-19.0,7.268928951561259,0.8320330208397615,-18.999999999999943,41.142675244379255,-1.3620671915799094,15.92713422982247,25.0,-2.3414778789413884,1.3914442263273867,2.0991253644314836,False
10.5,-18.0,6.876852457860403,0.8092826016417494,-17.999999999999943,41.004582043487396,-1.4585251706413334,16.097645314131746,25.0,-2.2896421421278146,1.3397475591147927,2.047295108519595,False
10.5,-17.0,6.4960587409566735,0.7865572204509299,-16.999999999999886,40.8602649207119,-1.559966705220237,16.26767750400935,25.0,-2.2378364149075645,1.2880936369099425,1.9954648526077061,False
10.5,-16.0,6.126547800850168,0.7638591119690274,-15.999999999999943,40.709258726496216,-1.6667893592953762,16.437187022166974,25.0,-2.18606330737167,1.2364866736414426,1.943634596695818,False
10.5,-15.0,5.768319637540654,0.741190781785548,-14.999999999999943,40.55104954912892,-1.7794340224267842,16.606124617142875,25.0,-2.1343257407137655,1.184931454999483,1.8918043407839296,False
10.5,-14.0,5.421374251028457,0.7185550481631908,-14.0,40.38506812798808,-1.8983909248573259,16.77443468540698,25.0,-2.082626994898918,1.1334334386430034,1.8399740848720416,False
10.5,-13.0,5.085711641313465,0.6959550916897594,-13.0,40.2106821815158,-2.0242066670633534,16.942054220160728,25.0,-2.030970765351881,1.0819988762090482,1.7881438289601532,False
10.5,-12.0,4.761331808395539,0.6733945145515715,-12.0,40.02718744111551,-2.1574924637780644,17.10891154590879,25.0,-1.979361230714807,1.0306349628562628,1.7363135730482646,False
10.5,-11.0,4.448234752274707,0.6508774116364336,-10.999999999999943,39.833797137314654,-2.298933846903191,17.274924786571248,25.0,-1.9278031342730408,0.9793500218606693,1.684483317136376,False
10.5,-10.0,4.146420472951061,0.6284084562608153,-9.999999999999943,39.62962962962962,-2.4493021266558213,17.44000000000001,25.0,-1.876301882366521,0.9281537342183722,1.6326530612244874,False
10.5,-9.0,3.855888970424542,0.6059930040791012,-8.999999999999972,39.413693804621815,-2.609467978180003,17.604028891972902,25.0,-1.824863664053949,0.8770574265702273,1.5808228053125992,False
10.5,-8.0,3.576640244695233,0.5836372197321628,-7.999999999999972,39.18487178561755,-2.7804176044398066,17.76688599625183,25.0,-1.7734955975623579,0.8260744354531293,1.5289925494007106,False
10.5,-7.0,3.308674295762989,0.5613482321088339,-6.999999999999972,38.94189840080241,-2.96327202840825,17.92842517155229,25.0,-1.7222059107564254,0.775220572511983,1.4771622934888222,False
10.5,-6.0,3.0519911236279462,0.5391343258390247,-5.999999999999886,38.683336743421236,-3.1593101909471253,18.088475217653965,25.0,-1.6710041651726315,0.7245147248061589,1.4253320375769332,False
10.5,-5.0,2.8065907282900318,0.5170051789636552,-4.999999999999886,38.40754903109141,-3.3699966764735283,18.246834346195243,25.0,-1.6199015363338265,0.6739796381627917,1.3735017816650446,False
10.5,-4.0,2.5724731097492275,0.49497215984713316,-3.999999999999943,38.11266183967012,-3.597015053910983,18.40326314949086,25.0,-1.5689111674577754,0.6236429519563597,1.3216715257531566,False
10.5,-3.0,2.349638268005605,0.47304870060427284,-2.9999999999999147,37.79652467291545,-3.842307994410114,18.55747558226898,25.0,-1.5180486198461884,0.5735385844270611,1.2698412698412678,False
10.5,-2.0,2.1380862030591183,0.45125077000953884,-1.9999999999999147,37.45666078142099,-4.108125480753395,18.709127291168702,25.0,-1.4673324520139297,0.5237086147890448,1.2180110139293794,False
10.5,-1.0,1.937816914909774,0.42959747659427533,-0.9999999999999716,37.09020926576366,-4.397082490021348,18.857800373375298,25.0,-1.4167849722542223,0.47420588222711657,1.1661807580174912,False
10.5,0.0,1.7488304035575815,0.40811184316225557,5.684341886080802e-14,36.69385799953453,-4.712227369686584,19.00298328890046,25.0,-1.366433227796714,0.4250976403072824,1.1143505021056024,False
10.5,1.0,1.5711266690025432,0.3868218082445398,1.0,36.26376821333904,-5.057121445245178,19.14404415221664,25.0,-1.3163103210980636,0.3764708002319378,1.0625202461937144,False
10.5,2.0,1.4047057112446264,0.36576152929061856,2.0,35.795494552834825,-5.435928597937845,19.2801949472018,25.0,-1.2664571850807935,0.32843962656461934,1.0106899902818258,False
10.5,3.0,1.2495675302838825,0.3449730880164536,3.0000000000000284,35.28391081893908,-5.853509425644173,19.41044332857709,25.0,-1.2169250124240627,0.28115732692337747,0.9588597343699373,False
10.5,4.0,1.1057121261202716,0.3245087314285383,4.000000000000028,34.723165027351975,-6.315505718115011,19.533527696793005,25.0,-1.1677786327971413,0.23483402638314768,0.9070294784580489,False
10.5,5.0,0.9731394987538198,0.30443382246765643,5.000000000000057,34.106715367092626,-6.828382516584989,19.647830687830698,25.0,-1.1191012889951353,0.18976560410389615,0.8551992225461601,False
10.5,6.0,0.8518496481845093,0.2848307180104249,6.000000000000028,33.427556582007355,-7.399357757964044,19.75126801493221,25.0,-1.0710015173294976,0.1463818181708321,0.8033689666342718,False
10.5,7.0,0.7418425744123329,0.26580382569397965,7.000000000000057,32.678865516280545,-8.03607747099598,19.84116016256265,25.0,-1.0236232569013008,0.1053304467165979,0.7515387107223832,False
10.5,8.0,0.6431182774373085,0.24748607992356692,8.000000000000028,31.85553177332855,-8.74576851886439,19.91413545132554,25.0,-0.977161013326585,0.06763283107113172,0.6997084548104947,False
10.5,9.0,0.555676757259429,0.2300469428822505,9.0,30.957453084721838,-9.533440338960284,19.966261136460815,25.0,-0.9318830819139795,0.03499162616402102,0.6478781988986064,False
10.5,10.0,0.4795180138786955,0.21370161972751045,10.0,29.995780776434707,-10.39876750371401,19.994148571428568,25.0,-0.8881677965244233,0.010453510810138338,0.596047942986718,False
10.75,-20.0,7.061014856133095,0.8104557922972695,-19.99999999999983,41.0362385711918,-1.4493476120701252,15.795976677038508,25.0,-2.3258991229335,1.3978626131836371,2.04057504370684,False
10.75,-19.0,6.696157444508188,0.7892391063112586,-18.999999999999943,40.90270047787921,-1.5433961905140015,15.962860230088957,25.0,-2.2764255660294213,1.3485131903749383,1.9922774095362643,False
10.75,-18.0,6.341330477189053,0.7680437534283949,-17.999999999999943,40.763412548842155,-1.6420786995939665,16.129316712300945,25.0,-2.226978229654763,1.2992008186884523,1.9439797753656882,False
10.75,-17.0,5.996533954175624,0.7468715498774452,-16.999999999999943,40.61796441958517,-1.7457476772325844,16.29530892440051,25.0,-2.177559288857277,1.2499289707622812,1.895682141195112,False
10.75,-16.0,5.661767875468173,0.7257245217290785,-15.999999999999886,40.46590465401634,-1.8547922976337503,16.4607952399854,25.0,-2.1281711656273496,1.2007015664883924,1.8473845070245354,False
10.75,-15.0,5.337032241066622,0.7046049357250188,-14.999999999999943,40.30673544674752,-1.969643222426524,16.62572893059302,25.0,-2.0788165648919987,1.151523047292428,1.7990868728539595,False
10.75,-14.0,5.022327050970811,0.6835153356317591,-13.999999999999943,40.13990649103952,-2.0907782326591295,16.790057364248398,25.0,-2.029498516978444,1.1023984657003825,1.7507892386833834,False
10.75,-13.0,4.717652305180845,0.6624585852912808,-13.0,39.964807858522164,-2.218728788865632,16.953721049152715,25.0,-1.9802204279421833,1.0533335939865924,1.702491604512808,False
10.75,-12.0,4.423008003696813,0.641437919829388,-12.0,39.78076170492361,-2.354087697813945,17.116652486749018,25.0,-1.9309861395079588,1.0043350568113703,1.654193970342232,False
10.75,-11.0,4.138394146518548,0.620457006851049,-10.999999999999943,39.587012577118145,-2.4975181031705738,17.278774788742837,25.0,-1.8818000008294842,0.9554104942516343,1.6058963361716556,False
10.75,-10.0,3.863810733646109,0.599520019926492,-9.999999999999943,39.38271604938271,-2.6497640648549288,17.44000000000001,25.0,-1.8326669548696257,0.9065687636551549,1.5575987020010795,False
10.75,-9.0,3.59925776507949,0.578631727285454,-8.999999999999943,39.16692535922114,-2.811663050270675,17.600227052539683,25.0,-1.7835926429854991,0.8578201915254934,1.5093010678305032,False
10.75,-8.0,3.3447352408187823,0.5577975994360597,-7.999999999999972,38.93857564383026,-2.9841607321147423,17.759339253626628,25.0,-1.7345835323393457,0.8091768904926037,1.4610034336599276,False
10.75,-7.0,3.1002431608639065,0.537023940470537,-6.999999999999972,38.69646529590124,-3.168328574391219,17.91720118119694,25.0,-1.6856470721405048,0.760653161820685,1.4127057994893513,False
10.75,-6.0,2.8657815252148673,0.516318049197357,-5.999999999999972,38.43923386160032,-3.3653847926065357,18.073654819640012,25.0,-1.63679188659057,0.712266011574182,1.3644081653187752,False
10.75,-5.0,2.6413503338716104,0.4956884180632126,-4.999999999999886,38.16533579620394,-3.5767193967190716,18.228514714217923,25.0,-1.5880280149455317,0.6640358196177911,1.3161105311481986,False
10.75,-4.0,2.4269495868342594,0.475144980257239,-3.999999999999943,37.87300928090917,-3.8039241640878094,18.381561847307545,25.0,-1.539367212606243,0.6159872168070978,1.2678128969776228,False
10.75,-3.0,2.222579284102746,0.4546994186403622,-2.999999999999943,37.560239204888006,-4.048828535603044,18.532535835891142,25.0,-1.49082333201486,0.5681502498102562,1.2195152628070467,False
10.75,-2.0,2.0282394256770666,0.43436555451221487,-1.9999999999999147,37.224713366983416,-4.313542558756135,18.681124905471684,25.0,-1.4424128089868886,0.5205619495057929,1.1712176286364704,False
10.75,-1.0,1.843930011557193,0.4141598401198636,-0.9999999999999716,36.86377102856001,-4.600508066037796,18.826952894189937,25.0,-1.3941552898786636,0.47326847535060623,1.1229199944658945,False
10.75,0.0,1.6696510417431925,0.39410198677006303,2.842170943040401e-14,36.47434330797621,-4.912559169474125,18.969562259487297,25.0,-1.3460744491104342,0.4263280973418804,1.0746223602953184,False
10.75,1.0,1.5054025162350573,0.3742157711410664,1.0000000000000568,36.05288585700404,-5.252992655687224,19.10839166853211,25.0,-1.2981990672668036,0.3798154217139835,1.0263247261247421,False
10.75,2.0,1.35118443503274,0.3545300767944559,2.0,35.59530641583295,-5.625647545539424,19.242746219641106,25.0,-1.250564470811409,0.3338275069880325,0.9780270919541665,False
10.75,3.0,1.2069967981362706,0.33508024698518574,3.0000000000000284,35.09689443804861,-6.034990070763049,19.37175764447411,25.0,-1.2032144810660468,0.28849292942851157,0.9297294577835903,False
10.75,4.0,1.0728396055456344,0.3159098495995535,4.000000000000028,34.55226949578471,-6.486193896534896,19.494331027296955,25.0,-1.156204091815303,0.24398558882810142,0.8814318236130141,False
10.75,5.0,0.9487128572608519,0.29707298567012613,5.000000000000028,33.95538467337105,-6.985192203864187,19.609073937824007,25.0,-1.1096032071656179,0.20054639540958621,0.8331341894424381,False
10.75,6.0,0.8346165532819099,0.2786373075209119,6.000000000000057,33.29966094618996,-7.538651765453713,19.71420447696925,25.0,-1.063501950188946,0.15851858099261362,0.7848365552718618,False
10.75,7.0,0.7305506936088011,0.2606879438267767,7.000000000000028,32.578409359911426,-8.153767835337014,19.807440111464366,25.0,-1.0180183428836937,0.11840765801945219,0.7365389211012858,False
10.75,8.0,0.6365152782415348,0.24333253698868976,8.000000000000028,31.785858777639593,-8.837685860316084,19.88589082137024,25.0,-0.9733096351626804,0.08098842618226311,0.6882412869307096,False
10.75,9.0,0.5525103071801114,0.22670753768823287,9.000000000000028,30.919404294881677,-9.596217188570293,19.94605665297715,25.0,-0.9295893532745721,0.04750774275688561,0.6399436527601335,False
10.75,10.0,0.47853578042452605,0.2109856779939353,10.0,29.984085011534482,-10.43143691656144,19.984299966802375,25.0,-0.8871534512083329,0.020098119882388635,0.5916460185895576,False
11.0,-20.0,6.512222836244545,0.7694285267914189,-19.99999999999983,40.797219859309905,-1.6309598579940126,15.833940471380487,25.0,-2.262047186613591,1.3551291170288542,1.9383921863260671,False
11.0,-19.0,6.181395955318417,0.7496299666149484,-18.99999999999983,40.66247387213275,-1.7271667084804472,15.996944045679728,25.0,-2.2148021114676832,1.3080047325367037,1.8933132982719725,False
11.0,-18.0,5.859510341444571,0.7298511891564902,-17.999999999999943,40.52202987103597,-1.8280138018652528,16.159532804117646,25.0,-2.16758190659015,1.260915560526858,1.8482344102178785,False
11.0,-17.0,5.5465659946228,0.71009384748668,-16.999999999999943,40.37548874110351,-1.9338468315113264,16.32167127564515,25.0,-2.120388596971686,1.2138648423067855,1.8031555221637838,False
11.0,-16.0,5.242562914853123,0.6903597820144299,-15.999999999999943,40.222412191305125,-2.04504666829596,16.483319847430472,25.0,-2.0732244331466227,1.166856228939257,1.7580766341096892,False
11.0,-15.0,4.947501102135379,0.670651047465709,-14.999999999999886,40.06231780246767,-2.1620339199574987,16.64443414573594,25.0,-2.0260919234256263,1.1198938479967797,1.7129977460555943,False
11.0,-14.0,4.661380556469695,0.6509699445980377,-13.999999999999943,39.89467331161796,-2.285274208310672,16.804964303074666,25.0,-1.978993871805352,1.072982383783286,1.6679188580014999,False
11.0,-13.0,4.3842012778561035,0.631319057634389,-13.0,39.71888999495634,-2.4152842965960684,16.964854086705696,25.0,-1.9319334227536207,1.02612717429755,1.6228399699474059,False
11.0,-12.0,4.11596326629447,0.6117012986368777,-12.0,39.53431498383344,-2.5526392267439126,17.124039857133308,25.0,-1.8849141143660098,0.9793343291539365,1.5777610818933112,False
11.0,-11.0,3.856666521785033,0.5921199603416549,-11.0,39.340222314226175,-2.697980660025377,17.28244931700246,25.0,-1.8379399417724125,0.9326108739318003,1.5326821938392166,False
11.0,-10.0,3.606311044327597,0.5725787793616142,-9.999999999999943,39.1358024691358,-2.852026655814792,17.44000000000001,25.0,-1.7910154331680432,0.8859649281175361,1.487603305785122,False
11.0,-9.0,3.364896833922201,0.5530820121598112,-8.999999999999943,38.92015012373324,-3.0155831736030194,17.596597435222613,25.0,-1.7441457414911126,0.839405926106941,1.4425244177310272,False
11.0,-8.0,3.1324238905687865,0.5336345268379156,-7.999999999999943,38.69224974362375,-3.1895576447856904,17.752132903771418,25.0,-1.6973367556219174,0.7929448939059488,1.3974455296769326,False
11.0,-7.0,2.9088922142675218,0.514241914619562,-6.999999999999972,38.45095861621155,-3.374975034952535,17.90648067943243,25.0,-1.6505952361097695,0.7465947985816358,1.3523666416228384,False
11.0,-6.0,2.6943018050182586,0.49491062600123326,-5.999999999999972,38.19498681352192,-3.5729969060027216,18.059494611896294,25.0,-1.6039289819496725,0.7003709937379966,1.3072877535687435,False
11.0,-5.0,2.488652662821133,0.47564813798180433,-4.999999999999886,37.92287349352902,-3.7849440910044496,18.21100386581869,25.0,-1.557347036979361,0.6542917931833775,1.2622088655146486,False
11.0,-4.0,2.2919447876759085,0.45646316068380177,-3.9999999999998863,37.63295885147764,-4.012323711501476,18.360807567544096,25.0,-1.5108599472646262,0.6083792178504183,1.217129977460554,False
11.0,-3.0,2.1041781795828336,0.4373658942082947,-2.999999999999943,37.32335094611725,-4.256861389930692,18.50866802702963,25.0,-1.4644800847009563,0.5626599800254077,1.1720510894064597,False
11.0,-2.0,1.925352838541804,0.4183683499394679,-1.9999999999999432,36.99188657672062,-4.520539621271982,18.654302086254752,25.0,-1.4182220574466962,0.5171667974170764,1.126972201352365,False
11.0,-1.0,1.7554687645528584,0.39948475503428826,-0.9999999999999147,36.636085433411594,-4.805643329099509,18.7973699843678,25.0,-1.372103235411869,0.47194017308664443,1.0818933132982702,False
11.0,0.0,1.5945259576159114,0.38073206489316097,2.842170943040401e-14,36.253097001182475,-5.114813561302075,18.9374609064405,25.0,-1.3261444299116503,0.4270308450837821,1.036814425244176,False
11.0,1.0,1.4425244177310266,0.3621306165323409,1.0000000000000568,35.83964039383099,-5.451109918128586,19.07407407407408,25.0,-1.2803707823771984,0.3825032178429678,0.9917355371900811,False
11.0,2.0,1.2994641448982076,0.34370496662349126,2.000000000000057,35.391938872356434,-5.8180813298467875,19.206593815703954,25.0,-1.2348129402349723,0.3384402644658331,0.9466566491359865,False
11.0,3.0,1.1653451391174028,0.3254849722990159,3.0,34.905654137612984,-6.219842584473547,19.33425650162704,25.0,-1.189508632743833,0.2949506870562796,0.9015777610818922,False
11.0,4.0,1.0401674003886923,0.30750719139982463,4.000000000000028,34.3758323124208,-6.661149317986672,19.456106561730707,25.0,-1.144504812206454,0.252179640045889,0.8564988730277976,False
11.0,5.0,0.9239309287120154,0.28981670205838966,5.000000000000028,33.796887306802105,-7.14745463088056,19.570938181818185,25.0,-1.0998606071737378,0.2103252536383863,0.8114199849737032,False
11.0,6.0,0.8166357240874045,0.27246946852936227,6.000000000000028,33.162674944029916,-7.684911525578983,19.677219304078847,25.0,-1.0556514616897665,0.16966494243292513,0.7663410969196085,False
11.0,7.0,0.7182817865148349,0.25553540699601957,7.000000000000057,32.466766680821564,-8.280248674003216,19.772997221976823,25.0,-1.0119750379490629,0.13059891847770427,0.7212622088655136,False
11.0,8.0,0.6288691159943072,0.2391023204317476,8.000000000000057,31.70314155934421,-8.940379479073895,19.85579663083673,25.0,-0.9689597891218534,0.0937254512836373,0.6761833208114192,False
11.0,9.0,0.5483977125258453,0.22328084893772143,9.000000000000028,30.867722943235115,-9.671494337691767,19.92256166386026,25.0,-0.9267776488304138,0.05997816611397742,0.6311044327573245,False
11.0,10.0,0.476867576109434,0.2082104652224051,10.0,29.961518729107347,-10.477269393146432,19.969831649831647,25.0,-0.8856631706892781,0.03089324925268847,0.5860255447032301,False
11.25,-20.0,6.018204541990556,0.7314037973948488,-19.99999999999983,40.55792568907087,-1.8149603067921047,15.870197652373273,25.0,-2.2015118675610545,1.3147729383604234,1.8436213991769514,False
11.25,-19.0,5.717544032921721,0.7128998080093082,-18.99999999999983,40.42200891059154,-1.9132695547066145,16.029496062553932,25.0,-2.1563481075491207,1.26972656099492,1.8014814814814784,False
11.25,-18.0,5.424874500838201,0.6944141896168118,-17.99999999999983,40.28044567332654,-2.0162221658246393,16.18839141036395,25.0,-2.111207958683999,1.224713677139373,1.759341563786005,False
11.25,-17.0,5.140195945739999,0.6759484494308718,-16.999999999999943,40.13284768478736,-2.1241570303667485,16.346849848829237,25.0,-2.0660933086199784,1.1797373157177145,1.7172016460905324,False
11.25,-16.0,4.863508367626858,0.6575042622676792,-15.999999999999943,39.978789259255514,-2.2374468211537,16.50483365203811,25.0,-2.0210062513432594,1.1348008816214021,1.675061728395059,False
11.25,-15.0,4.594811766498981,0.639083494214713,-14.999999999999886,39.81780268393753,-2.3565022814077174,16.66230064639491,25.0,-1.9759491160941116,1.0899082158132705,1.6329218106995855,False
11.25,-14.0,4.33410614235636,0.6206882303705825,-13.999999999999943,39.64937288518155,-2.481777173254642,16.81920353947025,25.0,-1.93092450128239,1.0450636673224198,1.5907818930041127,False
11.25,-13.0,4.081391495198831,0.602320807484504,-12.999999999999943,39.472931271213575,-2.6137740059476897,16.975489124446696,25.0,-1.8859353144292563,1.000272179963686,1.5486419753086393,False
11.25,-12.0,3.8366678250266197,0.5839838525185146,-12.0,39.28784860340912,-2.7530506870067954,17.131097332639587,25.0,-1.8409848194187832,0.9555393974123483,1.506502057613167,False
11.25,-11.0,3.59993513183963,0.5656803284022703,-11.0,39.09342671855639,-2.900228268927309,17.28596009946345,25.0,-1.7960766926643021,0.9108717913235344,1.4643621399176936,False
11.25,-10.0,3.3711934156378276,0.5474135885649759,-10.0,38.88888888888888,-3.056000000000007,17.44,25.0,-1.7512150902087542,0.8662768186038124,1.4222222222222203,False
11.25,-9.0,3.15044267642124,0.5291874422312205,-8.999999999999943,38.67336856377704,-3.2211419314238157,17.593128598298637,25.0,-1.706404728316271,0.8217631158613716,1.380082304526747,False
11.25,-8.0,2.9376829141899266,0.5110062329856806,-7.999999999999943,38.445896185785095,-3.3965253857470667,17.745244438738784,25.0,-1.6616509808165851,0.7773407416838843,1.3379423868312739,False
11.25,-7.0,2.732914128943743,0.4928749337819432,-6.999999999999972,38.20538371344433,-3.5831316552318775,17.89623058687405,25.0,-1.6169599973928757,0.7330214810195171,1.2958024691358008,False
11.25,-6.0,2.536136320682829,0.4747992624428259,-5.999999999999972,37.95060641333537,-3.782069374243256,18.045951599308047,25.0,-1.5723388482399785,0.6888192310093869,1.2536625514403277,False
11.25,-5.0,2.347349489407107,0.4567858228396525,-4.999999999999972,37.680181406142324,-3.9945950976535274,18.194249764739173,25.0,-1.5277957021795043,0.6447504948099751,1.2115226337448544,False
11.25,-4.0,2.16655363511664,0.4388422784369133,-3.9999999999998863,37.39254236952847,-4.2221377160249105,18.340940407734006,25.0,-1.4833400475679848,0.6008350202769784,1.1693827160493808,False
11.25,-3.0,1.99374875781129,0.42097756686722393,-2.9999999999998863,37.085909725314046,-4.466327442376201,18.485805977959085,25.0,-1.4389829684140858,0.557096635458113,1.1272427983539075,False
11.25,-2.0,1.828934857491207,0.40320216682521903,-1.9999999999999432,36.75825559150892,-4.729030200759578,18.62858855338682,25.0,-1.3947374923832432,0.513564355201462,1.0851028806584349,False
11.25,-1.0,1.6721119341563613,0.38552843205788323,-0.9999999999999147,36.40726280556267,-5.012388303545763,18.768980256462452,25.0,-1.3506190333343038,0.4702738669453098,1.0429629629629613,False
11.25,0.0,1.5232799878067549,0.3679710118784123,8.526512829121202e-14,36.03027751052585,-5.318868260754325,18.906610903822774,25.0,-1.30664595948552,0.42726955573337266,1.0008230452674882,False
11.25,1.0,1.3824390184423208,0.3505473838241901,1.0000000000000284,35.62425530865934,-5.651316299208961,19.041031965143127,25.0,-1.262840330437667,0.3846073102684754,0.9586831275720152,False
11.25,2.0,1.2495890260631062,0.33327853230368487,2.000000000000057,35.18570215163193,-6.013021444258959,19.171695573974628,25.0,-1.2192288639286404,0.3423584835428458,0.9165432098765418,False
11.25,3.0,1.1247300106691163,0.31618981790748085,3.0,34.71061358053912,-6.407784372382954,19.297926894228684,25.0,-1.1758442192365017,0.3006155994549145,0.874403292181069,False
11.25,4.0,1.0078619722603197,0.2993120960929978,4.0,34.19442087581623,-6.839986791841234,19.418887603665862,25.0,-1.1327267231664702,0.2595007679450572,0.8322633744855957,False
11.25,5.0,0.8989849108367604,0.28268316159997303,5.000000000000028,33.63196252930568,-7.314649146683529,19.533527696793005,25.0,-1.0899267239439987,0.21917842462426892,0.7901234567901225,False
11.25,6.0,0.7980988263984168,0.2663496159225342,6.000000000000028,33.01751895568951,-7.837450734920786,19.640522582202678,25.0,-1.0475078501925656,0.17987520532535894,0.7479835390946494,False
11.25,7.0,0.7052037189452829,0.2503692773032635,7.000000000000057,32.344986881149666,-8.414659957875513,19.738193688895073,25.0,-1.005551596554874,0.14191204487088424,0.705843621399176,False
11.25,8.0,0.620299588477366,0.2348142695791465,8.000000000000028,31.608345406724265,-9.052873464935368,19.824417009602193,25.0,-0.9641638879102122,0.10575815707649734,0.663703703703703,False
11.25,9.0,0.5433864349946588,0.21977492223629536,9.000000000000057,30.80270999204625,-9.758379272516642,19.896546080676856,25.0,-0.9234846464116283,0.07212625104872887,0.6215637860082297,False
11.25,10.0,0.47446425849717055,0.2053645557424748,10.000000000000028,29.92652062522608,-10.535846693328978,19.951448945531787,25.0,-0.8837019909873126,0.042150380204932406,0.5794238683127565,False
11.5,-20.0,5.5723568492231985,0.6960982470152252,-19.999999999999886,40.31837025169554,-2.00124365994503,15.904860440780926,25.0,-2.144046266599835,1.2766084627823475,1.7555683405934057,False
11.5,-19.0,5.2985119034208745,0.6787784362476895,-18.99999999999983,40.18131812965201,-2.101600187124995,16.060617008869546,25.0,-2.1008293287409865,1.2335057284327537,1.716117366647486,False
11.5,-18.0,5.031826302606909,0.6614757087529111,-17.99999999999983,40.03867078247532,-2.2066002640651945,16.215981792178063,25.0,-2.057634826485425,1.1904348787091514,1.6766663927015668,False
11.5,-17.0,4.772300046781237,0.6441914410822188,-16.999999999999943,39.89005033202632,-2.3165760368727746,16.370922471273936,25.0,-2.0144645215992614,1.147398747266844,1.6372154187556482,False
11.5,-16.0,4.51993313594373,0.6269271600394315,-15.999999999999943,39.73504318525799,-2.4318921011280903,16.525403090214642,25.0,-1.9713203648996422,1.1044005132301484,1.5977644448097288,False
11.5,-15.0,4.274725570094665,0.6096845634955452,-14.999999999999943,39.57319569362223,-2.552949536897147,16.679383533351455,25.0,-1.9282045222563635,1.0614437554061356,1.5583134708638096,False
11.5,-14.0,4.036677349233861,0.5924655447133694,-13.999999999999886,39.40400916999141,-2.6801905524999947,16.83281890975597,25.0,-1.8851194049957678,1.018532517020647,1.5188624969178899,False
11.5,-13.0,3.8057884733613303,0.5752722208818852,-12.999999999999943,39.22693415207878,-2.814103844307807,16.98565882581955,25.0,-1.8420677055993777,0.9756713834347541,1.4794115229719709,False
11.5,-12.0,3.5820589424771176,0.558106966720859,-11.999999999999943,39.04136377986874,-2.955230801124033,17.13784652179778,25.0,-1.79905243980194,0.9328655759773757,1.4399605490260516,False
11.5,-11.0,3.3654887565811853,0.5409724542196681,-11.0,38.84662612870927,-3.1041727075229923,17.2893178419469,25.0,-1.7560769964642542,0.8901210659249457,1.400509575080133,False
11.5,-10.0,3.1560779156735714,0.5238716998317989,-10.0,38.64197530864197,-3.261599131822093,17.44,25.0,-1.7131451969433458,0.8474447138515546,1.3610586011342136,False
11.5,-9.0,2.9538264197542303,0.5068081207744964,-8.999999999999943,38.42658110335061,-3.42825772224154,17.589810091477453,25.0,-1.670261366131377,0.804844441176656,1.3216076271882944,False
11.5,-8.0,2.7587342688231518,0.4897856025031815,-7.999999999999943,38.199516877906355,-3.604985680454062,17.738653290927964,25.0,-1.6274304179186623,0.7623294429163108,1.2821566532423752,False
11.5,-7.0,2.570801462880399,0.4728085799707401,-6.999999999999943,37.9597454325677,-3.79272323634855,17.886420654572184,25.0,-1.584657958602297,0.7199104536354518,1.242705679296456,False
11.5,-6.0,2.390028001925929,0.45588213598100386,-5.999999999999972,37.706102420068504,-3.9925295124114903,18.03298642547522,25.0,-1.541950412774888,0.6776000827533516,1.203254705350537,False
11.5,-5.0,2.2164138859597697,0.4390121208547337,-4.999999999999972,37.43727687708932,-4.205601240982765,18.178204707239615,25.0,-1.4993151775789566,0.6354132411971931,1.1638037314046175,False
11.5,-4.0,2.049959114981911,0.42220529881356667,-3.9999999999999716,37.151788350355396,-4.433294881519518,18.321905330405677,25.0,-1.4567608130310412,0.593367689723919,1.1243527574586982,False
11.5,-3.0,1.8906636889923405,0.4054695280452614,-2.9999999999998863,36.84796003214684,-4.677152773393363,18.463888679256634,25.0,-1.414297278590641,0.5514847512655405,1.0849017835127788,False
11.5,-2.0,1.7385276079910676,0.38881398346555607,-1.9999999999999432,36.52388727601572,-4.938934041672205,18.603919169961515,25.0,-1.3719362295417843,0.5097902473241074,1.0454508095668598,False
11.5,-1.0,1.5935508719780729,0.372249433903628,-0.9999999999999432,36.17740087516118,-5.22065102532741,18.74171696621231,25.0,-1.3296913914633361,0.4683157448317014,1.0059998356209405,False
11.5,0.0,1.45573348095339,0.35578858902851773,8.526512829121202e-14,35.806024618952016,-5.524611972092101,18.876947375201297,25.0,-1.2875790376741096,0.42710024003589203,0.9665488616750211,False
11.5,1.0,1.3250754349170102,0.33944653608830466,1.0000000000000284,35.40692702304656,-5.853470549426106,19.009207171129383,25.0,-1.2456186039319208,0.3861924682924731,0.9270978877291021,False
11.5,2.0,1.201576733868889,0.3232412928137483,2.0000000000000284,34.976867994287545,-6.210282179035829,19.138006828719256,25.0,-1.2038334881871562,0.34565412758157554,0.8876469137831828,False
11.5,3.0,1.0852373778091053,0.3071945110765724,3.000000000000057,34.51214299841168,-6.5985659737629,19.26274729915994,25.0,-1.1622521029223187,0.30556446454615965,0.8481959398372634,False
11.5,4.0,0.9760573667376071,0.2913323765552966,4.0,34.00853091984803,-7.022368494286148,19.382689521832067,25.0,-1.120909276816022,0.26602694109984043,0.8087449658913446,False
11.5,5.0,0.8740367006543788,0.275686763123024,5.000000000000028,33.461258925687176,-7.4863204230052585,19.49691438277856,25.0,-1.0798481463544178,0.22717916404116592,0.7692939919454252,False
11.5,6.0,0.7791753795594831,0.26029671690449613,6.000000000000028,32.86501155192899,-7.995667267171267,19.604270506490884,25.0,-1.0391227449721094,0.18920808933056033,0.729843017999506,False
11.5,7.0,0.691473403452872,0.2452103628303261,7.000000000000028,32.21403831005864,-8.556236115076231,19.703307761662934,25.0,-0.9988016010619514,0.1523740528019769,0.6903920440535868,False
11.5,8.0,0.6109307723345309,0.23048734235443685,8.000000000000057,31.502466634931682,-9.174264971166577,19.792197679066817,25.0,-0.9589728193816648,0.11705017154747872,0.6509410701076674,False
11.5,9.0,0.5375474862045178,0.21620189562063988,9.000000000000028,30.725027195084227,-9.855958855674253,19.868654152163288,25.0,-0.9197513804142999,0.0837897863702069,0.6114900961617483,False
11.5,10.0,0.4713235450627792,0.20244667468846106,10.000000000000028,29.878578961859223,-10.606542708871833,19.929907466092033,25.0,-0.8812898102222632,0.0534479488400292,0.572039122215829,False
11.75,-20.0,5.169002000553714,0.6632609319693961,-19.999999999999886,40.07856677833309,-2.1897090660642897,15.938031449236496,25.0,-2.0894270492684774,1.2404684237028472,1.6736175991832227,False
11.75,-19.0,4.919057514079608,0.6470264234848729,-18.99999999999983,39.94041320050536,-2.2920586372756704,16.090398987131913,25.0,-2.0480337791413277,1.1991863006033265,1.6366315748918805,False
11.75,-18.0,4.675542467772106,0.6308078216822445,-17.99999999999983,39.79671526251121,-2.3990492535105767,16.24238556604874,25.0,-2.0066618458309855,1.1579345546606439,1.5996455506005385,False
11.75,-17.0,4.438456861631212,0.6146063858279774,-16.99999999999983,39.64710511073717,-2.5110063906492286,16.39396030453201,25.0,-1.9653128955372658,1.1167158397476122,1.5626595263091965,False
11.75,-16.0,4.207800695656745,0.5984235101520509,-15.999999999999943,39.49118075780065,-2.6282867005168953,16.545088908490072,25.0,-1.9239887479383093,1.0755331276291396,1.5256735020178551,False
11.75,-15.0,3.9835739698488255,0.582260742195477,-14.999999999999943,39.32850201256296,-2.7512818104719274,16.69573318925141,25.0,-1.8826914196100268,1.0343897569485938,1.488687477726513,False
11.75,-14.0,3.7657766842073945,0.5661198041921001,-13.999999999999943,39.15858581957028,-2.88042268450055,16.8458504981448,25.0,-1.8414231513354145,0.9932894915448007,1.451701453435171,False
11.75,-13.0,3.5544088387325523,0.5500026180775253,-12.999999999999886,38.98090090798123,-3.01618464265358,16.995393060372635,25.0,-1.8001864400768455,0.9522365902375659,1.4147154291438289,False
11.75,-12.0,3.3494704334243552,0.5339113348515124,-11.999999999999943,38.79486163113203,-3.159093154436449,17.144307186799075,25.0,-1.758984076564705,0.91123589079723,1.377729404852487,False
11.75,-11.0,3.1509614682826164,0.5178483691881832,-11.0,38.599820855213615,-3.3097305444415097,17.29253233698374,25.0,-1.717819189684421,0.8702929115727229,1.3407433805611457,False
11.75,-10.0,2.958881943307387,0.5018164404002203,-10.0,38.39506172839505,-3.4687437758818236,17.44,25.0,-1.676695299136041,0.8294139752589694,1.3037573562698037,False
11.75,-9.0,2.773231858498645,0.4858186211315727,-9.0,38.17978812937995,-3.6368535106507682,17.586632350806813,25.0,-1.6356163782160877,0.7886063606295318,1.2667713319784617,False
11.75,-8.0,2.594011213856535,0.4698583954954699,-7.999999999999943,37.95311355609413,-3.8148646840719413,17.73234062854508,25.0,-1.5945869290576526,0.7478784898771383,1.2297853076871197,False
11.75,-7.0,2.4212200093809146,0.45393972881222944,-6.999999999999943,37.714048170396794,-4.003678879593321,17.877023168219957,25.0,-1.553612073298942,0.7072401616826597,1.1927992833957777,False
11.75,-6.0,2.2548582450717833,0.43806715166491467,-5.999999999999943,37.461483663233295,-4.204308844103364,18.02056299759943,25.0,-1.5126976619841783,0.6667028435509934,1.1558132591044357,False
11.75,-5.0,2.094925920929248,0.4222458617188088,-4.999999999999972,37.194175547305235,-4.41789554853062,18.162824885141397,25.0,-1.4718504096057208,0.6262800417222067,1.1188272348130939,False
11.75,-4.0,1.9414230369532253,0.40648184769637313,-3.9999999999999716,36.91072242383558,-4.6457282698923645,18.30365169005354,25.0,-1.4310780586735132,0.5859877737085207,1.0818412105217519,False
11.75,-3.0,1.7943495931437388,0.39078204113265946,-2.9999999999998863,36.60954171275386,-4.8892682463402775,18.442859819007985,25.0,-1.390389583191215,0.545845178168777,1.0448551862304096,False
11.75,-2.0,1.6537055895007962,0.37515450315051574,-1.9999999999998863,36.288841294958516,-5.1501765272898785,18.580233531166275,25.0,-1.3497954421340745,0.5058753108827625,1.0078691619390676,False
11.75,-1.0,1.5194910260243741,0.3596086556154673,-0.9999999999999432,35.946586517478146,-5.43034668801874,18.715517747960234,25.0,-1.309307897762122,0.4661061963534054,0.9708831376477262,False
11.75,0.0,1.3917059027144907,0.3441555688205109,5.684341886080802e-14,35.58046210752589,-5.731943065598427,18.848408908302314,25.0,-1.26894141880518,0.42657223579791775,0.9338971133563841,False
11.75,1.0,1.2703502195711553,0.3288083215247572,1.0000000000000853,35.18782882422382,-6.057445030135002,18.978543252775502,25.0,-1.2287131958815303,0.3873161201731028,0.896911089065042,False
11.75,2.0,1.1554239765943703,0.3135824539970947,2.0000000000000284,34.76567532471026,-6.409697398052781,19.1054817086307,25.0,-1.188643806952405,0.3483914718543127,0.8599250647737002,False
11.75,3.0,1.0469271737840837,0.2984965410233438,3.000000000000057,34.310567068053544,-6.791966170007079,19.2286902673935,25.0,-1.1487580856879467,0.3098665587320702,0.8229390404823581,False
11.75,4.0,0.944859811140333,0.2835729199837556,4.000000000000057,33.81859675596483,-7.207996860375003,19.347514391855952,25.0,-1.1090862676803483,0.2718296220354172,0.7859530161910161,False
11.75,5.0,0.8492218886631355,0.2688386194178203,5.0,33.285346012163224,-7.662068888434414,19.461145582137938,25.0,-1.0696655221855502,0.23439669344851785,0.7489669918996745,False
11.75,6.0,0.7600134063524651,0.2543265460584031,6.000000000000028,32.70587802769245,-8.159032164841378,19.56857788804322,25.0,-1.030542026399286,0.19772336115820396,0.7119809676083326,False
11.75,7.0,0.6772343642083359,0.24007700257764567,7.000000000000028,32.074800157920734,-8.704298090412497,19.66855226661543,25.0,-0.9917738146797634,0.16202300283854523,0.6749949433169907,False
11.75,8.0,0.6008847622307312,0.2261396221374922,8.000000000000028,31.386472358433288,-9.303731355713516,19.759488418222723,25.0,-0.9534347520950419,0.1275960024779433,0.6380089190256487,False
11.75,9.0,0.5309646004196671,0.21257581384405194,9.000000000000057,30.635507348889863,-9.963342920260331,19.839410516987268,25.0,-0.9156201655215019,0.0948784273134362,0.6010228947343066,False
11.75,10.0,0.4674738787751254,0.1994618032596345,10.000000000000057,29.817836499894323,-10.688610336842618,19.90589528762806,25.0,-0.8784549574511009,0.06452693013300398,0.5640368704429647,False
12.0,-20.0,4.803240740740684,0.6326689985516837,-19.999999999999886,39.83852762006116,-2.380260045286536,15.969804687500014,25.0,-2.037451730610559,1.2062017306105555,1.5972222222222199,False
12.0,-19.0,4.574652777777731,0.6174310202887533,-18.999999999999886,39.699305002627696,-2.484549412377822,16.118926376877567,25.0,-1.9977691425155264,1.166627349835274,1.5624999999999976,False
12.0,-18.0,4.3518518518518405,0.6022078719077436,-17.99999999999983,39.5545884808136,-2.5934748554724614,16.267677504009345,25.0,-1.9581068630441183,1.1270819322962013,1.5277777777777752,False
12.0,-17.0,4.1348379629629015,0.5870007071945557,-16.99999999999983,39.40401985315269,-2.707355266529011,16.41602854223838,25.0,-1.9184664321525822,1.0875679661189854,1.493055555555553,False
12.0,-16.0,3.9236111111110734,0.5718108013955223,-15.99999999999983,39.247208275146505,-2.826539497256758,16.563946759259274,25.0,-1.878849549217139,1.048088232344714,1.4583333333333306,False
12.0,-15.0,3.7181712962962603,0.5566395674264347,-14.999999999999943,39.083726439285456,-2.951409939350836,16.711395772594763,25.0,-1.8392580941655916,1.0086458492676322,1.423611111111109,False
12.0,-14.0,3.5185185185185395,0.5414885747116107,-13.999999999999943,38.913106211481654,-3.0823866232102812,16.85833502951354,25.0,-1.7996941520533853,0.9692443250637645,1.3888888888888868,False
12.0,-13.0,3.3246527777777777,0.5263595711565888,-12.999999999999886,38.73483363378324,-3.2199319226855003,17.004719196093177,25.0,-1.7601600417556524,0.9298876205741389,1.3541666666666643,False
12.0,-12.0,3.136574074074055,0.5112545088696084,-11.999999999999943,38.54834318655501,-3.364555970000156,17.15049743652345,25.0,-1.720658349600144,0.8905802246001449,1.3194444444444424,False
12.0,-11.0,2.9542824074074456,0.4961755743860102,-10.999999999999943,38.3530111833766,-3.5168229049550517,17.295612559162176,25.0,-1.6811919689598596,0.8513272447142841,1.28472222222222,False
12.0,-10.0,2.77777777777779,0.4811252243246892,-10.0,38.14814814814814,-3.6773581065104732,17.440000000000005,25.0,-1.6417641470707065,0.8121345174410749,1.2499999999999984,False
12.0,-9.0,2.607060185185195,0.46610622762638515,-9.0,37.93298999568414,-3.8468565836074973,17.58358660666694,25.0,-1.6023785406548958,0.7730087427952045,1.2152777777777761,False
12.0,-8.0,2.4421296296296147,0.4511217158031018,-7.999999999999943,37.70668780381597,-4.026092736433939,17.726289176384846,25.0,-1.563039282337136,0.7339576496840752,1.180555555555554,False
12.0,-7.0,2.2829861111111427,0.4361752429845087,-6.999999999999943,37.468295926238575,-4.215931740060741,17.868012688614545,25.0,-1.5237510603677744,0.6949902007427178,1.1458333333333317,False
12.0,-6.0,2.129629629629587,0.42127085800285974,-5.999999999999943,37.21675815090815,-4.417342850095999,18.00864815657716,25.0,-1.4845192148560657,0.6561168479921614,1.1111111111111096,False
12.0,-5.0,1.9820601851851904,0.406413191344432,-4.999999999999972,36.95089155937247,-4.631414984889392,18.148070000000008,25.0,-1.445349854624386,0.6173498546243847,1.0763888888888875,False
12.0,-4.0,1.8402777777777688,0.39160756055199025,-3.9999999999999716,36.66936769017063,-4.85937500000001,18.286132812500007,25.0,-1.4062499999999987,0.5787037037037042,1.0416666666666654,False
12.0,-3.0,1.7042824074074048,0.3768600986448646,-2.9999999999999716,36.37069055945579,-5.102609135163388,18.42266735842854,25.0,-1.3672277584768309,0.5401956223709703,1.006944444444443,False
12.0,-2.0,1.5740740740740544,0.3621779114001449,-1.9999999999998863,36.053171054760526,-5.362688174894859,18.557475582268985,25.0,-1.3282925423654146,0.501846261373681,0.9722222222222207,False
12.0,-1.0,1.4496527777777617,0.3475692710067258,-0.9999999999998863,35.71489721374972,-5.641396906643742,18.690324344023338,25.0,-1.2894553405348241,0.4636805861886438,0.9374999999999984,False
12.0,0.0,1.3310185185184933,0.33304385578560236,5.684341886080802e-14,35.35369996746694,-5.940768456583715,18.820937500000007,25.0,-1.2507290604714967,0.42572906047149606,0.9027777777777766,False
12.0,1.0,1.2181712962962878,0.31861304852651173,1.0000000000000853,34.967114138830574,-6.263123978418815,18.948985821548334,25.0,-1.2121289626310376,0.3880292396393497,0.8680555555555542,False
12.0,2.0,1.1111111111111094,0.304290309725092,2.0000000000000853,34.55233497508835,-6.611117863221017,19.07407407407408,25.0,-1.1736732171790984,0.35062794968938926,0.833333333333332,False
12.0,3.0,1.0098379629629632,0.29009164686396427,3.0000000000000284,34.10617150430616,-6.98778793885038,19.195724353755345,25.0,-1.1353836248231972,0.31358431686471727,0.79861111111111,False
12.0,4.0,0.9143518518518454,0.2760362071437739,4.000000000000057,33.624999999999986,-7.396608684427113,19.313354492187504,25.0,-1.0972865602407205,0.276974060240721,0.7638888888888877,False
12.0,5.0,0.8246527777777759,0.2621470290024563,5.0,33.10472467521211,-7.8415426474723375,19.42625,25.0,-1.059414221266603,0.2408957027480833,0.7291666666666659,False
12.0,6.0,0.7407407407407347,0.24845199749997562,6.0,32.540760031259396,-8.327079816978394,19.533527696793005,25.0,-1.0218063036974983,0.20547977308525375,0.6944444444444436,False
12.0,7.0,0.6626157407407391,0.2349850599401196,7.0,31.928063134381254,-8.858244482397392,19.634089098771057,25.0,-0.9845122769530231,0.17090280949740205,0.6597222222222214,False
12.0,8.0,0.5902777777777792,0.22178776975932404,8.0,31.261270299853802,-9.440530220044506,19.7265625,25.0,-0.9475945206137941,0.13740933542860947,0.6249999999999993,False
12.0,9.0,0.523726851851851,0.20891123550682375,9.000000000000057,30.53504195906814,-10.079689788689842,19.809236476333588,25.0,-0.9111327133595946,0.10534758939265394,0.590277777777777,False
12.0,10.0,0.4629629629629597,0.19641855032959585,10.0,29.74481014686565,-10.78125000000001,19.880000000000003,25.0,-0.875230072069494,0.07523007206949324,0.5555555555555549,False
