s_m,t_s,speed_mps,road_limit_mps,traffic_limit_mps,combined_limit_mps,admissible_speed_mps,accel_mps2,x_m,y_m
0.0,0.0,25.0,inf,25.0,25.0,25.0,0.0,0.0,0.0
1.0,0.04,25.0,inf,25.0,25.0,25.0,0.0,1.0,0.0
2.0,0.08,25.0,inf,25.0,25.0,25.0,0.0,2.0,0.0
3.0,0.12,25.0,inf,25.0,25.0,25.0,0.0,3.0,0.0
4.0,0.16,25.0,inf,25.0,25.0,25.0,0.0,4.0,0.0
5.0,0.2,25.0,inf,25.0,25.0,25.0,0.0,5.0,0.0
6.0,0.24000000000000002,25.0,inf,25.0,25.0,25.0,0.0,6.0,0.0
7.0,0.28,25.0,inf,25.0,25.0,25.0,0.0,7.0,0.0
8.0,0.32,25.0,inf,25.0,25.0,25.0,0.0,8.0,0.0
9.0,0.36,25.0,inf,25.0,25.0,25.0,0.0,9.0,0.0
10.0,0.39999999999999997,25.0,inf,25.0,25.0,25.0,0.0,10.0,0.0
11.0,0.43999999999999995,25.0,inf,25.0,25.0,25.0,0.0,11.0,0.0
12.0,0.4799999999999999,25.0,inf,25.0,25.0,25.0,0.0,12.0,0.0
13.0,0.5199999999999999,25.0,inf,25.0,25.0,25.0,0.0,13.0,0.0
14.0,0.5599999999999999,25.0,inf,25.0,25.0,25.0,0.0,14.0,0.0
15.0,0.6,25.0,inf,25.0,25.0,25.0,0.0,15.0,0.0
16.0,0.64,25.0,inf,25.0,25.0,25.0,0.0,16.0,0.0
17.0,0.68,25.0,inf,25.0,25.0,25.0,0.0,17.0,0.0
18.0,0.7200000000000001,25.0,inf,25.0,25.0,25.0,0.0,18.0,0.0
19.0,0.7600000000000001,25.0,inf,25.0,25.0,25.0,0.0,19.0,0.0
20.0,0.8000000000000002,25.0,inf,25.0,25.0,25.0,0.0,20.0,0.0
21.0,0.8400000000000002,25.0,inf,25.0,25.0,25.0,0.0,21.0,0.0
22.0,0.8800000000000002,25.0,inf,25.0,25.0,25.0,0.0,22.0,0.0
23.0,0.9200000000000003,25.0,inf,25.0,25.0,25.0,0.0,23.0,0.0
24.0,0.9600000000000003,25.0,inf,25.0,25.0,25.0,0.0,24.0,0.0
25.0,1.0000000000000002,25.0,inf,25.0,25.0,25.0,0.0,25.0,0.0
26.0,1.0400000000000003,25.0,inf,25.0,25.0,25.0,0.0,26.0,0.0
27.0,1.0800000000000003,25.0,inf,25.0,25.0,25.0,0.0,27.0,0.0
28.0,1.1200000000000003,25.0,inf,25.0,25.0,25.0,0.0,28.0,0.0
29.0,1.1600000000000004,25.0,inf,25.0,25.0,25.0,0.0,29.0,0.0
30.0,1.2000000000000004,25.0,inf,25.0,25.0,25.0,0.0,30.0,0.0
31.0,1.2400000000000004,25.0,inf,25.0,25.0,25.0,0.0,31.0,0.0
32.0,1.2800000000000005,25.0,inf,25.0,25.0,25.0,0.0,32.0,0.0
33.0,1.3200000000000005,25.0,inf,25.0,25.0,25.0,0.0,33.0,0.0
34.0,1.3600000000000005,25.0,inf,25.0,25.0,25.0,0.0,34.0,0.0
35.0,1.4000000000000006,25.0,inf,25.0,25.0,25.0,0.0,35.0,0.0
36.0,1.4400000000000006,25.0,inf,25.0,25.0,25.0,0.0,36.0,0.0
37.0,1.4800000000000006,25.0,inf,25.0,25.0,25.0,0.0,37.0,0.0
38.0,1.5200000000000007,25.0,inf,25.0,25.0,25.0,0.0,38.0,0.0
39.0,1.5600000000000007,25.0,inf,25.0,25.0,25.0,0.0,39.0,0.0
40.0,1.6000000000000008,25.0,inf,25.0,25.0,25.0,0.0,40.0,0.0
41.0,1.6400000000000008,25.0,inf,25.0,25.0,25.0,0.0,41.0,0.0
42.0,1.6800000000000008,25.0,inf,25.0,25.0,25.0,0.0,42.0,0.0
43.0,1.7200000000000009,25.0,inf,25.0,25.0,25.0,0.0,43.0,0.0
44.0,1.760000000000001,25.0,inf,25.0,25.0,25.0,0.0,44.0,0.0
45.0,1.800000000000001,25.0,inf,25.0,25.0,25.0,0.0,45.0,0.0
46.0,1.840000000000001,25.0,inf,25.0,25.0,25.0,0.0,46.0,0.0
47.0,1.880000000000001,25.0,inf,25.0,25.0,25.0,0.0,47.0,0.0
48.0,1.920000000000001,25.0,inf,25.0,25.0,25.0,0.0,48.0,0.0
49.0,1.960000000000001,25.0,inf,25.0,25.0,25.0,0.0,49.0,0.0
50.0,2.000000000000001,25.0,inf,25.0,25.0,25.0,0.0,50.0,0.0
51.0,2.040000000000001,25.0,inf,25.0,25.0,25.0,0.0,51.0,0.0
52.0,2.080000000000001,25.0,inf,25.0,25.0,25.0,0.0,52.0,0.0
53.0,2.120000000000001,25.0,inf,25.0,25.0,25.0,0.0,53.0,0.0
54.0,2.160000000000001,25.0,inf,25.0,25.0,25.0,0.0,54.0,0.0
55.0,2.200000000000001,25.0,inf,25.0,25.0,25.0,0.0,55.0,0.0
56.0,2.240000000000001,25.0,inf,25.0,25.0,25.0,0.0,56.0,0.0
57.0,2.280000000000001,25.0,inf,25.0,25.0,25.0,0.0,57.0,0.0
58.0,2.320000000000001,25.0,inf,25.0,25.0,25.0,0.0,58.0,0.0
59.0,2.360000000000001,25.0,inf,25.0,25.0,25.0,0.0,59.0,0.0
60.0,2.4000000000000012,25.0,inf,25.0,25.0,25.0,0.0,60.0,0.0
61.0,2.4400000000000013,25.0,inf,25.0,25.0,25.0,0.0,61.0,0.0
62.0,2.4800000000000013,25.0,inf,25.0,25.0,25.0,0.0,62.0,0.0
63.0,2.5200000000000014,25.0,inf,25.0,25.0,25.0,0.0,63.0,0.0
64.0,2.5600000000000014,25.0,inf,25.0,25.0,25.0,0.0,64.0,0.0
65.0,2.6000000000000014,25.0,inf,25.0,25.0,25.0,0.0,65.0,0.0
66.0,2.6400000000000015,25.0,inf,25.0,25.0,25.0,0.0,66.0,0.0
67.0,2.6800000000000015,25.0,inf,25.0,25.0,25.0,0.0,67.0,0.0
68.0,2.7200000000000015,25.0,inf,25.0,25.0,25.0,0.0,68.0,0.0
69.0,2.7600000000000016,25.0,inf,25.0,25.0,25.0,0.0,69.0,0.0
70.0,2.8000000000000016,25.0,inf,25.0,25.0,25.0,0.0,70.0,0.0
71.0,2.8400000000000016,25.0,inf,25.0,25.0,25.0,0.0,71.0,0.0
72.0,2.8800000000000017,25.0,inf,25.0,25.0,25.0,0.0,72.0,0.0
73.0,2.9200000000000017,25.0,inf,25.0,25.0,25.0,0.0,73.0,0.0
74.0,2.9600000000000017,25.0,inf,25.0,25.0,25.0,0.0,74.0,0.0
75.0,3.0000000000000018,25.0,inf,25.0,25.0,25.0,0.0,75.0,0.0
76.0,3.040000000000002,25.0,inf,25.0,25.0,25.0,0.0,76.0,0.0
77.0,3.080000000000002,25.0,inf,25.0,25.0,25.0,0.0,77.0,0.0
78.0,3.120000000000002,25.0,inf,25.0,25.0,25.0,0.0,78.0,0.0
79.0,3.160000000000002,25.0,inf,25.0,25.0,25.0,0.0,79.0,0.0
80.0,3.200000000000002,25.0,inf,25.0,25.0,25.0,0.0,80.0,0.0
81.0,3.240000000000002,25.0,inf,25.0,25.0,25.0,0.0,81.0,0.0
82.0,3.280000000000002,25.0,inf,25.0,25.0,25.0,0.0,82.0,0.0
83.0,3.320000000000002,25.0,inf,25.0,25.0,25.0,0.0,83.0,0.0
84.0,3.360000000000002,25.0,inf,25.0,25.0,25.0,0.0,84.0,0.0
85.0,3.400000000000002,25.0,inf,25.0,25.0,25.0,0.0,85.0,0.0
86.0,3.440000000000002,25.0,inf,25.0,25.0,25.0,0.0,86.0,0.0
87.0,3.480000000000002,25.0,inf,25.0,25.0,25.0,0.0,87.0,0.0
88.0,3.5200000000000022,25.0,inf,25.0,25.0,25.0,0.0,88.0,0.0
89.0,3.5600000000000023,25.0,inf,25.0,25.0,25.0,0.0,89.0,0.0
90.0,3.6000000000000023,25.0,inf,25.0,25.0,25.0,0.0,90.0,0.0
91.0,3.6400000000000023,25.0,inf,25.0,25.0,25.0,0.0,91.0,0.0
92.0,3.6800000000000024,25.0,inf,25.0,25.0,25.0,0.0,92.0,0.0
93.0,3.7200000000000024,25.0,inf,25.0,25.0,25.0,0.0,93.0,0.0
94.0,3.7600000000000025,25.0,inf,25.0,25.0,25.0,0.0,94.0,0.0
95.0,3.8000000000000025,25.0,inf,25.0,25.0,25.0,0.0,95.0,0.0
96.0,3.8400000000000025,25.0,inf,25.0,25.0,25.0,0.0,96.0,0.0
97.0,3.8800000000000026,25.0,inf,25.0,25.0,25.0,0.0,97.0,0.0
98.0,3.9200000000000026,25.0,inf,25.0,25.0,25.0,0.0,98.0,0.0
99.0,3.9600000000000026,25.0,inf,25.0,25.0,25.0,0.0,99.0,0.0
100.0,4.000000000000003,25.0,inf,25.0,25.0,25.0,0.0,100.0,0.0
101.0,4.040000000000003,25.0,inf,25.0,25.0,25.0,0.0,101.0,0.0
102.0,4.080000000000003,25.0,inf,25.0,25.0,25.0,0.0,102.0,0.0
103.0,4.120000000000003,25.0,inf,25.0,25.0,25.0,0.0,103.0,0.0
104.0,4.160000000000003,25.0,inf,25.0,25.0,25.0,0.0,104.0,0.0
105.0,4.200000000000003,25.0,inf,25.0,25.0,25.0,0.0,105.0,0.0
106.0,4.240000000000003,25.0,inf,25.0,25.0,25.0,0.0,106.0,0.0
107.0,4.280000000000003,25.0,inf,25.0,25.0,25.0,0.0,107.0,0.0
108.0,4.320000000000003,25.0,inf,25.0,25.0,25.0,0.0,108.0,0.0
109.0,4.360000000000003,25.0,inf,25.0,25.0,25.0,0.0,109.0,0.0
110.0,4.400000000000003,25.0,inf,25.0,25.0,25.0,0.0,110.0,0.0
111.0,4.440000000000003,25.0,inf,25.0,25.0,25.0,0.0,111.0,0.0
112.0,4.480000000000003,25.0,inf,25.0,25.0,25.0,0.0,112.0,0.0
113.0,4.520000000000003,25.0,inf,25.0,25.0,25.0,0.0,113.0,0.0
114.0,4.560000000000003,25.0,inf,25.0,25.0,25.0,0.0,114.0,0.0
115.0,4.600000000000003,25.0,inf,25.0,25.0,25.0,0.0,115.0,0.0
116.0,4.640000000000003,25.0,inf,25.0,25.0,25.0,0.0,116.0,0.0
117.0,4.680000000000003,25.0,inf,25.0,25.0,25.0,0.0,117.0,0.0
118.0,4.720000000000003,25.0,inf,25.0,25.0,25.0,0.0,118.0,0.0
119.0,4.760000000000003,25.0,inf,25.0,25.0,25.0,0.0,119.0,0.0
120.0,4.800000000000003,25.0,inf,25.0,25.0,25.0,0.0,120.0,0.0
121.0,4.840000000000003,25.0,inf,25.0,25.0,25.0,0.0,121.0,0.0
122.0,4.8800000000000034,25.0,inf,25.0,25.0,25.0,0.0,122.0,0.0
123.0,4.9200000000000035,25.0,inf,25.0,25.0,25.0,0.0,123.0,0.0
124.0,4.9600000000000035,25.0,inf,25.0,25.0,25.0,0.0,124.0,0.0
125.0,5.0000000000000036,25.0,inf,25.0,25.0,25.0,0.0,125.0,0.0
126.0,5.040000000000004,25.0,inf,25.0,25.0,25.0,0.0,126.0,0.0
127.0,5.080000000000004,25.0,inf,25.0,25.0,25.0,0.0,127.0,0.0
128.0,5.120000000000004,25.0,inf,25.0,25.0,25.0,0.0,128.0,0.0
129.0,5.160000000000004,25.0,inf,25.0,25.0,25.0,0.0,129.0,0.0
130.0,5.200000000000004,25.0,inf,25.0,25.0,25.0,0.0,130.0,0.0
131.0,5.240000000000004,25.0,inf,25.0,25.0,25.0,0.0,131.0,0.0
132.0,5.280000000000004,25.0,inf,25.0,25.0,25.0,0.0,132.0,0.0
133.0,5.320000000000004,25.0,inf,25.0,25.0,25.0,0.0,133.0,0.0
134.0,5.360000000000004,25.0,inf,25.0,25.0,25.0,0.0,134.0,0.0
135.0,5.400000000000004,25.0,inf,25.0,25.0,25.0,0.0,135.0,0.0
136.0,5.440000000000004,25.0,inf,25.0,25.0,25.0,0.0,136.0,0.0
137.0,5.480000000000004,25.0,inf,25.0,25.0,25.0,0.0,137.0,0.0
138.0,5.520000000000004,25.0,inf,25.0,25.0,25.0,0.0,138.0,0.0
139.0,5.560000000000004,25.0,inf,25.0,25.0,25.0,0.0,139.0,0.0
140.0,5.600000000000004,25.0,inf,25.0,25.0,25.0,0.0,140.0,0.0
141.0,5.640000000000004,25.0,inf,25.0,25.0,25.0,0.0,141.0,0.0
142.0,5.680000000000004,25.0,inf,25.0,25.0,25.0,0.0,142.0,0.0
143.0,5.720000000000004,25.0,inf,25.0,25.0,25.0,0.0,143.0,0.0
144.0,5.760000000000004,25.0,inf,25.0,25.0,25.0,0.0,144.0,0.0
145.0,5.800000000000004,25.0,inf,25.0,25.0,25.0,0.0,145.0,0.0
146.0,5.840000000000004,25.0,inf,25.0,25.0,25.0,0.0,146.0,0.0
147.0,5.880000000000004,25.0,inf,25.0,25.0,25.0,0.0,147.0,0.0
148.0,5.920000000000004,25.0,inf,25.0,25.0,25.0,0.0,148.0,0.0
149.0,5.960000000000004,25.0,inf,25.0,25.0,25.0,0.0,149.0,0.0
150.0,6.000000000000004,25.0,inf,25.0,25.0,25.0,0.0,150.0,0.0
151.0,6.0400000000000045,25.0,inf,25.0,25.0,25.0,0.0,151.0,0.0
152.0,6.0800000000000045,25.0,inf,25.0,25.0,25.0,0.0,152.0,0.0
153.0,6.1200000000000045,25.0,inf,25.0,25.0,25.0,0.0,153.0,0.0
154.0,6.160000000000005,25.0,inf,25.0,25.0,25.0,0.0,154.0,0.0
155.0,6.200000000000005,25.0,inf,25.0,25.0,25.0,0.0,155.0,0.0
156.0,6.240000000000005,25.0,inf,25.0,25.0,25.0,0.0,156.0,0.0
157.0,6.280000000000005,25.0,inf,25.0,25.0,25.0,0.0,157.0,0.0
158.0,6.320000000000005,25.0,inf,25.0,25.0,25.0,0.0,158.0,0.0
159.0,6.360000000000005,25.0,inf,25.0,25.0,25.0,0.0,159.0,0.0
160.0,6.400000000000005,25.0,inf,25.0,25.0,25.0,0.0,160.0,0.0
161.0,6.440000000000005,25.0,inf,25.0,25.0,25.0,0.0,161.0,0.0
162.0,6.480000000000005,25.0,inf,25.0,25.0,25.0,0.0,162.0,0.0
163.0,6.520000000000005,25.0,inf,25.0,25.0,25.0,0.0,163.0,0.0
164.0,6.560000000000005,25.0,inf,25.0,25.0,25.0,0.0,164.0,0.0
165.0,6.600000000000005,25.0,inf,25.0,25.0,25.0,0.0,165.0,0.0
166.0,6.640000000000005,25.0,inf,25.0,25.0,25.0,0.0,166.0,0.0
167.0,6.680000000000005,25.0,inf,25.0,25.0,25.0,0.0,167.0,0.0
168.0,6.720000000000005,25.0,inf,25.0,25.0,25.0,0.0,168.0,0.0
169.0,6.760000000000005,25.0,inf,25.0,25.0,25.0,0.0,169.0,0.0
170.0,6.800000000000005,25.0,inf,25.0,25.0,25.0,0.0,170.0,0.0
171.0,6.840000000000005,25.0,inf,25.0,25.0,25.0,0.0,171.0,0.0
172.0,6.880000000000005,25.0,inf,25.0,25.0,25.0,0.0,172.0,0.0
173.0,6.920000000000005,25.0,inf,25.0,25.0,25.0,0.0,173.0,0.0
174.0,6.960000000000005,25.0,inf,25.0,25.0,25.0,0.0,174.0,0.0
175.0,7.000000000000005,25.0,inf,25.0,25.0,25.0,0.0,175.0,0.0
176.0,7.040000000000005,25.0,inf,25.0,25.0,25.0,0.0,176.0,0.0
177.0,7.080000000000005,25.0,inf,25.0,25.0,25.0,0.0,177.0,0.0
178.0,7.120000000000005,25.0,inf,25.0,25.0,25.0,0.0,178.0,0.0
179.0,7.1600000000000055,25.0,inf,25.0,25.0,25.0,0.0,179.0,0.0
180.0,7.2000000000000055,25.0,inf,25.0,25.0,25.0,0.0,180.0,0.0
181.0,7.2400000000000055,25.0,inf,25.0,25.0,25.0,0.0,181.0,0.0
182.0,7.280000000000006,25.0,inf,25.0,25.0,25.0,0.0,182.0,0.0
183.0,7.320000000000006,25.0,inf,25.0,25.0,25.0,0.0,183.0,0.0
184.0,7.360000000000006,25.0,inf,25.0,25.0,25.0,0.0,184.0,0.0
185.0,7.400000000000006,25.0,inf,25.0,25.0,25.0,0.0,185.0,0.0
186.0,7.440000000000006,25.0,inf,25.0,25.0,25.0,0.0,186.0,0.0
187.0,7.480000000000006,25.0,inf,25.0,25.0,25.0,0.0,187.0,0.0
188.0,7.520000000000006,25.0,inf,25.0,25.0,25.0,0.0,188.0,0.0
189.0,7.560000000000006,25.0,inf,25.0,25.0,25.0,0.0,189.0,0.0
190.0,7.600000000000006,25.0,inf,25.0,25.0,25.0,0.0,190.0,0.0
191.0,7.640000000000006,25.0,inf,25.0,25.0,25.0,0.0,191.0,0.0
192.0,7.680000000000006,25.0,inf,25.0,25.0,25.0,0.0,192.0,0.0
193.0,7.720000000000006,25.0,inf,25.0,25.0,25.0,0.0,193.0,0.0
194.0,7.760000000000006,25.0,inf,25.0,25.0,25.0,0.0,194.0,0.0
195.0,7.800000000000006,25.0,inf,25.0,25.0,25.0,0.0,195.0,0.0
196.0,7.840000000000006,25.0,inf,25.0,25.0,25.0,0.0,196.0,0.0
197.0,7.880000000000006,25.0,inf,25.0,25.0,25.0,0.0,197.0,0.0
198.0,7.920000000000006,25.0,inf,25.0,25.0,25.0,0.0,198.0,0.0
199.0,7.960000000000006,25.0,inf,25.0,25.0,25.0,0.0,199.0,0.0
200.0,8.000000000000005,25.0,inf,25.0,25.0,25.0,0.0,200.0,0.0
201.0,8.040000000000004,25.0,inf,25.0,25.0,25.0,0.0,201.0,0.0
202.0,8.080000000000004,25.0,inf,25.0,25.0,25.0,0.0,202.0,0.0
203.0,8.120000000000003,25.0,inf,25.0,25.0,25.0,0.0,203.0,0.0
204.0,8.160000000000002,25.0,inf,25.0,25.0,25.0,0.0,204.0,0.0
205.0,8.200000000000001,25.0,inf,25.0,25.0,25.0,0.0,205.0,0.0
206.0,8.24,25.0,inf,25.0,25.0,25.0,0.0,206.0,0.0
207.0,8.28,25.0,inf,25.0,25.0,25.0,0.0,207.0,0.0
208.0,8.319999999999999,25.0,inf,25.0,25.0,25.0,0.0,208.0,0.0
209.0,8.359999999999998,25.0,inf,25.0,25.0,25.0,0.0,209.0,0.0
210.0,8.399999999999997,25.0,inf,25.0,25.0,25.0,0.0,210.0,0.0
211.0,8.439999999999996,25.0,inf,25.0,25.0,25.0,0.0,211.0,0.0
212.0,8.479999999999995,25.0,inf,25.0,25.0,25.0,0.0,212.0,0.0
213.0,8.519999999999994,25.0,inf,25.0,25.0,25.0,0.0,213.0,0.0
214.0,8.559999999999993,25.0,inf,25.0,25.0,25.0,0.0,214.0,0.0
215.0,8.599999999999993,25.0,inf,25.0,25.0,25.0,0.0,215.0,0.0
216.0,8.639999999999992,25.0,inf,25.0,25.0,25.0,0.0,216.0,0.0
217.0,8.67999999999999,25.0,inf,25.0,25.0,25.0,0.0,217.0,0.0
218.0,8.71999999999999,25.0,inf,25.0,25.0,25.0,0.0,218.0,0.0
219.0,8.75999999999999,25.0,inf,25.0,25.0,25.0,0.0,219.0,0.0
220.0,8.799999999999988,25.0,inf,25.0,25.0,25.0,0.0,220.0,0.0
221.0,8.839999999999987,25.0,inf,25.0,25.0,25.0,0.0,221.0,0.0
222.0,8.879999999999987,25.0,inf,25.0,25.0,25.0,0.0,222.0,0.0
223.0,8.919999999999986,25.0,inf,25.0,25.0,25.0,0.0,223.0,0.0
224.0,8.959999999999985,25.0,inf,25.0,25.0,25.0,0.0,224.0,0.0
225.0,8.999999999999984,25.0,inf,25.0,25.0,25.0,0.0,225.0,0.0
226.0,9.039999999999983,25.0,inf,25.0,25.0,25.0,0.0,226.0,0.0
227.0,9.079999999999982,25.0,inf,25.0,25.0,25.0,0.0,227.0,0.0
228.0,9.119999999999981,25.0,inf,25.0,25.0,25.0,0.0,228.0,0.0
229.0,9.15999999999998,25.0,inf,25.0,25.0,25.0,0.0,229.0,0.0
230.0,9.19999999999998,25.0,inf,25.0,25.0,25.0,0.0,230.0,0.0
231.0,9.239999999999979,25.0,inf,25.0,25.0,25.0,0.0,231.0,0.0
232.0,9.279999999999978,25.0,inf,25.0,25.0,25.0,0.0,232.0,0.0
233.0,9.319999999999977,25.0,inf,25.0,25.0,25.0,0.0,233.0,0.0
234.0,9.359999999999976,25.0,inf,25.0,25.0,25.0,0.0,234.0,0.0
235.0,9.399999999999975,25.0,inf,25.0,25.0,25.0,0.0,235.0,0.0
236.0,9.439999999999975,25.0,inf,25.0,25.0,25.0,0.0,236.0,0.0
237.0,9.479999999999974,25.0,inf,25.0,25.0,25.0,0.0,237.0,0.0
238.0,9.519999999999973,25.0,inf,25.0,25.0,25.0,0.0,238.0,0.0
239.0,9.559999999999972,25.0,inf,25.0,25.0,25.0,0.0,239.0,0.0
240.0,9.599999999999971,25.0,inf,25.0,25.0,25.0,0.0,240.0,0.0
241.0,9.63999999999997,25.0,inf,25.0,25.0,25.0,0.0,241.0,0.0
242.0,9.67999999999997,25.0,inf,25.0,25.0,25.0,0.0,242.0,0.0
243.0,9.719999999999969,25.0,inf,25.0,25.0,25.0,0.0,243.0,0.0
244.0,9.759999999999968,25.0,inf,25.0,25.0,25.0,0.0,244.0,0.0
245.0,9.799999999999967,25.0,inf,25.0,25.0,25.0,0.0,245.0,0.0
246.0,9.839999999999966,25.0,inf,25.0,25.0,25.0,0.0,246.0,0.0
247.0,9.879999999999965,25.0,inf,25.0,25.0,25.0,0.0,247.0,0.0
248.0,9.919999999999964,25.0,inf,25.0,25.0,25.0,0.0,248.0,0.0
249.0,9.959999999999964,25.0,inf,25.0,25.0,25.0,0.0,249.0,0.0
250.0,9.999999999999963,25.0,inf,25.0,25.0,25.0,0.0,250.0,0.0
251.0,10.039999999999962,25.0,inf,25.0,25.0,25.0,0.0,251.0,0.0
252.0,10.079999999999961,25.0,inf,25.0,25.0,25.0,0.0,252.0,0.0
253.0,10.11999999999996,25.0,inf,25.0,25.0,25.0,0.0,253.0,0.0
254.0,10.15999999999996,25.0,inf,25.0,25.0,25.0,0.0,254.0,0.0
255.0,10.199999999999958,25.0,inf,25.0,25.0,25.0,0.0,255.0,0.0
256.0,10.239999999999958,25.0,inf,25.0,25.0,25.0,0.0,256.0,0.0
257.0,10.279999999999957,25.0,inf,25.0,25.0,25.0,0.0,257.0,0.0
258.0,10.319999999999956,25.0,inf,25.0,25.0,25.0,0.0,258.0,0.0
259.0,10.359999999999955,25.0,inf,25.0,25.0,25.0,0.0,259.0,0.0
260.0,10.399999999999954,25.0,inf,25.0,25.0,25.0,0.0,260.0,0.0
261.0,10.439999999999953,25.0,inf,25.0,25.0,25.0,0.0,261.0,0.0
262.0,10.479999999999952,25.0,inf,25.0,25.0,25.0,0.0,262.0,0.0
263.0,10.519999999999952,25.0,inf,25.0,25.0,25.0,0.0,263.0,0.0
264.0,10.55999999999995,25.0,inf,25.0,25.0,25.0,0.0,264.0,0.0
265.0,10.59999999999995,25.0,inf,25.0,25.0,25.0,0.0,265.0,0.0
266.0,10.639999999999949,25.0,inf,25.0,25.0,25.0,0.0,266.0,0.0
267.0,10.679999999999948,25.0,inf,25.0,25.0,25.0,0.0,267.0,0.0
268.0,10.719999999999947,25.0,inf,25.0,25.0,25.0,0.0,268.0,0.0
269.0,10.759999999999946,25.0,inf,25.0,25.0,25.0,0.0,269.0,0.0
270.0,10.799999999999946,25.0,inf,25.0,25.0,25.0,0.0,270.0,0.0
271.0,10.839999999999945,25.0,inf,25.0,25.0,25.0,0.0,271.0,0.0
272.0,10.879999999999944,25.0,inf,25.0,25.0,25.0,0.0,272.0,0.0
273.0,10.919999999999943,25.0,inf,25.0,25.0,25.0,0.0,273.0,0.0
274.0,10.959999999999942,25.0,inf,25.0,25.0,25.0,0.0,274.0,0.0
275.0,10.999999999999941,25.0,inf,25.0,25.0,25.0,0.0,275.0,0.0
276.0,11.03999999999994,25.0,inf,25.0,25.0,25.0,0.0,276.0,0.0
277.0,11.07999999999994,25.0,inf,25.0,25.0,25.0,0.0,277.0,0.0
278.0,11.119999999999939,25.0,inf,25.0,25.0,25.0,0.0,278.0,0.0
279.0,11.159999999999938,25.0,inf,25.0,25.0,25.0,0.0,279.0,0.0
280.0,11.199999999999937,25.0,inf,25.0,25.0,25.0,0.0,280.0,0.0
281.0,11.239999999999936,25.0,inf,25.0,25.0,25.0,0.0,281.0,0.0
282.0,11.279999999999935,25.0,inf,25.0,25.0,25.0,0.0,282.0,0.0
283.0,11.319999999999935,25.0,inf,25.0,25.0,25.0,0.0,283.0,0.0
284.0,11.359999999999934,25.0,inf,25.0,25.0,25.0,0.0,284.0,0.0
285.0,11.399999999999933,25.0,inf,25.0,25.0,25.0,0.0,285.0,0.0
286.0,11.439999999999932,25.0,inf,25.0,25.0,25.0,0.0,286.0,0.0
287.0,11.479999999999931,25.0,inf,25.0,25.0,25.0,0.0,287.0,0.0
288.0,11.51999999999993,25.0,inf,25.0,25.0,25.0,0.0,288.0,0.0
289.0,11.55999999999993,25.0,inf,25.0,25.0,25.0,0.0,289.0,0.0
290.0,11.599999999999929,25.0,inf,25.0,25.0,25.0,0.0,290.0,0.0
291.0,11.639999999999928,25.0,inf,25.0,25.0,25.0,-0.049382716049592545,291.0,0.0
292.0,11.680001580371712,24.998024613314964,inf,25.0,25.0,24.998024613314964,-2.0,292.0,0.0
293.0,11.720068962117809,24.917889849822775,inf,25.0,25.0,24.917889849822775,-2.0,293.0,0.0
294.0,11.760265615082655,24.83749654389308,inf,25.0,25.0,24.83749654389308,-2.0,294.0,0.0
295.0,11.800592798619933,24.75684217681853,inf,25.0,25.0,24.75684217681853,-1.9999999999999432,295.0,0.0
296.0,11.841051792664699,24.675924188729,inf,25.0,25.0,24.675924188729,-2.000000000000057,296.0,0.0
297.0,11.881643898207392,24.59473997764361,inf,25.0,25.0,24.59473997764361,-2.0,297.0,0.0
298.0,11.922370437781959,24.513286898494474,inf,25.0,25.0,24.513286898494474,-1.9999999999999432,298.0,0.0
299.0,11.963232755968637,24.431562262121123,inf,25.0,25.0,24.431562262121123,-2.0,299.0,0.0
300.0,12.00423221991191,24.349563334234578,inf,25.0,25.0,24.349563334234578,-2.0,300.0,0.0
301.0,12.04537021985423,24.267287334349938,inf,25.0,25.0,24.267287334349938,-2.000000000000057,301.0,0.0
302.0,12.086648169686077,24.184731434686242,inf,25.0,25.0,24.184731434686242,-1.9999999999999432,302.0,0.0
303.0,12.128067507512974,24.101892759032452,inf,25.0,25.0,24.101892759032452,-1.9999999999999432,303.0,0.0
304.0,12.169629696240097,24.01876838157821,inf,25.0,25.0,24.01876838157821,-1.9999999999999432,304.0,0.0
305.0,12.211336224175172,23.93535532570806,inf,25.0,25.0,23.93535532570806,-2.0,305.0,0.0
306.0,12.253188605650337,23.85165056275773,inf,25.0,25.0,23.85165056275773,-2.0,306.0,0.0
307.0,12.295188381663714,23.767651010730976,inf,25.0,25.0,23.767651010730976,-2.0,307.0,0.0
308.0,12.337337120541472,23.68335353297546,inf,25.0,25.0,23.68335353297546,-1.9999999999999432,308.0,0.0
309.0,12.379636418621162,23.59875493681608,inf,25.0,25.0,23.59875493681608,-2.0,309.0,0.0
310.0,12.422087900957191,23.51385197214402,inf,25.0,25.0,23.51385197214402,-2.0,310.0,0.0
311.0,12.464693222049293,23.428641329959817,inf,25.0,25.0,23.428641329959817,-2.0,311.0,0.0
312.0,12.507454066594946,23.34311964086851,inf,25.0,25.0,23.34311964086851,-2.0,312.0,0.0
313.0,12.550372150266679,23.257283473525046,inf,25.0,25.0,23.257283473525046,-2.0,313.0,0.0
314.0,12.593449220515303,23.1711293330278,inf,25.0,25.0,23.1711293330278,-1.9999999999999432,314.0,0.0
315.0,12.636687057400122,23.084653659258166,inf,25.0,25.0,23.084653659258166,-1.9999999999999432,315.0,0.0
316.0,12.68008747444723,22.99785282516395,inf,25.0,25.0,22.99785282516395,-2.000000000000057,316.0,0.0
317.0,12.723652319537091,22.910723134984224,inf,25.0,25.0,22.910723134984224,-2.0,317.0,0.0
318.0,12.767383475822603,22.823260822413204,inf,25.0,25.0,22.823260822413204,-1.9999999999999432,318.0,0.0
319.0,12.811282862678947,22.735462048700516,inf,25.0,25.0,22.735462048700516,-2.000000000000057,319.0,0.0
320.0,12.855352436686593,22.647322900685225,inf,25.0,25.0,22.647322900685225,-1.9999999999999432,320.0,0.0
321.0,12.899594192648852,22.558839388760706,inf,25.0,25.0,22.558839388760706,-2.0000000000000284,321.0,0.0
322.0,12.944010164645515,22.47000744476738,inf,25.0,25.0,22.47000744476738,-2.0000000000000284,322.0,0.0
323.0,12.988602427124107,22.380822919810196,inf,25.0,25.0,22.380822919810196,-2.0,323.0,0.0
324.0,13.03337309603045,22.29128158199751,inf,25.0,25.0,22.29128158199751,-2.0,324.0,0.0
325.0,13.078324329980267,22.201379114097875,inf,25.0,25.0,22.201379114097875,-2.0,325.0,0.0
326.0,13.123458331473648,22.111111111111114,inf,25.0,25.0,22.111111111111114,-2.0000000000000284,326.0,0.0
327.0,13.168777348154332,22.020473077749745,inf,25.0,25.0,22.020473077749745,-1.9999999999999716,327.0,0.0
328.0,13.214283674115832,21.929460425826747,inf,25.0,25.0,21.929460425826747,-1.9999999999999716,328.0,0.0
329.0,13.259979651256549,21.838068471545313,inf,25.0,25.0,21.838068471545313,-2.0000000000000284,329.0,0.0
330.0,13.305867670686148,21.746292432686115,inf,25.0,25.0,21.746292432686115,-2.0000000000000284,330.0,0.0
331.0,13.351950174185573,21.654127425687264,inf,25.0,25.0,21.654127425687264,-2.0000000000000284,331.0,0.0
332.0,13.39822965572324,21.561568462611927,inf,25.0,25.0,21.561568462611927,-2.0000000000000284,332.0,0.0
333.0,13.44470866303006,21.468610447998287,inf,25.0,25.0,21.468610447998287,-2.0,333.0,0.0
334.0,13.491389799236103,21.3752481755862,inf,25.0,25.0,21.3752481755862,-2.0,334.0,0.0
335.0,13.538275724571896,21.281476324914614,inf,25.0,25.0,21.281476324914614,-1.9999999999999716,335.0,0.0
336.0,13.585369158137484,21.18728945778344,inf,25.0,25.0,21.18728945778344,-2.0000000000000284,336.0,0.0
337.0,13.632672879742586,21.092682014573235,inf,25.0,25.0,21.092682014573235,-2.0000000000000284,337.0,0.0
338.0,13.680189731821377,20.99764831041565,inf,25.0,25.0,20.99764831041565,-2.0,338.0,0.0
339.0,13.727922621425629,20.902182531207146,inf,25.0,25.0,20.902182531207146,-2.0,339.0,0.0
340.0,13.775874522300144,20.806278729458114,inf,25.0,25.0,20.806278729458114,-1.9999999999999716,340.0,0.0
341.0,13.82404847704471,20.709930819968985,inf,25.0,25.0,20.709930819968985,-1.9999999999999716,341.0,0.0
342.0,13.872447599366987,20.613132575324432,inf,25.0,25.0,20.613132575324432,-2.0000000000000284,342.0,0.0
343.0,13.921075076431077,20.515877621196253,inf,25.0,25.0,20.515877621196253,-1.9999999999999716,343.0,0.0
344.0,13.969934171306766,20.418159431444874,inf,25.0,25.0,20.418159431444874,-2.0000000000000284,344.0,0.0
345.0,14.019028225524789,20.31997132300883,inf,25.0,25.0,20.31997132300883,-2.0000000000000284,345.0,0.0
346.0,14.068360661743743,20.22130645057092,inf,25.0,25.0,20.22130645057092,-2.0000000000000284,346.0,0.0
347.0,14.11793498653472,20.122157800988965,inf,25.0,25.0,20.122157800988965,-2.0000000000000284,347.0,0.0
348.0,14.167754793290031,20.022518187478344,inf,25.0,25.0,20.022518187478344,-2.0,348.0,0.0
349.0,14.217823765262866,19.922380243532675,inf,25.0,25.0,19.922380243532675,-2.0,349.0,0.0
350.0,14.268145678745165,19.821736416568076,inf,25.0,25.0,19.821736416568076,-2.0,350.0,0.0
351.0,14.318724406391464,19.72057896127548,inf,25.0,25.0,19.72057896127548,-1.9999999999999716,351.0,0.0
352.0,14.36956392069698,19.618899932664448,inf,25.0,25.0,19.618899932664448,-2.0,352.0,0.0
353.0,14.420668297638793,19.51669117878082,inf,25.0,25.0,19.51669117878082,-1.9999999999999716,353.0,0.0
354.0,14.472041720489562,19.413944333079282,inf,25.0,25.0,19.413944333079282,-2.0,354.0,0.0
355.0,14.523688483813872,19.31065080643066,inf,25.0,25.0,19.31065080643066,-1.9999999999999716,355.0,0.0
356.0,14.575612997658016,19.206801778742374,inf,25.0,25.0,19.206801778742374,-2.0,356.0,0.0
357.0,14.627819791944793,19.10238819016882,inf,25.0,25.0,19.10238819016882,-2.0,357.0,0.0
358.0,14.680313521085697,18.997400731887012,inf,25.0,25.0,18.997400731887012,-2.0000000000000284,358.0,0.0
359.0,14.733098968823805,18.891829836410796,inf,25.0,25.0,18.891829836410796,-2.0,359.0,0.0
360.0,14.786181053321616,18.785665667415174,inf,25.0,25.0,18.785665667415174,-1.9999999999999716,360.0,0.0
361.0,14.839564832509161,18.678898109040084,inf,25.0,25.0,18.678898109040084,-2.0,361.0,0.0
362.0,14.89325550970884,18.571516754640726,inf,25.0,25.0,18.571516754640726,-2.0,362.0,0.0
363.0,14.947258439554693,18.46351089494902,inf,25.0,25.0,18.46351089494902,-2.0,363.0,0.0
364.0,15.001579134225166,18.354869505608075,inf,25.0,25.0,18.354869505608075,-1.9999999999999716,364.0,0.0
365.0,15.056223270009907,18.245581234038593,inf,25.0,25.0,18.245581234038593,-2.0,365.0,0.0
366.0,15.11119669423273,18.135634385592947,inf,25.0,25.0,18.135634385592947,-2.0,366.0,0.0
367.0,15.166505432554649,18.02501690894911,inf,25.0,25.0,18.02501690894911,-1.9999999999999716,367.0,0.0
368.0,15.222155696682806,17.913716380692794,inf,25.0,25.0,17.913716380692794,-2.0000000000000284,368.0,0.0
369.0,15.278153892513206,17.801719989031994,inf,25.0,25.0,17.801719989031994,-2.0000000000000284,369.0,0.0
370.0,15.334506628737461,17.689014516583484,inf,25.0,25.0,17.689014516583484,-2.0,370.0,0.0
371.0,15.391220725946308,17.57558632216579,inf,25.0,25.0,17.57558632216579,-1.9999999999999716,371.0,0.0
372.0,15.448303226265367,17.461421321527673,inf,25.0,25.0,17.461421321527673,-2.0,372.0,0.0
373.0,15.505761403561694,17.34650496693502,inf,25.0,25.0,17.34650496693502,-1.9999999999999716,373.0,0.0
374.0,15.563602774263003,17.2308222255324,inf,25.0,25.0,17.2308222255324,-2.0000000000000284,374.0,0.0
375.0,15.62183510883511,17.114357556388182,inf,25.0,25.0,17.114357556388182,-2.0,375.0,0.0
376.0,15.680466443967221,16.99709488612396,inf,25.0,25.0,16.99709488612396,-2.0,376.0,0.0
377.0,15.739505095519158,16.879017583020087,inf,25.0,25.0,16.879017583020087,-2.0,377.0,0.0
378.0,15.798959672289579,16.760108429479246,inf,25.0,25.0,16.760108429479246,-2.0000000000000284,378.0,0.0
379.0,15.858839090669733,16.640349592718934,inf,25.0,25.0,16.640349592718934,-2.0000000000000284,379.0,0.0
380.0,15.91915259025337,16.51972259355166,inf,25.0,25.0,16.51972259355166,-1.9999999999999716,380.0,0.0
381.0,15.979909750480177,16.398208273098046,inf,25.0,25.0,16.398208273098046,-2.0,381.0,0.0
382.0,16.041120508397647,16.27578675726311,inf,25.0,25.0,16.27578675726311,-2.0,382.0,0.0
383.0,16.102795177634608,16.15243741878919,inf,25.0,25.0,16.15243741878919,-2.0,383.0,0.0
384.0,16.164944468689022,16.02813883668036,inf,25.0,25.0,16.02813883668036,-2.0000000000000426,384.0,0.0
385.0,16.227579510643057,15.902868752772285,inf,25.0,25.0,15.902868752772285,-1.9999999999999858,385.0,0.0
386.0,16.290711874430084,15.776604025198235,inf,25.0,25.0,15.776604025198235,-2.0,386.0,0.0
387.0,16.35435359779138,15.64932057847564,inf,25.0,25.0,15.64932057847564,-2.0,387.0,0.0
388.0,16.418517212074995,15.520993349908412,inf,25.0,25.0,15.520993349908412,-1.9999999999999858,388.0,0.0
389.0,16.483215771045696,15.391596231967014,inf,25.0,25.0,15.391596231967014,-1.9999999999999858,389.0,0.0
390.0,16.548462881893645,15.26110201027112,inf,25.0,25.0,15.26110201027112,-2.0,390.0,0.0
391.0,16.614272738650413,15.129482296757587,inf,25.0,25.0,15.129482296757587,-1.9999999999999858,391.0,0.0
392.0,16.68066015824478,14.996707457568853,inf,25.0,25.0,14.996707457568853,-1.9999999999999858,392.0,0.0
393.0,16.747640619457773,14.862746535142866,inf,25.0,25.0,14.862746535142866,-2.0,393.0,0.0
394.0,16.815230305067054,14.7275671639243,inf,25.0,25.0,14.7275671639243,-2.000000000000014,394.0,0.0
395.0,16.883446147505754,14.591135479046901,inf,25.0,25.0,14.591135479046901,-2.0,395.0,0.0
396.0,16.952305878400704,14.453416017257002,inf,25.0,25.0,14.453416017257002,-1.9999999999999858,396.0,0.0
397.0,17.021828082400734,14.314371609256945,inf,25.0,25.0,14.314371609256945,-2.0,397.0,0.0
398.0,17.092032255758014,14.173963262542388,inf,25.0,25.0,14.173963262542388,-2.0,398.0,0.0
399.0,17.162938870185723,14.032150033686971,inf,25.0,25.0,14.032150033686971,-2.000000000000014,399.0,0.0
400.0,17.234569442584764,13.88888888888889,inf,25.0,25.0,13.88888888888889,0.0,400.0,0.0
401.0,17.306569442584763,13.88888888888889,17.320508075688775,13.88888888888889,13.88888888888889,13.88888888888889,0.0,400.9999958333385,0.0024999947916715115
402.0,17.378569442584762,13.88888888888889,17.320508075688775,13.88888888888889,13.88888888888889,13.88888888888889,0.0,401.99996666683336,0.009999916666947328
403.0,17.45056944258476,13.88888888888889,17.320508075688775,13.88888888888889,13.88888888888889,13.88888888888889,0.0,402.9998875012656,0.02249957812816561
404.0,17.52256944258476,13.88888888888889,17.320508075688775,13.88888888888889,13.88888888888889,13.88888888888889,0.0,403.9997333386666,0.039998666684448736
405.0,17.59456944258476,13.88888888888889,17.320508075688775,13.88888888888889,13.88888888888889,13.88888888888889,0.0,404.9994791829425,0.06249674485947487
406.0,17.66656944258476,13.88888888888889,17.320508075688775,13.88888888888889,13.88888888888889,13.88888888888889,0.0,405.9991000404991,0.08999325020249138
407.0,17.738569442584758,13.88888888888889,17.320508075688775,13.88888888888889,13.88888888888889,13.88888888888889,0.0,406.9985709208672,0.12248749530228142
408.0,17.810569442584757,13.88888888888889,17.320508075688775,13.88888888888889,13.88888888888889,13.88888888888889,0.0,407.99786683732685,0.15997866780441683
409.0,17.882569442584757,13.88888888888889,17.320508075688775,13.88888888888889,13.88888888888889,13.88888888888889,0.0,408.99696280753204,0.20246583043150856
410.0,17.954569442584756,13.88888888888889,17.320508075688775,13.88888888888889,13.88888888888889,13.88888888888889,0.0,409.99583385413564,0.24994792100674346
411.0,18.026569442584755,13.88888888888889,17.320508075688775,13.88888888888889,13.88888888888889,13.88888888888889,0.0,410.99445500541356,0.3024237524803075
412.0,18.098569442584754,13.88888888888889,17.320508075688775,13.88888888888889,13.88888888888889,13.88888888888889,0.0,411.9928012958889,0.35989201295916207
413.0,18.170569442584753,13.88888888888889,17.320508075688775,13.88888888888889,13.88888888888889,13.88888888888889,0.0,412.9908477669565,0.4223512657397732
414.0,18.242569442584752,13.88888888888889,17.320508075688775,13.88888888888889,13.88888888888889,13.88888888888889,0.0,413.9885694675066,0.489799949344083
415.0,18.31456944258475,13.88888888888889,17.320508075688775,13.88888888888889,13.88888888888889,13.88888888888889,0.0,414.9859414545485,0.5622363775585004
416.0,18.38656944258475,13.88888888888889,17.320508075688775,13.88888888888889,13.88888888888889,13.88888888888889,0.0,415.98293879383453,0.6396587394761122
417.0,18.45856944258475,13.88888888888889,17.320508075688775,13.88888888888889,13.88888888888889,13.88888888888889,0.0,416.9795365604832,0.7220650995419131
418.0,18.53056944258475,13.88888888888889,17.320508075688775,13.88888888888889,13.88888888888889,13.88888888888889,0.0,417.9757098396022,0.8094533976011453
419.0,18.60256944258475,13.88888888888889,17.320508075688775,13.88888888888889,13.88888888888889,13.88888888888889,0.0,418.97143372691147,0.9018214489509457
420.0,18.674569442584747,13.88888888888889,17.320508075688775,13.88888888888889,13.88888888888889,13.88888888888889,0.0,419.96668332936565,0.9991669443948359
421.0,18.746569442584747,13.88888888888889,17.320508075688775,13.88888888888889,13.88888888888889,13.88888888888889,0.0,420.9614337657765,1.10148745030052
422.0,18.818569442584746,13.88888888888889,17.320508075688775,13.88888888888889,13.88888888888889,13.88888888888889,0.0,421.955660167435,1.2087804086606369
423.0,18.890569442584745,13.88888888888889,17.320508075688775,13.88888888888889,13.88888888888889,13.88888888888889,0.0,422.9493376787328,1.321043137156841
424.0,18.962569442584744,13.88888888888889,17.320508075688775,13.88888888888889,13.88888888888889,13.88888888888889,0.0,423.94244145778384,1.43827282922675
425.0,19.034569442584743,13.88888888888889,17.320508075688775,13.88888888888889,13.88888888888889,13.88888888888889,0.0,424.93494667704556,1.5604665541341989
426.0,19.106569442584743,13.88888888888889,17.320508075688775,13.88888888888889,13.88888888888889,13.88888888888889,0.0,425.926828523939,1.687621257042382
427.0,19.17856944258474,13.88888888888889,17.320508075688775,13.88888888888889,13.88888888888889,13.88888888888889,0.0,426.91806220146964,1.819733759090414
428.0,19.25056944258474,13.88888888888889,17.320508075688775,13.88888888888889,13.88888888888889,13.88888888888889,0.0,427.9086229288473,1.9568007574725765
429.0,19.32256944258474,13.88888888888889,17.320508075688775,13.88888888888889,13.88888888888889,13.88888888888889,0.0,428.89848594210525,2.098818825521054
430.0,19.39456944258474,13.88888888888889,17.320508075688775,13.88888888888889,13.88888888888889,13.88888888888889,0.0,429.8876264947198,2.2457844127915516
431.0,19.46656944258474,13.88888888888889,17.320508075688775,13.88888888888889,13.88888888888889,13.88888888888889,0.0,430.8760198582287,2.397693845152027
432.0,19.538569442584738,13.88888888888889,17.320508075688775,13.88888888888889,13.88888888888889,13.88888888888889,0.0,431.8636413228492,2.554543324874614
433.0,19.610569442584737,13.88888888888889,17.320508075688775,13.88888888888889,13.88888888888889,13.88888888888889,0.0,432.85046619809617,2.7163289307304606
434.0,19.682569442584736,13.88888888888889,17.320508075688775,13.88888888888889,13.88888888888889,13.88888888888889,0.0,433.8364698133992,2.883046618087848
435.0,19.754569442584735,13.88888888888889,17.320508075688775,13.88888888888889,13.88888888888889,13.88888888888889,0.0,434.8216275187192,3.054692219013311
436.0,19.826569442584734,13.88888888888889,17.320508075688775,13.88888888888889,13.88888888888889,13.88888888888889,0.0,435.80591468516485,3.2312614423757102
437.0,19.898569442584733,13.88888888888889,17.320508075688775,13.88888888888889,13.88888888888889,13.88888888888889,0.0,436.7893067056082,3.412749873953702
438.0,19.970569442584733,13.88888888888889,17.320508075688775,13.88888888888889,13.88888888888889,13.88888888888889,0.0,437.7717789953001,3.5991529765459385
439.0,20.042569442584732,13.88888888888889,17.320508075688775,13.88888888888889,13.88888888888889,13.88888888888889,0.0,438.7533069924844,3.7904660900845544
440.0,20.11456944258473,13.88888888888889,17.320508075688775,13.88888888888889,13.88888888888889,13.88888888888889,0.0,439.7338661590122,3.9866844317516748
441.0,20.18656944258473,13.88888888888889,17.320508075688775,13.88888888888889,13.88888888888889,13.88888888888889,0.0,440.7134319809556,4.187803096098985
442.0,20.25856944258473,13.88888888888889,17.320508075688775,13.88888888888889,13.88888888888889,13.88888888888889,0.0,441.6919799692199,4.393817055170346
443.0,20.33056944258473,13.88888888888889,17.320508075688775,13.88888888888889,13.88888888888889,13.88888888888889,0.0,442.66948566015645,4.604721158627534
444.0,20.402569442584728,13.88888888888889,17.320508075688775,13.88888888888889,13.88888888888889,13.88888888888889,0.0,443.6459246161739,4.820510133878897
445.0,20.474569442584727,13.88888888888889,17.320508075688775,13.88888888888889,13.88888888888889,13.88888888888889,0.0,444.6212724263491,5.041178586211337
446.0,20.546569442584726,13.88888888888889,17.320508075688775,13.88888888888889,13.88888888888889,13.88888888888889,0.0,445.59550470703766,5.266720998925023
447.0,20.618569442584725,13.88888888888889,17.320508075688775,13.88888888888889,13.88888888888889,13.88888888888889,0.0,446.56859710248335,5.497131733471394
448.0,20.690569442584724,13.88888888888889,17.320508075688775,13.88888888888889,13.88888888888889,13.88888888888889,0.0,447.5405252854269,5.73240502959409
449.0,20.762569442584724,13.88888888888889,17.320508075688775,13.88888888888889,13.88888888888889,13.88888888888889,0.0,448.5112649577144,5.972535005472923
450.0,20.834569442584723,13.88888888888889,17.320508075688775,13.88888888888889,13.88888888888889,13.88888888888889,0.0,449.4807918509046,6.217515657871053
451.0,20.906569442584722,13.88888888888889,17.320508075688775,13.88888888888889,13.88888888888889,13.88888888888889,0.0,450.4490817268756,6.467340862284887
452.0,20.97856944258472,13.88888888888889,17.320508075688775,13.88888888888889,13.88888888888889,13.88888888888889,0.0,451.41611037843103,6.722004373097357
453.0,21.05056944258472,13.88888888888889,17.320508075688775,13.88888888888889,13.88888888888889,13.88888888888889,0.0,452.38185362990487,6.98149982373395
454.0,21.12256944258472,13.88888888888889,17.320508075688775,13.88888888888889,13.88888888888889,13.88888888888889,0.0,453.3462873377662,7.245820726821894
455.0,21.19456944258472,13.88888888888889,17.320508075688775,13.88888888888889,13.88888888888889,13.88888888888889,0.0,454.3093873912226,7.514960474352406
456.0,21.266569442584718,13.88888888888889,17.320508075688775,13.88888888888889,13.88888888888889,13.88888888888889,0.0,455.27112971282276,7.788912337845821
457.0,21.338569442584717,13.88888888888889,17.320508075688775,13.88888888888889,13.88888888888889,13.88888888888889,0.0,456.23149025905883,8.067669468519778
458.0,21.410569442584716,13.88888888888889,17.320508075688775,13.88888888888889,13.88888888888889,13.88888888888889,0.0,457.1904450209671,8.351224897460563
459.0,21.482569442584715,13.88888888888889,17.320508075688775,13.88888888888889,13.88888888888889,13.88888888888889,0.0,458.1479700247285,8.639571535797218
460.0,21.554569442584715,13.88888888888889,17.320508075688775,13.88888888888889,13.88888888888889,13.88888888888889,0.0,459.1040413322679,8.932702174878804
461.0,21.626569442584714,13.88888888888889,17.320508075688775,13.88888888888889,13.88888888888889,13.88888888888889,0.0,460.0586350418523,9.230609486454577
462.0,21.698569442584713,13.88888888888889,17.320508075688775,13.88888888888889,13.88888888888889,13.88888888888889,0.0,461.0117272886887,9.533286022857324
463.0,21.770569442584712,13.88888888888889,17.320508075688775,13.88888888888889,13.88888888888889,13.88888888888889,0.0,461.96329424552056,9.840724217189356
464.0,21.84256944258471,13.88888888888889,17.320508075688775,13.88888888888889,13.88888888888889,13.88888888888889,0.0,462.91331212322353,10.152916383511833
465.0,21.91456944258471,13.88888888888889,17.320508075688775,13.88888888888889,13.88888888888889,13.88888888888889,0.0,463.8617571714002,10.469854717036853
466.0,21.98656944258471,13.88888888888889,17.320508075688775,13.88888888888889,13.88888888888889,13.88888888888889,0.0,464.80860567897366,10.791531294322597
467.0,22.05856944258471,13.88888888888889,17.320508075688775,13.88888888888889,13.88888888888889,13.88888888888889,0.0,465.7538339747806,11.11793807347139
468.0,22.130569442584708,13.88888888888889,17.320508075688775,13.88888888888889,13.88888888888889,13.88888888888889,0.0,466.6974184281629,11.44906689433076
469.0,22.202569442584707,13.88888888888889,17.320508075688775,13.88888888888889,13.88888888888889,13.88888888888889,0.0,467.63933544955825,11.784909478697392
470.0,22.274569442584706,13.88888888888889,17.320508075688775,13.88888888888889,13.88888888888889,13.88888888888889,0.0,468.57956149109026,12.125457430524222
471.0,22.346569442584705,13.88888888888889,17.320508075688775,13.88888888888889,13.88888888888889,13.88888888888889,0.0,469.51807304715686,12.470702236130137
472.0,22.418569442584705,13.88888888888889,17.320508075688775,13.88888888888889,13.88888888888889,13.88888888888889,0.0,470.454846655018,12.820635264413038
473.0,22.490569442584704,13.88888888888889,17.320508075688775,13.88888888888889,13.88888888888889,13.88888888888889,0.0,471.3898588953823,13.175247767065379
474.0,22.562569442584703,13.88888888888889,17.320508075688775,13.88888888888889,13.88888888888889,13.88888888888889,0.0,472.3230863929924,13.534530878793104
475.0,22.634569442584702,13.88888888888889,17.320508075688775,13.88888888888889,13.88888888888889,13.88888888888889,0.0,473.2545058172095,13.898475617537143
476.0,22.7065694425847,13.88888888888889,17.320508075688775,13.88888888888889,13.88888888888889,13.88888888888889,0.0,474.1840938825965,14.267072884697951
477.0,22.7785694425847,13.88888888888889,17.320508075688775,13.88888888888889,13.88888888888889,13.88888888888889,0.0,475.11182734950023,14.640313465363052
478.0,22.8505694425847,13.88888888888889,17.320508075688775,13.88888888888889,13.88888888888889,13.88888888888889,0.0,476.0376830246323,15.018188028537383
479.0,22.9225694425847,13.88888888888889,17.320508075688775,13.88888888888889,13.88888888888889,13.88888888888889,0.0,476.961637761649,15.400687127376544
480.0,22.994569442584698,13.88888888888889,17.320508075688775,13.88888888888889,13.88888888888889,13.88888888888889,0.0,477.8836684617301,15.78780119942298
481.0,23.066569442584697,13.88888888888889,17.320508075688775,13.88888888888889,13.88888888888889,13.88888888888889,0.0,478.8037520741561,16.179520566845063
482.0,23.138569442584696,13.88888888888889,17.320508075688775,13.88888888888889,13.88888888888889,13.88888888888889,0.0,479.7218655968846,16.575835436678975
483.0,23.210569442584696,13.88888888888889,17.320508075688775,13.88888888888889,13.88888888888889,13.88888888888889,0.0,480.63798607712533,16.976735901073646
484.0,23.282569442584695,13.88888888888889,17.320508075688775,13.88888888888889,13.88888888888889,13.88888888888889,0.0,481.552090611914,17.38221193753835
485.0,23.354569442584694,13.88888888888889,17.320508075688775,13.88888888888889,13.88888888888889,13.88888888888889,0.0,482.4641563486849,17.792253409193258
486.0,23.426569442584693,13.88888888888889,17.320508075688775,13.88888888888889,13.88888888888889,13.88888888888889,0.0,483.37416048584214,18.206850065022984
487.0,23.498569442584692,13.88888888888889,17.320508075688775,13.88888888888889,13.88888888888889,13.88888888888889,0.0,484.2820802733296,18.62599154013267
488.0,23.57056944258469,13.88888888888889,17.320508075688775,13.88888888888889,13.88888888888889,13.88888888888889,0.0,485.1878930131999,19.049667356007326
489.0,23.64256944258469,13.88888888888889,17.320508075688775,13.88888888888889,13.88888888888889,13.88888888888889,0.0,486.09157606018175,19.47786692077358
490.0,23.71456944258469,13.88888888888889,17.320508075688775,13.88888888888889,13.88888888888889,13.88888888888889,0.0,486.99310682224603,19.910579529464624
491.0,23.78656944258469,13.88888888888889,17.320508075688775,13.88888888888889,13.88888888888889,13.88888888888889,0.0,487.89246276117063,20.347794364287775
492.0,23.858569442584688,13.88888888888889,17.320508075688775,13.88888888888889,13.88888888888889,13.88888888888889,0.0,488.78962139310397,20.789500494894963
493.0,23.930569442584687,13.88888888888889,17.320508075688775,13.88888888888889,13.88888888888889,13.88888888888889,0.0,489.6845602891269,21.23568687865589
494.0,24.002569442584686,13.88888888888889,17.320508075688775,13.88888888888889,13.88888888888889,13.88888888888889,0.0,490.5772570758137,21.68634236093421
495.0,24.074569442584686,13.88888888888889,17.320508075688775,13.88888888888889,13.88888888888889,13.88888888888889,0.0,491.4676894357911,22.141455675366362
496.0,24.146569442584685,13.88888888888889,17.320508075688775,13.88888888888889,13.88888888888889,13.88888888888889,0.0,492.35583510829656,22.60101544414317
497.0,24.218569442584684,13.88888888888889,17.320508075688775,13.88888888888889,13.88888888888889,13.88888888888889,0.0,493.24167188973456,23.065010178294344
498.0,24.290569442584683,13.88888888888889,17.320508075688775,13.88888888888889,13.88888888888889,13.88888888888889,0.0,494.1251776342316,23.53342827797571
499.0,24.362569442584682,13.88888888888889,17.320508075688775,13.88888888888889,13.88888888888889,13.88888888888889,0.0,495.0063302541902,24.006258032759153
500.0,24.43456944258468,13.88888888888889,17.320508075688775,13.88888888888889,13.88888888888889,13.88888888888889,0.0,495.8851077208406,24.48348762192545
501.0,24.50656944258468,13.88888888888889,17.320508075688775,13.88888888888889,13.88888888888889,13.88888888888889,0.0,496.76148806479205,24.965105114759734
502.0,24.57856944258468,13.88888888888889,17.320508075688775,13.88888888888889,13.88888888888889,13.88888888888889,0.0,497.6354493765815,25.451098470849743
503.0,24.65056944258468,13.88888888888889,17.320508075688775,13.88888888888889,13.88888888888889,13.88888888888889,0.0,498.5069698072217,25.941455540386915
504.0,24.72256944258468,13.88888888888889,17.320508075688775,13.88888888888889,13.88888888888889,13.88888888888889,0.0,499.37602756874736,26.436164064470024
505.0,24.794569442584677,13.88888888888889,17.320508075688775,13.88888888888889,13.88888888888889,13.88888888888889,0.0,500.2426009347596,26.93521167541175
506.0,24.866569442584677,13.88888888888889,17.320508075688775,13.88888888888889,13.88888888888889,13.88888888888889,0.0,501.1066682409694,27.438585897047794
507.0,24.938569442584676,13.88888888888889,17.320508075688775,13.88888888888889,13.88888888888889,13.88888888888889,0.0,501.96820788573916,27.946274145048864
508.0,25.010569442584675,13.88888888888889,17.320508075688775,13.88888888888889,13.88888888888889,13.88888888888889,0.0,502.82719833062265,28.458263727235167
509.0,25.082569442584674,13.88888888888889,17.320508075688775,13.88888888888889,13.88888888888889,13.88888888888889,0.0,503.6836181009034,28.974541843893853
510.0,25.154569442584673,13.88888888888889,17.320508075688775,13.88888888888889,13.88888888888889,13.88888888888889,0.0,504.53744578613185,29.495095588098863
511.0,25.226569442584672,13.88888888888889,17.320508075688775,13.88888888888889,13.88888888888889,13.88888888888889,0.0,505.3886600406603,30.019911946033705
512.0,25.29856944258467,13.88888888888889,17.320508075688775,13.88888888888889,13.88888888888889,13.88888888888889,0.0,506.2372395841767,30.548977797316777
513.0,25.37056944258467,13.88888888888889,17.320508075688775,13.88888888888889,13.88888888888889,13.88888888888889,0.0,507.0831632022367,31.08227991532937
514.0,25.44256944258467,13.88888888888889,17.320508075688775,13.88888888888889,13.88888888888889,13.88888888888889,0.0,507.92640974679387,31.619804967546262
515.0,25.51456944258467,13.88888888888889,17.320508075688775,13.88888888888889,13.88888888888889,13.88888888888889,0.0,508.76695813672853,32.16153951586917
516.0,25.58656944258467,13.88888888888889,17.320508075688775,13.88888888888889,13.88888888888889,13.88888888888889,0.0,509.6047873583747,32.70747001696262
517.0,25.658569442584668,13.88888888888889,17.320508075688775,13.88888888888889,13.88888888888889,13.88888888888889,0.0,510.4398764660455,33.25758282259248
518.0,25.730569442584667,13.88888888888889,17.320508075688775,13.88888888888889,13.88888888888889,13.88888888888889,0.0,511.27220458255675,33.81186417996729
519.0,25.802569442584666,13.88888888888889,17.320508075688775,13.88888888888889,13.88888888888889,13.88888888888889,0.0,512.1017508997488,34.37030023208199
520.0,25.874569442584665,13.88888888888889,17.320508075688775,13.88888888888889,13.88888888888889,13.88888888888889,0.0,512.928494679007,34.93287701806433
521.0,25.946569442584664,13.88888888888889,17.320508075688775,13.88888888888889,13.88888888888889,13.88888888888889,0.0,513.75241525178,35.49958047352399
522.0,26.018569442584663,13.88888888888889,17.320508075688775,13.88888888888889,13.88888888888889,13.88888888888889,0.0,514.5734920200963,36.07039643090408
523.0,26.090569442584663,13.88888888888889,17.320508075688775,13.88888888888889,13.88888888888889,13.88888888888889,0.0,515.3917044570794,36.64531061983543
524.0,26.16256944258466,13.88888888888889,17.320508075688775,13.88888888888889,13.88888888888889,13.88888888888889,0.0,516.207032107461,37.22430866749322
525.0,26.23456944258466,13.88888888888889,17.320508075688775,13.88888888888889,13.88888888888889,13.88888888888889,0.0,517.0194545880925,37.80737609895641
526.0,26.30656944258466,13.88888888888889,17.320508075688775,13.88888888888889,13.88888888888889,13.88888888888889,0.0,517.828951588454,38.39449833756963
527.0,26.37856944258466,13.88888888888889,17.320508075688775,13.88888888888889,13.88888888888889,13.88888888888889,0.0,518.6355028711625,38.985660705307446
528.0,26.45056944258466,13.88888888888889,17.320508075688775,13.88888888888889,13.88888888888889,13.88888888888889,0.0,519.4390882724784,39.58084842314149
529.0,26.522569442584658,13.88888888888889,17.320508075688775,13.88888888888889,13.88888888888889,13.88888888888889,0.0,520.2396877028082,40.18004661140977
530.0,26.594569442584657,13.88888888888889,17.320508075688775,13.88888888888889,13.88888888888889,13.88888888888889,0.0,521.0372811472079,40.78324029018883
531.0,26.666569442584656,13.88888888888889,17.320508075688775,13.88888888888889,13.88888888888889,13.88888888888889,0.0,521.831848665883,41.39041437966811
532.0,26.738569442584655,13.88888888888889,17.320508075688775,13.88888888888889,13.88888888888889,13.88888888888889,0.0,522.6233703946867,42.00155370052698
533.0,26.810569442584654,13.88888888888889,17.320508075688775,13.88888888888889,13.88888888888889,13.88888888888889,0.0,523.4118265456174,42.61664297431427
534.0,26.882569442584654,13.88888888888889,17.320508075688775,13.88888888888889,13.88888888888889,13.88888888888889,0.0,524.1971974073119,43.23566682383015
535.0,26.954569442584653,13.88888888888889,17.320508075688775,13.88888888888889,13.88888888888889,13.88888888888889,0.0,524.97946334554,43.858609773510636
536.0,27.026569442584652,13.88888888888889,17.320508075688775,13.88888888888889,13.88888888888889,13.88888888888889,0.0,525.7586048036937,44.48545624981441
537.0,27.09856944258465,13.88888888888889,17.320508075688775,13.88888888888889,13.88888888888889,13.88888888888889,0.0,526.5346023032773,45.116190581612244
538.0,27.17056944258465,13.88888888888889,17.320508075688775,13.88888888888889,13.88888888888889,13.88888888888889,0.0,527.3074364443936,45.75079700057869
539.0,27.24256944258465,13.88888888888889,17.320508075688775,13.88888888888889,13.88888888888889,13.88888888888889,0.0,528.0770879062294,46.38925964158631
540.0,27.31456944258465,13.88888888888889,17.320508075688775,13.88888888888889,13.88888888888889,13.88888888888889,0.0,528.8435374475382,47.031562543102325
541.0,27.386569442584648,13.88888888888889,17.320508075688775,13.88888888888889,13.88888888888889,13.88888888888889,0.0,529.6067659071214,47.67768964758765
542.0,27.458569442584647,13.88888888888889,17.320508075688775,13.88888888888889,13.88888888888889,13.88888888888889,0.0,530.3667542043073,48.32762480189836
543.0,27.530569442584646,13.88888888888889,17.320508075688775,13.88888888888889,13.88888888888889,13.88888888888889,0.0,531.123483339428,48.981351757689424
544.0,27.602569442584645,13.88888888888889,17.320508075688775,13.88888888888889,13.88888888888889,13.88888888888889,0.0,531.8769343942946,49.63885417182099
545.0,27.674569442584644,13.88888888888889,17.320508075688775,13.88888888888889,13.88888888888889,13.88888888888889,0.0,532.62708853267,50.30011560676697
546.0,27.746569442584644,13.88888888888889,17.320508075688775,13.88888888888889,13.88888888888889,13.88888888888889,0.0,533.3739270007395,50.96511953102591
547.0,27.818569442584643,13.88888888888889,17.320508075688775,13.88888888888889,13.88888888888889,13.88888888888889,0.0,534.1174311275807,51.63384931953436
548.0,27.890569442584642,13.88888888888889,17.320508075688775,13.88888888888889,13.88888888888889,13.88888888888889,0.0,534.857582325629,52.30628825408241
549.0,27.96256944258464,13.88888888888889,17.320508075688775,13.88888888888889,13.88888888888889,13.88888888888889,0.0,535.594362091143,52.98241952373175
550.0,28.03456944258464,13.88888888888889,17.320508075688775,13.88888888888889,13.88888888888889,13.88888888888889,0.0,536.3277520046668,53.66222622523582
551.0,28.10656944258464,13.88888888888889,17.320508075688775,13.88888888888889,13.88888888888889,13.88888888888889,0.0,537.057733731491,54.34569136346252
552.0,28.17856944258464,13.88888888888889,17.320508075688775,13.88888888888889,13.88888888888889,13.88888888888889,0.0,537.7842890221102,55.032797851818955
553.0,28.250569442584638,13.88888888888889,17.320508075688775,13.88888888888889,13.88888888888889,13.88888888888889,0.0,538.5073997126802,55.72352851267874
554.0,28.322569442584637,13.88888888888889,17.320508075688775,13.88888888888889,13.88888888888889,13.88888888888889,0.0,539.2270477254714,56.41786607781132
555.0,28.394569442584636,13.88888888888889,17.320508075688775,13.88888888888889,13.88888888888889,13.88888888888889,0.0,539.9432150693207,57.115793188813726
556.0,28.466569442584635,13.88888888888889,17.320508075688775,13.88888888888889,13.88888888888889,13.88888888888889,0.0,540.6558838400821,57.81729239754454
557.0,28.538569442584635,13.88888888888889,17.320508075688775,13.88888888888889,13.88888888888889,13.88888888888889,0.0,541.3650362210732,58.52234616656005
558.0,28.610569442584634,13.88888888888889,17.320508075688775,13.88888888888889,13.88888888888889,13.88888888888889,0.0,542.0706544835216,59.230936869552785
559.0,28.682569442584633,13.88888888888889,17.320508075688775,13.88888888888889,13.88888888888889,13.88888888888889,0.0,542.7727209870073,59.94304679179208
560.0,28.754569442584632,13.88888888888889,17.320508075688775,13.88888888888889,13.88888888888889,13.88888888888889,0.0,543.4712181799046,60.65865813056692
561.0,28.82656944258463,13.88888888888889,17.320508075688775,13.88888888888889,13.88888888888889,13.88888888888889,0.0,544.1661285998198,61.37775299563115
562.0,28.89856944258463,13.88888888888889,17.320508075688775,13.88888888888889,13.88888888888889,13.88888888888889,0.0,544.8574348740285,62.10031340965061
563.0,28.97056944258463,13.88888888888889,17.320508075688775,13.88888888888889,13.88888888888889,13.88888888888889,0.0,545.5451197199101,62.82632130865253
564.0,29.04256944258463,13.88888888888889,17.320508075688775,13.88888888888889,13.88888888888889,13.88888888888889,0.0,546.2291659453792,63.5557585424773
565.0,29.114569442584628,13.88888888888889,17.320508075688775,13.88888888888889,13.88888888888889,13.88888888888889,0.0,546.9095564493157,64.28860687523203
566.0,29.186569442584627,13.88888888888889,17.320508075688775,13.88888888888889,13.88888888888889,13.88888888888889,0.0,547.5862742219925,65.02484798574659
567.0,29.258569442584626,13.88888888888889,17.320508075688775,13.88888888888889,13.88888888888889,13.88888888888889,0.0,548.2593023455006,65.76446346803154
568.0,29.330569442584626,13.88888888888889,17.320508075688775,13.88888888888889,13.88888888888889,13.88888888888889,0.0,548.9286239941719,66.50743483173838
569.0,29.402569442584625,13.88888888888889,17.320508075688775,13.88888888888889,13.88888888888889,13.88888888888889,0.0,549.5942224349999,67.25374350262167
570.0,29.474569442584624,13.88888888888889,17.320508075688775,13.88888888888889,13.88888888888889,13.88888888888889,0.0,550.2560810280586,68.00337082300356
571.0,29.546569442584623,13.88888888888889,17.320508075688775,13.88888888888889,13.88888888888889,13.88888888888889,0.0,550.9141832269172,68.75629805224004
572.0,29.618569442584622,13.88888888888889,17.320508075688775,13.88888888888889,13.88888888888889,13.88888888888889,0.0,551.5685125790553,69.51250636718962
573.0,29.69056944258462,13.88888888888889,17.320508075688775,13.88888888888889,13.88888888888889,13.88888888888889,0.0,552.2190527262733,70.2719768626838
574.0,29.76256944258462,13.88888888888889,17.320508075688775,13.88888888888889,13.88888888888889,13.88888888888889,0.0,552.865787405101,71.03469055199976
575.0,29.83456944258462,13.88888888888889,17.320508075688775,13.88888888888889,13.88888888888889,13.88888888888889,0.0,553.5087004472055,71.80062836733498
576.0,29.90656944258462,13.88888888888889,17.320508075688775,13.88888888888889,13.88888888888889,13.88888888888889,0.0,554.1477757797938,72.56977116028396
577.0,29.978569442584618,13.88888888888889,17.320508075688775,13.88888888888889,13.88888888888889,13.88888888888889,0.0,554.7829974260163,73.34209970231696
578.0,30.050569442584617,13.88888888888889,17.320508075688775,13.88888888888889,13.88888888888889,13.88888888888889,0.0,555.4143495053647,74.11759468526063
579.0,30.122569442584616,13.88888888888889,17.320508075688775,13.88888888888889,13.88888888888889,13.88888888888889,0.0,556.0418162340701,74.89623672178081
580.0,30.194569442584616,13.88888888888889,17.320508075688775,13.88888888888889,13.88888888888889,13.88888888888889,0.0,556.6653819254967,75.67800634586712
581.0,30.266569442584615,13.88888888888889,17.320508075688775,13.88888888888889,13.88888888888889,13.88888888888889,0.0,557.2850309905348,76.46288401331968
582.0,30.338569442584614,13.88888888888889,17.320508075688775,13.88888888888889,13.88888888888889,13.88888888888889,0.0,557.9007479379901,77.25085010223769
583.0,30.410569442584613,13.88888888888889,17.320508075688775,13.88888888888889,13.88888888888889,13.88888888888889,0.0,558.5125173749709,78.04188491350999
584.0,30.482569442584612,13.88888888888889,17.320508075688775,13.88888888888889,13.88888888888889,13.88888888888889,0.0,559.1203240072732,78.83596867130744
585.0,30.55456944258461,13.88888888888889,17.320508075688775,13.88888888888889,13.88888888888889,13.88888888888889,0.0,559.7241526397629,79.6330815235775
586.0,30.62656944258461,13.88888888888889,17.320508075688775,13.88888888888889,13.88888888888889,13.88888888888889,0.0,560.3239881767554,80.43320354254035
587.0,30.69856944258461,13.88888888888889,17.320508075688775,13.88888888888889,13.88888888888889,13.88888888888889,0.0,560.9198156223938,81.23631472518721
588.0,30.77056944258461,13.88888888888889,17.320508075688775,13.88888888888889,13.88888888888889,13.88888888888889,0.0,561.5116200810229,82.04239499378036
589.0,30.842569442584608,13.88888888888889,17.320508075688775,13.88888888888889,13.88888888888889,13.88888888888889,0.0,562.0993867575619,82.85142419635503
590.0,30.914569442584607,13.88888888888889,17.320508075688775,13.88888888888889,13.88888888888889,13.88888888888889,0.0,562.6831009578748,83.6633821072233
591.0,30.986569442584607,13.88888888888889,17.320508075688775,13.88888888888889,13.88888888888889,13.88888888888889,0.0,563.2627480891367,84.47824842747971
592.0,31.058569442584606,13.88888888888889,17.320508075688775,13.88888888888889,13.88888888888889,13.88888888888889,0.0,563.8383136601997,85.29600278550866
593.0,31.130569442584605,13.88888888888889,17.320508075688775,13.88888888888889,13.88888888888889,13.88888888888889,0.0,564.4097832819543,86.11662473749382
594.0,31.202569442584604,13.88888888888889,17.320508075688775,13.88888888888889,13.88888888888889,13.88888888888889,0.0,564.97714266769,86.94009376792913
595.0,31.274569442584603,13.88888888888889,17.320508075688775,13.88888888888889,13.88888888888889,13.88888888888889,0.0,565.5403776334515,87.76638929013171
596.0,31.346569442584602,13.88888888888889,17.320508075688775,13.88888888888889,13.88888888888889,13.88888888888889,0.0,566.0994740983941,88.59549064675653
597.0,31.4185694425846,13.88888888888889,17.320508075688775,13.88888888888889,13.88888888888889,13.88888888888889,0.0,566.6544180851351,89.42737711031288
598.0,31.4905694425846,13.88888888888889,17.320508075688775,13.88888888888889,13.88888888888889,13.88888888888889,0.0,567.2051957201041,90.26202788368249
599.0,31.5625694425846,13.88888888888889,17.320508075688775,13.88888888888889,13.88888888888889,13.88888888888889,0.0,567.7517932338886,91.09942210063949
600.0,31.6345694425846,13.88888888888889,17.320508075688775,13.88888888888889,13.88888888888889,13.88888888888889,0.0,568.2941969615792,91.93953882637204
601.0,31.7065694425846,13.88888888888889,17.320508075688775,13.88888888888889,13.88888888888889,13.88888888888889,0.0,568.8323933431113,92.78235705800586
602.0,31.778569442584597,13.88888888888889,17.320508075688775,13.88888888888889,13.88888888888889,13.88888888888889,0.0,569.366368923603,93.62785572512891
603.0,31.850569442584597,13.88888888888889,17.320508075688775,13.88888888888889,13.88888888888889,13.88888888888889,0.0,569.8961103536928,94.47601369031865
604.0,31.922569442584596,13.88888888888889,17.320508075688775,13.88888888888889,13.88888888888889,13.88888888888889,0.0,570.4216043898725,95.32680974967009
605.0,31.994569442584595,13.88888888888889,17.320508075688775,13.88888888888889,13.88888888888889,13.88888888888889,0.0,570.9428378948187,96.18022263332604
606.0,32.066569442584594,13.88888888888889,17.320508075688775,13.88888888888889,13.88888888888889,13.88888888888889,0.0,571.4597978377207,97.03623100600893
607.0,32.1385694425846,13.88888888888889,17.320508075688775,13.88888888888889,13.88888888888889,13.88888888888889,0.0,571.972471294607,97.89481346755394
608.0,32.2105694425846,13.88888888888889,17.320508075688775,13.88888888888889,13.88888888888889,13.88888888888889,0.0,572.4808454486677,98.75594855344431
609.0,32.2825694425846,13.88888888888889,17.320508075688775,13.88888888888889,13.88888888888889,13.88888888888889,0.0,572.9849075905756,99.61961473534771
610.0,32.354569442584605,13.88888888888889,17.320508075688775,13.88888888888889,13.88888888888889,13.88888888888889,0.0,573.4846451188034,100.4857904216546
611.0,32.42656944258461,13.88888888888889,17.320508075688775,13.88888888888889,13.88888888888889,13.88888888888889,0.0,573.9800455399388,101.3544539580179
612.0,32.49856944258461,13.88888888888889,17.320508075688775,13.88888888888889,13.88888888888889,13.88888888888889,0.0,574.4710964689973,102.22558362789451
613.0,32.57056944258461,13.88888888888889,17.320508075688775,13.88888888888889,13.88888888888889,13.88888888888889,0.0,574.957785629731,103.09915765308794
614.0,32.642569442584616,13.88888888888889,17.320508075688775,13.88888888888889,13.88888888888889,13.88888888888889,0.0,575.4401008549363,103.97515419429317
615.0,32.71456944258462,13.88888888888889,17.320508075688775,13.88888888888889,13.88888888888889,13.88888888888889,0.0,575.9180300867578,104.85355135164225
616.0,32.78656944258462,13.88888888888889,17.320508075688775,13.88888888888889,13.88888888888889,13.88888888888889,0.0,576.3915613769896,105.734327165252
617.0,32.858569442584624,13.88888888888889,17.320508075688775,13.88888888888889,13.88888888888889,13.88888888888889,0.0,576.8606828873739,106.61745961577293
618.0,32.93056944258463,13.88888888888889,17.320508075688775,13.88888888888889,13.88888888888889,13.88888888888889,0.0,577.3253828898975,107.50292662493983
619.0,33.00256944258463,13.88888888888889,17.320508075688775,13.88888888888889,13.88888888888889,13.88888888888889,0.0,577.7856497670845,108.39070605612353
620.0,33.07456944258463,13.88888888888889,17.320508075688775,13.88888888888889,13.88888888888889,13.88888888888889,0.0,578.2414720122871,109.28077571488454
621.0,33.146569442584635,13.88888888888889,17.320508075688775,13.88888888888889,13.88888888888889,13.88888888888889,0.0,578.6928382299727,110.17311334952768
622.0,33.21856944258464,13.88888888888889,17.320508075688775,13.88888888888889,13.88888888888889,13.88888888888889,0.0,579.1397371360096,111.06769665165865
623.0,33.29056944258464,13.88888888888889,17.320508075688775,13.88888888888889,13.88888888888889,13.88888888888889,0.0,579.5821575579481,111.96450325674138
624.0,33.36256944258464,13.88888888888889,17.320508075688775,13.88888888888889,13.88888888888889,13.88888888888889,0.0,580.020088435301,112.86351074465756
625.0,33.434569442584646,13.88888888888889,17.320508075688775,13.88888888888889,13.88888888888889,13.88888888888889,0.0,580.453518819819,113.76469664026676
626.0,33.50656944258465,13.88888888888889,17.320508075688775,13.88888888888889,13.88888888888889,13.88888888888889,0.0,580.8824378757652,114.66803841396855
627.0,33.57856944258465,13.88888888888889,17.320508075688775,13.88888888888889,13.88888888888889,13.88888888888889,0.0,581.3068348801854,115.57351348226558
628.0,33.650569442584654,13.88888888888889,17.320508075688775,13.88888888888889,13.88888888888889,13.88888888888889,0.0,581.7266992231766,116.4810992083284
629.0,33.72256944258466,13.88888888888889,17.320508075688775,13.88888888888889,13.88888888888889,13.88888888888889,0.0,582.1420204081522,117.39077290256104
630.0,33.79456944258466,13.88888888888889,17.320508075688775,13.88888888888889,13.88888888888889,13.88888888888889,0.0,582.5527880521042,118.30251182316856
631.0,33.86656944258466,13.88888888888889,17.320508075688775,13.88888888888889,13.88888888888889,13.88888888888889,0.0,582.9589918858628,119.21629317672542
632.0,33.938569442584665,13.88888888888889,17.320508075688775,13.88888888888889,13.88888888888889,13.88888888888889,0.0,583.3606217543534,120.13209411874537
633.0,34.01056944258467,13.88888888888889,17.320508075688775,13.88888888888889,13.88888888888889,13.88888888888889,0.0,583.7576676168501,121.04989175425258
634.0,34.08256944258467,13.88888888888889,17.320508075688775,13.88888888888889,13.88888888888889,13.88888888888889,0.0,584.1501195472272,121.96966313835395
635.0,34.15456944258467,13.88888888888889,17.320508075688775,13.88888888888889,13.88888888888889,13.88888888888889,0.0,584.5379677342066,122.8913852768128
636.0,34.226569442584676,13.88888888888889,17.320508075688775,13.88888888888889,13.88888888888889,13.88888888888889,0.0,584.921202481604,123.81503512662361
637.0,34.29856944258468,13.88888888888889,17.320508075688775,13.88888888888889,13.88888888888889,13.88888888888889,0.0,585.2998142085708,124.74058959658838
638.0,34.37056944258468,13.88888888888889,17.320508075688775,13.88888888888889,13.88888888888889,13.88888888888889,0.0,585.6737934498333,125.66802554789341
639.0,34.442569442584684,13.88888888888889,17.320508075688775,13.88888888888889,13.88888888888889,13.88888888888889,0.0,586.0431308559301,126.5973197946883
640.0,34.51456944258469,13.88888888888889,17.320508075688775,13.88888888888889,13.88888888888889,13.88888888888889,0.0,586.4078171934452,127.52844910466527
641.0,34.58656944258469,13.88888888888889,17.320508075688775,13.88888888888889,13.88888888888889,13.88888888888889,0.0,586.7678433452393,128.46139019964008
642.0,34.65856944258469,13.88888888888889,17.320508075688775,13.88888888888889,13.88888888888889,13.88888888888889,0.0,587.1232003106772,129.3961197561339
643.0,34.730569442584695,13.88888888888889,17.320508075688775,13.88888888888889,13.88888888888889,13.88888888888889,0.0,587.4738792058533,130.3326144059566
644.0,34.8025694425847,13.88888888888889,17.320508075688775,13.88888888888889,13.88888888888889,13.88888888888889,0.0,587.8198712638135,131.27085073679058
645.0,34.8745694425847,13.88888888888889,17.320508075688775,13.88888888888889,13.88888888888889,13.88888888888889,0.0,588.1611678347745,132.21080529277654
646.0,34.9465694425847,13.88888888888889,17.320508075688775,13.88888888888889,13.88888888888889,13.88888888888889,0.0,588.4977603863395,133.15245457509948
647.0,35.018569442584706,13.88888888888889,17.320508075688775,13.88888888888889,13.88888888888889,13.88888888888889,0.0,588.8296405037125,134.0957750425764
648.0,35.09056944258471,13.88888888888889,17.320508075688775,13.88888888888889,13.88888888888889,13.88888888888889,0.0,589.1567998899078,135.04074311224477
649.0,35.16256944258471,13.88888888888889,17.320508075688775,13.88888888888889,13.88888888888889,13.88888888888889,0.0,589.4792303659577,135.987335159952
650.0,35.234569442584714,13.88888888888889,17.320508075688775,13.88888888888889,13.88888888888889,13.88888888888889,0.0,589.7969238711172,136.93552752094627
651.0,35.30656944258472,13.88888888888889,17.320508075688775,13.88888888888889,13.88888888888889,13.88888888888889,0.0,590.1098724630652,137.8852964904679
652.0,35.37856944258472,13.88888888888889,17.320508075688775,13.88888888888889,13.88888888888889,13.88888888888889,0.0,590.4180683181031,138.83661832434214
653.0,35.45056944258472,13.88888888888889,17.320508075688775,13.88888888888889,13.88888888888889,13.88888888888889,0.0,590.7215037313507,139.7894692395727
654.0,35.522569442584725,13.88888888888889,17.320508075688775,13.88888888888889,13.88888888888889,13.88888888888889,0.0,591.0201711169384,140.74382541493623
655.0,35.59456944258473,13.88888888888889,17.320508075688775,13.88888888888889,13.88888888888889,13.88888888888889,0.0,591.3140630081972,141.69966299157824
656.0,35.66656944258473,13.88888888888889,17.320508075688775,13.88888888888889,13.88888888888889,13.88888888888889,0.0,591.603172057845,142.6569580736089
657.0,35.73856944258473,13.88888888888889,17.320508075688775,13.88888888888889,13.88888888888889,13.88888888888889,0.0,591.8874910381707,143.6156867287011
658.0,35.810569442584736,13.88888888888889,17.320508075688775,13.88888888888889,13.88888888888889,13.88888888888889,0.0,592.1670128412145,144.57582498868848
659.0,35.88256944258474,13.88888888888889,17.320508075688775,13.88888888888889,13.88888888888889,13.88888888888889,0.0,592.441730478946,145.5373488501644
660.0,35.95456944258474,13.88888888888889,17.320508075688775,13.88888888888889,13.88888888888889,13.88888888888889,0.0,592.7116370834385,146.5002342750825
661.0,36.026569442584744,13.88888888888889,17.320508075688775,13.88888888888889,13.88888888888889,13.88888888888889,0.0,592.9767259070411,147.4644571913573
662.0,36.09856944258475,13.88888888888889,17.320508075688775,13.88888888888889,13.88888888888889,13.88888888888889,0.0,593.2369903225468,148.42999349346607
663.0,36.17056944258475,13.88888888888889,17.320508075688775,13.88888888888889,13.88888888888889,13.88888888888889,0.0,593.4924238233589,149.39681904305155
664.0,36.24256944258475,13.88888888888889,17.320508075688775,13.88888888888889,13.88888888888889,13.88888888888889,0.0,593.7430200236531,150.36490966952542
665.0,36.314569442584755,13.88888888888889,17.320508075688775,13.88888888888889,13.88888888888889,13.88888888888889,0.0,593.9887726585374,151.33424117067236
666.0,36.38656944258476,13.88888888888889,17.320508075688775,13.88888888888889,13.88888888888889,13.88888888888889,0.0,594.229675584209,152.30478931325538
667.0,36.45856944258476,13.88888888888889,17.320508075688775,13.88888888888889,13.88888888888889,13.88888888888889,0.0,594.465722778107,153.2765298336214
668.0,36.53056944258476,13.88888888888889,17.320508075688775,13.88888888888889,13.88888888888889,13.88888888888889,0.0,594.6969083390638,154.24943843830812
669.0,36.602569442584766,13.88888888888889,17.320508075688775,13.88888888888889,13.88888888888889,13.88888888888889,0.0,594.9232264874528,155.223490804651
670.0,36.67456944258477,13.88888888888889,17.320508075688775,13.88888888888889,13.88888888888889,13.88888888888889,0.0,595.1446715653318,156.1986625813917
671.0,36.74656944258477,13.88888888888889,17.320508075688775,13.88888888888889,13.88888888888889,13.88888888888889,0.0,595.3612380365854,157.1749293892865
672.0,36.818569442584774,13.88888888888889,17.320508075688775,13.88888888888889,13.88888888888889,13.88888888888889,0.0,595.5729204870632,158.15226682171615
673.0,36.89056944258478,13.88888888888889,17.320508075688775,13.88888888888889,13.88888888888889,13.88888888888889,0.0,595.7797136247149,159.13065044529563
674.0,36.96256944258478,13.88888888888889,17.320508075688775,13.88888888888889,13.88888888888889,13.88888888888889,0.0,595.9816122797229,160.1100558004854
675.0,37.03456944258478,13.88888888888889,17.320508075688775,13.88888888888889,13.88888888888889,13.88888888888889,0.0,596.1786114046312,161.09045840220256
676.0,37.106569442584785,13.88888888888889,17.320508075688775,13.88888888888889,13.88888888888889,13.88888888888889,0.0,596.370706074472,162.07183374043314
677.0,37.17856944258479,13.88888888888889,17.320508075688775,13.88888888888889,13.88888888888889,13.88888888888889,0.0,596.5578914868885,163.05415728084475
678.0,37.25056944258479,13.88888888888889,17.320508075688775,13.88888888888889,13.88888888888889,13.88888888888889,0.0,596.7401629622553,164.03740446540013
679.0,37.32256944258479,13.88888888888889,17.320508075688775,13.88888888888889,13.88888888888889,13.88888888888889,0.0,596.9175159437949,165.02155071297076
680.0,37.394569442584796,13.88888888888889,17.320508075688775,13.88888888888889,13.88888888888889,13.88888888888889,0.0,597.089945997692,166.00657141995183
681.0,37.4665694425848,13.88888888888889,17.320508075688775,13.88888888888889,13.88888888888889,13.88888888888889,0.0,597.2574488132043,166.99244196087687
682.0,37.5385694425848,13.88888888888889,17.320508075688775,13.88888888888889,13.88888888888889,13.88888888888889,0.0,597.42002020277,167.97913768903373
683.0,37.610569442584804,13.88888888888889,17.320508075688775,13.88888888888889,13.88888888888889,13.88888888888889,0.0,597.577656102113,168.9666339370807
684.0,37.68256944258481,13.88888888888889,17.320508075688775,13.88888888888889,13.88888888888889,13.88888888888889,0.0,597.7303525703439,169.95490601766284
685.0,37.75456944258481,13.88888888888889,17.320508075688775,13.88888888888889,13.88888888888889,13.88888888888889,0.0,597.8781057900591,170.94392922402974
686.0,37.82656944258481,13.88888888888889,17.320508075688775,13.88888888888889,13.88888888888889,13.88888888888889,0.0,598.0209120674356,171.93367883065264
687.0,37.898569442584815,13.88888888888889,17.320508075688775,13.88888888888889,13.88888888888889,13.88888888888889,0.0,598.158767832324,172.92413009384305
688.0,37.97056944258482,13.88888888888889,17.320508075688775,13.88888888888889,13.88888888888889,13.88888888888889,0.0,598.2916696383372,173.91525825237088
689.0,38.04256944258482,13.88888888888889,17.320508075688775,13.88888888888889,13.88888888888889,13.88888888888889,0.0,598.4196141629374,174.90703852808386
690.0,38.11456944258482,13.88888888888889,17.320508075688775,13.88888888888889,13.88888888888889,13.88888888888889,0.0,598.5425982075177,175.89944612652667
691.0,38.186569442584826,13.88888888888889,17.320508075688775,13.88888888888889,13.88888888888889,13.88888888888889,0.0,598.6606186974836,176.89245623756113
692.0,38.25856944258483,13.88888888888889,17.320508075688775,13.88888888888889,13.88888888888889,13.88888888888889,0.0,598.773672682329,177.8860440359861
693.0,38.33056944258483,13.88888888888889,17.320508075688775,13.88888888888889,13.88888888888889,13.88888888888889,0.0,598.8817573357101,178.88018468215841
694.0,38.402569442584834,13.88888888888889,17.320508075688775,13.88888888888889,13.88888888888889,13.88888888888889,0.0,598.9848699555162,179.87485332261366
695.0,38.47456944258484,13.88888888888889,17.320508075688775,13.88888888888889,13.88888888888889,13.88888888888889,0.0,599.0830079639372,180.8700250906877
696.0,38.54656944258484,13.88888888888889,17.320508075688775,13.88888888888889,13.88888888888889,13.88888888888889,0.0,599.176168907528,181.86567510713806
697.0,38.61856944258484,13.88888888888889,17.320508075688775,13.88888888888889,13.88888888888889,13.88888888888889,0.0,599.2643504572699,182.8617784807663
698.0,38.690569442584845,13.88888888888889,17.320508075688775,13.88888888888889,13.88888888888889,13.88888888888889,0.0,599.3475504086286,183.85831030903987
699.0,38.76256944258485,13.88888888888889,17.320508075688775,13.88888888888889,13.88888888888889,13.88888888888889,0.0,599.42576668161,184.85524567871505
700.0,38.83456944258485,13.88888888888889,17.320508075688775,13.88888888888889,13.88888888888889,13.88888888888889,0.0,599.4989973208109,185.8525596664594
701.0,38.90656944258485,13.88888888888889,17.320508075688775,13.88888888888889,13.88888888888889,13.88888888888889,0.0,599.5672404954694,186.85022733947534
702.0,38.978569442584856,13.88888888888889,17.320508075688775,13.88888888888889,13.88888888888889,13.88888888888889,0.0,599.6304944995096,187.84822375612282
703.0,39.05056944258486,13.88888888888889,17.320508075688775,13.88888888888889,13.88888888888889,13.88888888888889,0.0,599.6887577515847,188.84652396654354
704.0,39.12256944258486,13.88888888888889,17.320508075688775,13.88888888888889,13.88888888888889,13.88888888888889,0.0,599.7420287951165,189.84510301328416
705.0,39.194569442584864,13.88888888888889,17.320508075688775,13.88888888888889,13.88888888888889,13.88888888888889,0.0,599.7903062983318,190.84393593192058
706.0,39.26656944258487,13.88888888888889,17.320508075688775,13.88888888888889,13.88888888888889,13.88888888888889,0.0,599.8335890542952,191.8429977516818
707.0,39.33856944258487,13.88888888888889,17.320508075688775,13.88888888888889,13.88888888888889,13.88888888888889,0.0,599.8718759809403,192.8422634960744
708.0,39.41056944258487,13.88888888888889,17.320508075688775,13.88888888888889,13.88888888888889,13.88888888888889,0.0,599.9051661210958,193.84170818350677
709.0,39.482569442584875,13.88888888888889,17.320508075688775,13.88888888888889,13.88888888888889,13.88888888888889,0.0,599.93345864251,194.8413068279138
710.0,39.55456944258488,13.88888888888889,17.320508075688775,13.88888888888889,13.88888888888889,13.88888888888889,0.0,599.9567528378714,195.84103443938153
711.0,39.62656944258488,13.88888888888889,17.320508075688775,13.88888888888889,13.88888888888889,13.88888888888889,0.0,599.9750481248262,196.84086602477157
712.0,39.69856944258488,13.88888888888889,17.320508075688775,13.88888888888889,13.88888888888889,13.88888888888889,0.0,599.9883440459932,197.8407765883465
713.0,39.770569442584886,13.88888888888889,17.320508075688775,13.88888888888889,13.88888888888889,13.88888888888889,0.0,599.9966402689752,198.84074113239424
714.0,39.84256944258489,13.88888888888889,17.320508075688775,13.88888888888889,13.88888888888889,13.88888888888889,0.0,599.9999365863669,199.84073465785335
715.0,39.91456944258489,13.88888888888889,17.320508075688775,13.88888888888889,13.88888888888889,13.88888888888889,0.0,599.9982329157606,200.84073216493763
716.0,39.986569442584894,13.88888888888889,17.320508075688775,13.88888888888889,13.88888888888889,13.88888888888889,0.0,599.991529299748,201.84070865376165
717.0,40.0585694425849,13.88888888888889,17.320508075688775,13.88888888888889,13.88888888888889,13.88888888888889,0.0,599.9798259059191,202.84063912496518
718.0,40.1305694425849,13.88888888888889,17.320508075688775,13.88888888888889,13.88888888888889,13.88888888888889,0.0,599.9631230268582,203.84049858033853
719.0,40.2025694425849,13.88888888888889,17.320508075688775,13.88888888888889,13.88888888888889,13.88888888888889,0.0,599.9414210801363,204.84026202344737
720.0,40.274569442584905,13.88888888888889,17.320508075688775,13.88888888888889,13.88888888888889,13.88888888888889,0.0,599.914720608301,205.83990446025777
721.0,40.34656944258491,13.88888888888889,17.320508075688775,13.88888888888889,13.88888888888889,13.88888888888889,0.0,599.8830222788628,206.83940089976076
722.0,40.41856944258491,13.88888888888889,17.320508075688775,13.88888888888889,13.88888888888889,13.88888888888889,0.0,599.8463268842781,207.83872635459755
723.0,40.49056944258491,13.88888888888889,17.320508075688775,13.88888888888889,13.88888888888889,13.88888888888889,0.0,599.80463534193,208.83785584168368
724.0,40.562569442584916,13.88888888888889,17.320508075688775,13.88888888888889,13.88888888888889,13.88888888888889,0.0,599.7579486941048,209.8367643828341
725.0,40.63456944258492,13.88888888888889,17.320508075688775,13.88888888888889,13.88888888888889,13.88888888888889,0.0,599.7062681079663,210.83542700538723
726.0,40.70656944258492,13.88888888888889,17.320508075688775,13.88888888888889,13.88888888888889,13.88888888888889,0.0,599.6495948755264,211.83381874282964
727.0,40.778569442584924,13.88888888888889,17.320508075688775,13.88888888888889,13.88888888888889,13.88888888888889,0.0,599.5879304136132,212.8319146354198
728.0,40.85056944258493,13.88888888888889,17.320508075688775,13.88888888888889,13.88888888888889,13.88888888888889,0.0,599.5212762638347,213.82968973081242
729.0,40.92256944258493,13.88888888888889,17.320508075688775,13.88888888888889,13.88888888888889,13.88888888888889,0.0,599.4496340925414,214.82711908468204
730.0,40.99456944258493,13.88888888888889,17.320508075688775,13.88888888888889,13.88888888888889,13.88888888888889,0.0,599.3730056907838,215.82417776134682
731.0,41.066569442584935,13.88888888888889,17.320508075688775,13.88888888888889,13.88888888888889,13.88888888888889,0.0,599.2913929742679,216.82084083439167
732.0,41.13856944258494,13.88888888888889,17.320508075688775,13.88888888888889,13.88888888888889,13.88888888888889,0.0,599.2047979833073,217.81708338729183
733.0,41.21056944258494,13.88888888888889,17.320508075688775,13.88888888888889,13.88888888888889,13.88888888888889,0.0,599.1132228827724,218.81288051403524
734.0,41.28256944258494,13.88888888888889,17.320508075688775,13.88888888888889,13.88888888888889,13.88888888888889,0.0,599.0166699620361,219.8082073197456
735.0,41.354569442584946,13.88888888888889,17.320508075688775,13.88888888888889,13.88888888888889,13.88888888888889,0.0,598.9151416349159,220.8030389213047
736.0,41.42656944258495,13.88888888888889,17.320508075688775,13.88888888888889,13.88888888888889,13.88888888888889,0.0,598.8086404396151,221.79735044797422
737.0,41.49856944258495,13.88888888888889,17.320508075688775,13.88888888888889,13.88888888888889,13.88888888888889,0.0,598.6971690386581,222.79111704201785
738.0,41.570569442584954,13.88888888888889,17.320508075688775,13.88888888888889,13.88888888888889,13.88888888888889,0.0,598.5807302188236,223.78431385932242
739.0,41.64256944258496,13.88888888888889,17.320508075688775,13.88888888888889,13.88888888888889,13.88888888888889,0.0,598.4593268910767,224.77691607001935
740.0,41.71456944258496,13.88888888888889,17.320508075688775,13.88888888888889,13.88888888888889,13.88888888888889,0.0,598.3329620904938,225.76889885910492
741.0,41.78656944258496,13.88888888888889,17.320508075688775,13.88888888888889,13.88888888888889,13.88888888888889,0.0,598.2016389761884,226.76023742706118
742.0,41.858569442584965,13.88888888888889,17.320508075688775,13.88888888888889,13.88888888888889,13.88888888888889,0.0,598.0653608312316,227.7509069904755
743.0,41.93056944258497,13.88888888888889,17.320508075688775,13.88888888888889,13.88888888888889,13.88888888888889,0.0,597.9241310625699,228.74088278266046
744.0,42.00256944258497,13.88888888888889,17.320508075688775,13.88888888888889,13.88888888888889,13.88888888888889,0.0,597.7779532009403,229.73014005427274
745.0,42.07456944258497,13.88888888888889,17.320508075688775,13.88888888888889,13.88888888888889,13.88888888888889,0.0,597.6268309007816,230.7186540739321
746.0,42.146569442584976,13.88888888888889,17.320508075688775,13.88888888888889,13.88888888888889,13.88888888888889,0.0,597.4707679401433,231.70640012883953
747.0,42.21856944258498,13.88888888888889,17.320508075688775,13.88888888888889,13.88888888888889,13.88888888888889,0.0,597.3097682205914,232.69335352539517
748.0,42.29056944258498,13.88888888888889,17.320508075688775,13.88888888888889,13.88888888888889,13.88888888888889,0.0,597.1438357671107,233.6794895898154
749.0,42.362569442584984,13.88888888888889,17.320508075688775,13.88888888888889,13.88888888888889,13.88888888888889,0.0,596.9729747280037,234.66478366875006
750.0,42.43456944258499,13.88888888888889,17.320508075688775,13.88888888888889,13.88888888888889,13.88888888888889,0.0,596.7971893747874,235.6492111298984
751.0,42.50656944258499,13.88888888888889,17.320508075688775,13.88888888888889,13.88888888888889,13.88888888888889,0.0,596.6164841020866,236.63274736262528
752.0,42.57856944258499,13.88888888888889,17.320508075688775,13.88888888888889,13.88888888888889,13.88888888888889,0.0,596.4308634275237,237.61536777857603
753.0,42.650569442584995,13.88888888888889,17.320508075688775,13.88888888888889,13.88888888888889,13.88888888888889,0.0,596.2403319916059,238.59704781229144
754.0,42.722569442585,13.88888888888889,17.320508075688775,13.88888888888889,13.88888888888889,13.88888888888889,0.0,596.044894557609,239.57776292182177
755.0,42.794569442585,13.88888888888889,17.320508075688775,13.88888888888889,13.88888888888889,13.88888888888889,0.0,595.8445560114591,240.5574885893405
756.0,42.866569442585,13.88888888888889,17.320508075688775,13.88888888888889,13.88888888888889,13.88888888888889,0.0,595.639321361609,241.53620032175675
757.0,42.938569442585006,13.88888888888889,17.320508075688775,13.88888888888889,13.88888888888889,13.88888888888889,0.0,595.4291957389144,242.51387365132837
758.0,43.01056944258501,13.88888888888889,17.320508075688775,13.88888888888889,13.88888888888889,13.88888888888889,0.0,595.2141843965048,243.49048413627293
759.0,43.08256944258501,13.88888888888889,17.320508075688775,13.88888888888889,13.88888888888889,13.88888888888889,0.0,594.9942927096529,244.4660073613792
760.0,43.154569442585014,13.88888888888889,17.320508075688775,13.88888888888889,13.88888888888889,13.88888888888889,0.0,594.769526175639,245.4404189386174
761.0,43.22656944258502,13.88888888888889,17.320508075688775,13.88888888888889,13.88888888888889,13.88888888888889,0.0,594.539890413615,246.4136945077488
762.0,43.29856944258502,13.88888888888889,17.320508075688775,13.88888888888889,13.88888888888889,13.88888888888889,0.0,594.3053911644631,247.38580973693493
763.0,43.37056944258502,13.88888888888889,17.320508075688775,13.88888888888889,13.88888888888889,13.88888888888889,0.0,594.0660342906519,248.35674032334563
764.0,43.442569442585025,13.88888888888889,17.320508075688775,13.88888888888889,13.88888888888889,13.88888888888889,0.0,593.8218257760913,249.32646199376683
765.0,43.51456944258503,13.88888888888889,17.320508075688775,13.88888888888889,13.88888888888889,13.88888888888889,0.0,593.572771725981,250.29495050520723
766.0,43.58656944258503,13.88888888888889,17.320508075688775,13.88888888888889,13.88888888888889,13.88888888888889,0.0,593.3188783666595,251.26218164550454
767.0,43.65856944258503,13.88888888888889,17.320508075688775,13.88888888888889,13.88888888888889,13.88888888888889,0.0,593.0601520454475,252.22813123393058
768.0,43.730569442585036,13.88888888888889,17.320508075688775,13.88888888888889,13.88888888888889,13.88888888888889,0.0,592.7965992304896,253.19277512179607
769.0,43.80256944258504,13.88888888888889,17.320508075688775,13.88888888888889,13.88888888888889,13.88888888888889,0.0,592.5282265105925,254.15608919305393
770.0,43.87456944258504,13.88888888888889,17.320508075688775,13.88888888888889,13.88888888888889,13.88888888888889,0.0,592.25504059506,255.11804936490262
771.0,43.946569442585044,13.88888888888889,17.320508075688775,13.88888888888889,13.88888888888889,13.88888888888889,0.0,591.977048313526,256.07863158838785
772.0,44.01856944258505,13.88888888888889,17.320508075688775,13.88888888888889,13.88888888888889,13.88888888888889,0.0,591.6942566157828,257.03781184900413
773.0,44.09056944258505,13.88888888888889,17.320508075688775,13.88888888888889,13.88888888888889,13.88888888888889,0.0,591.4066725716084,257.99556616729495
774.0,44.16256944258505,13.88888888888889,17.320508075688775,13.88888888888889,13.88888888888889,13.88888888888889,0.0,591.1143033705888,258.9518705994522
775.0,44.234569442585055,13.88888888888889,17.320508075688775,13.88888888888889,13.88888888888889,13.88888888888889,0.0,590.8171563219388,259.90670123791483
776.0,44.30656944258506,13.88888888888889,17.320508075688775,13.88888888888889,13.88888888888889,13.88888888888889,0.0,590.515238854319,260.8600342119667
777.0,44.37856944258506,13.88888888888889,17.320508075688775,13.88888888888889,13.88888888888889,13.88888888888889,0.0,590.2085585156507,261.811845688333
778.0,44.45056944258506,13.88888888888889,17.320508075688775,13.88888888888889,13.88888888888889,13.88888888888889,0.0,589.8971229729261,262.7621118717765
779.0,44.522569442585066,13.88888888888889,17.320508075688775,13.88888888888889,13.88888888888889,13.88888888888889,0.0,589.5809400120177,263.710809005692
780.0,44.59456944258507,13.88888888888889,17.320508075688775,13.88888888888889,13.88888888888889,13.88888888888889,0.0,589.2600175374829,264.6579133727007
781.0,44.66656944258507,13.88888888888889,17.320508075688775,13.88888888888889,13.88888888888889,13.88888888888889,0.0,588.9343635723669,265.60340129524263
782.0,44.738569442585074,13.88888888888889,17.320508075688775,13.88888888888889,13.88888888888889,13.88888888888889,0.0,588.6039862580021,266.54724913616906
783.0,44.81056944258508,13.88888888888889,17.320508075688775,13.88888888888889,13.88888888888889,13.88888888888889,0.0,588.2688938538039,267.4894332993331
784.0,44.88256944258508,13.88888888888889,17.320508075688775,13.88888888888889,13.88888888888889,13.88888888888889,0.0,587.929094737065,268.4299302301796
785.0,44.95456944258508,13.88888888888889,17.320508075688775,13.88888888888889,13.88888888888889,13.88888888888889,0.0,587.5845974027457,269.36871641633456
786.0,45.026569442585085,13.88888888888889,17.320508075688775,13.88888888888889,13.88888888888889,13.88888888888889,0.0,587.2354104632612,270.30576838819195
787.0,45.09856944258509,13.88888888888889,17.320508075688775,13.88888888888889,13.88888888888889,13.88888888888889,0.0,586.881542648267,271.2410627195015
788.0,45.17056944258509,13.88888888888889,17.320508075688775,13.88888888888889,13.88888888888889,13.88888888888889,0.0,586.5230028044401,272.17457602795344
789.0,45.24256944258509,13.88888888888889,17.320508075688775,13.88888888888889,13.88888888888889,13.88888888888889,0.0,586.1597998952577,273.1062849757638
790.0,45.314569442585096,13.88888888888889,17.320508075688775,13.88888888888889,13.88888888888889,13.88888888888889,0.0,585.7919430007739,274.03616627025735
791.0,45.3865694425851,13.88888888888889,17.320508075688775,13.88888888888889,13.88888888888889,13.88888888888889,0.0,585.4194413173916,274.96419666445024
792.0,45.4585694425851,13.88888888888889,17.320508075688775,13.88888888888889,13.88888888888889,13.88888888888889,0.0,585.0423041576337,275.8903529576309
793.0,45.530569442585104,13.88888888888889,17.320508075688775,13.88888888888889,13.88888888888889,13.88888888888889,0.0,584.6605409499093,276.8146119959402
794.0,45.60256944258511,13.88888888888889,17.320508075688775,13.88888888888889,13.88888888888889,13.88888888888889,0.0,584.274161238279,277.7369506729504
795.0,45.67456944258511,13.88888888888889,17.320508075688775,13.88888888888889,13.88888888888889,13.88888888888889,0.0,583.8831746822154,278.6573459302426
796.0,45.74656944258511,13.88888888888889,17.320508075688775,13.88888888888889,13.88888888888889,13.88888888888889,0.0,583.4875910563619,279.5757747579832
797.0,45.818569442585115,13.88888888888889,17.320508075688775,13.88888888888889,13.88888888888889,13.88888888888889,0.0,583.0874202502887,280.49221419549946
798.0,45.89056944258512,13.88888888888889,17.320508075688775,13.88888888888889,13.88888888888889,13.88888888888889,0.0,582.682672268245,281.4066413318531
799.0,45.96256944258512,13.88888888888889,17.320508075688775,13.88888888888889,13.88888888888889,13.88888888888889,0.0,582.2733572289094,282.3190333064134
800.0,46.03456944258512,13.88888888888889,17.320508075688775,13.88888888888889,13.88888888888889,13.88888888888889,0.0,581.8594853651364,283.2293673094285
801.0,46.106569442585126,13.88888888888889,17.320508075688775,13.88888888888889,13.88888888888889,13.88888888888889,0.0,581.4410670237011,284.1376205825957
802.0,46.17856944258513,13.88888888888889,17.320508075688775,13.88888888888889,13.88888888888889,13.88888888888889,0.0,581.0181126650402,285.0437704196305
803.0,46.25056944258513,13.88888888888889,17.320508075688775,13.88888888888889,13.88888888888889,13.88888888888889,0.0,580.5906328629908,285.94779416683417
804.0,46.322569442585134,13.88888888888889,17.320508075688775,13.88888888888889,13.88888888888889,13.88888888888889,0.0,580.1586383045254,286.8496692236601
805.0,46.39456944258514,13.88888888888889,17.320508075688775,13.88888888888889,13.88888888888889,13.88888888888889,0.0,579.7221397894858,287.7493730432788
806.0,46.46656944258514,13.88888888888889,17.320508075688775,13.88888888888889,13.88888888888889,13.88888888888889,0.0,579.2811482303119,288.64688313314184
807.0,46.53856944258514,13.88888888888889,17.320508075688775,13.88888888888889,13.88888888888889,13.88888888888889,0.0,578.8356746517699,289.54217705554345
808.0,46.610569442585145,13.88888888888889,17.320508075688775,13.88888888888889,13.88888888888889,13.88888888888889,0.0,578.3857301906759,290.43523242818236
809.0,46.68256944258515,13.88888888888889,17.320508075688775,13.88888888888889,13.88888888888889,13.88888888888889,0.0,577.931326095618,291.32602692472074
810.0,46.75456944258515,13.88888888888889,17.320508075688775,13.88888888888889,13.88888888888889,13.88888888888889,0.0,577.4724737266752,292.21453827534253
811.0,46.82656944258515,13.88888888888889,17.320508075688775,13.88888888888889,13.88888888888889,13.88888888888889,0.0,577.0091845551323,293.10074426731035
812.0,46.898569442585156,13.88888888888889,17.320508075688775,13.88888888888889,13.88888888888889,13.88888888888889,0.0,576.5414701631948,293.9846227455204
813.0,46.97056944258516,13.88888888888889,17.320508075688775,13.88888888888889,13.88888888888889,13.88888888888889,0.0,576.0693422436981,294.8661516130569
814.0,47.04256944258516,13.88888888888889,17.320508075688775,13.88888888888889,13.88888888888889,13.88888888888889,0.0,575.5928125998156,295.74530883174396
815.0,47.114569442585164,13.88888888888889,17.320508075688775,13.88888888888889,13.88888888888889,13.88888888888889,0.0,575.1118931447636,296.62207242269704
816.0,47.18656944258517,13.88888888888889,17.320508075688775,13.88888888888889,13.88888888888889,13.88888888888889,0.0,574.6265959015033,297.4964204668719
817.0,47.25856944258517,13.88888888888889,17.320508075688775,13.88888888888889,13.88888888888889,13.88888888888889,0.0,574.1369330024406,298.368331105613
818.0,47.33056944258517,13.88888888888889,17.320508075688775,13.88888888888889,13.88888888888889,13.88888888888889,0.0,573.6429166891226,299.23778254119975
819.0,47.402569442585175,13.88888888888889,17.320508075688775,13.88888888888889,13.88888888888889,13.88888888888889,0.0,573.1445593119311,300.10475303739173
820.0,47.47456944258518,13.88888888888889,17.320508075688775,13.88888888888889,13.88888888888889,13.88888888888889,0.0,572.6418733297747,300.9692209199715
821.0,47.54656944258518,13.88888888888889,17.320508075688775,13.88888888888889,13.88888888888889,13.88888888888889,0.0,572.1348713097769,301.83116457728704
822.0,47.61856944258518,13.88888888888889,17.320508075688775,13.88888888888889,13.88888888888889,13.88888888888889,0.0,571.6235659269618,302.6905624607919
823.0,47.690569442585186,13.88888888888889,17.320508075688775,13.88888888888889,13.88888888888889,13.88888888888889,0.0,571.1079699639371,303.54739308558374
824.0,47.76256944258519,13.88888888888889,17.320508075688775,13.88888888888889,13.88888888888889,13.88888888888889,0.0,570.5880963105752,304.40163503094146
825.0,47.83456944258519,13.88888888888889,17.320508075688775,13.88888888888889,13.88888888888889,13.88888888888889,0.0,570.0639579636904,305.253266940861
826.0,47.906569442585194,13.88888888888889,17.320508075688775,13.88888888888889,13.88888888888889,13.88888888888889,0.0,569.5355680267139,306.10226752458897
827.0,47.9785694425852,13.88888888888889,17.320508075688775,13.88888888888889,13.88888888888889,13.88888888888889,0.0,569.0029397093667,306.948615557155
828.0,48.0505694425852,13.88888888888889,17.320508075688775,13.88888888888889,13.88888888888889,13.88888888888889,0.0,568.4660863273291,307.7922898799023
829.0,48.1225694425852,13.88888888888889,17.320508075688775,13.88888888888889,13.88888888888889,13.88888888888889,0.0,567.9250213019076,308.6332694010168
830.0,48.194569442585205,13.88888888888889,17.320508075688775,13.88888888888889,13.88888888888889,13.88888888888889,0.0,567.3797581596996,309.4715330960542
831.0,48.26656944258521,13.88888888888889,17.320508075688775,13.88888888888889,13.88888888888889,13.88888888888889,0.0,566.8303105322552,310.30706000846595
832.0,48.33856944258521,13.88888888888889,17.320508075688775,13.88888888888889,13.88888888888889,13.88888888888889,0.0,566.2766921557366,311.13982925012255
833.0,48.41056944258521,13.88888888888889,17.320508075688775,13.88888888888889,13.88888888888889,13.88888888888889,0.0,565.7189168705744,311.9698200018364
834.0,48.482569442585216,13.88888888888889,17.320508075688775,13.88888888888889,13.88888888888889,13.88888888888889,0.0,565.1569986211216,312.797011513882
835.0,48.55456944258522,13.88888888888889,17.320508075688775,13.88888888888889,13.88888888888889,13.88888888888889,0.0,564.5909514553052,313.62138310651466
836.0,48.62656944258522,13.88888888888889,17.320508075688775,13.88888888888889,13.88888888888889,13.88888888888889,0.0,564.0207895242748,314.44291417048737
837.0,48.698569442585224,13.88888888888889,17.320508075688775,13.88888888888889,13.88888888888889,13.88888888888889,0.0,563.4465270820491,315.26158416756635
838.0,48.77056944258523,13.88888888888889,17.320508075688775,13.88888888888889,13.88888888888889,13.88888888888889,0.0,562.8681784851592,316.07737263104434
839.0,48.84256944258523,13.88888888888889,17.320508075688775,13.88888888888889,13.88888888888889,13.88888888888889,0.0,562.2857581922898,316.8902591662523
840.0,48.91456944258523,13.88888888888889,17.320508075688775,13.88888888888889,13.88888888888889,13.88888888888889,0.0,561.6992807639181,317.7002234510692
841.0,48.986569442585235,13.88888888888889,17.320508075688775,13.88888888888889,13.88888888888889,13.88888888888889,0.0,561.1087608619489,318.50724523642987
842.0,49.05856944258524,13.88888888888889,17.320508075688775,13.88888888888889,13.88888888888889,13.88888888888889,0.0,560.5142132493495,319.311304346832
843.0,49.13056944258524,13.88888888888889,17.320508075688775,13.88888888888889,13.88888888888889,13.88888888888889,0.0,559.9156527897788,320.1123806808395
844.0,49.202569442585244,13.88888888888889,17.320508075688775,13.88888888888889,13.88888888888889,13.88888888888889,0.0,559.3130944472173,320.91045421158594
845.0,49.274569442585246,13.88888888888889,17.320508075688775,13.88888888888889,13.88888888888889,13.88888888888889,0.0,558.7065532855922,321.7055049872744
846.0,49.34656944258525,13.88888888888889,17.320508075688775,13.88888888888889,13.88888888888889,13.88888888888889,0.0,558.0960444684009,322.49751313167707
847.0,49.41856944258525,13.88888888888889,17.320508075688775,13.88888888888889,13.88888888888889,13.88888888888889,0.0,557.4815832583322,323.28645884463145
848.0,49.490569442585254,13.88888888888889,17.320508075688775,13.88888888888889,13.88888888888889,13.88888888888889,0.0,556.863185016884,324.072322402536
849.0,49.56256944258526,13.88888888888889,17.320508075688775,13.88888888888889,13.88888888888889,13.88888888888889,0.0,556.2408652039804,324.85508415884243
850.0,49.63456944258526,13.88888888888889,17.320508075688775,13.88888888888889,13.88888888888889,13.88888888888889,0.0,555.6146393775842,325.6347245445478
851.0,49.70656944258526,13.88888888888889,17.320508075688775,13.88888888888889,13.88888888888889,13.88888888888889,0.0,554.9845231933086,326.41122406868305
852.0,49.778569442585265,13.88888888888889,17.320508075688775,13.88888888888889,13.88888888888889,13.88888888888889,0.0,554.3505324040251,327.18456331880054
853.0,49.85056944258527,13.88888888888889,17.320508075688775,13.88888888888889,13.88888888888889,13.88888888888889,0.0,553.7126828594708,327.9547229614592
854.0,49.92256944258527,13.88888888888889,17.320508075688775,13.88888888888889,13.88888888888889,13.88888888888889,0.0,553.0709905058507,328.72168374270814
855.0,49.994569442585274,13.88888888888889,17.320508075688775,13.88888888888889,13.88888888888889,13.88888888888889,0.0,552.4254713854405,329.48542648856767
856.0,50.066569442585276,13.88888888888889,17.320508075688775,13.88888888888889,13.88888888888889,13.88888888888889,0.0,551.7761416361843,330.24593210550916
857.0,50.13856944258528,13.88888888888889,17.320508075688775,13.88888888888889,13.88888888888889,13.88888888888889,0.0,551.1230174912923,331.00318158093154
858.0,50.21056944258528,13.88888888888889,17.320508075688775,13.88888888888889,13.88888888888889,13.88888888888889,0.0,550.4661152788342,331.7571559836376
859.0,50.282569442585284,13.88888888888889,17.320508075688775,13.88888888888889,13.88888888888889,13.88888888888889,0.0,549.8054514213306,332.50783646430625
860.0,50.35456944258529,13.88888888888889,17.320508075688775,13.88888888888889,13.88888888888889,13.88888888888889,0.0,549.1410424353439,333.2552042559649
861.0,50.42656944258529,13.88888888888889,17.320508075688775,13.88888888888889,13.88888888888889,13.88888888888889,0.0,548.4729049310642,333.9992406744574
862.0,50.49856944258529,13.88888888888889,17.320508075688775,13.88888888888889,13.88888888888889,13.88888888888889,0.0,547.8010556118942,334.7399271189122
863.0,50.570569442585295,13.88888888888889,17.320508075688775,13.88888888888889,13.88888888888889,13.88888888888889,0.0,547.1255112740317,335.4772450722067
864.0,50.6425694425853,13.88888888888889,17.320508075688775,13.88888888888889,13.88888888888889,13.88888888888889,0.0,546.4462888060502,336.2111761014305
865.0,50.7145694425853,13.88888888888889,17.320508075688775,13.88888888888889,13.88888888888889,13.88888888888889,0.0,545.763405188476,336.9417018583461
866.0,50.786569442585304,13.88888888888889,17.320508075688775,13.88888888888889,13.88888888888889,13.88888888888889,0.0,545.0768774933639,337.6688040798477
867.0,50.858569442585306,13.88888888888889,17.320508075688775,13.88888888888889,13.88888888888889,13.88888888888889,0.0,544.3867228838706,338.3924645884174
868.0,50.93056944258531,13.88888888888889,17.320508075688775,13.88888888888889,13.88888888888889,13.88888888888889,0.0,543.6929586138252,339.1126652925804
869.0,51.00256944258531,13.88888888888889,17.320508075688775,13.88888888888889,13.88888888888889,13.88888888888889,0.0,542.9956020272986,339.8293881873566
870.0,51.074569442585315,13.88888888888889,17.320508075688775,13.88888888888889,13.88888888888889,13.88888888888889,0.0,542.2946705581688,340.5426153547108
871.0,51.14656944258532,13.88888888888889,17.320508075688775,13.88888888888889,13.88888888888889,13.88888888888889,0.0,541.5901817296865,341.2523289640011
872.0,51.21856944258532,13.88888888888889,17.320508075688775,13.88888888888889,13.88888888888889,13.88888888888889,0.0,540.8821531540352,341.9585112724241
873.0,51.29056944258532,13.88888888888889,17.320508075688775,13.88888888888889,13.88888888888889,13.88888888888889,0.0,540.1706025318928,342.66114462545903
874.0,51.362569442585325,13.88888888888889,17.320508075688775,13.88888888888889,13.88888888888889,13.88888888888889,0.0,539.4555476519876,343.36021145730854
875.0,51.43456944258533,13.88888888888889,17.320508075688775,13.88888888888889,13.88888888888889,13.88888888888889,0.0,538.7370063906544,344.05569429133834
876.0,51.50656944258533,13.88888888888889,17.320508075688775,13.88888888888889,13.88888888888889,13.88888888888889,0.0,538.0149967113873,344.7475757405137
877.0,51.578569442585334,13.88888888888889,17.320508075688775,13.88888888888889,13.88888888888889,13.88888888888889,0.0,537.2895366643907,345.43583850783455
878.0,51.650569442585336,13.88888888888889,17.320508075688775,13.88888888888889,13.88888888888889,13.88888888888889,0.0,536.5606443861279,346.1204653867675
879.0,51.72256944258534,13.88888888888889,17.320508075688775,13.88888888888889,13.88888888888889,13.88888888888889,0.0,535.8283380988681,346.801439261676
880.0,51.79456944258534,13.88888888888889,17.320508075688775,13.88888888888889,13.88888888888889,13.88888888888889,0.0,535.0926361102302,347.47874310824903
881.0,51.866569442585345,13.88888888888889,17.320508075688775,13.88888888888889,13.88888888888889,13.88888888888889,0.0,534.3535568127255,348.1523599939256
882.0,51.93856944258535,13.88888888888889,17.320508075688775,13.88888888888889,13.88888888888889,13.88888888888889,0.0,533.6111186832982,348.8222730783185
883.0,52.01056944258535,13.88888888888889,17.320508075688775,13.88888888888889,13.88888888888889,13.88888888888889,0.0,532.8653402828627,349.4884656136356
884.0,52.08256944258535,13.88888888888889,17.320508075688775,13.88888888888889,13.88888888888889,13.88888888888889,0.0,532.1162402558401,350.15092094509816
885.0,52.154569442585355,13.88888888888889,17.320508075688775,13.88888888888889,13.88888888888889,13.88888888888889,0.0,531.3638373296922,350.8096225113576
886.0,52.22656944258536,13.88888888888889,17.320508075688775,13.88888888888889,13.88888888888889,13.88888888888889,0.0,530.6081503144529,351.4645538449088
887.0,52.29856944258536,13.88888888888889,17.320508075688775,13.88888888888889,13.88888888888889,13.88888888888889,0.0,529.8491981022584,352.1156985725026
888.0,52.370569442585364,13.88888888888889,17.320508075688775,13.88888888888889,13.88888888888889,13.88888888888889,0.0,529.0869996668741,352.7630404155548
889.0,52.442569442585366,13.88888888888889,17.320508075688775,13.88888888888889,13.88888888888889,13.88888888888889,0.0,528.3215740632215,353.4065631905531
890.0,52.51456944258537,13.88888888888889,17.320508075688775,13.88888888888889,13.88888888888889,13.88888888888889,0.0,527.5529404269007,354.04625080946147
891.0,52.58656944258537,13.88888888888889,17.320508075688775,13.88888888888889,13.88888888888889,13.88888888888889,0.0,526.7811179737126,354.68208728012286
892.0,52.658569442585375,13.88888888888889,17.320508075688775,13.88888888888889,13.88888888888889,13.88888888888889,0.0,526.0061259991785,355.3140567066586
893.0,52.73056944258538,13.88888888888889,17.320508075688775,13.88888888888889,13.88888888888889,13.88888888888889,0.0,525.2279838780571,355.94214328986595
894.0,52.80256944258538,13.88888888888889,17.320508075688775,13.88888888888889,13.88888888888889,13.88888888888889,0.0,524.4467110638609,356.56633132761306
895.0,52.87456944258538,13.88888888888889,17.320508075688775,13.88888888888889,13.88888888888889,13.88888888888889,0.0,523.6623270883699,357.18660521523145
896.0,52.946569442585385,13.88888888888889,17.320508075688775,13.88888888888889,13.88888888888889,13.88888888888889,0.0,522.8748515611423,357.8029494459062
897.0,53.01856944258539,13.88888888888889,17.320508075688775,13.88888888888889,13.88888888888889,13.88888888888889,0.0,522.0843041690255,358.41534861106373
898.0,53.09056944258539,13.88888888888889,17.320508075688775,13.88888888888889,13.88888888888889,13.88888888888889,0.0,521.2907046756629,359.0237874007569
899.0,53.162569442585394,13.88888888888889,17.320508075688775,13.88888888888889,13.88888888888889,13.88888888888889,0.0,520.4940729210008,359.62825060404737
900.0,53.234569442585396,13.88888888888889,17.320508075688775,13.88888888888889,13.88888888888889,13.88888888888889,0.0,519.6944288207912,360.2287231093867
901.0,53.3065694425854,13.88888888888889,17.320508075688775,13.88888888888889,13.88888888888889,13.88888888888889,0.0,518.8917923660954,360.8251899049936
902.0,53.3785694425854,13.88888888888889,17.320508075688775,13.88888888888889,13.88888888888889,13.88888888888889,0.0,518.0861836227825,361.4176360792292
903.0,53.450569442585405,13.88888888888889,17.320508075688775,13.88888888888889,13.88888888888889,13.88888888888889,0.0,517.2776227310295,362.00604682096997
904.0,53.52256944258541,13.88888888888889,17.320508075688775,13.88888888888889,13.88888888888889,13.88888888888889,0.0,516.4661299048164,362.59040741997796
905.0,53.59456944258541,13.88888888888889,17.320508075688775,13.88888888888889,13.88888888888889,13.88888888888889,0.0,515.6517254314216,363.1707032672688
906.0,53.66656944258541,13.88888888888889,17.320508075688775,13.88888888888889,13.88888888888889,13.88888888888889,0.0,514.8344296709145,363.7469198554764
907.0,53.738569442585415,13.88888888888889,17.320508075688775,13.88888888888889,13.88888888888889,13.88888888888889,0.0,514.0142630556466,364.319042779216
908.0,53.81056944258542,13.88888888888889,17.320508075688775,13.88888888888889,13.88888888888889,13.88888888888889,0.0,513.1912460897406,364.88705773544444
909.0,53.88256944258542,13.88888888888889,17.320508075688775,13.88888888888889,13.88888888888889,13.88888888888889,0.0,512.3653993485776,365.45095052381737
910.0,53.954569442585424,13.88888888888889,17.320508075688775,13.88888888888889,13.88888888888889,13.88888888888889,0.0,511.5367434782833,366.01070704704443
911.0,54.026569442585426,13.88888888888889,17.320508075688775,13.88888888888889,13.88888888888889,13.88888888888889,0.0,510.7052991952113,366.56631331124174
912.0,54.09856944258543,13.88888888888889,17.320508075688775,13.88888888888889,13.88888888888889,13.88888888888889,0.0,509.87108728542535,367.1177554262815
913.0,54.17056944258543,13.88888888888889,17.320508075688775,13.88888888888889,13.88888888888889,13.88888888888889,0.0,509.0341286041796,367.66501960613965
914.0,54.242569442585435,13.88888888888889,17.320508075688775,13.88888888888889,13.88888888888889,13.88888888888889,0.0,508.1944440753977,368.2080921692403
915.0,54.31456944258544,13.88888888888889,17.320508075688775,13.88888888888889,13.88888888888889,13.88888888888889,0.0,507.35205469114896,368.7469595387975
916.0,54.38656944258544,13.88888888888889,17.320508075688775,13.88888888888889,13.88888888888889,13.88888888888889,0.0,506.5069815111242,369.2816082431551
917.0,54.45856944258544,13.88888888888889,17.320508075688775,13.88888888888889,13.88888888888889,13.88888888888889,0.0,505.65924566210896,369.8120249161234
918.0,54.530569442585445,13.88888888888889,17.320508075688775,13.88888888888889,13.88888888888889,13.88888888888889,0.0,504.80886833745524,370.33819629731306
919.0,54.60256944258545,13.88888888888889,17.320508075688775,13.88888888888889,13.88888888888889,13.88888888888889,0.0,503.9558707965518,370.8601092324672
920.0,54.67456944258545,13.88888888888889,17.320508075688775,13.88888888888889,13.88888888888889,13.88888888888889,0.0,503.10027436429283,371.3777506737895
921.0,54.746569442585454,13.88888888888889,17.320508075688775,13.88888888888889,13.88888888888889,13.88888888888889,0.0,502.2421004305446,371.89110768027075
922.0,54.818569442585456,13.88888888888889,17.320508075688775,13.88888888888889,13.88888888888889,13.88888888888889,0.0,501.3813704496107,372.4001674180127
923.0,54.89056944258546,13.88888888888889,17.320508075688775,13.88888888888889,13.88888888888889,13.88888888888889,0.0,500.5181059396957,372.9049171605484
924.0,54.96256944258546,13.88888888888889,17.320508075688775,13.88888888888889,13.88888888888889,13.88888888888889,0.0,499.6523284823677,373.40534428916044
925.0,55.034569442585465,13.88888888888889,17.320508075688775,13.88888888888889,13.88888888888889,13.88888888888889,0.0,498.78405972201784,373.90143629319687
926.0,55.10656944258547,13.88888888888889,17.320508075688775,13.88888888888889,13.88888888888889,13.88888888888889,0.0,497.9133213653199,374.3931807703833
927.0,55.17856944258547,13.88888888888889,17.320508075688775,13.88888888888889,13.88888888888889,13.88888888888889,0.0,497.0401351806874,374.8805654271335
928.0,55.25056944258547,13.88888888888889,17.320508075688775,13.88888888888889,13.88888888888889,13.88888888888889,0.0,496.16452299772965,375.3635780788563
929.0,55.322569442585475,13.88888888888889,17.320508075688775,13.88888888888889,13.88888888888889,13.88888888888889,0.0,495.2865067067055,375.84220665026066
930.0,55.39456944258548,13.88888888888889,17.320508075688775,13.88888888888889,13.88888888888889,13.88888888888889,0.0,494.40610825797654,376.3164391756572
931.0,55.46656944258548,13.88888888888889,17.320508075688775,13.88888888888889,13.88888888888889,13.88888888888889,0.0,493.52334966145804,376.78626379925754
932.0,55.538569442585484,13.88888888888889,17.320508075688775,13.88888888888889,13.88888888888889,13.88888888888889,0.0,492.638252986069,377.2516687754704
933.0,55.610569442585486,13.88888888888889,17.320508075688775,13.88888888888889,13.88888888888889,13.88888888888889,0.0,491.7508403591803,377.71264246919577
934.0,55.68256944258549,13.88888888888889,17.320508075688775,13.88888888888889,13.88888888888889,13.88888888888889,0.0,490.8611339660613,378.16917335611527
935.0,55.75456944258549,13.88888888888889,17.320508075688775,13.88888888888889,13.88888888888889,13.88888888888889,0.0,489.9691560493254,378.6212500229806
936.0,55.826569442585495,13.88888888888889,17.320508075688775,13.88888888888889,13.88888888888889,13.88888888888889,0.0,489.0749289083742,379.06886116789843
937.0,55.8985694425855,13.88888888888889,17.320508075688775,13.88888888888889,13.88888888888889,13.88888888888889,0.0,488.1784748988397,379.51199560061355
938.0,55.9705694425855,13.88888888888889,17.320508075688775,13.88888888888889,13.88888888888889,13.88888888888889,0.0,487.27981643202526,379.95064224278826
939.0,56.0425694425855,13.88888888888889,17.320508075688775,13.88888888888889,13.88888888888889,13.88888888888889,0.0,486.37897597434585,380.38479012827935
940.0,56.114569442585505,13.88888888888889,17.320508075688775,13.88888888888889,13.88888888888889,13.88888888888889,0.0,485.47597604676594,380.81442840341225
941.0,56.18656944258551,13.88888888888889,17.320508075688775,13.88888888888889,13.88888888888889,13.88888888888889,0.0,484.5708392242368,381.23954632725247
942.0,56.25856944258551,13.88888888888889,17.320508075688775,13.88888888888889,13.88888888888889,13.88888888888889,0.0,483.6635881351318,381.660133271874
943.0,56.330569442585514,13.88888888888889,17.320508075688775,13.88888888888889,13.88888888888889,13.88888888888889,0.0,482.75424546068086,382.0761787226253
944.0,56.402569442585516,13.88888888888889,17.320508075688775,13.88888888888889,13.88888888888889,13.88888888888889,0.0,481.8428339344035,382.4876722783916
945.0,56.47456944258552,13.88888888888889,17.320508075688775,13.88888888888889,13.88888888888889,13.88888888888889,0.0,480.92937634154043,382.8946036518555
946.0,56.54656944258552,13.88888888888889,17.320508075688775,13.88888888888889,13.88888888888889,13.88888888888889,0.0,480.0138955184839,383.29696266975384
947.0,56.618569442585525,13.88888888888889,17.320508075688775,13.88888888888889,13.88888888888889,13.88888888888889,0.0,479.0964143522068,383.69473927313214
948.0,56.69056944258553,13.88888888888889,17.320508075688775,13.88888888888889,13.88888888888889,13.88888888888889,0.0,478.17695577969045,384.08792351759615
949.0,56.76256944258553,13.88888888888889,17.320508075688775,13.88888888888889,13.88888888888889,13.88888888888889,0.0,477.2555427873514,384.47650557355996
950.0,56.83456944258553,13.88888888888889,17.320508075688775,13.88888888888889,13.88888888888889,13.88888888888889,0.0,476.33219841046633,384.8604757264927
951.0,56.906569442585536,13.88888888888889,17.320508075688775,13.88888888888889,13.88888888888889,13.88888888888889,0.0,475.4069457325967,385.23982437716035
952.0,56.97856944258554,13.88888888888889,17.320508075688775,13.88888888888889,13.88888888888889,13.88888888888889,0.0,474.47980788501104,385.6145420418665
953.0,57.05056944258554,13.88888888888889,17.320508075688775,13.88888888888889,13.88888888888889,13.88888888888889,0.0,473.55080804610753,385.98461935268904
954.0,57.122569442585544,13.88888888888889,17.320508075688775,13.88888888888889,13.88888888888889,13.88888888888889,0.0,472.61996944083364,386.35004705771445
955.0,57.194569442585546,13.88888888888889,17.320508075688775,13.88888888888889,13.88888888888889,13.88888888888889,0.0,471.687315340106,386.7108160212691
956.0,57.26656944258555,13.88888888888889,17.320508075688775,13.88888888888889,13.88888888888889,13.88888888888889,0.0,470.75286906022853,387.06691722414774
957.0,57.33856944258555,13.88888888888889,17.320508075688775,13.88888888888889,13.88888888888889,13.88888888888889,0.0,469.81665396230966,387.41834176383884
958.0,57.410569442585555,13.88888888888889,17.320508075688775,13.88888888888889,13.88888888888889,13.88888888888889,0.0,468.878693451678,387.7650808547472
959.0,57.48256944258556,13.88888888888889,17.320508075688775,13.88888888888889,13.88888888888889,13.88888888888889,0.0,467.93901097729747,388.10712582841364
960.0,57.55456944258556,13.88888888888889,17.320508075688775,13.88888888888889,13.88888888888889,13.88888888888889,0.0,466.99763003118096,388.4444681337317
961.0,57.62656944258556,13.88888888888889,17.320508075688775,13.88888888888889,13.88888888888889,13.88888888888889,0.0,466.0545741478031,388.777099337161
962.0,57.698569442585566,13.88888888888889,17.320508075688775,13.88888888888889,13.88888888888889,13.88888888888889,0.0,465.109866903512,389.1050111229392
963.0,57.77056944258557,13.88888888888889,17.320508075688775,13.88888888888889,13.88888888888889,13.88888888888889,0.0,464.1635319159394,389.42819529328847
964.0,57.84256944258557,13.88888888888889,17.320508075688775,13.88888888888889,13.88888888888889,13.88888888888889,0.0,463.2155928434108,389.74664376862137
965.0,57.914569442585574,13.88888888888889,17.320508075688775,13.88888888888889,13.88888888888889,13.88888888888889,0.0,462.26607338435343,390.06034858774285
966.0,57.986569442585576,13.88888888888889,17.320508075688775,13.88888888888889,13.88888888888889,13.88888888888889,0.0,461.3149972767046,390.3693019080485
967.0,58.05856944258558,13.88888888888889,17.320508075688775,13.88888888888889,13.88888888888889,13.88888888888889,0.0,460.3623882973173,390.6734960057215
968.0,58.13056944258558,13.88888888888889,17.320508075688775,13.88888888888889,13.88888888888889,13.88888888888889,0.0,459.4082702613665,390.97292327592527
969.0,58.202569442585585,13.88888888888889,17.320508075688775,13.88888888888889,13.88888888888889,13.88888888888889,0.0,458.4526670217532,391.26757623299363
970.0,58.27456944258559,13.88888888888889,17.320508075688775,13.88888888888889,13.88888888888889,13.88888888888889,0.0,457.4956024685089,391.55744751061803
971.0,58.34656944258559,13.88888888888889,17.320508075688775,13.88888888888889,13.88888888888889,13.88888888888889,0.0,456.5371005281974,391.8425298620316
972.0,58.41856944258559,13.88888888888889,17.320508075688775,13.88888888888889,13.88888888888889,13.88888888888889,0.0,455.5771851633174,392.12281616019044
973.0,58.490569442585596,13.88888888888889,17.320508075688775,13.88888888888889,13.88888888888889,13.88888888888889,0.0,454.6158803717028,392.3982993979517
974.0,58.5625694425856,13.88888888888889,17.320508075688775,13.88888888888889,13.88888888888889,13.88888888888889,0.0,453.65321018592357,392.66897268824863
975.0,58.6345694425856,13.88888888888889,17.320508075688775,13.88888888888889,13.88888888888889,13.88888888888889,0.0,452.68919867268414,392.93482926426327
976.0,58.706569442585604,13.88888888888889,17.320508075688775,13.88888888888889,13.88888888888889,13.88888888888889,0.0,451.72386993222216,393.19586247959495
977.0,58.77856944258561,13.88888888888889,17.320508075688775,13.88888888888889,13.88888888888889,13.88888888888889,0.0,450.7572480977057,393.452065808427
978.0,58.85056944258561,13.88888888888889,17.320508075688775,13.88888888888889,13.88888888888889,13.88888888888889,0.0,449.7893573346305,393.70343284568935
979.0,58.92256944258561,13.88888888888889,17.320508075688775,13.88888888888889,13.88888888888889,13.88888888888889,0.0,448.82022184021514,393.9499573072193
980.0,58.994569442585615,13.88888888888889,17.320508075688775,13.88888888888889,13.88888888888889,13.88888888888889,0.0,447.8498658427965,394.1916330299181
981.0,59.06656944258562,13.88888888888889,17.320508075688775,13.88888888888889,13.88888888888889,13.88888888888889,0.0,446.87831360122385,394.4284539719053
982.0,59.13856944258562,13.88888888888889,17.320508075688775,13.88888888888889,13.88888888888889,13.88888888888889,0.0,445.90558940425285,394.6604142126697
983.0,59.21056944258562,13.88888888888889,17.320508075688775,13.88888888888889,13.88888888888889,13.88888888888889,0.0,444.93171756993763,394.8875079532173
984.0,59.282569442585626,13.88888888888889,17.320508075688775,13.88888888888889,13.88888888888889,13.88888888888889,0.0,443.9567224450234,395.10972951621653
985.0,59.35456944258563,13.88888888888889,17.320508075688775,13.88888888888889,13.88888888888889,13.88888888888889,0.0,442.9806284043373,395.3270733461398
986.0,59.42656944258563,13.88888888888889,17.320508075688775,13.88888888888889,13.88888888888889,13.88888888888889,0.0,442.0034598501798,395.53953400940264
987.0,59.498569442585634,13.88888888888889,17.320508075688775,13.88888888888889,13.88888888888889,13.88888888888889,0.0,441.02524121171376,395.74710619449957
988.0,59.57056944258564,13.88888888888889,17.320508075688775,13.88888888888889,13.88888888888889,13.88888888888889,0.0,440.0459969443541,395.9497847121368
989.0,59.64256944258564,13.88888888888889,17.320508075688775,13.88888888888889,13.88888888888889,13.88888888888889,0.0,439.06575152915656,396.147564495362
990.0,59.71456944258564,13.88888888888889,17.320508075688775,13.88888888888889,13.88888888888889,13.88888888888889,0.0,438.0845294722054,396.3404405996908
991.0,59.786569442585645,13.88888888888889,17.320508075688775,13.88888888888889,13.88888888888889,13.88888888888889,0.0,437.1023553040011,396.52840820323064
992.0,59.85856944258565,13.88888888888889,17.320508075688775,13.88888888888889,13.88888888888889,13.88888888888889,0.0,436.1192535788466,396.7114626068013
993.0,59.93056944258565,13.88888888888889,17.320508075688775,13.88888888888889,13.88888888888889,13.88888888888889,0.0,435.1352488742338,396.8895992340521
994.0,60.00256944258565,13.88888888888889,17.320508075688775,13.88888888888889,13.88888888888889,13.88888888888889,0.0,434.15036579022905,397.0628136315768
995.0,60.074569442585656,13.88888888888889,17.320508075688775,13.88888888888889,13.88888888888889,13.88888888888889,0.0,433.1646289488583,397.2311014690243
996.0,60.14656944258566,13.88888888888889,17.320508075688775,13.88888888888889,13.88888888888889,13.88888888888889,0.0,432.17806299349115,397.3944585392075
997.0,60.21856944258566,13.88888888888889,17.320508075688775,13.88888888888889,13.88888888888889,13.88888888888889,0.0,431.1906925882251,397.55288075820823
998.0,60.290569442585664,13.88888888888889,17.320508075688775,13.88888888888889,13.88888888888889,13.88888888888889,0.0,430.2025424172688,397.70636416547916
999.0,60.36256944258567,13.88888888888889,17.320508075688775,13.88888888888889,13.88888888888889,13.88888888888889,0.0,429.21363718432514,397.8549049239432
1000.0,60.43456944258567,13.88888888888889,17.320508075688775,13.88888888888889,13.88888888888889,13.88888888888889,0.9999999999999858,428.22400161197345,397.9984993200891
1001.0,60.5063837798205,13.96070322612372,inf,19.444444444444443,19.444444444444443,19.444444444444443,1.0,427.234009115373,398.13961932814897
1002.0,60.57783058738375,14.03215003368697,inf,19.444444444444443,19.444444444444443,19.444444444444443,1.0,426.24401661877255,398.2807393362088
1003.0,60.64891545097837,14.103234897281588,inf,19.444444444444443,19.444444444444443,19.444444444444443,1.0,425.2540241221721,398.4218593442687
1004.0,60.71964381623917,14.173963262542387,inf,19.444444444444443,19.444444444444443,19.444444444444443,0.9999999999999858,424.26403162557165,398.56297935232857
1005.0,60.790020993601374,14.244340439904587,inf,19.444444444444443,19.444444444444443,19.444444444444443,1.0000000000000142,423.2740391289712,398.7040993603884
1006.0,60.86005216295373,14.314371609256943,inf,19.444444444444443,19.444444444444443,19.444444444444443,1.0000000000000142,422.2840466323708,398.8452193684483
1007.0,60.92974237808774,14.384061824390955,inf,19.444444444444443,19.444444444444443,19.444444444444443,1.0,421.29405413577035,398.98633937650817
1008.0,60.99909657095378,14.453416017257002,inf,19.444444444444443,19.444444444444443,19.444444444444443,1.0000000000000142,420.3040616391699,399.127459384568
1009.0,61.06811955573433,14.522439002037546,inf,19.444444444444443,19.444444444444443,19.444444444444443,1.0000000000000142,419.31406914256945,399.2685793926279
1010.0,61.13681603274368,14.591135479046903,inf,19.444444444444443,19.444444444444443,19.444444444444443,1.0,418.324076645969,399.40969940068777
1011.0,61.20519059216332,14.659510038466541,inf,19.444444444444443,19.444444444444443,19.444444444444443,1.0000000000000142,417.33408414936855,399.5508194087476
1012.0,61.27324771762108,14.727567163924302,inf,19.444444444444443,19.444444444444443,19.444444444444443,1.0,416.3440916527681,399.6919394168075
1013.0,61.34099178962221,14.795311235925432,inf,19.444444444444443,19.444444444444443,19.444444444444443,1.0,415.35409915616765,399.8330594248674
1014.0,61.408427088839645,14.862746535142868,inf,19.444444444444443,19.444444444444443,19.444444444444443,1.0,414.3641066595672,399.9741794329272
1015.0,61.47555779927055,14.929877245573767,inf,19.444444444444443,19.444444444444443,19.444444444444443,1.0000000000000142,413.37411416296675,400.1152994409871
1016.0,61.542388011265636,14.996707457568856,inf,19.444444444444443,19.444444444444443,19.444444444444443,0.9999999999999858,412.3841216663663,400.256419449047
1017.0,61.6089217244376,15.063241170740822,inf,19.444444444444443,19.444444444444443,19.444444444444443,1.0,411.39412916976585,400.3975394571068
1018.0,61.67516285045437,15.12948229675759,inf,19.444444444444443,19.444444444444443,19.444444444444443,1.0000000000000142,410.40413667316545,400.5386594651667
1019.0,61.741115215722786,15.195434662026004,inf,19.444444444444443,19.444444444444443,19.444444444444443,0.9999999999999858,409.414144176565,400.6797794732266
1020.0,61.80678256396791,15.261102010271124,inf,19.444444444444443,19.444444444444443,19.444444444444443,1.0,408.42415167996455,400.8208994812864
1021.0,61.87216855871285,15.326488005016065,inf,19.444444444444443,19.444444444444443,19.444444444444443,0.9999999999999858,407.4341591833641,400.9620194893463
1022.0,61.937276785663805,15.391596231967018,inf,19.444444444444443,19.444444444444443,19.444444444444443,1.0,406.44416668676365,401.1031394974062
1023.0,62.00211075500464,15.456430201307846,inf,19.444444444444443,19.444444444444443,19.444444444444443,1.0000000000000142,405.4541741901632,401.244259505466
1024.0,62.066673903605206,15.520993349908418,inf,19.444444444444443,19.444444444444443,19.444444444444443,1.0000000000000142,404.46418169356275,401.3853795135259
1025.0,62.13096959714739,15.5852890434506,inf,19.444444444444443,19.444444444444443,19.444444444444443,1.0,403.4741891969623,401.5264995215858
1026.0,62.195001132172436,15.649320578475647,inf,19.444444444444443,19.444444444444443,19.444444444444443,1.0,402.48419670036185,401.6676195296456
1027.0,62.25877173805327,15.71309118435648,inf,19.444444444444443,19.444444444444443,19.444444444444443,0.9999999999999858,401.4942042037614,401.8087395377055
1028.0,62.32228457889503,15.77660402519824,inf,19.444444444444443,19.444444444444443,19.444444444444443,1.0000000000000142,400.50421170716095,401.9498595457654
1029.0,62.38554275536702,15.839862201670233,inf,19.444444444444443,19.444444444444443,19.444444444444443,1.0,399.51421921056055,402.0909795538252
1030.0,62.448549306469076,15.902868752772292,inf,19.444444444444443,19.444444444444443,19.444444444444443,1.0000000000000142,398.5242267139601,402.2320995618851
1031.0,62.5113072112352,15.965626657538419,inf,19.444444444444443,19.444444444444443,19.444444444444443,1.0000000000000284,397.53423421735965,402.373219569945
1032.0,62.573819390377146,16.028138836680366,inf,19.444444444444443,19.444444444444443,19.444444444444443,1.0000000000000284,396.5442417207592,402.5143395780048
1033.0,62.63608870787054,16.090408154173762,inf,19.444444444444443,19.444444444444443,19.444444444444443,0.9999999999999716,395.55424922415875,402.6554595860647
1034.0,62.69811797248598,16.152437418789198,inf,19.444444444444443,19.444444444444443,19.444444444444443,1.0,394.5642567275583,402.7965795941246
1035.0,62.759909939267395,16.214229385570608,inf,19.444444444444443,19.444444444444443,19.444444444444443,1.0,393.57426423095785,402.9376996021844
1036.0,62.8214673109599,16.275786757263116,inf,19.444444444444443,19.444444444444443,19.444444444444443,1.0000000000000284,392.5842717343574,403.0788196102443
1037.0,62.88279273938926,16.337112185692472,inf,19.444444444444443,19.444444444444443,19.444444444444443,1.0000000000000284,391.59427923775695,403.2199396183042
1038.0,62.94388882679484,16.398208273098057,inf,19.444444444444443,19.444444444444443,19.444444444444443,0.9999999999999716,390.6042867411565,403.361059626364
1039.0,63.00475812711813,16.459077573421347,inf,19.444444444444443,19.444444444444443,19.444444444444443,1.0,389.61429424455605,403.5021796344239
1040.0,63.06540314724845,16.51972259355167,inf,19.444444444444443,19.444444444444443,19.444444444444443,1.0,388.62430174795566,403.6432996424838
1041.0,63.12582634822771,16.580145794530925,inf,19.444444444444443,19.444444444444443,19.444444444444443,1.0000000000000284,387.6343092513552,403.7844196505436
1042.0,63.18603014641573,16.640349592718945,inf,19.444444444444443,19.444444444444443,19.444444444444443,1.0000000000000284,386.64431675475475,403.9255396586035
1043.0,63.24601691461783,16.700336360921046,inf,19.444444444444443,19.444444444444443,19.444444444444443,1.0,385.6543242581543,404.0666596666634
1044.0,63.30578898317604,16.760108429479256,inf,19.444444444444443,19.444444444444443,19.444444444444443,1.0,384.66433176155385,404.2077796747232
1045.0,63.365348641025435,16.819668087328644,inf,19.444444444444443,19.444444444444443,19.444444444444443,1.0,383.6743392649534,404.3488996827831
1046.0,63.424698136716884,16.879017583020097,inf,19.444444444444443,19.444444444444443,19.444444444444443,1.0,382.68434676835295,404.490019690843
1047.0,63.48383967940763,16.938159125710847,inf,19.444444444444443,19.444444444444443,19.444444444444443,1.0000000000000284,381.6943542717525,404.6311396989028
1048.0,63.54277543982075,16.99709488612397,inf,19.444444444444443,19.444444444444443,19.444444444444443,1.0000000000000284,380.70436177515205,404.7722597069627
1049.0,63.60150755117485,17.055826997478068,inf,19.444444444444443,19.444444444444443,19.444444444444443,1.0,379.7143692785516,404.9133797150226
1050.0,63.660038110084976,17.114357556388196,inf,19.444444444444443,19.444444444444443,19.444444444444443,0.9999999999999716,378.72437678195115,405.0544997230824
1051.0,63.71836917743598,17.172688623739198,inf,19.444444444444443,19.444444444444443,19.444444444444443,1.0,377.73438428535076,405.1956197311423
1052.0,63.77650277922919,17.23082222553241,inf,19.444444444444443,19.444444444444443,19.444444444444443,1.0000000000000284,376.7443917887503,405.3367397392022
1053.0,63.83444090740351,17.28876035370673,inf,19.444444444444443,19.444444444444443,19.444444444444443,1.0000000000000284,375.75439929214986,405.477859747262
1054.0,63.89218552063181,17.346504966935033,inf,19.444444444444443,19.444444444444443,19.444444444444443,0.9999999999999716,374.7644067955494,405.6189797553219
1055.0,63.94973854509355,17.40405799139677,inf,19.444444444444443,19.444444444444443,19.444444444444443,1.0,373.77441429894895,405.7600997633818
1056.0,64.00710187522446,17.461421321527688,inf,19.444444444444443,19.444444444444443,19.444444444444443,1.0,372.7844218023485,405.9012197714416
1057.0,64.0642773744442,17.518596820747423,inf,19.444444444444443,19.444444444444443,19.444444444444443,1.0,371.79442930574805,406.0423397795015
1058.0,64.12126687586259,17.575586322165805,inf,19.444444444444443,19.444444444444443,19.444444444444443,1.0000000000000284,370.8044368091476,406.1834597875614
1059.0,64.1780721829654,17.63239162926861,inf,19.444444444444443,19.444444444444443,19.444444444444443,0.9999999999999716,369.81444431254715,406.3245797956213
1060.0,64.23469507028028,17.689014516583498,inf,19.444444444444443,19.444444444444443,19.444444444444443,1.0000000000000284,368.8244518159467,406.4656998036811
1061.0,64.2911372840236,17.74545673032683,inf,19.444444444444443,19.444444444444443,19.444444444444443,1.0,367.83445931934625,406.606819811741
1062.0,64.34740054272878,17.80171998903201,inf,19.444444444444443,19.444444444444443,19.444444444444443,1.0,366.84446682274586,406.7479398198009
1063.0,64.40348653785679,17.85780598416003,inf,19.444444444444443,19.444444444444443,19.444444444444443,1.0000000000000284,365.8544743261454,406.8890598278607
1064.0,64.45939693438957,17.913716380692808,inf,19.444444444444443,19.444444444444443,19.444444444444443,1.0000000000000284,364.86448182954496,407.0301798359206
1065.0,64.51513337140665,17.96945281770989,inf,19.444444444444443,19.444444444444443,19.444444444444443,1.0000000000000284,363.8744893329445,407.1712998439805
1066.0,64.57069746264588,18.025016908949127,inf,19.444444444444443,19.444444444444443,19.444444444444443,1.0,362.88449683634406,407.3124198520403
1067.0,64.62609079704859,18.080410243351835,inf,19.444444444444443,19.444444444444443,19.444444444444443,1.0,361.8945043397436,407.4535398601002
1068.0,64.68131493928972,18.135634385592965,inf,19.444444444444443,19.444444444444443,19.444444444444443,1.0,360.90451184314315,407.5946598681601
1069.0,64.73637143029354,18.190690876596797,inf,19.444444444444443,19.444444444444443,19.444444444444443,0.9999999999999716,359.9145193465427,407.7357798762199
1070.0,64.79126178773537,18.24558123403861,inf,19.444444444444443,19.444444444444443,19.444444444444443,1.0,358.92452684994225,407.8768998842798
1071.0,64.8459875065296,18.300306952832837,inf,19.444444444444443,19.444444444444443,19.444444444444443,1.0,357.93453435334186,408.0180198923397
1072.0,64.90055005930485,18.354869505608093,inf,19.444444444444443,19.444444444444443,19.444444444444443,1.0,356.94454185674135,408.1591399003995
1073.0,64.95495089686631,18.40927034316955,inf,19.444444444444443,19.444444444444443,19.444444444444443,0.9999999999999716,355.95454936014096,408.3002599084594
1074.0,65.0091914486458,18.46351089494904,inf,19.444444444444443,19.444444444444443,19.444444444444443,0.9999999999999716,354.9645568635405,408.4413799165193
1075.0,65.06327312314006,18.517592569443302,inf,19.444444444444443,19.444444444444443,19.444444444444443,0.9999999999999716,353.97456436694006,408.5824999245791
1076.0,65.11719730833751,18.57151675464074,inf,19.444444444444443,19.444444444444443,19.444444444444443,1.0,352.9845718703396,408.723619932639
1077.0,65.17096537213382,18.625284818437052,inf,19.444444444444443,19.444444444444443,19.444444444444443,1.0,351.99457937373916,408.8647399406989
1078.0,65.22457866273686,18.678898109040098,inf,19.444444444444443,19.444444444444443,19.444444444444443,1.0000000000000284,351.0045868771387,409.0058599487587
1079.0,65.2780385090611,18.732357955364343,inf,19.444444444444443,19.444444444444443,19.444444444444443,0.9999999999999716,350.01459438053826,409.1469799568186
1080.0,65.33134622111196,18.785665667415188,inf,19.444444444444443,19.444444444444443,19.444444444444443,1.0000000000000284,349.0246018839378,409.2880999648785
1081.0,65.3845030903603,18.838822536663532,inf,19.444444444444443,19.444444444444443,19.444444444444443,1.0000000000000284,348.03460938733735,409.4292199729383
1082.0,65.43751039010758,18.891829836410814,inf,19.444444444444443,19.444444444444443,19.444444444444443,1.0,347.0446168907369,409.5703399809982
1083.0,65.49036937584167,18.944688822144897,inf,19.444444444444443,19.444444444444443,19.444444444444443,1.0,346.05462439413645,409.7114599890581
1084.0,65.5430812855838,18.99740073188703,inf,19.444444444444443,19.444444444444443,19.444444444444443,1.0,345.06463189753606,409.8525799971179
1085.0,65.59564734022692,19.04996678653015,inf,19.444444444444443,19.444444444444443,19.444444444444443,0.9999999999999716,344.0746394009356,409.9937000051778
1086.0,65.64806874386561,19.102388190168835,inf,19.444444444444443,19.444444444444443,19.444444444444443,0.9999999999999716,343.08464690433516,410.1348200132377
1087.0,65.70034668411789,19.154666130421113,inf,19.444444444444443,19.444444444444443,19.444444444444443,1.0000000000000284,342.0946544077347,410.2759400212975
1088.0,65.75248233243916,19.20680177874239,inf,19.444444444444443,19.444444444444443,19.444444444444443,0.9999999999999716,341.10466191113426,410.4170600293574
1089.0,65.80447684442849,19.258796290731716,inf,19.444444444444443,19.444444444444443,19.444444444444443,1.0,340.1146694145338,410.5581800374173
1090.0,65.85633136012746,19.310650806430676,inf,19.444444444444443,19.444444444444443,19.444444444444443,1.0,339.12467691793336,410.6993000454771
1091.0,65.9080470043118,19.36236645061501,inf,19.444444444444443,19.444444444444443,19.444444444444443,1.0,338.1346844213329,410.840420053537
1092.0,65.95962488677608,19.413944333079296,inf,19.444444444444443,19.444444444444443,19.444444444444443,0.5925925925923252,337.14469192473246,410.9815400615969
1093.0,66.01109382470479,19.444444444444443,inf,19.444444444444443,19.444444444444443,19.444444444444443,0.0,336.154699428132,411.1226600696567
1094.0,66.06252239613336,19.444444444444443,inf,19.444444444444443,19.444444444444443,19.444444444444443,0.0,335.16470693153155,411.2637800777166
1095.0,66.11395096756193,19.444444444444443,inf,19.444444444444443,19.444444444444443,19.444444444444443,0.0,334.17471443493116,411.4049000857765
1096.0,66.1653795389905,19.444444444444443,inf,19.444444444444443,19.444444444444443,19.444444444444443,0.0,333.18472193833065,411.5460200938363
1097.0,66.21680811041908,19.444444444444443,inf,19.444444444444443,19.444444444444443,19.444444444444443,0.0,332.19472944173026,411.6871401018962
1098.0,66.26823668184765,19.444444444444443,inf,19.444444444444443,19.444444444444443,19.444444444444443,0.0,331.2047369451298,411.8282601099561
1099.0,66.31966525327623,19.444444444444443,inf,19.444444444444443,19.444444444444443,19.444444444444443,0.0,330.21474444852936,411.9693801180159
1100.0,66.3710938247048,19.444444444444443,inf,19.444444444444443,19.444444444444443,19.444444444444443,0.0,329.2247519519289,412.1105001260758
1101.0,66.42252239613337,19.444444444444443,inf,19.444444444444443,19.444444444444443,19.444444444444443,0.0,328.23475945532846,412.2516201341357
1102.0,66.47395096756195,19.444444444444443,inf,19.444444444444443,19.444444444444443,19.444444444444443,0.0,327.244766958728,412.3927401421955
1103.0,66.52537953899052,19.444444444444443,inf,19.444444444444443,19.444444444444443,19.444444444444443,0.0,326.25477446212756,412.5338601502554
1104.0,66.5768081104191,19.444444444444443,inf,19.444444444444443,19.444444444444443,19.444444444444443,0.0,325.2647819655271,412.6749801583153
1105.0,66.62823668184767,19.444444444444443,inf,19.444444444444443,19.444444444444443,19.444444444444443,0.0,324.27478946892666,412.8161001663751
1106.0,66.67966525327624,19.444444444444443,inf,19.444444444444443,19.444444444444443,19.444444444444443,0.0,323.28479697232626,412.957220174435
1107.0,66.73109382470481,19.444444444444443,inf,19.444444444444443,19.444444444444443,19.444444444444443,0.0,322.29480447572575,413.0983401824949
1108.0,66.78252239613339,19.444444444444443,inf,19.444444444444443,19.444444444444443,19.444444444444443,0.0,321.30481197912536,413.2394601905547
1109.0,66.83395096756196,19.444444444444443,inf,19.444444444444443,19.444444444444443,19.444444444444443,0.0,320.3148194825249,413.3805801986146
1110.0,66.88537953899053,19.444444444444443,inf,19.444444444444443,19.444444444444443,19.444444444444443,0.0,319.32482698592446,413.5217002066745
1111.0,66.93680811041911,19.444444444444443,inf,19.444444444444443,19.444444444444443,19.444444444444443,0.0,318.334834489324,413.6628202147343
1112.0,66.98823668184768,19.444444444444443,inf,19.444444444444443,19.444444444444443,19.444444444444443,0.0,317.34484199272356,413.8039402227942
1113.0,67.03966525327625,19.444444444444443,inf,19.444444444444443,19.444444444444443,19.444444444444443,0.0,316.3548494961231,413.9450602308541
1114.0,67.09109382470483,19.444444444444443,inf,19.444444444444443,19.444444444444443,19.444444444444443,0.0,315.36485699952266,414.0861802389139
1115.0,67.1425223961334,19.444444444444443,inf,19.444444444444443,19.444444444444443,19.444444444444443,0.0,314.3748645029222,414.2273002469738
1116.0,67.19395096756197,19.444444444444443,inf,19.444444444444443,19.444444444444443,19.444444444444443,0.0,313.38487200632176,414.3684202550337
1117.0,67.24537953899055,19.444444444444443,inf,19.444444444444443,19.444444444444443,19.444444444444443,0.0,312.39487950972136,414.5095402630935
1118.0,67.29680811041912,19.444444444444443,inf,19.444444444444443,19.444444444444443,19.444444444444443,0.0,311.40488701312086,414.6506602711534
1119.0,67.3482366818477,19.444444444444443,inf,19.444444444444443,19.444444444444443,19.444444444444443,0.0,310.41489451652046,414.7917802792133
1120.0,67.39966525327627,19.444444444444443,inf,19.444444444444443,19.444444444444443,19.444444444444443,0.0,309.42490201992,414.9329002872731
1121.0,67.45109382470484,19.444444444444443,inf,19.444444444444443,19.444444444444443,19.444444444444443,0.0,308.43490952331956,415.074020295333
1122.0,67.50252239613341,19.444444444444443,inf,19.444444444444443,19.444444444444443,19.444444444444443,0.0,307.4449170267191,415.2151403033929
1123.0,67.55395096756199,19.444444444444443,inf,19.444444444444443,19.444444444444443,19.444444444444443,0.0,306.45492453011866,415.35626031145273
1124.0,67.60537953899056,19.444444444444443,inf,19.444444444444443,19.444444444444443,19.444444444444443,0.0,305.4649320335182,415.4973803195126
1125.0,67.65680811041914,19.444444444444443,inf,19.444444444444443,19.444444444444443,19.444444444444443,0.0,304.47493953691776,415.6385003275725
1126.0,67.70823668184771,19.444444444444443,inf,19.444444444444443,19.444444444444443,19.444444444444443,0.0,303.4849470403173,415.77962033563233
1127.0,67.75966525327628,19.444444444444443,inf,19.444444444444443,19.444444444444443,19.444444444444443,0.0,302.49495454371686,415.9207403436922
1128.0,67.81109382470486,19.444444444444443,inf,19.444444444444443,19.444444444444443,19.444444444444443,0.0,301.50496204711646,416.0618603517521
1129.0,67.86252239613343,19.444444444444443,inf,19.444444444444443,19.444444444444443,19.444444444444443,0.0,300.51496955051596,416.20298035981193
1130.0,67.913950967562,19.444444444444443,inf,19.444444444444443,19.444444444444443,19.444444444444443,0.0,299.52497705391556,416.3441003678718
1131.0,67.96537953899058,19.444444444444443,inf,19.444444444444443,19.444444444444443,19.444444444444443,0.0,298.5349845573151,416.4852203759317
1132.0,68.01680811041915,19.444444444444443,inf,19.444444444444443,19.444444444444443,19.444444444444443,0.0,297.54499206071466,416.62634038399153
1133.0,68.06823668184772,19.444444444444443,inf,19.444444444444443,19.444444444444443,19.444444444444443,0.0,296.5549995641142,416.7674603920514
1134.0,68.1196652532763,19.444444444444443,inf,19.444444444444443,19.444444444444443,19.444444444444443,0.0,295.56500706751376,416.9085804001113
1135.0,68.17109382470487,19.444444444444443,inf,19.444444444444443,19.444444444444443,19.444444444444443,0.0,294.5750145709133,417.04970040817113
1136.0,68.22252239613344,19.444444444444443,inf,19.444444444444443,19.444444444444443,19.444444444444443,0.0,293.58502207431286,417.190820416231
1137.0,68.27395096756202,19.444444444444443,inf,19.444444444444443,19.444444444444443,19.444444444444443,0.0,292.59502957771247,417.3319404242909
1138.0,68.32537953899059,19.444444444444443,inf,19.444444444444443,19.444444444444443,19.444444444444443,0.0,291.60503708111196,417.47306043235074
1139.0,68.37680811041916,19.444444444444443,inf,19.444444444444443,19.444444444444443,19.444444444444443,0.0,290.61504458451157,417.6141804404106
1140.0,68.42823668184774,19.444444444444443,inf,19.444444444444443,19.444444444444443,19.444444444444443,0.0,289.62505208791106,417.7553004484705
1141.0,68.47966525327631,19.444444444444443,inf,19.444444444444443,19.444444444444443,19.444444444444443,0.0,288.63505959131066,417.89642045653034
1142.0,68.53109382470488,19.444444444444443,inf,19.444444444444443,19.444444444444443,19.444444444444443,0.0,287.6450670947102,418.0375404645902
1143.0,68.58252239613346,19.444444444444443,inf,19.444444444444443,19.444444444444443,19.444444444444443,0.0,286.65507459810976,418.1786604726501
1144.0,68.63395096756203,19.444444444444443,inf,19.444444444444443,19.444444444444443,19.444444444444443,0.0,285.6650821015093,418.31978048070994
1145.0,68.6853795389906,19.444444444444443,inf,19.444444444444443,19.444444444444443,19.444444444444443,0.0,284.67508960490886,418.4609004887698
1146.0,68.73680811041918,19.444444444444443,inf,19.444444444444443,19.444444444444443,19.444444444444443,0.0,283.6850971083084,418.6020204968297
1147.0,68.78823668184775,19.444444444444443,inf,19.444444444444443,19.444444444444443,19.444444444444443,0.0,282.69510461170796,418.74314050488954
1148.0,68.83966525327632,19.444444444444443,inf,19.444444444444443,19.444444444444443,19.444444444444443,0.0,281.70511211510757,418.8842605129494
1149.0,68.8910938247049,19.444444444444443,inf,19.444444444444443,19.444444444444443,19.444444444444443,0.0,280.71511961850706,419.0253805210093
1150.0,68.94252239613347,19.444444444444443,inf,19.444444444444443,19.444444444444443,19.444444444444443,0.0,279.72512712190667,419.16650052906914
1151.0,68.99395096756204,19.444444444444443,inf,19.444444444444443,19.444444444444443,19.444444444444443,0.0,278.73513462530616,419.307620537129
1152.0,69.04537953899062,19.444444444444443,inf,19.444444444444443,19.444444444444443,19.444444444444443,0.0,277.74514212870577,419.4487405451889
1153.0,69.09680811041919,19.444444444444443,inf,19.444444444444443,19.444444444444443,19.444444444444443,0.0,276.75514963210526,419.58986055324874
1154.0,69.14823668184776,19.444444444444443,inf,19.444444444444443,19.444444444444443,19.444444444444443,0.0,275.76515713550486,419.7309805613086
1155.0,69.19966525327634,19.444444444444443,inf,19.444444444444443,19.444444444444443,19.444444444444443,0.0,274.7751646389044,419.8721005693685
1156.0,69.25109382470491,19.444444444444443,inf,19.444444444444443,19.444444444444443,19.444444444444443,0.0,273.78517214230396,420.01322057742834
1157.0,69.30252239613348,19.444444444444443,inf,19.444444444444443,19.444444444444443,19.444444444444443,0.0,272.7951796457035,420.1543405854882
1158.0,69.35395096756206,19.444444444444443,inf,19.444444444444443,19.444444444444443,19.444444444444443,0.0,271.80518714910306,420.2954605935481
1159.0,69.40537953899063,19.444444444444443,inf,19.444444444444443,19.444444444444443,19.444444444444443,0.0,270.81519465250267,420.43658060160794
1160.0,69.4568081104192,19.444444444444443,inf,19.444444444444443,19.444444444444443,19.444444444444443,0.0,269.82520215590216,420.57770060966783
1161.0,69.50823668184778,19.444444444444443,inf,19.444444444444443,19.444444444444443,19.444444444444443,0.0,268.83520965930177,420.7188206177277
1162.0,69.55966525327635,19.444444444444443,inf,19.444444444444443,19.444444444444443,19.444444444444443,0.0,267.84521716270126,420.85994062578754
1163.0,69.61109382470492,19.444444444444443,inf,19.444444444444443,19.444444444444443,19.444444444444443,0.0,266.85522466610087,421.00106063384743
1164.0,69.6625223961335,19.444444444444443,inf,19.444444444444443,19.444444444444443,19.444444444444443,0.0,265.86523216950036,421.1421806419073
1165.0,69.71395096756207,19.444444444444443,inf,19.444444444444443,19.444444444444443,19.444444444444443,0.0,264.87523967289997,421.28330064996715
1166.0,69.76537953899064,19.444444444444443,inf,19.444444444444443,19.444444444444443,19.444444444444443,0.0,263.8852471762995,421.42442065802703
1167.0,69.81680811041922,19.444444444444443,inf,19.444444444444443,19.444444444444443,19.444444444444443,0.0,262.89525467969906,421.5655406660869
1168.0,69.86823668184779,19.444444444444443,inf,19.444444444444443,19.444444444444443,19.444444444444443,0.0,261.9052621830986,421.70666067414675
1169.0,69.91966525327636,19.444444444444443,inf,19.444444444444443,19.444444444444443,19.444444444444443,0.0,260.91526968649816,421.84778068220663
1170.0,69.97109382470494,19.444444444444443,inf,19.444444444444443,19.444444444444443,19.444444444444443,0.0,259.92527718989777,421.9889006902665
1171.0,70.02252239613351,19.444444444444443,inf,19.444444444444443,19.444444444444443,19.444444444444443,0.0,258.93528469329726,422.13002069832635
1172.0,70.07395096756208,19.444444444444443,inf,19.444444444444443,19.444444444444443,19.444444444444443,0.0,257.94529219669687,422.27114070638623
1173.0,70.12537953899066,19.444444444444443,inf,19.444444444444443,19.444444444444443,19.444444444444443,0.0,256.95529970009636,422.4122607144461
1174.0,70.17680811041923,19.444444444444443,inf,19.444444444444443,19.444444444444443,19.444444444444443,0.0,255.96530720349594,422.55338072250595
1175.0,70.2282366818478,19.444444444444443,inf,19.444444444444443,19.444444444444443,19.444444444444443,0.0,254.9753147068955,422.69450073056584
1176.0,70.27966525327638,19.444444444444443,inf,19.444444444444443,19.444444444444443,19.444444444444443,0.0,253.98532221029507,422.8356207386257
1177.0,70.33109382470495,19.444444444444443,inf,19.444444444444443,19.444444444444443,19.444444444444443,0.0,252.99532971369462,422.97674074668555
1178.0,70.38252239613352,19.444444444444443,inf,19.444444444444443,19.444444444444443,19.444444444444443,0.0,252.00533721709417,423.11786075474544
1179.0,70.4339509675621,19.444444444444443,inf,19.444444444444443,19.444444444444443,19.444444444444443,0.0,251.01534472049372,423.2589807628053
1180.0,70.48537953899067,19.444444444444443,inf,19.444444444444443,19.444444444444443,19.444444444444443,0.0,250.02535222389326,423.40010077086515
1181.0,70.53680811041924,19.444444444444443,inf,19.444444444444443,19.444444444444443,19.444444444444443,0.0,249.03535972729284,423.54122077892504
1182.0,70.58823668184782,19.444444444444443,inf,19.444444444444443,19.444444444444443,19.444444444444443,0.0,248.0453672306924,423.6823407869849
1183.0,70.63966525327639,19.444444444444443,inf,19.444444444444443,19.444444444444443,19.444444444444443,0.0,247.05537473409194,423.82346079504475
1184.0,70.69109382470496,19.444444444444443,inf,19.444444444444443,19.444444444444443,19.444444444444443,0.0,246.0653822374915,423.96458080310464
1185.0,70.74252239613354,19.444444444444443,inf,19.444444444444443,19.444444444444443,19.444444444444443,0.0,245.07538974089104,424.1057008111645
1186.0,70.79395096756211,19.444444444444443,inf,19.444444444444443,19.444444444444443,19.444444444444443,0.0,244.0853972442906,424.24682081922435
1187.0,70.84537953899068,19.444444444444443,inf,19.444444444444443,19.444444444444443,19.444444444444443,0.0,243.09540474769017,424.38794082728424
1188.0,70.89680811041926,19.444444444444443,inf,19.444444444444443,19.444444444444443,19.444444444444443,0.0,242.10541225108972,424.5290608353441
1189.0,70.94823668184783,19.444444444444443,inf,19.444444444444443,19.444444444444443,19.444444444444443,0.0,241.11541975448927,424.67018084340395
1190.0,70.9996652532764,19.444444444444443,inf,19.444444444444443,19.444444444444443,19.444444444444443,0.0,240.12542725788882,424.81130085146384
1191.0,71.05109382470498,19.444444444444443,inf,19.444444444444443,19.444444444444443,19.444444444444443,0.0,239.13543476128837,424.9524208595237
1192.0,71.10252239613355,19.444444444444443,inf,19.444444444444443,19.444444444444443,19.444444444444443,0.0,238.14544226468792,425.09354086758356
1193.0,71.15395096756212,19.444444444444443,inf,19.444444444444443,19.444444444444443,19.444444444444443,0.0,237.1554497680875,425.23466087564344
1194.0,71.2053795389907,19.444444444444443,inf,19.444444444444443,19.444444444444443,19.444444444444443,0.0,236.16545727148704,425.3757808837033
1195.0,71.25680811041927,19.444444444444443,inf,19.444444444444443,19.444444444444443,19.444444444444443,0.0,235.1754647748866,425.5169008917632
1196.0,71.30823668184784,19.444444444444443,inf,19.444444444444443,19.444444444444443,19.444444444444443,0.0,234.18547227828614,425.65802089982304
1197.0,71.35966525327642,19.444444444444443,inf,19.444444444444443,19.444444444444443,19.444444444444443,0.0,233.1954797816857,425.79914090788293
1198.0,71.41109382470499,19.444444444444443,inf,19.444444444444443,19.444444444444443,19.444444444444443,0.0,232.20548728508527,425.9402609159428
1199.0,71.46252239613356,19.444444444444443,inf,19.444444444444443,19.444444444444443,19.444444444444443,0.0,231.21549478848482,426.08138092400264
1200.0,71.51395096756214,19.444444444444443,inf,19.444444444444443,19.444444444444443,19.444444444444443,0.0,230.22550229188437,426.22250093206253
1201.0,71.56537953899071,19.444444444444443,inf,19.444444444444443,19.444444444444443,19.444444444444443,0.0,229.23550979528392,426.3636209401224
1202.0,71.61680811041929,19.444444444444443,inf,19.444444444444443,19.444444444444443,19.444444444444443,0.0,228.24551729868347,426.50474094818225
1203.0,71.66823668184786,19.444444444444443,inf,19.444444444444443,19.444444444444443,19.444444444444443,0.0,227.25552480208302,426.64586095624213
1204.0,71.71966525327643,19.444444444444443,inf,19.444444444444443,19.444444444444443,19.444444444444443,0.0,226.2655323054826,426.786980964302
1205.0,71.771093824705,19.444444444444443,inf,19.444444444444443,19.444444444444443,19.444444444444443,0.0,225.27553980888214,426.92810097236185
1206.0,71.82252239613358,19.444444444444443,inf,19.444444444444443,19.444444444444443,19.444444444444443,0.0,224.2855473122817,427.06922098042173
1207.0,71.87395096756215,19.444444444444443,inf,19.444444444444443,19.444444444444443,19.444444444444443,0.0,223.29555481568124,427.2103409884816
1208.0,71.92537953899073,19.444444444444443,inf,19.444444444444443,19.444444444444443,19.444444444444443,0.0,222.3055623190808,427.35146099654145
1209.0,71.9768081104193,19.444444444444443,inf,19.444444444444443,19.444444444444443,19.444444444444443,0.0,221.31556982248037,427.49258100460133
1210.0,72.02823668184787,19.444444444444443,inf,19.444444444444443,19.444444444444443,19.444444444444443,0.0,220.32557732587992,427.6337010126612
1211.0,72.07966525327645,19.444444444444443,inf,19.444444444444443,19.444444444444443,19.444444444444443,0.0,219.33558482927947,427.77482102072105
1212.0,72.13109382470502,19.444444444444443,inf,19.444444444444443,19.444444444444443,19.444444444444443,0.0,218.34559233267902,427.91594102878094
1213.0,72.18252239613359,19.444444444444443,inf,19.444444444444443,19.444444444444443,19.444444444444443,0.0,217.35559983607857,428.0570610368408
1214.0,72.23395096756217,19.444444444444443,inf,19.444444444444443,19.444444444444443,19.444444444444443,0.0,216.36560733947812,428.19818104490065
1215.0,72.28537953899074,19.444444444444443,inf,19.444444444444443,19.444444444444443,19.444444444444443,0.0,215.3756148428777,428.33930105296054
1216.0,72.33680811041931,19.444444444444443,inf,19.444444444444443,19.444444444444443,19.444444444444443,0.0,214.38562234627724,428.4804210610204
1217.0,72.38823668184789,19.444444444444443,inf,19.444444444444443,19.444444444444443,19.444444444444443,0.0,213.3956298496768,428.62154106908025
1218.0,72.43966525327646,19.444444444444443,inf,19.444444444444443,19.444444444444443,19.444444444444443,0.0,212.40563735307634,428.76266107714014
1219.0,72.49109382470503,19.444444444444443,inf,19.444444444444443,19.444444444444443,19.444444444444443,0.0,211.4156448564759,428.9037810852
1220.0,72.5425223961336,19.444444444444443,inf,19.444444444444443,19.444444444444443,19.444444444444443,0.0,210.42565235987547,429.04490109325985
1221.0,72.59395096756218,19.444444444444443,inf,19.444444444444443,19.444444444444443,19.444444444444443,0.0,209.43565986327502,429.18602110131974
1222.0,72.64537953899075,19.444444444444443,inf,19.444444444444443,19.444444444444443,19.444444444444443,0.0,208.44566736667457,429.3271411093796
1223.0,72.69680811041933,19.444444444444443,inf,19.444444444444443,19.444444444444443,19.444444444444443,0.0,207.45567487007412,429.46826111743945
1224.0,72.7482366818479,19.444444444444443,inf,19.444444444444443,19.444444444444443,19.444444444444443,0.0,206.46568237347367,429.60938112549934
1225.0,72.79966525327647,19.444444444444443,inf,19.444444444444443,19.444444444444443,19.444444444444443,0.0,205.47568987687322,429.7505011335592
1226.0,72.85109382470505,19.444444444444443,inf,19.444444444444443,19.444444444444443,19.444444444444443,0.0,204.4856973802728,429.89162114161905
1227.0,72.90252239613362,19.444444444444443,inf,19.444444444444443,19.444444444444443,19.444444444444443,0.0,203.49570488367235,430.03274114967894
1228.0,72.95395096756219,19.444444444444443,inf,19.444444444444443,19.444444444444443,19.444444444444443,0.0,202.5057123870719,430.1738611577388
1229.0,73.00537953899077,19.444444444444443,inf,19.444444444444443,19.444444444444443,19.444444444444443,0.0,201.51571989047144,430.31498116579866
1230.0,73.05680811041934,19.444444444444443,inf,19.444444444444443,19.444444444444443,19.444444444444443,0.0,200.525727393871,430.45610117385854
1231.0,73.10823668184791,19.444444444444443,inf,19.444444444444443,19.444444444444443,19.444444444444443,0.0,199.53573489727057,430.5972211819184
1232.0,73.15966525327649,19.444444444444443,inf,19.444444444444443,19.444444444444443,19.444444444444443,0.0,198.54574240067012,430.73834118997826
1233.0,73.21109382470506,19.444444444444443,inf,19.444444444444443,19.444444444444443,19.444444444444443,0.0,197.55574990406967,430.87946119803814
1234.0,73.26252239613363,19.444444444444443,inf,19.444444444444443,19.444444444444443,19.444444444444443,0.0,196.56575740746922,431.02058120609803
1235.0,73.3139509675622,19.444444444444443,inf,19.444444444444443,19.444444444444443,19.444444444444443,0.0,195.57576491086877,431.16170121415786
1236.0,73.36537953899078,19.444444444444443,inf,19.444444444444443,19.444444444444443,19.444444444444443,0.0,194.58577241426832,431.30282122221774
1237.0,73.41680811041935,19.444444444444443,inf,19.444444444444443,19.444444444444443,19.444444444444443,0.0,193.5957799176679,431.44394123027763
1238.0,73.46823668184793,19.444444444444443,inf,19.444444444444443,19.444444444444443,19.444444444444443,0.0,192.60578742106745,431.58506123833746
1239.0,73.5196652532765,19.444444444444443,inf,19.444444444444443,19.444444444444443,19.444444444444443,0.0,191.615794924467,431.72618124639735
1240.0,73.57109382470507,19.444444444444443,inf,19.444444444444443,19.444444444444443,19.444444444444443,0.0,190.62580242786655,431.86730125445723
1241.0,73.62252239613365,19.444444444444443,inf,19.444444444444443,19.444444444444443,19.444444444444443,0.0,189.6358099312661,432.00842126251706
1242.0,73.67395096756222,19.444444444444443,inf,19.444444444444443,19.444444444444443,19.444444444444443,0.0,188.64581743466564,432.14954127057695
1243.0,73.7253795389908,19.444444444444443,inf,19.444444444444443,19.444444444444443,19.444444444444443,0.0,187.65582493806522,432.29066127863683
1244.0,73.77680811041937,19.444444444444443,inf,19.444444444444443,19.444444444444443,19.444444444444443,0.0,186.66583244146477,432.43178128669666
1245.0,73.82823668184794,19.444444444444443,inf,19.444444444444443,19.444444444444443,19.444444444444443,0.0,185.67583994486432,432.57290129475655
1246.0,73.87966525327651,19.444444444444443,inf,19.444444444444443,19.444444444444443,19.444444444444443,0.0,184.68584744826387,432.71402130281643
1247.0,73.93109382470509,19.444444444444443,inf,19.444444444444443,19.444444444444443,19.444444444444443,0.0,183.69585495166342,432.85514131087626
1248.0,73.98252239613366,19.444444444444443,inf,19.444444444444443,19.444444444444443,19.444444444444443,0.0,182.705862455063,432.99626131893615
1249.0,74.03395096756223,19.444444444444443,inf,19.444444444444443,19.444444444444443,19.444444444444443,0.0,181.71586995846255,433.13738132699604
1250.0,74.08537953899081,19.444444444444443,inf,19.444444444444443,19.444444444444443,19.444444444444443,0.0,180.7258774618621,433.27850133505586
1251.0,74.13680811041938,19.444444444444443,inf,19.444444444444443,19.444444444444443,19.444444444444443,0.0,179.73588496526165,433.41962134311575
1252.0,74.18823668184795,19.444444444444443,inf,19.444444444444443,19.444444444444443,19.444444444444443,0.0,178.7458924686612,433.56074135117564
1253.0,74.23966525327653,19.444444444444443,inf,19.444444444444443,19.444444444444443,19.444444444444443,0.0,177.75589997206075,433.70186135923547
1254.0,74.2910938247051,19.444444444444443,inf,19.444444444444443,19.444444444444443,19.444444444444443,0.0,176.76590747546032,433.84298136729535
1255.0,74.34252239613367,19.444444444444443,inf,19.444444444444443,19.444444444444443,19.444444444444443,0.0,175.77591497885987,433.98410137535524
1256.0,74.39395096756225,19.444444444444443,inf,19.444444444444443,19.444444444444443,19.444444444444443,0.0,174.78592248225942,434.12522138341507
1257.0,74.44537953899082,19.444444444444443,inf,19.444444444444443,19.444444444444443,19.444444444444443,0.0,173.79592998565897,434.26634139147495
1258.0,74.4968081104194,19.444444444444443,inf,19.444444444444443,19.444444444444443,19.444444444444443,0.0,172.80593748905852,434.40746139953484
1259.0,74.54823668184797,19.444444444444443,inf,19.444444444444443,19.444444444444443,19.444444444444443,0.0,171.81594499245807,434.54858140759467
1260.0,74.59966525327654,19.444444444444443,inf,19.444444444444443,19.444444444444443,19.444444444444443,0.0,170.82595249585762,434.68970141565455
1261.0,74.65109382470511,19.444444444444443,inf,19.444444444444443,19.444444444444443,19.444444444444443,0.0,169.83595999925717,434.83082142371444
1262.0,74.70252239613369,19.444444444444443,inf,19.444444444444443,19.444444444444443,19.444444444444443,0.0,168.84596750265678,434.97194143177427
1263.0,74.75395096756226,19.444444444444443,inf,19.444444444444443,19.444444444444443,19.444444444444443,0.0,167.85597500605633,435.11306143983415
1264.0,74.80537953899083,19.444444444444443,inf,19.444444444444443,19.444444444444443,19.444444444444443,0.0,166.86598250945588,435.25418144789404
1265.0,74.85680811041941,19.444444444444443,inf,19.444444444444443,19.444444444444443,19.444444444444443,0.0,165.87599001285542,435.39530145595387
1266.0,74.90823668184798,19.444444444444443,inf,19.444444444444443,19.444444444444443,19.444444444444443,0.0,164.88599751625497,435.53642146401376
1267.0,74.95966525327655,19.444444444444443,inf,19.444444444444443,19.444444444444443,19.444444444444443,0.0,163.89600501965452,435.67754147207364
1268.0,75.01109382470513,19.444444444444443,inf,19.444444444444443,19.444444444444443,19.444444444444443,0.0,162.90601252305407,435.81866148013347
1269.0,75.0625223961337,19.444444444444443,inf,19.444444444444443,19.444444444444443,19.444444444444443,0.0,161.91602002645362,435.95978148819336
1270.0,75.11395096756227,19.444444444444443,inf,19.444444444444443,19.444444444444443,19.444444444444443,0.0,160.92602752985317,436.10090149625324
1271.0,75.16537953899085,19.444444444444443,inf,19.444444444444443,19.444444444444443,19.444444444444443,0.0,159.93603503325272,436.2420215043131
1272.0,75.21680811041942,19.444444444444443,inf,19.444444444444443,19.444444444444443,19.444444444444443,0.0,158.94604253665227,436.38314151237296
1273.0,75.268236681848,19.444444444444443,inf,19.444444444444443,19.444444444444443,19.444444444444443,0.0,157.95605004005188,436.52426152043284
1274.0,75.31966525327657,19.444444444444443,inf,19.444444444444443,19.444444444444443,19.444444444444443,0.0,156.96605754345143,436.6653815284927
1275.0,75.37109382470514,19.444444444444443,inf,19.444444444444443,19.444444444444443,19.444444444444443,0.0,155.97606504685098,436.80650153655256
1276.0,75.42252239613372,19.444444444444443,inf,19.444444444444443,19.444444444444443,19.444444444444443,0.0,154.98607255025053,436.94762154461245
1277.0,75.47395096756229,19.444444444444443,inf,19.444444444444443,19.444444444444443,19.444444444444443,0.0,153.99608005365008,437.0887415526723
1278.0,75.52537953899086,19.444444444444443,inf,19.444444444444443,19.444444444444443,19.444444444444443,0.0,153.00608755704963,437.22986156073216
1279.0,75.57680811041944,19.444444444444443,inf,19.444444444444443,19.444444444444443,19.444444444444443,0.0,152.01609506044917,437.37098156879205
1280.0,75.62823668184801,19.444444444444443,inf,19.444444444444443,19.444444444444443,19.444444444444443,0.0,151.02610256384872,437.51210157685193
1281.0,75.67966525327658,19.444444444444443,inf,19.444444444444443,19.444444444444443,19.444444444444443,0.0,150.03611006724827,437.65322158491176
1282.0,75.73109382470516,19.444444444444443,inf,19.444444444444443,19.444444444444443,19.444444444444443,0.0,149.04611757064782,437.79434159297165
1283.0,75.78252239613373,19.444444444444443,inf,19.444444444444443,19.444444444444443,19.444444444444443,0.0,148.05612507404737,437.93546160103153
1284.0,75.8339509675623,19.444444444444443,inf,19.444444444444443,19.444444444444443,19.444444444444443,0.0,147.06613257744698,438.07658160909136
1285.0,75.88537953899088,19.444444444444443,inf,19.444444444444443,19.444444444444443,19.444444444444443,0.0,146.07614008084653,438.21770161715125
1286.0,75.93680811041945,19.444444444444443,inf,19.444444444444443,19.444444444444443,19.444444444444443,0.0,145.08614758424608,438.35882162521114
1287.0,75.98823668184802,19.444444444444443,inf,19.444444444444443,19.444444444444443,19.444444444444443,0.0,144.09615508764563,438.49994163327096
1288.0,76.0396652532766,19.444444444444443,inf,19.444444444444443,19.444444444444443,19.444444444444443,0.0,143.10616259104518,438.64106164133085
1289.0,76.09109382470517,19.444444444444443,inf,19.444444444444443,19.444444444444443,19.444444444444443,0.0,142.11617009444473,438.78218164939074
1290.0,76.14252239613374,19.444444444444443,inf,19.444444444444443,19.444444444444443,19.444444444444443,0.0,141.12617759784428,438.92330165745057
1291.0,76.19395096756232,19.444444444444443,inf,19.444444444444443,19.444444444444443,19.444444444444443,0.0,140.13618510124383,439.06442166551045
1292.0,76.24537953899089,19.444444444444443,inf,19.444444444444443,19.444444444444443,19.444444444444443,0.0,139.14619260464337,439.20554167357034
1293.0,76.29680811041946,19.444444444444443,inf,19.444444444444443,19.444444444444443,19.444444444444443,0.0,138.15620010804292,439.34666168163017
1294.0,76.34823668184804,19.444444444444443,inf,19.444444444444443,19.444444444444443,19.444444444444443,0.0,137.16620761144247,439.48778168969005
1295.0,76.39966525327661,19.444444444444443,inf,19.444444444444443,19.444444444444443,19.444444444444443,0.0,136.17621511484208,439.62890169774994
1296.0,76.45109382470518,19.444444444444443,inf,19.444444444444443,19.444444444444443,19.444444444444443,0.0,135.18622261824163,439.77002170580977
1297.0,76.50252239613376,19.444444444444443,inf,19.444444444444443,19.444444444444443,19.444444444444443,0.0,134.19623012164118,439.91114171386965
1298.0,76.55395096756233,19.444444444444443,inf,19.444444444444443,19.444444444444443,19.444444444444443,0.0,133.20623762504073,440.05226172192954
1299.0,76.6053795389909,19.444444444444443,inf,19.444444444444443,19.444444444444443,19.444444444444443,0.0,132.21624512844028,440.19338172998937
1300.0,76.65680811041948,19.444444444444443,inf,19.444444444444443,19.444444444444443,19.444444444444443,0.0,131.22625263183983,440.33450173804925
1301.0,76.70823668184805,19.444444444444443,inf,19.444444444444443,19.444444444444443,19.444444444444443,0.0,130.23626013523938,440.47562174610914
1302.0,76.75966525327662,19.444444444444443,inf,19.444444444444443,19.444444444444443,19.444444444444443,0.0,129.24626763863893,440.61674175416897
1303.0,76.8110938247052,19.444444444444443,inf,19.444444444444443,19.444444444444443,19.444444444444443,0.0,128.25627514203848,440.75786176222886
1304.0,76.86252239613377,19.444444444444443,inf,19.444444444444443,19.444444444444443,19.444444444444443,0.0,127.26628264543803,440.89898177028874
1305.0,76.91395096756234,19.444444444444443,inf,19.444444444444443,19.444444444444443,19.444444444444443,0.0,126.27629014883757,441.04010177834857
1306.0,76.96537953899092,19.444444444444443,inf,19.444444444444443,19.444444444444443,19.444444444444443,0.0,125.28629765223712,441.18122178640846
1307.0,77.01680811041949,19.444444444444443,inf,19.444444444444443,19.444444444444443,19.444444444444443,0.0,124.29630515563673,441.32234179446834
1308.0,77.06823668184806,19.444444444444443,inf,19.444444444444443,19.444444444444443,19.444444444444443,0.0,123.30631265903628,441.4634618025282
1309.0,77.11966525327664,19.444444444444443,inf,19.444444444444443,19.444444444444443,19.444444444444443,0.0,122.31632016243583,441.60458181058806
1310.0,77.17109382470521,19.444444444444443,inf,19.444444444444443,19.444444444444443,19.444444444444443,0.0,121.32632766583538,441.74570181864794
1311.0,77.22252239613378,19.444444444444443,inf,19.444444444444443,19.444444444444443,19.444444444444443,0.0,120.33633516923493,441.8868218267078
1312.0,77.27395096756236,19.444444444444443,inf,19.444444444444443,19.444444444444443,19.444444444444443,0.0,119.34634267263448,442.02794183476766
1313.0,77.32537953899093,19.444444444444443,inf,19.444444444444443,19.444444444444443,19.444444444444443,0.0,118.35635017603403,442.16906184282755
1314.0,77.3768081104195,19.444444444444443,inf,19.444444444444443,19.444444444444443,19.444444444444443,0.0,117.36635767943358,442.3101818508874
1315.0,77.42823668184808,19.444444444444443,inf,19.444444444444443,19.444444444444443,19.444444444444443,0.0,116.37636518283313,442.45130185894726
1316.0,77.47966525327665,19.444444444444443,inf,19.444444444444443,19.444444444444443,19.444444444444443,0.0,115.38637268623268,442.59242186700715
1317.0,77.53109382470522,19.444444444444443,inf,19.444444444444443,19.444444444444443,19.444444444444443,0.0,114.39638018963223,442.733541875067
1318.0,77.5825223961338,19.444444444444443,inf,19.444444444444443,19.444444444444443,19.444444444444443,0.0,113.40638769303183,442.87466188312686
1319.0,77.63395096756237,19.444444444444443,inf,19.444444444444443,19.444444444444443,19.444444444444443,0.0,112.41639519643138,443.01578189118675
1320.0,77.68537953899094,19.444444444444443,inf,19.444444444444443,19.444444444444443,19.444444444444443,0.0,111.42640269983093,443.1569018992466
1321.0,77.73680811041952,19.444444444444443,inf,19.444444444444443,19.444444444444443,19.444444444444443,0.0,110.43641020323048,443.29802190730646
1322.0,77.78823668184809,19.444444444444443,inf,19.444444444444443,19.444444444444443,19.444444444444443,0.0,109.44641770663003,443.43914191536635
1323.0,77.83966525327666,19.444444444444443,inf,19.444444444444443,19.444444444444443,19.444444444444443,0.0,108.45642521002958,443.5802619234262
1324.0,77.89109382470524,19.444444444444443,inf,19.444444444444443,19.444444444444443,19.444444444444443,0.0,107.46643271342913,443.72138193148606
1325.0,77.94252239613381,19.444444444444443,inf,19.444444444444443,19.444444444444443,19.444444444444443,0.0,106.47644021682868,443.86250193954595
1326.0,77.99395096756238,19.444444444444443,inf,19.444444444444443,19.444444444444443,19.444444444444443,0.0,105.48644772022823,444.0036219476058
1327.0,78.04537953899096,19.444444444444443,inf,19.444444444444443,19.444444444444443,19.444444444444443,0.0,104.49645522362778,444.14474195566567
1328.0,78.09680811041953,19.444444444444443,inf,19.444444444444443,19.444444444444443,19.444444444444443,0.0,103.50646272702733,444.28586196372555
1329.0,78.1482366818481,19.444444444444443,inf,19.444444444444443,19.444444444444443,19.444444444444443,0.0,102.51647023042693,444.4269819717854
1330.0,78.19966525327668,19.444444444444443,inf,19.444444444444443,19.444444444444443,19.444444444444443,0.0,101.52647773382648,444.56810197984527
1331.0,78.25109382470525,19.444444444444443,inf,19.444444444444443,19.444444444444443,19.444444444444443,0.0,100.53648523722603,444.70922198790515
1332.0,78.30252239613382,19.444444444444443,inf,19.444444444444443,19.444444444444443,19.444444444444443,0.0,99.54649274062558,444.850341995965
1333.0,78.3539509675624,19.444444444444443,inf,19.444444444444443,19.444444444444443,19.444444444444443,0.0,98.55650024402513,444.99146200402487
1334.0,78.40537953899097,19.444444444444443,inf,19.444444444444443,19.444444444444443,19.444444444444443,0.0,97.56650774742468,445.13258201208475
1335.0,78.45680811041954,19.444444444444443,inf,19.444444444444443,19.444444444444443,19.444444444444443,0.0,96.57651525082423,445.2737020201446
1336.0,78.50823668184812,19.444444444444443,inf,19.444444444444443,19.444444444444443,19.444444444444443,0.0,95.58652275422378,445.41482202820447
1337.0,78.55966525327669,19.444444444444443,inf,19.444444444444443,19.444444444444443,19.444444444444443,0.0,94.59653025762333,445.55594203626436
1338.0,78.61109382470526,19.444444444444443,inf,19.444444444444443,19.444444444444443,19.444444444444443,0.0,93.60653776102288,445.6970620443242
1339.0,78.66252239613384,19.444444444444443,inf,19.444444444444443,19.444444444444443,19.444444444444443,0.0,92.61654526442243,445.83818205238407
1340.0,78.71395096756241,19.444444444444443,inf,19.444444444444443,19.444444444444443,19.444444444444443,0.0,91.62655276782203,445.97930206044396
1341.0,78.76537953899098,19.444444444444443,inf,19.444444444444443,19.444444444444443,19.444444444444443,0.0,90.63656027122158,446.1204220685038
1342.0,78.81680811041956,19.444444444444443,inf,19.444444444444443,19.444444444444443,19.444444444444443,0.0,89.64656777462113,446.26154207656367
1343.0,78.86823668184813,19.444444444444443,inf,19.444444444444443,19.444444444444443,19.444444444444443,0.0,88.65657527802068,446.40266208462356
1344.0,78.9196652532767,19.444444444444443,inf,19.444444444444443,19.444444444444443,19.444444444444443,0.0,87.66658278142023,446.5437820926834
1345.0,78.97109382470528,19.444444444444443,inf,19.444444444444443,19.444444444444443,19.444444444444443,0.0,86.67659028481978,446.6849021007433
1346.0,79.02252239613385,19.444444444444443,inf,19.444444444444443,19.444444444444443,19.444444444444443,0.0,85.68659778821933,446.82602210880316
1347.0,79.07395096756242,19.444444444444443,inf,19.444444444444443,19.444444444444443,19.444444444444443,0.0,84.69660529161888,446.967142116863
1348.0,79.125379538991,19.444444444444443,inf,19.444444444444443,19.444444444444443,19.444444444444443,0.0,83.70661279501843,447.1082621249229
1349.0,79.17680811041957,19.444444444444443,inf,19.444444444444443,19.444444444444443,19.444444444444443,0.0,82.71662029841798,447.24938213298276
1350.0,79.22823668184814,19.444444444444443,inf,19.444444444444443,19.444444444444443,19.444444444444443,0.0,81.72662780181753,447.3905021410426
1351.0,79.27966525327672,19.444444444444443,inf,19.444444444444443,19.444444444444443,19.444444444444443,0.0,80.73663530521713,447.5316221491025
1352.0,79.33109382470529,19.444444444444443,inf,19.444444444444443,19.444444444444443,19.444444444444443,0.0,79.74664280861668,447.67274215716236
1353.0,79.38252239613387,19.444444444444443,inf,19.444444444444443,19.444444444444443,19.444444444444443,0.0,78.75665031201623,447.8138621652222
1354.0,79.43395096756244,19.444444444444443,inf,19.444444444444443,19.444444444444443,19.444444444444443,0.0,77.76665781541578,447.9549821732821
1355.0,79.48537953899101,19.444444444444443,inf,19.444444444444443,19.444444444444443,19.444444444444443,0.0,76.77666531881533,448.09610218134196
1356.0,79.53680811041959,19.444444444444443,inf,19.444444444444443,19.444444444444443,19.444444444444443,0.0,75.78667282221488,448.2372221894018
1357.0,79.58823668184816,19.444444444444443,inf,19.444444444444443,19.444444444444443,19.444444444444443,0.0,74.79668032561443,448.3783421974617
1358.0,79.63966525327673,19.444444444444443,inf,19.444444444444443,19.444444444444443,19.444444444444443,0.0,73.80668782901398,448.51946220552156
1359.0,79.6910938247053,19.444444444444443,inf,19.444444444444443,19.444444444444443,19.444444444444443,0.0,72.81669533241353,448.6605822135814
1360.0,79.74252239613388,19.444444444444443,inf,19.444444444444443,19.444444444444443,19.444444444444443,0.0,71.82670283581308,448.8017022216413
1361.0,79.79395096756245,19.444444444444443,inf,19.444444444444443,19.444444444444443,19.444444444444443,0.0,70.83671033921263,448.94282222970116
1362.0,79.84537953899103,19.444444444444443,inf,19.444444444444443,19.444444444444443,19.444444444444443,0.0,69.84671784261224,449.083942237761
1363.0,79.8968081104196,19.444444444444443,inf,19.444444444444443,19.444444444444443,19.444444444444443,0.0,68.85672534601179,449.2250622458209
1364.0,79.94823668184817,19.444444444444443,inf,19.444444444444443,19.444444444444443,19.444444444444443,0.0,67.86673284941133,449.36618225388077
1365.0,79.99966525327675,19.444444444444443,inf,19.444444444444443,19.444444444444443,19.444444444444443,0.0,66.87674035281088,449.5073022619406
1366.0,80.05109382470532,19.444444444444443,inf,19.444444444444443,19.444444444444443,19.444444444444443,0.0,65.88674785621043,449.6484222700005
1367.0,80.10252239613389,19.444444444444443,inf,19.444444444444443,19.444444444444443,19.444444444444443,0.0,64.89675535960998,449.78954227806037
1368.0,80.15395096756247,19.444444444444443,inf,19.444444444444443,19.444444444444443,19.444444444444443,0.0,63.90676286300953,449.9306622861202
1369.0,80.20537953899104,19.444444444444443,inf,19.444444444444443,19.444444444444443,19.444444444444443,0.0,62.91677036640908,450.0717822941801
1370.0,80.25680811041961,19.444444444444443,inf,19.444444444444443,19.444444444444443,19.444444444444443,0.0,61.92677786980863,450.21290230223997
1371.0,80.30823668184819,19.444444444444443,inf,19.444444444444443,19.444444444444443,19.444444444444443,0.0,60.93678537320818,450.3540223102998
1372.0,80.35966525327676,19.444444444444443,inf,19.444444444444443,19.444444444444443,19.444444444444443,0.0,59.94679287660773,450.4951423183597
1373.0,80.41109382470533,19.444444444444443,inf,19.444444444444443,19.444444444444443,19.444444444444443,0.0,58.95680038000734,450.63626232641957
1374.0,80.4625223961339,19.444444444444443,inf,19.444444444444443,19.444444444444443,19.444444444444443,0.0,57.96680788340689,450.7773823344794
1375.0,80.51395096756248,19.444444444444443,inf,19.444444444444443,19.444444444444443,19.444444444444443,0.0,56.976815386806436,450.9185023425393
1376.0,80.56537953899105,19.444444444444443,inf,19.444444444444443,19.444444444444443,19.444444444444443,0.0,55.986822890205985,451.05962235059917
1377.0,80.61680811041963,19.444444444444443,inf,19.444444444444443,19.444444444444443,19.444444444444443,0.0,54.996830393605535,451.200742358659
1378.0,80.6682366818482,19.444444444444443,inf,19.444444444444443,19.444444444444443,19.444444444444443,0.0,54.006837897005084,451.3418623667189
1379.0,80.71966525327677,19.444444444444443,inf,19.444444444444443,19.444444444444443,19.444444444444443,0.0,53.016845400404634,451.48298237477877
1380.0,80.77109382470535,19.444444444444443,inf,19.444444444444443,19.444444444444443,19.444444444444443,0.0,52.02685290380418,451.6241023828386
1381.0,80.82252239613392,19.444444444444443,inf,19.444444444444443,19.444444444444443,19.444444444444443,0.0,51.03686040720373,451.7652223908985
1382.0,80.8739509675625,19.444444444444443,inf,19.444444444444443,19.444444444444443,19.444444444444443,0.0,50.04686791060328,451.9063423989584
1383.0,80.92537953899107,19.444444444444443,inf,19.444444444444443,19.444444444444443,19.444444444444443,0.0,49.05687541400283,452.0474624070182
1384.0,80.97680811041964,19.444444444444443,inf,19.444444444444443,19.444444444444443,19.444444444444443,0.0,48.06688291740238,452.1885824150781
1385.0,81.02823668184821,19.444444444444443,inf,19.444444444444443,19.444444444444443,19.444444444444443,0.0,47.07689042080199,452.329702423138
1386.0,81.07966525327679,19.444444444444443,inf,19.444444444444443,19.444444444444443,19.444444444444443,0.0,46.08689792420154,452.4708224311978
1387.0,81.13109382470536,19.444444444444443,inf,19.444444444444443,19.444444444444443,19.444444444444443,0.0,45.09690542760109,452.6119424392577
1388.0,81.18252239613393,19.444444444444443,inf,19.444444444444443,19.444444444444443,19.444444444444443,0.0,44.106912931000636,452.7530624473176
1389.0,81.2339509675625,19.444444444444443,inf,19.444444444444443,19.444444444444443,19.444444444444443,0.0,43.116920434400186,452.8941824553774
1390.0,81.28537953899108,19.444444444444443,inf,19.444444444444443,19.444444444444443,19.444444444444443,0.0,42.126927937799735,453.0353024634373
1391.0,81.33680811041965,19.444444444444443,inf,19.444444444444443,19.444444444444443,19.444444444444443,0.0,41.136935441199284,453.1764224714972
1392.0,81.38823668184823,19.444444444444443,inf,19.444444444444443,19.444444444444443,19.444444444444443,0.0,40.146942944598834,453.317542479557
1393.0,81.4396652532768,19.444444444444443,inf,19.444444444444443,19.444444444444443,19.444444444444443,0.0,39.15695044799838,453.4586624876169
1394.0,81.49109382470537,19.444444444444443,inf,19.444444444444443,19.444444444444443,19.444444444444443,0.0,38.16695795139793,453.5997824956768
1395.0,81.54252239613395,19.444444444444443,inf,19.444444444444443,19.444444444444443,19.444444444444443,0.0,37.17696545479748,453.7409025037366
1396.0,81.59395096756252,19.444444444444443,inf,19.444444444444443,19.444444444444443,19.444444444444443,0.0,36.18697295819709,453.8820225117965
1397.0,81.6453795389911,19.444444444444443,inf,19.444444444444443,19.444444444444443,19.444444444444443,0.0,35.19698046159664,454.0231425198564
1398.0,81.69680811041967,19.444444444444443,inf,19.444444444444443,19.444444444444443,19.444444444444443,0.0,34.20698796499619,454.1642625279162
1399.0,81.74823668184824,19.444444444444443,inf,19.444444444444443,19.444444444444443,19.444444444444443,0.0,33.21699546839574,454.3053825359761
1400.0,81.79966525327681,19.444444444444443,inf,19.444444444444443,19.444444444444443,19.444444444444443,0.0,32.22700297179529,454.446502544036
1401.0,81.85109382470539,19.444444444444443,inf,19.444444444444443,19.444444444444443,19.444444444444443,0.0,31.237010475194836,454.5876225520958
1402.0,81.90252239613396,19.444444444444443,inf,19.444444444444443,19.444444444444443,19.444444444444443,0.0,30.247017978594386,454.7287425601557
1403.0,81.95395096756253,19.444444444444443,inf,19.444444444444443,19.444444444444443,19.444444444444443,0.0,29.257025481993935,454.8698625682156
1404.0,82.00537953899111,19.444444444444443,inf,19.444444444444443,19.444444444444443,19.444444444444443,0.0,28.267032985393485,455.0109825762754
1405.0,82.05680811041968,19.444444444444443,inf,19.444444444444443,19.444444444444443,19.444444444444443,0.0,27.277040488793034,455.1521025843353
1406.0,82.10823668184825,19.444444444444443,inf,19.444444444444443,19.444444444444443,19.444444444444443,0.0,26.287047992192583,455.2932225923952
1407.0,82.15966525327683,19.444444444444443,inf,19.444444444444443,19.444444444444443,19.444444444444443,0.0,25.29705549559219,455.434342600455
1408.0,82.2110938247054,19.444444444444443,inf,19.444444444444443,19.444444444444443,19.444444444444443,0.0,24.30706299899174,455.5754626085149
1409.0,82.26252239613397,19.444444444444443,inf,19.444444444444443,19.444444444444443,19.444444444444443,0.0,23.31707050239129,455.7165826165748
1410.0,82.31395096756255,19.444444444444443,inf,19.444444444444443,19.444444444444443,19.444444444444443,0.0,22.32707800579084,455.8577026246346
1411.0,82.36537953899112,19.444444444444443,inf,19.444444444444443,19.444444444444443,19.444444444444443,0.0,21.337085509190388,455.9988226326945
1412.0,82.4168081104197,19.444444444444443,inf,19.444444444444443,19.444444444444443,19.444444444444443,0.0,20.347093012589937,456.1399426407544
1413.0,82.46823668184827,19.444444444444443,inf,19.444444444444443,19.444444444444443,19.444444444444443,0.0,19.357100515989487,456.2810626488142
1414.0,82.51966525327684,19.444444444444443,inf,19.444444444444443,19.444444444444443,19.444444444444443,0.0,18.367108019389036,456.4221826568741
1415.0,82.57109382470541,19.444444444444443,inf,19.444444444444443,19.444444444444443,19.444444444444443,0.0,17.377115522788586,456.563302664934
1416.0,82.62252239613399,19.444444444444443,inf,19.444444444444443,19.444444444444443,19.444444444444443,0.0,16.387123026188135,456.7044226729938
1417.0,82.67395096756256,19.444444444444443,inf,19.444444444444443,19.444444444444443,19.444444444444443,0.0,15.397130529587685,456.8455426810537
1418.0,82.72537953899113,19.444444444444443,inf,19.444444444444443,19.444444444444443,19.444444444444443,0.0,14.407138032987291,456.9866626891136
1419.0,82.77680811041971,19.444444444444443,inf,19.444444444444443,19.444444444444443,19.444444444444443,0.0,13.41714553638684,457.1277826971734
1420.0,82.82823668184828,19.444444444444443,inf,19.444444444444443,19.444444444444443,19.444444444444443,0.0,12.42715303978639,457.2689027052333
1421.0,82.87966525327685,19.444444444444443,inf,19.444444444444443,19.444444444444443,19.444444444444443,0.0,11.43716054318594,457.4100227132932
1422.0,82.93109382470543,19.444444444444443,inf,19.444444444444443,19.444444444444443,19.444444444444443,0.0,10.447168046585489,457.551142721353
1423.0,82.982522396134,19.444444444444443,inf,19.444444444444443,19.444444444444443,19.444444444444443,0.0,9.457175549985038,457.6922627294129
1424.0,83.03395096756257,19.444444444444443,inf,19.444444444444443,19.444444444444443,19.444444444444443,0.0,8.467183053384588,457.8333827374728
1425.0,83.08537953899115,19.444444444444443,inf,19.444444444444443,19.444444444444443,19.444444444444443,0.0,7.477190556784137,457.9745027455326
1426.0,83.13680811041972,19.444444444444443,inf,19.444444444444443,19.444444444444443,19.444444444444443,0.0,6.487198060183687,458.1156227535925
1427.0,83.1882366818483,19.444444444444443,inf,19.444444444444443,19.444444444444443,19.444444444444443,0.0,5.497205563583236,458.2567427616524
1428.0,83.23966525327687,19.444444444444443,inf,19.444444444444443,19.444444444444443,19.444444444444443,0.0,4.507213066982786,458.3978627697122
1429.0,83.29109382470544,19.444444444444443,inf,19.444444444444443,19.444444444444443,19.444444444444443,0.0,3.517220570382392,458.5389827777721
1430.0,83.34252239613402,19.444444444444443,inf,19.444444444444443,19.444444444444443,19.444444444444443,0.0,2.5272280737819415,458.680102785832
1431.0,83.39395096756259,19.444444444444443,inf,19.444444444444443,19.444444444444443,19.444444444444443,0.0,1.537235577181491,458.8212227938918
1432.0,83.44537953899116,19.444444444444443,inf,19.444444444444443,19.444444444444443,19.444444444444443,0.0,0.5472430805810404,458.9623428019517
1433.0,83.49680811041974,19.444444444444443,inf,19.444444444444443,19.444444444444443,19.444444444444443,0.0,-0.4427494160194101,459.1034628100116
1434.0,83.54823668184831,19.444444444444443,inf,19.444444444444443,19.444444444444443,19.444444444444443,0.0,-1.4327419126198606,459.2445828180714
1435.0,83.59966525327688,19.444444444444443,inf,19.444444444444443,19.444444444444443,19.444444444444443,0.0,-2.422734409220311,459.3857028261313
1436.0,83.65109382470546,19.444444444444443,inf,19.444444444444443,19.444444444444443,19.444444444444443,0.0,-3.4127269058207617,459.5268228341912
1437.0,83.70252239613403,19.444444444444443,inf,19.444444444444443,19.444444444444443,19.444444444444443,0.0,-4.402719402421212,459.667942842251
1438.0,83.7539509675626,19.444444444444443,inf,19.444444444444443,19.444444444444443,19.444444444444443,0.0,-5.392711899021663,459.8090628503109
1439.0,83.80537953899118,19.444444444444443,inf,19.444444444444443,19.444444444444443,19.444444444444443,0.0,-6.382704395622113,459.9501828583708
1440.0,83.85680811041975,19.444444444444443,inf,19.444444444444443,19.444444444444443,19.444444444444443,0.0,-7.372696892222507,460.0913028664306
1441.0,83.90823668184832,19.444444444444443,inf,19.444444444444443,19.444444444444443,19.444444444444443,0.0,-8.362689388822957,460.2324228744905
1442.0,83.9596652532769,19.444444444444443,inf,19.444444444444443,19.444444444444443,19.444444444444443,0.0,-9.352681885423408,460.3735428825504
1443.0,84.01109382470547,19.444444444444443,inf,19.444444444444443,19.444444444444443,19.444444444444443,0.0,-10.342674382023858,460.5146628906102
1444.0,84.06252239613404,19.444444444444443,inf,19.444444444444443,19.444444444444443,19.444444444444443,0.0,-11.332666878624309,460.6557828986701
1445.0,84.11395096756262,19.444444444444443,inf,19.444444444444443,19.444444444444443,19.444444444444443,0.0,-12.32265937522476,460.79690290673
1446.0,84.16537953899119,19.444444444444443,inf,19.444444444444443,19.444444444444443,19.444444444444443,0.0,-13.31265187182521,460.9380229147899
1447.0,84.21680811041976,19.444444444444443,inf,19.444444444444443,19.444444444444443,19.444444444444443,0.0,-14.30264436842566,461.0791429228497
1448.0,84.26823668184834,19.444444444444443,inf,19.444444444444443,19.444444444444443,19.444444444444443,0.0,-15.292636865026111,461.2202629309096
1449.0,84.31966525327691,19.444444444444443,inf,19.444444444444443,19.444444444444443,19.444444444444443,0.0,-16.28262936162656,461.3613829389695
1450.0,84.37109382470548,19.444444444444443,inf,19.444444444444443,19.444444444444443,19.444444444444443,0.0,-17.272621858227012,461.5025029470293
1451.0,84.42252239613406,19.444444444444443,inf,19.444444444444443,19.444444444444443,19.444444444444443,0.0,-18.262614354827406,461.6436229550892
1452.0,84.47395096756263,19.444444444444443,inf,19.444444444444443,19.444444444444443,19.444444444444443,0.0,-19.252606851427856,461.7847429631491
1453.0,84.5253795389912,19.444444444444443,inf,19.444444444444443,19.444444444444443,19.444444444444443,0.0,-20.242599348028307,461.9258629712089
1454.0,84.57680811041978,19.444444444444443,inf,19.444444444444443,19.444444444444443,19.444444444444443,0.0,-21.232591844628757,462.0669829792688
1455.0,84.62823668184835,19.444444444444443,inf,19.444444444444443,19.444444444444443,19.444444444444443,0.0,-22.222584341229208,462.20810298732863
1456.0,84.67966525327692,19.444444444444443,inf,19.444444444444443,19.444444444444443,19.444444444444443,0.0,-23.21257683782966,462.3492229953885
1457.0,84.7310938247055,19.444444444444443,inf,19.444444444444443,19.444444444444443,19.444444444444443,0.0,-24.20256933443011,462.4903430034484
1458.0,84.78252239613407,19.444444444444443,inf,19.444444444444443,19.444444444444443,19.444444444444443,0.0,-25.19256183103056,462.63146301150823
1459.0,84.83395096756264,19.444444444444443,inf,19.444444444444443,19.444444444444443,19.444444444444443,0.0,-26.18255432763101,462.7725830195681
1460.0,84.88537953899122,19.444444444444443,inf,19.444444444444443,19.444444444444443,19.444444444444443,0.0,-27.17254682423146,462.913703027628
1461.0,84.93680811041979,19.444444444444443,inf,19.444444444444443,19.444444444444443,19.444444444444443,0.0,-28.16253932083191,463.05482303568783
1462.0,84.98823668184836,19.444444444444443,inf,19.444444444444443,19.444444444444443,19.444444444444443,0.0,-29.152531817432305,463.1959430437477
1463.0,85.03966525327694,19.444444444444443,inf,19.444444444444443,19.444444444444443,19.444444444444443,0.0,-30.142524314032755,463.3370630518076
1464.0,85.09109382470551,19.444444444444443,inf,19.444444444444443,19.444444444444443,19.444444444444443,0.0,-31.132516810633206,463.47818305986743
1465.0,85.14252239613408,19.444444444444443,inf,19.444444444444443,19.444444444444443,19.444444444444443,0.0,-32.122509307233656,463.6193030679273
1466.0,85.19395096756266,19.444444444444443,inf,19.444444444444443,19.444444444444443,19.444444444444443,0.0,-33.11250180383411,463.7604230759872
1467.0,85.24537953899123,19.444444444444443,inf,19.444444444444443,19.444444444444443,19.444444444444443,0.0,-34.10249430043456,463.9015430840471
1468.0,85.2968081104198,19.444444444444443,inf,19.444444444444443,19.444444444444443,19.444444444444443,0.0,-35.09248679703501,464.0426630921069
1469.0,85.34823668184838,19.444444444444443,inf,19.444444444444443,19.444444444444443,19.444444444444443,0.0,-36.08247929363546,464.1837831001668
1470.0,85.39966525327695,19.444444444444443,inf,19.444444444444443,19.444444444444443,19.444444444444443,0.0,-37.07247179023591,464.3249031082267
1471.0,85.45109382470552,19.444444444444443,inf,19.444444444444443,19.444444444444443,19.444444444444443,0.0,-38.06246428683636,464.4660231162865
1472.0,85.5025223961341,19.444444444444443,inf,19.444444444444443,19.444444444444443,19.444444444444443,0.0,-39.05245678343681,464.6071431243464
1473.0,85.55395096756267,19.444444444444443,inf,19.444444444444443,19.444444444444443,19.444444444444443,0.0,-40.04244928003726,464.7482631324063
1474.0,85.60537953899124,19.444444444444443,inf,19.444444444444443,19.444444444444443,19.444444444444443,0.0,-41.032441776637654,464.8893831404661
1475.0,85.65680811041982,19.444444444444443,inf,19.444444444444443,19.444444444444443,19.444444444444443,0.0,-42.022434273238105,465.030503148526
1476.0,85.70823668184839,19.444444444444443,inf,19.444444444444443,19.444444444444443,19.444444444444443,0.0,-43.012426769838555,465.1716231565859
1477.0,85.75966525327696,19.444444444444443,inf,19.444444444444443,19.444444444444443,19.444444444444443,0.0,-44.002419266439006,465.3127431646457
1478.0,85.81109382470554,19.444444444444443,inf,19.444444444444443,19.444444444444443,19.444444444444443,0.0,-44.992411763039456,465.4538631727056
1479.0,85.86252239613411,19.444444444444443,inf,19.444444444444443,19.444444444444443,19.444444444444443,0.0,-45.98240425963991,465.5949831807655
1480.0,85.91395096756268,19.444444444444443,inf,19.444444444444443,19.444444444444443,19.444444444444443,0.0,-46.97239675624036,465.7361031888253
1481.0,85.96537953899126,19.444444444444443,inf,19.444444444444443,19.444444444444443,19.444444444444443,0.0,-47.96238925284081,465.8772231968852
1482.0,86.01680811041983,19.444444444444443,inf,19.444444444444443,19.444444444444443,19.444444444444443,0.0,-48.95238174944126,466.0183432049451
1483.0,86.0682366818484,19.444444444444443,inf,19.444444444444443,19.444444444444443,19.444444444444443,0.0,-49.94237424604171,466.1594632130049
1484.0,86.11966525327698,19.444444444444443,inf,19.444444444444443,19.444444444444443,19.444444444444443,0.0,-50.93236674264216,466.3005832210648
1485.0,86.17109382470555,19.444444444444443,inf,19.444444444444443,19.444444444444443,19.444444444444443,0.0,-51.92235923924255,466.4417032291247
1486.0,86.22252239613412,19.444444444444443,inf,19.444444444444443,19.444444444444443,19.444444444444443,0.0,-52.912351735843004,466.5828232371845
1487.0,86.2739509675627,19.444444444444443,inf,19.444444444444443,19.444444444444443,19.444444444444443,0.0,-53.902344232443454,466.7239432452444
1488.0,86.32537953899127,19.444444444444443,inf,19.444444444444443,19.444444444444443,19.444444444444443,0.0,-54.892336729043905,466.8650632533043
1489.0,86.37680811041984,19.444444444444443,inf,19.444444444444443,19.444444444444443,19.444444444444443,0.0,-55.882329225644355,467.00618326136413
1490.0,86.42823668184842,19.444444444444443,inf,19.444444444444443,19.444444444444443,19.444444444444443,0.0,-56.872321722244806,467.147303269424
1491.0,86.47966525327699,19.444444444444443,inf,19.444444444444443,19.444444444444443,19.444444444444443,0.0,-57.862314218845256,467.2884232774839
1492.0,86.53109382470556,19.444444444444443,inf,19.444444444444443,19.444444444444443,19.444444444444443,0.0,-58.85230671544571,467.42954328554373
1493.0,86.58252239613414,19.444444444444443,inf,19.444444444444443,19.444444444444443,19.444444444444443,0.0,-59.84229921204616,467.5706632936036
1494.0,86.63395096756271,19.444444444444443,inf,19.444444444444443,19.444444444444443,19.444444444444443,0.0,-60.83229170864661,467.7117833016635
1495.0,86.68537953899128,19.444444444444443,inf,19.444444444444443,19.444444444444443,19.444444444444443,0.0,-61.82228420524706,467.85290330972333
1496.0,86.73680811041986,19.444444444444443,inf,19.444444444444443,19.444444444444443,19.444444444444443,0.0,-62.81227670184745,467.9940233177832
1497.0,86.78823668184843,19.444444444444443,inf,19.444444444444443,19.444444444444443,19.444444444444443,0.0,-63.8022691984479,468.1351433258431
1498.0,86.839665253277,19.444444444444443,inf,19.444444444444443,19.444444444444443,19.444444444444443,0.0,-64.79226169504835,468.276263333903
1499.0,86.89109382470558,19.444444444444443,inf,19.444444444444443,19.444444444444443,19.444444444444443,0.0,-65.7822541916488,468.4173833419628
1500.0,86.94252239613415,19.444444444444443,inf,19.444444444444443,19.444444444444443,19.444444444444443,0.0,-66.77224668824925,468.5585033500227
1501.0,86.99395096756272,19.444444444444443,inf,19.444444444444443,19.444444444444443,19.444444444444443,0.0,-67.7622391848497,468.6996233580826
1502.0,87.0453795389913,19.444444444444443,inf,19.444444444444443,19.444444444444443,19.444444444444443,0.0,-68.75223168145016,468.8407433661424
1503.0,87.09680811041987,19.444444444444443,inf,19.444444444444443,19.444444444444443,19.444444444444443,0.0,-69.7422241780506,468.9818633742023
1504.0,87.14823668184845,19.444444444444443,inf,19.444444444444443,19.444444444444443,19.444444444444443,0.0,-70.73221667465106,469.1229833822622
1505.0,87.19966525327702,19.444444444444443,inf,19.444444444444443,19.444444444444443,19.444444444444443,0.0,-71.7222091712515,469.264103390322
1506.0,87.25109382470559,19.444444444444443,inf,19.444444444444443,19.444444444444443,19.444444444444443,0.0,-72.71220166785196,469.4052233983819
1507.0,87.30252239613417,19.444444444444443,inf,19.444444444444443,19.444444444444443,19.444444444444443,0.0,-73.70219416445235,469.5463434064418
1508.0,87.35395096756274,19.444444444444443,inf,19.444444444444443,19.444444444444443,19.444444444444443,0.0,-74.6921866610528,469.6874634145016
1509.0,87.40537953899131,19.444444444444443,inf,19.444444444444443,19.444444444444443,19.444444444444443,0.0,-75.68217915765325,469.8285834225615
1510.0,87.45680811041989,19.444444444444443,inf,19.444444444444443,19.444444444444443,19.444444444444443,0.0,-76.6721716542537,469.9697034306214
1511.0,87.50823668184846,19.444444444444443,inf,19.444444444444443,19.444444444444443,19.444444444444443,0.0,-77.66216415085415,470.1108234386812
1512.0,87.55966525327703,19.444444444444443,inf,19.444444444444443,19.444444444444443,19.444444444444443,0.0,-78.6521566474546,470.2519434467411
1513.0,87.6110938247056,19.444444444444443,inf,19.444444444444443,19.444444444444443,19.444444444444443,0.0,-79.64214914405505,470.393063454801
1514.0,87.66252239613418,19.444444444444443,inf,19.444444444444443,19.444444444444443,19.444444444444443,0.0,-80.6321416406555,470.5341834628608
1515.0,87.71395096756275,19.444444444444443,inf,19.444444444444443,19.444444444444443,19.444444444444443,0.0,-81.62213413725596,470.6753034709207
1516.0,87.76537953899133,19.444444444444443,inf,19.444444444444443,19.444444444444443,19.444444444444443,0.0,-82.6121266338564,470.8164234789806
1517.0,87.8168081104199,19.444444444444443,inf,19.444444444444443,19.444444444444443,19.444444444444443,0.0,-83.60211913045686,470.9575434870404
1518.0,87.86823668184847,19.444444444444443,inf,19.444444444444443,19.444444444444443,19.444444444444443,0.0,-84.5921116270573,471.0986634951003
1519.0,87.91966525327705,19.444444444444443,inf,19.444444444444443,19.444444444444443,19.444444444444443,0.0,-85.5821041236577,471.2397835031602
1520.0,87.97109382470562,19.444444444444443,inf,19.444444444444443,19.444444444444443,19.444444444444443,0.0,-86.57209662025821,471.38090351122
1521.0,88.02252239613419,19.444444444444443,inf,19.444444444444443,19.444444444444443,19.444444444444443,0.0,-87.5620891168586,471.5220235192799
1522.0,88.07395096756277,19.444444444444443,inf,19.444444444444443,19.444444444444443,19.444444444444443,0.0,-88.55208161345911,471.6631435273398
1523.0,88.12537953899134,19.444444444444443,inf,19.444444444444443,19.444444444444443,19.444444444444443,0.0,-89.5420741100595,471.8042635353996
1524.0,88.17680811041991,19.444444444444443,inf,19.444444444444443,19.444444444444443,19.444444444444443,0.0,-90.5320666066599,471.9453835434595
1525.0,88.22823668184849,19.444444444444443,inf,19.444444444444443,19.444444444444443,19.444444444444443,0.0,-91.5220591032604,472.0865035515194
1526.0,88.27966525327706,19.444444444444443,inf,19.444444444444443,19.444444444444443,19.444444444444443,0.0,-92.5120515998608,472.22762355957923
1527.0,88.33109382470563,19.444444444444443,inf,19.444444444444443,19.444444444444443,19.444444444444443,0.0,-93.5020440964613,472.3687435676391
1528.0,88.3825223961342,19.444444444444443,inf,19.444444444444443,19.444444444444443,19.444444444444443,0.0,-94.4920365930617,472.509863575699
1529.0,88.43395096756278,19.444444444444443,inf,19.444444444444443,19.444444444444443,19.444444444444443,0.0,-95.4820290896622,472.65098358375883
1530.0,88.48537953899135,19.444444444444443,inf,19.444444444444443,19.444444444444443,19.444444444444443,0.0,-96.4720215862626,472.7921035918187
1531.0,88.53680811041993,19.444444444444443,inf,19.444444444444443,19.444444444444443,19.444444444444443,0.0,-97.4620140828631,472.9332235998786
1532.0,88.5882366818485,19.444444444444443,inf,19.444444444444443,19.444444444444443,19.444444444444443,0.0,-98.4520065794635,473.07434360793843
1533.0,88.63966525327707,19.444444444444443,inf,19.444444444444443,19.444444444444443,19.444444444444443,0.0,-99.44199907606401,473.2154636159983
1534.0,88.69109382470565,19.444444444444443,inf,19.444444444444443,19.444444444444443,19.444444444444443,0.0,-100.4319915726644,473.3565836240582
1535.0,88.74252239613422,19.444444444444443,inf,19.444444444444443,19.444444444444443,19.444444444444443,0.0,-101.4219840692648,473.49770363211803
1536.0,88.7939509675628,19.444444444444443,inf,19.444444444444443,19.444444444444443,19.444444444444443,0.0,-102.4119765658653,473.6388236401779
1537.0,88.84537953899137,19.444444444444443,inf,19.444444444444443,19.444444444444443,19.444444444444443,0.0,-103.4019690624657,473.7799436482378
1538.0,88.89680811041994,19.444444444444443,inf,19.444444444444443,19.444444444444443,19.444444444444443,0.0,-104.3919615590662,473.92106365629763
1539.0,88.94823668184851,19.444444444444443,inf,19.444444444444443,19.444444444444443,19.444444444444443,0.0,-105.3819540556666,474.0621836643575
1540.0,88.99966525327709,19.444444444444443,inf,19.444444444444443,19.444444444444443,19.444444444444443,0.0,-106.3719465522671,474.2033036724174
1541.0,89.05109382470566,19.444444444444443,inf,19.444444444444443,19.444444444444443,19.444444444444443,0.0,-107.3619390488675,474.34442368047723
1542.0,89.10252239613423,19.444444444444443,inf,19.444444444444443,19.444444444444443,19.444444444444443,0.0,-108.351931545468,474.4855436885371
1543.0,89.1539509675628,19.444444444444443,inf,19.444444444444443,19.444444444444443,19.444444444444443,0.0,-109.3419240420684,474.626663696597
1544.0,89.20537953899138,19.444444444444443,inf,19.444444444444443,19.444444444444443,19.444444444444443,0.0,-110.3319165386689,474.76778370465684
1545.0,89.25680811041995,19.444444444444443,inf,19.444444444444443,19.444444444444443,19.444444444444443,0.0,-111.3219090352693,474.9089037127167
1546.0,89.30823668184853,19.444444444444443,inf,19.444444444444443,19.444444444444443,19.444444444444443,0.0,-112.3119015318697,475.0500237207766
1547.0,89.3596652532771,19.444444444444443,inf,19.444444444444443,19.444444444444443,19.444444444444443,0.0,-113.3018940284702,475.19114372883644
1548.0,89.41109382470567,19.444444444444443,inf,19.444444444444443,19.444444444444443,19.444444444444443,0.0,-114.2918865250706,475.3322637368963
1549.0,89.46252239613425,19.444444444444443,inf,19.444444444444443,19.444444444444443,19.444444444444443,0.0,-115.2818790216711,475.4733837449562
1550.0,89.51395096756282,19.444444444444443,inf,19.444444444444443,19.444444444444443,19.444444444444443,0.0,-116.2718715182715,475.61450375301604
1551.0,89.5653795389914,19.444444444444443,inf,19.444444444444443,19.444444444444443,19.444444444444443,0.0,-117.261864014872,475.7556237610759
1552.0,89.61680811041997,19.444444444444443,inf,19.444444444444443,19.444444444444443,19.444444444444443,0.0,-118.2518565114724,475.8967437691358
1553.0,89.66823668184854,19.444444444444443,inf,19.444444444444443,19.444444444444443,19.444444444444443,0.0,-119.2418490080729,476.03786377719564
1554.0,89.71966525327711,19.444444444444443,inf,19.444444444444443,19.444444444444443,19.444444444444443,0.0,-120.2318415046733,476.1789837852555
1555.0,89.77109382470569,19.444444444444443,inf,19.444444444444443,19.444444444444443,19.444444444444443,0.0,-121.2218340012738,476.3201037933154
1556.0,89.82252239613426,19.444444444444443,inf,19.444444444444443,19.444444444444443,19.444444444444443,0.0,-122.2118264978742,476.46122380137524
1557.0,89.87395096756283,19.444444444444443,inf,19.444444444444443,19.444444444444443,19.444444444444443,0.0,-123.20181899447459,476.6023438094351
1558.0,89.92537953899141,19.444444444444443,inf,19.444444444444443,19.444444444444443,19.444444444444443,0.0,-124.1918114910751,476.743463817495
1559.0,89.97680811041998,19.444444444444443,inf,19.444444444444443,19.444444444444443,19.444444444444443,0.0,-125.1818039876755,476.88458382555484
1560.0,90.02823668184855,19.444444444444443,inf,19.444444444444443,19.444444444444443,19.444444444444443,0.0,-126.171796484276,477.0257038336147
1561.0,90.07966525327713,19.444444444444443,inf,19.444444444444443,19.444444444444443,19.444444444444443,0.0,-127.1617889808764,477.1668238416746
1562.0,90.1310938247057,19.444444444444443,inf,19.444444444444443,19.444444444444443,19.444444444444443,0.0,-128.1517814774769,477.30794384973444
1563.0,90.18252239613427,19.444444444444443,inf,19.444444444444443,19.444444444444443,19.444444444444443,0.0,-129.1417739740773,477.44906385779433
1564.0,90.23395096756285,19.444444444444443,inf,19.444444444444443,19.444444444444443,19.444444444444443,0.0,-130.1317664706778,477.5901838658542
1565.0,90.28537953899142,19.444444444444443,inf,19.444444444444443,19.444444444444443,19.444444444444443,0.0,-131.1217589672782,477.73130387391404
1566.0,90.33680811042,19.444444444444443,inf,19.444444444444443,19.444444444444443,19.444444444444443,0.0,-132.1117514638787,477.87242388197393
1567.0,90.38823668184857,19.444444444444443,inf,19.444444444444443,19.444444444444443,19.444444444444443,0.0,-133.1017439604791,478.0135438900338
1568.0,90.43966525327714,19.444444444444443,inf,19.444444444444443,19.444444444444443,19.444444444444443,0.0,-134.0917364570795,478.15466389809365
1569.0,90.49109382470571,19.444444444444443,inf,19.444444444444443,19.444444444444443,19.444444444444443,0.0,-135.08172895368,478.29578390615353
1570.0,90.54252239613429,19.444444444444443,inf,19.444444444444443,19.444444444444443,19.444444444444443,0.0,-136.0717214502804,478.4369039142134
1571.0,90.59395096756286,19.444444444444443,inf,19.444444444444443,19.444444444444443,19.444444444444443,0.0,-137.0617139468809,478.57802392227325
1572.0,90.64537953899143,19.444444444444443,inf,19.444444444444443,19.444444444444443,19.444444444444443,0.0,-138.0517064434813,478.71914393033313
1573.0,90.69680811042001,19.444444444444443,inf,19.444444444444443,19.444444444444443,19.444444444444443,0.0,-139.0416989400818,478.860263938393
1574.0,90.74823668184858,19.444444444444443,inf,19.444444444444443,19.444444444444443,19.444444444444443,0.0,-140.0316914366822,479.00138394645285
1575.0,90.79966525327715,19.444444444444443,inf,19.444444444444443,19.444444444444443,19.444444444444443,0.0,-141.0216839332827,479.14250395451273
1576.0,90.85109382470573,19.444444444444443,inf,19.444444444444443,19.444444444444443,19.444444444444443,0.0,-142.0116764298831,479.2836239625726
1577.0,90.9025223961343,19.444444444444443,inf,19.444444444444443,19.444444444444443,19.444444444444443,0.0,-143.0016689264836,479.42474397063245
1578.0,90.95395096756288,19.444444444444443,inf,19.444444444444443,19.444444444444443,19.444444444444443,0.0,-143.991661423084,479.56586397869233
1579.0,91.00537953899145,19.444444444444443,inf,19.444444444444443,19.444444444444443,19.444444444444443,0.0,-144.9816539196844,479.7069839867522
1580.0,91.05680811042002,19.444444444444443,inf,19.444444444444443,19.444444444444443,19.444444444444443,0.0,-145.9716464162849,479.84810399481205
1581.0,91.1082366818486,19.444444444444443,inf,19.444444444444443,19.444444444444443,19.444444444444443,0.0,-146.9616389128853,479.98922400287194
1582.0,91.15966525327717,19.444444444444443,inf,19.444444444444443,19.444444444444443,19.444444444444443,0.0,-147.9516314094858,480.1303440109318
1583.0,91.21109382470574,19.444444444444443,inf,19.444444444444443,19.444444444444443,19.444444444444443,0.0,-148.9416239060862,480.27146401899165
1584.0,91.26252239613432,19.444444444444443,inf,19.444444444444443,19.444444444444443,19.444444444444443,0.0,-149.9316164026867,480.41258402705154
1585.0,91.31395096756289,19.444444444444443,inf,19.444444444444443,19.444444444444443,19.444444444444443,0.0,-150.9216088992871,480.5537040351114
1586.0,91.36537953899146,19.444444444444443,inf,19.444444444444443,19.444444444444443,19.444444444444443,0.0,-151.9116013958876,480.69482404317125
1587.0,91.41680811042004,19.444444444444443,inf,19.444444444444443,19.444444444444443,19.444444444444443,0.0,-152.901593892488,480.83594405123114
1588.0,91.46823668184861,19.444444444444443,inf,19.444444444444443,19.444444444444443,19.444444444444443,0.0,-153.8915863890885,480.977064059291
1589.0,91.51966525327718,19.444444444444443,inf,19.444444444444443,19.444444444444443,19.444444444444443,0.0,-154.8815788856889,481.11818406735085
1590.0,91.57109382470576,19.444444444444443,inf,19.444444444444443,19.444444444444443,19.444444444444443,0.0,-155.8715713822893,481.25930407541074
1591.0,91.62252239613433,19.444444444444443,inf,19.444444444444443,19.444444444444443,19.444444444444443,0.0,-156.8615638788898,481.4004240834706
1592.0,91.6739509675629,19.444444444444443,inf,19.444444444444443,19.444444444444443,19.444444444444443,0.0,-157.8515563754902,481.54154409153045
1593.0,91.72537953899148,19.444444444444443,inf,19.444444444444443,19.444444444444443,19.444444444444443,0.0,-158.8415488720907,481.68266409959034
1594.0,91.77680811042005,19.444444444444443,inf,19.444444444444443,19.444444444444443,19.444444444444443,0.0,-159.8315413686911,481.8237841076502
1595.0,91.82823668184862,19.444444444444443,inf,19.444444444444443,19.444444444444443,19.444444444444443,0.0,-160.8215338652916,481.96490411571006
1596.0,91.8796652532772,19.444444444444443,inf,19.444444444444443,19.444444444444443,19.444444444444443,0.0,-161.811526361892,482.10602412376994
1597.0,91.93109382470577,19.444444444444443,inf,19.444444444444443,19.444444444444443,19.444444444444443,0.0,-162.8015188584925,482.2471441318298
1598.0,91.98252239613434,19.444444444444443,inf,19.444444444444443,19.444444444444443,19.444444444444443,0.0,-163.7915113550929,482.38826413988966
1599.0,92.03395096756292,19.444444444444443,inf,19.444444444444443,19.444444444444443,19.444444444444443,0.0,-164.7815038516934,482.52938414794954
1600.0,92.08537953899149,19.444444444444443,inf,19.444444444444443,19.444444444444443,19.444444444444443,0.0,-165.7714963482938,482.67050415600943
1601.0,92.13680811042006,19.444444444444443,inf,19.444444444444443,19.444444444444443,19.444444444444443,0.0,-166.7614888448943,482.81162416406926
1602.0,92.18823668184864,19.444444444444443,inf,19.444444444444443,19.444444444444443,19.444444444444443,0.0,-167.7514813414947,482.95274417212914
1603.0,92.23966525327721,19.444444444444443,inf,19.444444444444443,19.444444444444443,19.444444444444443,0.0,-168.7414738380951,483.09386418018903
1604.0,92.29109382470578,19.444444444444443,inf,19.444444444444443,19.444444444444443,19.444444444444443,0.0,-169.7314663346956,483.23498418824886
1605.0,92.34252239613436,19.444444444444443,inf,19.444444444444443,19.444444444444443,19.444444444444443,0.0,-170.721458831296,483.37610419630875
1606.0,92.39395096756293,19.444444444444443,inf,19.444444444444443,19.444444444444443,19.444444444444443,0.0,-171.7114513278965,483.51722420436863
1607.0,92.4453795389915,19.444444444444443,inf,19.444444444444443,19.444444444444443,19.444444444444443,0.0,-172.7014438244969,483.65834421242846
1608.0,92.49680811042008,19.444444444444443,inf,19.444444444444443,19.444444444444443,19.444444444444443,0.0,-173.6914363210974,483.79946422048835
1609.0,92.54823668184865,19.444444444444443,inf,19.444444444444443,19.444444444444443,19.444444444444443,0.0,-174.6814288176978,483.94058422854823
1610.0,92.59966525327722,19.444444444444443,inf,19.444444444444443,19.444444444444443,19.444444444444443,0.0,-175.6714213142983,484.08170423660806
1611.0,92.6510938247058,19.444444444444443,inf,19.444444444444443,19.444444444444443,19.444444444444443,0.0,-176.6614138108987,484.22282424466795
1612.0,92.70252239613437,19.444444444444443,inf,19.444444444444443,19.444444444444443,19.444444444444443,0.0,-177.6514063074992,484.36394425272783
1613.0,92.75395096756294,19.444444444444443,inf,19.444444444444443,19.444444444444443,19.444444444444443,0.0,-178.6413988040996,484.50506426078766
1614.0,92.80537953899152,19.444444444444443,inf,19.444444444444443,19.444444444444443,19.444444444444443,0.0,-179.6313913007,484.64618426884755
1615.0,92.85680811042009,19.444444444444443,inf,19.444444444444443,19.444444444444443,19.444444444444443,0.0,-180.6213837973005,484.78730427690743
1616.0,92.90823668184866,19.444444444444443,inf,19.444444444444443,19.444444444444443,19.444444444444443,0.0,-181.6113762939009,484.92842428496726
1617.0,92.95966525327724,19.444444444444443,inf,19.444444444444443,19.444444444444443,19.444444444444443,0.0,-182.6013687905014,485.06954429302715
1618.0,93.01109382470581,19.444444444444443,inf,19.444444444444443,19.444444444444443,19.444444444444443,0.0,-183.5913612871018,485.21066430108704
1619.0,93.06252239613438,19.444444444444443,inf,19.444444444444443,19.444444444444443,19.444444444444443,0.0,-184.5813537837023,485.35178430914686
1620.0,93.11395096756296,19.444444444444443,inf,19.444444444444443,19.444444444444443,19.444444444444443,0.0,-185.5713462803027,485.49290431720675
1621.0,93.16537953899153,19.444444444444443,inf,19.444444444444443,19.444444444444443,19.444444444444443,0.0,-186.5613387769032,485.63402432526664
1622.0,93.2168081104201,19.444444444444443,inf,19.444444444444443,19.444444444444443,19.444444444444443,0.0,-187.5513312735036,485.77514433332647
1623.0,93.26823668184868,19.444444444444443,inf,19.444444444444443,19.444444444444443,19.444444444444443,0.0,-188.5413237701041,485.91626434138635
1624.0,93.31966525327725,19.444444444444443,inf,19.444444444444443,19.444444444444443,19.444444444444443,0.0,-189.5313162667045,486.05738434944624
1625.0,93.37109382470582,19.444444444444443,inf,19.444444444444443,19.444444444444443,19.444444444444443,0.0,-190.5213087633049,486.19850435750607
1626.0,93.4225223961344,19.444444444444443,inf,19.444444444444443,19.444444444444443,19.444444444444443,0.0,-191.5113012599054,486.33962436556595
1627.0,93.47395096756297,19.444444444444443,inf,19.444444444444443,19.444444444444443,19.444444444444443,0.0,-192.5012937565058,486.48074437362584
1628.0,93.52537953899154,19.444444444444443,inf,19.444444444444443,19.444444444444443,19.444444444444443,0.0,-193.4912862531063,486.62186438168567
1629.0,93.57680811042012,19.444444444444443,inf,19.444444444444443,19.444444444444443,19.444444444444443,0.0,-194.4812787497067,486.76298438974555
1630.0,93.62823668184869,19.444444444444443,inf,19.444444444444443,19.444444444444443,19.444444444444443,0.0,-195.4712712463072,486.90410439780544
1631.0,93.67966525327726,19.444444444444443,inf,19.444444444444443,19.444444444444443,19.444444444444443,0.0,-196.4612637429076,487.04522440586527
1632.0,93.73109382470584,19.444444444444443,inf,19.444444444444443,19.444444444444443,19.444444444444443,0.0,-197.4512562395081,487.18634441392516
1633.0,93.78252239613441,19.444444444444443,inf,19.444444444444443,19.444444444444443,19.444444444444443,0.0,-198.4412487361085,487.32746442198504
1634.0,93.83395096756298,19.444444444444443,inf,19.444444444444443,19.444444444444443,19.444444444444443,0.0,-199.431241232709,487.46858443004487
1635.0,93.88537953899156,19.444444444444443,inf,19.444444444444443,19.444444444444443,19.444444444444443,0.0,-200.4212337293094,487.60970443810476
1636.0,93.93680811042013,19.444444444444443,inf,19.444444444444443,19.444444444444443,19.444444444444443,0.0,-201.4112262259098,487.75082444616464
1637.0,93.9882366818487,19.444444444444443,inf,19.444444444444443,19.444444444444443,19.444444444444443,0.0,-202.4012187225103,487.8919444542245
1638.0,94.03966525327728,19.444444444444443,inf,19.444444444444443,19.444444444444443,19.444444444444443,0.0,-203.3912112191107,488.03306446228436
1639.0,94.09109382470585,19.444444444444443,inf,19.444444444444443,19.444444444444443,19.444444444444443,0.0,-204.3812037157112,488.17418447034424
1640.0,94.14252239613442,19.444444444444443,inf,19.444444444444443,19.444444444444443,19.444444444444443,0.0,-205.3711962123116,488.3153044784041
1641.0,94.193950967563,19.444444444444443,inf,19.444444444444443,19.444444444444443,19.444444444444443,0.0,-206.3611887089121,488.45642448646396
1642.0,94.24537953899157,19.444444444444443,inf,19.444444444444443,19.444444444444443,19.444444444444443,0.0,-207.3511812055125,488.59754449452385
1643.0,94.29680811042014,19.444444444444443,inf,19.444444444444443,19.444444444444443,19.444444444444443,0.0,-208.341173702113,488.7386645025837
1644.0,94.34823668184872,19.444444444444443,inf,19.444444444444443,19.444444444444443,19.444444444444443,0.0,-209.3311661987134,488.87978451064356
1645.0,94.39966525327729,19.444444444444443,inf,19.444444444444443,19.444444444444443,19.444444444444443,0.0,-210.3211586953139,489.02090451870345
1646.0,94.45109382470586,19.444444444444443,inf,19.444444444444443,19.444444444444443,19.444444444444443,0.0,-211.3111511919143,489.1620245267633
1647.0,94.50252239613444,19.444444444444443,inf,19.444444444444443,19.444444444444443,19.444444444444443,0.0,-212.30114368851468,489.30314453482316
1648.0,94.55395096756301,19.444444444444443,inf,19.444444444444443,19.444444444444443,19.444444444444443,0.0,-213.2911361851152,489.44426454288305
1649.0,94.60537953899158,19.444444444444443,inf,19.444444444444443,19.444444444444443,19.444444444444443,0.0,-214.2811286817156,489.5853845509429
1650.0,94.65680811042016,19.444444444444443,inf,19.444444444444443,19.444444444444443,19.444444444444443,0.0,-215.2711211783161,489.72650455900276
1651.0,94.70823668184873,19.444444444444443,inf,19.444444444444443,19.444444444444443,19.444444444444443,0.0,-216.2611136749165,489.86762456706265
1652.0,94.7596652532773,19.444444444444443,inf,19.444444444444443,19.444444444444443,19.444444444444443,0.0,-217.251106171517,490.0087445751225
1653.0,94.81109382470588,19.444444444444443,inf,19.444444444444443,19.444444444444443,19.444444444444443,0.0,-218.2410986681174,490.14986458318236
1654.0,94.86252239613445,19.444444444444443,inf,19.444444444444443,19.444444444444443,19.444444444444443,0.0,-219.2310911647179,490.29098459124225
1655.0,94.91395096756303,19.444444444444443,inf,19.444444444444443,19.444444444444443,19.444444444444443,0.0,-220.2210836613183,490.4321045993021
1656.0,94.9653795389916,19.444444444444443,inf,19.444444444444443,19.444444444444443,19.444444444444443,0.0,-221.2110761579188,490.57322460736196
1657.0,95.01680811042017,19.444444444444443,inf,19.444444444444443,19.444444444444443,19.444444444444443,0.0,-222.2010686545192,490.71434461542185
1658.0,95.06823668184875,19.444444444444443,inf,19.444444444444443,19.444444444444443,19.444444444444443,0.0,-223.19106115111958,490.8554646234817
1659.0,95.11966525327732,19.444444444444443,inf,19.444444444444443,19.444444444444443,19.444444444444443,0.0,-224.1810536477201,490.99658463154157
1660.0,95.17109382470589,19.444444444444443,inf,19.444444444444443,19.444444444444443,19.444444444444443,0.0,-225.17104614432048,491.13770463960145
1661.0,95.22252239613447,19.444444444444443,inf,19.444444444444443,19.444444444444443,19.444444444444443,0.0,-226.161038640921,491.2788246476613
1662.0,95.27395096756304,19.444444444444443,inf,19.444444444444443,19.444444444444443,19.444444444444443,0.0,-227.1510311375214,491.41994465572117
1663.0,95.32537953899161,19.444444444444443,inf,19.444444444444443,19.444444444444443,19.444444444444443,0.0,-228.1410236341219,491.56106466378105
1664.0,95.37680811042019,19.444444444444443,inf,19.444444444444443,19.444444444444443,19.444444444444443,0.0,-229.1310161307223,491.7021846718409
1665.0,95.42823668184876,19.444444444444443,inf,19.444444444444443,19.444444444444443,19.444444444444443,0.0,-230.1210086273228,491.84330467990077
1666.0,95.47966525327733,19.444444444444443,inf,19.444444444444443,19.444444444444443,19.444444444444443,0.0,-231.1110011239232,491.98442468796065
1667.0,95.5310938247059,19.444444444444443,inf,19.444444444444443,19.444444444444443,19.444444444444443,0.0,-232.1009936205237,492.1255446960205
1668.0,95.58252239613448,19.444444444444443,inf,19.444444444444443,19.444444444444443,19.444444444444443,0.0,-233.0909861171241,492.26666470408037
1669.0,95.63395096756305,19.444444444444443,inf,19.444444444444443,19.444444444444443,19.444444444444443,0.0,-234.08097861372448,492.40778471214026
1670.0,95.68537953899163,19.444444444444443,inf,19.444444444444443,19.444444444444443,19.444444444444443,0.0,-235.070971110325,492.5489047202001
1671.0,95.7368081104202,19.444444444444443,inf,19.444444444444443,19.444444444444443,19.444444444444443,0.0,-236.06096360692538,492.69002472825997
1672.0,95.78823668184877,19.444444444444443,inf,19.444444444444443,19.444444444444443,19.444444444444443,0.0,-237.0509561035259,492.83114473631986
1673.0,95.83966525327735,19.444444444444443,inf,19.444444444444443,19.444444444444443,19.444444444444443,0.0,-238.04094860012628,492.9722647443797
1674.0,95.89109382470592,19.444444444444443,inf,19.444444444444443,19.444444444444443,19.444444444444443,0.0,-239.0309410967268,493.1133847524396
1675.0,95.94252239613449,19.444444444444443,inf,19.444444444444443,19.444444444444443,19.444444444444443,0.0,-240.0209335933272,493.25450476049946
1676.0,95.99395096756307,19.444444444444443,inf,19.444444444444443,19.444444444444443,19.444444444444443,0.0,-241.0109260899277,493.3956247685593
1677.0,96.04537953899164,19.444444444444443,inf,19.444444444444443,19.444444444444443,19.444444444444443,0.0,-242.0009185865281,493.5367447766192
1678.0,96.09680811042021,19.444444444444443,inf,19.444444444444443,19.444444444444443,19.444444444444443,0.0,-242.9909110831286,493.67786478467906
1679.0,96.14823668184879,19.444444444444443,inf,19.444444444444443,19.444444444444443,19.444444444444443,0.0,-243.980903579729,493.8189847927389
1680.0,96.19966525327736,19.444444444444443,inf,19.444444444444443,19.444444444444443,19.444444444444443,0.0,-244.97089607632938,493.9601048007988
1681.0,96.25109382470593,19.444444444444443,inf,19.444444444444443,19.444444444444443,19.444444444444443,0.0,-245.9608885729299,494.10122480885866
1682.0,96.3025223961345,19.444444444444443,inf,19.444444444444443,19.444444444444443,19.444444444444443,0.0,-246.95088106953028,494.2423448169185
1683.0,96.35395096756308,19.444444444444443,inf,19.444444444444443,19.444444444444443,19.444444444444443,0.0,-247.9408735661308,494.3834648249784
1684.0,96.40537953899165,19.444444444444443,inf,19.444444444444443,19.444444444444443,19.444444444444443,0.0,-248.93086606273118,494.52458483303826
1685.0,96.45680811042023,19.444444444444443,inf,19.444444444444443,19.444444444444443,19.444444444444443,0.0,-249.9208585593317,494.6657048410981
1686.0,96.5082366818488,19.444444444444443,inf,19.444444444444443,19.444444444444443,19.444444444444443,0.0,-250.91085105593208,494.806824849158
1687.0,96.55966525327737,19.444444444444443,inf,19.444444444444443,19.444444444444443,19.444444444444443,0.0,-251.9008435525326,494.94794485721786
1688.0,96.61109382470595,19.444444444444443,inf,19.444444444444443,19.444444444444443,19.444444444444443,0.0,-252.890836049133,495.0890648652777
1689.0,96.66252239613452,19.444444444444443,inf,19.444444444444443,19.444444444444443,19.444444444444443,0.0,-253.8808285457335,495.2301848733376
1690.0,96.7139509675631,19.444444444444443,inf,19.444444444444443,19.444444444444443,19.444444444444443,0.0,-254.8708210423339,495.37130488139746
1691.0,96.76537953899167,19.444444444444443,inf,19.444444444444443,19.444444444444443,19.444444444444443,0.0,-255.86081353893428,495.5124248894573
1692.0,96.81680811042024,19.444444444444443,inf,19.444444444444443,19.444444444444443,19.444444444444443,0.0,-256.8508060355348,495.6535448975172
1693.0,96.86823668184881,19.444444444444443,inf,19.444444444444443,19.444444444444443,19.444444444444443,0.0,-257.8407985321352,495.79466490557706
1694.0,96.91966525327739,19.444444444444443,inf,19.444444444444443,19.444444444444443,19.444444444444443,0.0,-258.8307910287357,495.9357849136369
1695.0,96.97109382470596,19.444444444444443,inf,19.444444444444443,19.444444444444443,19.444444444444443,0.0,-259.8207835253361,496.0769049216968
1696.0,97.02252239613453,19.444444444444443,inf,19.444444444444443,19.444444444444443,19.444444444444443,0.0,-260.8107760219366,496.21802492975667
1697.0,97.0739509675631,19.444444444444443,inf,19.444444444444443,19.444444444444443,19.444444444444443,0.0,-261.800768518537,496.3591449378165
1698.0,97.12537953899168,19.444444444444443,inf,19.444444444444443,19.444444444444443,19.444444444444443,0.0,-262.7907610151375,496.5002649458764
1699.0,97.17680811042025,19.444444444444443,inf,19.444444444444443,19.444444444444443,19.444444444444443,0.0,-263.7807535117379,496.64138495393627
1700.0,97.22823668184883,19.444444444444443,inf,19.444444444444443,19.444444444444443,19.444444444444443,0.0,-264.7707460083384,496.7825049619961
1701.0,97.2796652532774,19.444444444444443,inf,19.444444444444443,19.444444444444443,19.444444444444443,0.0,-265.7607385049388,496.923624970056
1702.0,97.33109382470597,19.444444444444443,inf,19.444444444444443,19.444444444444443,19.444444444444443,0.0,-266.7507310015392,497.06474497811587
1703.0,97.38252239613455,19.444444444444443,inf,19.444444444444443,19.444444444444443,19.444444444444443,0.0,-267.7407234981397,497.2058649861757
1704.0,97.43395096756312,19.444444444444443,inf,19.444444444444443,19.444444444444443,19.444444444444443,0.0,-268.7307159947401,497.3469849942356
1705.0,97.4853795389917,19.444444444444443,inf,19.444444444444443,19.444444444444443,19.444444444444443,0.0,-269.7207084913406,497.48810500229547
1706.0,97.53680811042027,19.444444444444443,inf,19.444444444444443,19.444444444444443,19.444444444444443,0.0,-270.710700987941,497.6292250103553
1707.0,97.58823668184884,19.444444444444443,inf,19.444444444444443,19.444444444444443,19.444444444444443,0.0,-271.7006934845415,497.7703450184152
1708.0,97.63966525327741,19.444444444444443,inf,19.444444444444443,19.444444444444443,19.444444444444443,0.0,-272.6906859811419,497.91146502647507
1709.0,97.69109382470599,19.444444444444443,inf,19.444444444444443,19.444444444444443,19.444444444444443,0.0,-273.6806784777424,498.05258503453496
1710.0,97.74252239613456,19.444444444444443,inf,19.444444444444443,19.444444444444443,19.444444444444443,0.0,-274.6706709743428,498.1937050425948
1711.0,97.79395096756313,19.444444444444443,inf,19.444444444444443,19.444444444444443,19.444444444444443,0.0,-275.6606634709433,498.3348250506547
1712.0,97.84537953899171,19.444444444444443,inf,19.444444444444443,19.444444444444443,19.444444444444443,0.0,-276.6506559675437,498.47594505871456
1713.0,97.89680811042028,19.444444444444443,inf,19.444444444444443,19.444444444444443,19.444444444444443,0.0,-277.6406484641441,498.6170650667744
1714.0,97.94823668184885,19.444444444444443,inf,19.444444444444443,19.444444444444443,19.444444444444443,0.0,-278.6306409607446,498.7581850748343
1715.0,97.99966525327743,19.444444444444443,inf,19.444444444444443,19.444444444444443,19.444444444444443,0.0,-279.620633457345,498.89930508289416
1716.0,98.051093824706,19.444444444444443,inf,19.444444444444443,19.444444444444443,19.444444444444443,0.0,-280.6106259539455,499.040425090954
1717.0,98.10252239613457,19.444444444444443,inf,19.444444444444443,19.444444444444443,19.444444444444443,0.0,-281.6006184505459,499.1815450990139
1718.0,98.15395096756315,19.444444444444443,inf,19.444444444444443,19.444444444444443,19.444444444444443,0.0,-282.5906109471464,499.32266510707376
1719.0,98.20537953899172,19.444444444444443,inf,19.444444444444443,19.444444444444443,19.444444444444443,0.0,-283.5806034437468,499.4637851151336
1720.0,98.2568081104203,19.444444444444443,inf,19.444444444444443,19.444444444444443,19.444444444444443,0.0,-284.5705959403473,499.6049051231935
1721.0,98.30823668184887,19.444444444444443,inf,19.444444444444443,19.444444444444443,19.444444444444443,0.0,-285.5605884369477,499.74602513125336
1722.0,98.35966525327744,19.444444444444443,inf,19.444444444444443,19.444444444444443,19.444444444444443,0.0,-286.5505809335482,499.8871451393132
1723.0,98.41109382470601,19.444444444444443,inf,19.444444444444443,19.444444444444443,19.444444444444443,0.0,-287.5405734301486,500.0282651473731
1724.0,98.46252239613459,19.444444444444443,inf,19.444444444444443,19.444444444444443,19.444444444444443,0.0,-288.530565926749,500.16938515543296
1725.0,98.51395096756316,19.444444444444443,inf,19.444444444444443,19.444444444444443,19.444444444444443,0.0,-289.5205584233495,500.3105051634928
1726.0,98.56537953899173,19.444444444444443,inf,19.444444444444443,19.444444444444443,19.444444444444443,0.0,-290.5105509199499,500.4516251715527
1727.0,98.61680811042031,19.444444444444443,inf,19.444444444444443,19.444444444444443,19.444444444444443,0.0,-291.5005434165504,500.59274517961256
1728.0,98.66823668184888,19.444444444444443,inf,19.444444444444443,19.444444444444443,19.444444444444443,0.0,-292.4905359131508,500.7338651876724
1729.0,98.71966525327746,19.444444444444443,inf,19.444444444444443,19.444444444444443,19.444444444444443,0.0,-293.4805284097513,500.8749851957323
1730.0,98.77109382470603,19.444444444444443,inf,19.444444444444443,19.444444444444443,19.444444444444443,0.0,-294.4705209063517,501.01610520379216
1731.0,98.8225223961346,19.444444444444443,inf,19.444444444444443,19.444444444444443,19.444444444444443,0.0,-295.4605134029522,501.157225211852
1732.0,98.87395096756318,19.444444444444443,inf,19.444444444444443,19.444444444444443,19.444444444444443,0.0,-296.4505058995526,501.2983452199119
1733.0,98.92537953899175,19.444444444444443,inf,19.444444444444443,19.444444444444443,19.444444444444443,0.0,-297.4404983961531,501.43946522797177
1734.0,98.97680811042032,19.444444444444443,inf,19.444444444444443,19.444444444444443,19.444444444444443,0.0,-298.4304908927535,501.5805852360316
1735.0,99.0282366818489,19.444444444444443,inf,19.444444444444443,19.444444444444443,19.444444444444443,0.0,-299.4204833893539,501.7217052440915
1736.0,99.07966525327747,19.444444444444443,inf,19.444444444444443,19.444444444444443,19.444444444444443,0.0,-300.4104758859544,501.86282525215137
1737.0,99.13109382470604,19.444444444444443,inf,19.444444444444443,19.444444444444443,19.444444444444443,0.0,-301.4004683825548,502.0039452602112
1738.0,99.18252239613462,19.444444444444443,inf,19.444444444444443,19.444444444444443,19.444444444444443,0.0,-302.3904608791553,502.1450652682711
1739.0,99.23395096756319,19.444444444444443,inf,19.444444444444443,19.444444444444443,19.444444444444443,0.0,-303.3804533757557,502.28618527633097
1740.0,99.28537953899176,19.444444444444443,inf,19.444444444444443,19.444444444444443,19.444444444444443,0.0,-304.3704458723562,502.42730528439085
1741.0,99.33680811042034,19.444444444444443,inf,19.444444444444443,19.444444444444443,19.444444444444443,0.0,-305.3604383689566,502.5684252924507
1742.0,99.38823668184891,19.444444444444443,inf,19.444444444444443,19.444444444444443,19.444444444444443,0.0,-306.3504308655571,502.70954530051057
1743.0,99.43966525327748,19.444444444444443,inf,19.444444444444443,19.444444444444443,19.444444444444443,0.0,-307.3404233621575,502.85066530857046
1744.0,99.49109382470606,19.444444444444443,inf,19.444444444444443,19.444444444444443,19.444444444444443,0.0,-308.330415858758,502.9917853166303
1745.0,99.54252239613463,19.444444444444443,inf,19.444444444444443,19.444444444444443,19.444444444444443,0.0,-309.3204083553584,503.13290532469017
1746.0,99.5939509675632,19.444444444444443,inf,19.444444444444443,19.444444444444443,19.444444444444443,0.0,-310.3104008519588,503.27402533275006
1747.0,99.64537953899178,19.444444444444443,inf,19.444444444444443,19.444444444444443,19.444444444444443,0.0,-311.3003933485593,503.4151453408099
1748.0,99.69680811042035,19.444444444444443,inf,19.444444444444443,19.444444444444443,19.444444444444443,0.0,-312.2903858451597,503.5562653488698
1749.0,99.74823668184892,19.444444444444443,inf,19.444444444444443,19.444444444444443,19.444444444444443,0.0,-313.2803783417602,503.69738535692966
1750.0,99.7996652532775,19.444444444444443,inf,19.444444444444443,19.444444444444443,19.444444444444443,0.0,-314.2703708383606,503.8385053649895
1751.0,99.85109382470607,19.444444444444443,inf,19.444444444444443,19.444444444444443,19.444444444444443,0.0,-315.2603633349611,503.9796253730494
1752.0,99.90252239613464,19.444444444444443,inf,19.444444444444443,19.444444444444443,19.444444444444443,0.0,-316.2503558315615,504.12074538110926
1753.0,99.95395096756322,19.444444444444443,inf,19.444444444444443,19.444444444444443,19.444444444444443,-0.5925925925926094,-317.240348328162,504.2618653891691
1754.0,100.00541990549192,19.413944333079282,inf,19.444444444444443,19.444444444444443,19.413944333079282,-2.0,-318.2303408247624,504.402985397229
1755.0,100.05706666881623,19.31065080643066,inf,19.444444444444443,19.444444444444443,19.31065080643066,-1.9999999999999716,-319.2203333213629,504.54410540528886
1756.0,100.10899118266038,19.206801778742374,inf,19.444444444444443,19.444444444444443,19.206801778742374,-2.0,-320.2103258179633,504.6852254133487
1757.0,100.16119797694715,19.10238819016882,inf,19.444444444444443,19.444444444444443,19.10238819016882,-2.0,-321.2003183145637,504.8263454214086
1758.0,100.21369170608806,18.997400731887012,inf,19.444444444444443,19.444444444444443,18.997400731887012,-2.0000000000000284,-322.1903108111642,504.96746542946846
1759.0,100.26647715382616,18.891829836410796,inf,19.444444444444443,19.444444444444443,18.891829836410796,-2.0,-323.1803033077646,505.1085854375283
1760.0,100.31955923832398,18.785665667415174,inf,19.444444444444443,19.444444444444443,18.785665667415174,-1.9999999999999716,-324.1702958043651,505.2497054455882
1761.0,100.37294301751152,18.678898109040084,inf,19.444444444444443,19.444444444444443,18.678898109040084,-2.0,-325.1602883009655,505.39082545364806
1762.0,100.4266336947112,18.571516754640726,inf,19.444444444444443,19.444444444444443,18.571516754640726,-2.0,-326.150280797566,505.5319454617079
1763.0,100.48063662455705,18.46351089494902,inf,19.444444444444443,19.444444444444443,18.46351089494902,-2.0,-327.1402732941664,505.6730654697678
1764.0,100.53495731922753,18.354869505608075,inf,19.444444444444443,19.444444444444443,18.354869505608075,-1.9999999999999716,-328.1302657907669,505.81418547782766
1765.0,100.58960145501227,18.245581234038593,inf,19.444444444444443,19.444444444444443,18.245581234038593,-2.0,-329.1202582873673,505.9553054858875
1766.0,100.6445748792351,18.135634385592947,inf,19.444444444444443,19.444444444444443,18.135634385592947,-2.0,-330.1102507839678,506.0964254939474
1767.0,100.69988361755702,18.02501690894911,inf,19.444444444444443,19.444444444444443,18.02501690894911,-1.9999999999999716,-331.1002432805682,506.23754550200726
1768.0,100.75553388168518,17.913716380692794,inf,19.444444444444443,19.444444444444443,17.913716380692794,-2.0000000000000284,-332.0902357771687,506.3786655100671
1769.0,100.81153207751558,17.801719989031994,inf,19.444444444444443,19.444444444444443,17.801719989031994,-2.0000000000000284,-333.0802282737691,506.519785518127
1770.0,100.86788481373983,17.689014516583484,inf,19.444444444444443,19.444444444444443,17.689014516583484,-2.0,-334.0702207703695,506.66090552618687
1771.0,100.92459891094867,17.57558632216579,inf,19.444444444444443,19.444444444444443,17.57558632216579,-1.9999999999999716,-335.06021326697,506.8020255342467
1772.0,100.98168141126773,17.461421321527673,inf,19.444444444444443,19.444444444444443,17.461421321527673,-2.0,-336.0502057635704,506.9431455423066
1773.0,101.03913958856405,17.34650496693502,inf,19.444444444444443,19.444444444444443,17.34650496693502,-1.9999999999999716,-337.0401982601709,507.08426555036647
1774.0,101.09698095926537,17.2308222255324,inf,19.444444444444443,19.444444444444443,17.2308222255324,-2.0000000000000284,-338.0301907567713,507.2253855584263
1775.0,101.15521329383748,17.114357556388182,inf,19.444444444444443,19.444444444444443,17.114357556388182,-2.0,-339.0201832533718,507.3665055664862
1776.0,101.21384462896958,16.99709488612396,inf,19.444444444444443,19.444444444444443,16.99709488612396,-2.0,-340.0101757499722,507.50762557454607
1777.0,101.27288328052151,16.879017583020087,inf,19.444444444444443,19.444444444444443,16.879017583020087,-2.0,-341.0001682465727,507.6487455826059
1778.0,101.33233785729193,16.760108429479246,inf,19.444444444444443,19.444444444444443,16.760108429479246,-2.0000000000000284,-341.9901607431731,507.7898655906658
1779.0,101.39221727567208,16.640349592718934,inf,19.444444444444443,19.444444444444443,16.640349592718934,-2.0000000000000284,-342.9801532397736,507.93098559872567
1780.0,101.45253077525572,16.51972259355166,inf,19.444444444444443,19.444444444444443,16.51972259355166,-1.9999999999999716,-343.970145736374,508.0721056067855
1781.0,101.51328793548254,16.398208273098046,inf,19.444444444444443,19.444444444444443,16.398208273098046,-2.0,-344.9601382329744,508.2132256148454
1782.0,101.5744986934,16.27578675726311,inf,19.444444444444443,19.444444444444443,16.27578675726311,-2.0,-345.9501307295749,508.35434562290527
1783.0,101.63617336263697,16.15243741878919,inf,19.444444444444443,19.444444444444443,16.15243741878919,-2.0,-346.9401232261753,508.4954656309651
1784.0,101.69832265369138,16.02813883668036,inf,19.444444444444443,19.444444444444443,16.02813883668036,-2.0000000000000426,-347.9301157227758,508.636585639025
1785.0,101.76095769564542,15.902868752772285,inf,19.444444444444443,19.444444444444443,15.902868752772285,-1.9999999999999858,-348.9201082193762,508.7777056470849
1786.0,101.82409005943244,15.776604025198235,inf,19.444444444444443,19.444444444444443,15.776604025198235,-2.0,-349.9101007159767,508.9188256551447
1787.0,101.88773178279374,15.64932057847564,inf,19.444444444444443,19.444444444444443,15.64932057847564,-2.0,-350.9000932125771,509.0599456632046
1788.0,101.95189539707735,15.520993349908412,inf,19.444444444444443,19.444444444444443,15.520993349908412,-1.9999999999999858,-351.8900857091776,509.2010656712645
1789.0,102.01659395604806,15.391596231967014,inf,19.444444444444443,19.444444444444443,15.391596231967014,-1.9999999999999858,-352.880078205778,509.3421856793243
1790.0,102.081841066896,15.26110201027112,inf,19.444444444444443,19.444444444444443,15.26110201027112,-2.0,-353.8700707023785,509.4833056873842
1791.0,102.14765092365278,15.129482296757587,inf,19.444444444444443,19.444444444444443,15.129482296757587,-1.9999999999999858,-354.8600631989789,509.6244256954441
1792.0,102.21403834324714,14.996707457568853,inf,19.444444444444443,19.444444444444443,14.996707457568853,-1.9999999999999858,-355.8500556955793,509.7655457035039
1793.0,102.28101880446013,14.862746535142866,inf,19.444444444444443,19.444444444444443,14.862746535142866,-2.0,-356.8400481921798,509.9066657115638
1794.0,102.34860849006941,14.7275671639243,inf,19.444444444444443,19.444444444444443,14.7275671639243,-2.000000000000014,-357.8300406887802,510.0477857196237
1795.0,102.41682433250811,14.591135479046901,inf,19.444444444444443,19.444444444444443,14.591135479046901,-2.0,-358.8200331853807,510.1889057276835
1796.0,102.48568406340307,14.453416017257002,inf,19.444444444444443,19.444444444444443,14.453416017257002,-1.9999999999999858,-359.8100256819811,510.3300257357434
1797.0,102.5552062674031,14.314371609256945,inf,19.444444444444443,19.444444444444443,14.314371609256945,-2.0,-360.8000181785816,510.4711457438033
1798.0,102.62541044076038,14.173963262542388,inf,19.444444444444443,19.444444444444443,14.173963262542388,-2.0,-361.790010675182,510.6122657518631
1799.0,102.69631705518809,14.032150033686971,inf,19.444444444444443,19.444444444444443,14.032150033686971,-2.000000000000014,-362.7800031717825,510.753385759923
1800.0,102.76794762758713,13.88888888888889,inf,19.444444444444443,19.444444444444443,13.88888888888889,0.0,-363.7699956683829,510.8945057679829
1801.0,102.83994762758714,13.88888888888889,24.49489742783178,13.88888888888889,13.88888888888889,13.88888888888889,0.0,-364.76016353365964,511.03438813906655
1802.0,102.91194762758714,13.88888888888889,24.49489742783178,13.88888888888889,13.88888888888889,13.88888888888889,0.0,-365.75067801022686,511.17179465593347
1803.0,102.98394762758714,13.88888888888889,24.49489742783178,13.88888888888889,13.88888888888889,13.88888888888889,0.0,-366.7415329073723,511.3067244597932
1804.0,103.05594762758714,13.88888888888889,24.49489742783178,13.88888888888889,13.88888888888889,13.88888888888889,0.0,-367.73272203225605,511.43917670733504
1805.0,103.12794762758715,13.88888888888889,24.49489742783178,13.88888888888889,13.88888888888889,13.88888888888889,0.0,-368.7242391899495,511.56915057073286
1806.0,103.19994762758715,13.88888888888889,24.49489742783178,13.88888888888889,13.88888888888889,13.88888888888889,0.0,-369.7160781834733,511.6966452376504
1807.0,103.27194762758715,13.88888888888889,24.49489742783178,13.88888888888889,13.88888888888889,13.88888888888889,0.0,-370.7082328138372,511.8216599112464
1808.0,103.34394762758716,13.88888888888889,24.49489742783178,13.88888888888889,13.88888888888889,13.88888888888889,0.0,-371.7006968800779,511.94419381017957
1809.0,103.41594762758716,13.88888888888889,24.49489742783178,13.88888888888889,13.88888888888889,13.88888888888889,0.0,-372.6934641792982,512.0642461686134
1810.0,103.48794762758716,13.88888888888889,24.49489742783178,13.88888888888889,13.88888888888889,13.88888888888889,0.0,-373.68652850670577,512.1818162362212
1811.0,103.55994762758716,13.88888888888889,24.49489742783178,13.88888888888889,13.88888888888889,13.88888888888889,0.0,-374.67988365565174,512.2969032781901
1812.0,103.63194762758717,13.88888888888889,24.49489742783178,13.88888888888889,13.88888888888889,13.88888888888889,0.0,-375.67352341766974,512.4095065752269
1813.0,103.70394762758717,13.88888888888889,24.49489742783178,13.88888888888889,13.88888888888889,13.88888888888889,0.0,-376.66744158251464,512.5196254235611
1814.0,103.77594762758717,13.88888888888889,24.49489742783178,13.88888888888889,13.88888888888889,13.88888888888889,0.0,-377.6616319382008,512.6272591349502
1815.0,103.84794762758717,13.88888888888889,24.49489742783178,13.88888888888889,13.88888888888889,13.88888888888889,0.0,-378.6560882710419,512.7324070366841
1816.0,103.91994762758718,13.88888888888889,24.49489742783178,13.88888888888889,13.88888888888889,13.88888888888889,0.0,-379.650804365689,512.8350684715886
1817.0,103.99194762758718,13.88888888888889,24.49489742783178,13.88888888888889,13.88888888888889,13.88888888888889,0.0,-380.6457740051699,512.9352427980299
1818.0,104.06394762758718,13.88888888888889,24.49489742783178,13.88888888888889,13.88888888888889,13.88888888888889,0.0,-381.64099097092753,513.032929389919
1819.0,104.13594762758719,13.88888888888889,24.49489742783178,13.88888888888889,13.88888888888889,13.88888888888889,0.0,-382.6364490428591,513.128127636715
1820.0,104.20794762758719,13.88888888888889,24.49489742783178,13.88888888888889,13.88888888888889,13.88888888888889,0.0,-383.6321419993549,513.2208369434292
1821.0,104.27994762758719,13.88888888888889,24.49489742783178,13.88888888888889,13.88888888888889,13.88888888888889,0.0,-384.6280636173373,513.3110567306287
1822.0,104.3519476275872,13.88888888888889,24.49489742783178,13.88888888888889,13.88888888888889,13.88888888888889,0.0,-385.62420767229924,513.39878643444
1823.0,104.4239476275872,13.88888888888889,24.49489742783178,13.88888888888889,13.88888888888889,13.88888888888889,0.0,-386.62056793834364,513.4840255065528
1824.0,104.4959476275872,13.88888888888889,24.49489742783178,13.88888888888889,13.88888888888889,13.88888888888889,0.0,-387.6171381882221,513.5667734142233
1825.0,104.5679476275872,13.88888888888889,24.49489742783178,13.88888888888889,13.88888888888889,13.88888888888889,0.0,-388.6139121933739,513.6470296402773
1826.0,104.6399476275872,13.88888888888889,24.49489742783178,13.88888888888889,13.88888888888889,13.88888888888889,0.0,-389.61088372396466,513.7247936831136
1827.0,104.71194762758721,13.88888888888889,24.49489742783178,13.88888888888889,13.88888888888889,13.88888888888889,0.0,-390.6080465489256,513.8000650567071
1828.0,104.78394762758721,13.88888888888889,24.49489742783178,13.88888888888889,13.88888888888889,13.88888888888889,0.0,-391.60539443599225,513.8728432906121
1829.0,104.85594762758721,13.88888888888889,24.49489742783178,13.88888888888889,13.88888888888889,13.88888888888889,0.0,-392.60292115174366,513.9431279299648
1830.0,104.92794762758722,13.88888888888889,24.49489742783178,13.88888888888889,13.88888888888889,13.88888888888889,0.0,-393.60062046164126,514.0109185354866
1831.0,104.99994762758722,13.88888888888889,24.49489742783178,13.88888888888889,13.88888888888889,13.88888888888889,0.0,-394.5984861300672,514.0762146834861
1832.0,105.07194762758722,13.88888888888889,24.49489742783178,13.88888888888889,13.88888888888889,13.88888888888889,0.0,-395.5965119203645,514.139015965863
1833.0,105.14394762758722,13.88888888888889,24.49489742783178,13.88888888888889,13.88888888888889,13.88888888888889,0.0,-396.59469159487526,514.1993219901092
1834.0,105.21594762758723,13.88888888888889,24.49489742783178,13.88888888888889,13.88888888888889,13.88888888888889,0.0,-397.59301891497967,514.2571323793122
1835.0,105.28794762758723,13.88888888888889,24.49489742783178,13.88888888888889,13.88888888888889,13.88888888888889,0.0,-398.59148764113536,514.3124467721575
1836.0,105.35994762758723,13.88888888888889,24.49489742783178,13.88888888888889,13.88888888888889,13.88888888888889,0.0,-399.5900915329159,514.3652648229302
1837.0,105.43194762758723,13.88888888888889,24.49489742783178,13.88888888888889,13.88888888888889,13.88888888888889,0.0,-400.58882434905036,514.4155862015176
1838.0,105.50394762758724,13.88888888888889,24.49489742783178,13.88888888888889,13.88888888888889,13.88888888888889,0.0,-401.5876798474619,514.4634105934113
1839.0,105.57594762758724,13.88888888888889,24.49489742783178,13.88888888888889,13.88888888888889,13.88888888888889,0.0,-402.58665178530674,514.5087376997091
1840.0,105.64794762758724,13.88888888888889,24.49489742783178,13.88888888888889,13.88888888888889,13.88888888888889,0.0,-403.5857339190136,514.5515672371165
1841.0,105.71994762758725,13.88888888888889,24.49489742783178,13.88888888888889,13.88888888888889,13.88888888888889,0.0,-404.5849200043223,514.5918989379493
1842.0,105.79194762758725,13.88888888888889,24.49489742783178,13.88888888888889,13.88888888888889,13.88888888888889,0.0,-405.58420379632327,514.6297325501342
1843.0,105.86394762758725,13.88888888888889,24.49489742783178,13.88888888888889,13.88888888888889,13.88888888888889,0.0,-406.58357904949594,514.6650678372116
1844.0,105.93594762758725,13.88888888888889,24.49489742783178,13.88888888888889,13.88888888888889,13.88888888888889,0.0,-407.5830395177482,514.6979045783359
1845.0,106.00794762758726,13.88888888888889,24.49489742783178,13.88888888888889,13.88888888888889,13.88888888888889,0.0,-408.58257895445547,514.7282425682774
1846.0,106.07994762758726,13.88888888888889,24.49489742783178,13.88888888888889,13.88888888888889,13.88888888888889,0.0,-409.58219111249963,514.7560816174241
1847.0,106.15194762758726,13.88888888888889,24.49489742783178,13.88888888888889,13.88888888888889,13.88888888888889,0.0,-410.5818697443076,514.7814215517818
1848.0,106.22394762758726,13.88888888888889,24.49489742783178,13.88888888888889,13.88888888888889,13.88888888888889,0.0,-411.5816086018914,514.804262212976
1849.0,106.29594762758727,13.88888888888889,24.49489742783178,13.88888888888889,13.88888888888889,13.88888888888889,0.0,-412.5814014368864,514.8246034582528
1850.0,106.36794762758727,13.88888888888889,24.49489742783178,13.88888888888889,13.88888888888889,13.88888888888889,0.0,-413.5812420005906,514.8424451604793
1851.0,106.43994762758727,13.88888888888889,24.49489742783178,13.88888888888889,13.88888888888889,13.88888888888889,0.0,-414.5811240440038,514.857787208145
1852.0,106.51194762758728,13.88888888888889,24.49489742783178,13.88888888888889,13.88888888888889,13.88888888888889,0.0,-415.58104131786644,514.8706295053622
1853.0,106.58394762758728,13.88888888888889,24.49489742783178,13.88888888888889,13.88888888888889,13.88888888888889,0.0,-416.58098757269886,514.8809719718666
1854.0,106.65594762758728,13.88888888888889,24.49489742783178,13.88888888888889,13.88888888888889,13.88888888888889,0.0,-417.58095655884017,514.8888145430177
1855.0,106.72794762758728,13.88888888888889,24.49489742783178,13.88888888888889,13.88888888888889,13.88888888888889,0.0,-418.5809420264876,514.8941571697994
1856.0,106.79994762758729,13.88888888888889,24.49489742783178,13.88888888888889,13.88888888888889,13.88888888888889,0.0,-419.580937725735,514.8969998188205
1857.0,106.87194762758729,13.88888888888889,24.49489742783178,13.88888888888889,13.88888888888889,13.88888888888889,0.0,-420.58093740661263,514.8973424723144
1858.0,106.94394762758729,13.88888888888889,24.49489742783178,13.88888888888889,13.88888888888889,13.88888888888889,0.0,-421.58093481912573,514.8951851281394
1859.0,107.0159476275873,13.88888888888889,24.49489742783178,13.88888888888889,13.88888888888889,13.88888888888889,0.0,-422.58092371329366,514.890527799779
1860.0,107.0879476275873,13.88888888888889,24.49489742783178,13.88888888888889,13.88888888888889,13.88888888888889,0.0,-423.5808978391892,514.8833705163415
1861.0,107.1599476275873,13.88888888888889,24.49489742783178,13.88888888888889,13.88888888888889,13.88888888888889,0.0,-424.58085094697725,514.8737133225599
1862.0,107.2319476275873,13.88888888888889,24.49489742783178,13.88888888888889,13.88888888888889,13.88888888888889,0.0,-425.5807767869542,514.8615562787915
1863.0,107.3039476275873,13.88888888888889,24.49489742783178,13.88888888888889,13.88888888888889,13.88888888888889,0.0,-426.5806691095869,514.8468994610178
1864.0,107.37594762758731,13.88888888888889,24.49489742783178,13.88888888888889,13.88888888888889,13.88888888888889,0.0,-427.58052166555126,514.829742960844
1865.0,107.44794762758731,13.88888888888889,24.49489742783178,13.88888888888889,13.88888888888889,13.88888888888889,0.0,-428.58032820577233,514.8100868854982
1866.0,107.51994762758731,13.88888888888889,24.49489742783178,13.88888888888889,13.88888888888889,13.88888888888889,0.0,-429.58008248146234,514.7879313578306
1867.0,107.59194762758732,13.88888888888889,24.49489742783178,13.88888888888889,13.88888888888889,13.88888888888889,0.0,-430.5797782441604,514.7632765163133
1868.0,107.66394762758732,13.88888888888889,24.49489742783178,13.88888888888889,13.88888888888889,13.88888888888889,0.0,-431.5794092457713,514.736122515039
1869.0,107.73594762758732,13.88888888888889,24.49489742783178,13.88888888888889,13.88888888888889,13.88888888888889,0.0,-432.5789692386044,514.7064695237201
1870.0,107.80794762758732,13.88888888888889,24.49489742783178,13.88888888888889,13.88888888888889,13.88888888888889,0.0,-433.57845197541315,514.6743177276877
1871.0,107.87994762758733,13.88888888888889,24.49489742783178,13.88888888888889,13.88888888888889,13.88888888888889,0.0,-434.57785120943373,514.6396673278904
1872.0,107.95194762758733,13.88888888888889,24.49489742783178,13.88888888888889,13.88888888888889,13.88888888888889,0.0,-435.5771606944239,514.6025185408931
1873.0,108.02394762758733,13.88888888888889,24.49489742783178,13.88888888888889,13.88888888888889,13.88888888888889,0.0,-436.57637418470284,514.5628715988755
1874.0,108.09594762758734,13.88888888888889,24.49489742783178,13.88888888888889,13.88888888888889,13.88888888888889,0.0,-437.5754854351894,514.5207267496311
1875.0,108.16794762758734,13.88888888888889,24.49489742783178,13.88888888888889,13.88888888888889,13.88888888888889,0.0,-438.5744882014416,514.4760842565647
1876.0,108.23994762758734,13.88888888888889,24.49489742783178,13.88888888888889,13.88888888888889,13.88888888888889,0.0,-439.57337623969545,514.4289443986921
1877.0,108.31194762758734,13.88888888888889,24.49489742783178,13.88888888888889,13.88888888888889,13.88888888888889,0.0,-440.5721433069038,514.3793074706372
1878.0,108.38394762758735,13.88888888888889,24.49489742783178,13.88888888888889,13.88888888888889,13.88888888888889,0.0,-441.5707831607758,514.3271737826304
1879.0,108.45594762758735,13.88888888888889,24.49489742783178,13.88888888888889,13.88888888888889,13.88888888888889,0.0,-442.5692895598157,514.2725436605074
1880.0,108.52794762758735,13.88888888888889,24.49489742783178,13.88888888888889,13.88888888888889,13.88888888888889,0.0,-443.5676562633618,514.215417445706
1881.0,108.59994762758735,13.88888888888889,24.49489742783178,13.88888888888889,13.88888888888889,13.88888888888889,0.0,-444.5658770316252,514.1557954952649
1882.0,108.67194762758736,13.88888888888889,24.49489742783178,13.88888888888889,13.88888888888889,13.88888888888889,0.0,-445.56394562572945,514.0936781818212
1883.0,108.74394762758736,13.88888888888889,24.49489742783178,13.88888888888889,13.88888888888889,13.88888888888889,0.0,-446.5618558077491,514.029065893608
1884.0,108.81594762758736,13.88888888888889,24.49489742783178,13.88888888888889,13.88888888888889,13.88888888888889,0.0,-447.5596013407489,513.9619590344518
1885.0,108.88794762758737,13.88888888888889,24.49489742783178,13.88888888888889,13.88888888888889,13.88888888888889,0.0,-448.5571759888223,513.89235802377
1886.0,108.95994762758737,13.88888888888889,24.49489742783178,13.88888888888889,13.88888888888889,13.88888888888889,0.0,-449.55457351713113,513.8202632965691
1887.0,109.03194762758737,13.88888888888889,24.49489742783178,13.88888888888889,13.88888888888889,13.88888888888889,0.0,-450.551787691944,513.7456753034406
1888.0,109.10394762758737,13.88888888888889,24.49489742783178,13.88888888888889,13.88888888888889,13.88888888888889,0.0,-451.54881228067586,513.6685945105595
1889.0,109.17594762758738,13.88888888888889,24.49489742783178,13.88888888888889,13.88888888888889,13.88888888888889,0.0,-452.5456410519258,513.5890213996802
1890.0,109.24794762758738,13.88888888888889,24.49489742783178,13.88888888888889,13.88888888888889,13.88888888888889,0.0,-453.54226777551753,513.5069564681346
1891.0,109.31994762758738,13.88888888888889,24.49489742783178,13.88888888888889,13.88888888888889,13.88888888888889,0.0,-454.5386862225372,513.4224002288281
1892.0,109.39194762758738,13.88888888888889,24.49489742783178,13.88888888888889,13.88888888888889,13.88888888888889,0.0,-455.5348901653728,513.335353210237
1893.0,109.46394762758739,13.88888888888889,24.49489742783178,13.88888888888889,13.88888888888889,13.88888888888889,0.0,-456.53087337775287,513.2458159564051
1894.0,109.53594762758739,13.88888888888889,24.49489742783178,13.88888888888889,13.88888888888889,13.88888888888889,0.0,-457.52662963478565,513.1537890269394
1895.0,109.6079476275874,13.88888888888889,24.49489742783178,13.88888888888889,13.88888888888889,13.88888888888889,0.0,-458.5221527129977,513.0592729970084
1896.0,109.6799476275874,13.88888888888889,24.49489742783178,13.88888888888889,13.88888888888889,13.88888888888889,0.0,-459.51743639037323,512.9622684573369
1897.0,109.7519476275874,13.88888888888889,24.49489742783178,13.88888888888889,13.88888888888889,13.88888888888889,0.0,-460.51247444639216,512.8627760142027
1898.0,109.8239476275874,13.88888888888889,24.49489742783178,13.88888888888889,13.88888888888889,13.88888888888889,0.0,-461.50726066207005,512.7607962894335
1899.0,109.8959476275874,13.88888888888889,24.49489742783178,13.88888888888889,13.88888888888889,13.88888888888889,0.0,-462.5017888199963,512.6563299204022
1900.0,109.9679476275874,13.88888888888889,24.49489742783178,13.88888888888889,13.88888888888889,13.88888888888889,0.0,-463.49605270437314,512.5493775600232
1901.0,110.03994762758741,13.88888888888889,24.49489742783178,13.88888888888889,13.88888888888889,13.88888888888889,0.0,-464.4900461010545,512.4399398767484
1902.0,110.11194762758741,13.88888888888889,24.49489742783178,13.88888888888889,13.88888888888889,13.88888888888889,0.0,-465.4837627975849,512.3280175545631
1903.0,110.18394762758741,13.88888888888889,24.49489742783178,13.88888888888889,13.88888888888889,13.88888888888889,0.0,-466.4771965832383,512.2136112929813
1904.0,110.25594762758742,13.88888888888889,24.49489742783178,13.88888888888889,13.88888888888889,13.88888888888889,0.0,-467.47034124905673,512.0967218070418
1905.0,110.32794762758742,13.88888888888889,24.49489742783178,13.88888888888889,13.88888888888889,13.88888888888889,0.0,-468.46319058788936,511.9773498273035
1906.0,110.39994762758742,13.88888888888889,24.49489742783178,13.88888888888889,13.88888888888889,13.88888888888889,0.0,-469.4557383944308,511.85549609984093
1907.0,110.47194762758743,13.88888888888889,24.49489742783178,13.88888888888889,13.88888888888889,13.88888888888889,0.0,-470.44797846526063,511.7311613862395
1908.0,110.54394762758743,13.88888888888889,24.49489742783178,13.88888888888889,13.88888888888889,13.88888888888889,0.0,-471.43990459888164,511.6043464635907
1909.0,110.61594762758743,13.88888888888889,24.49489742783178,13.88888888888889,13.88888888888889,13.88888888888889,0.0,-472.4315105957587,511.47505212448743
1910.0,110.68794762758743,13.88888888888889,24.49489742783178,13.88888888888889,13.88888888888889,13.88888888888889,0.0,-473.4227902583576,511.34327917701887
1911.0,110.75994762758744,13.88888888888889,24.49489742783178,13.88888888888889,13.88888888888889,13.88888888888889,0.0,-474.41373739118364,511.20902844476547
1912.0,110.83194762758744,13.88888888888889,24.49489742783178,13.88888888888889,13.88888888888889,13.88888888888889,0.0,-475.4043458008207,511.07230076679394
1913.0,110.90394762758744,13.88888888888889,24.49489742783178,13.88888888888889,13.88888888888889,13.88888888888889,0.0,-476.39460929596896,510.93309699765183
1914.0,110.97594762758744,13.88888888888889,24.49489742783178,13.88888888888889,13.88888888888889,13.88888888888889,0.0,-477.3845216874852,510.79141800736215
1915.0,111.04794762758745,13.88888888888889,24.49489742783178,13.88888888888889,13.88888888888889,13.88888888888889,0.0,-478.3740767884199,510.6472646814182
1916.0,111.11994762758745,13.88888888888889,24.49489742783178,13.88888888888889,13.88888888888889,13.88888888888889,0.0,-479.3632684140572,510.5006379207778
1917.0,111.19194762758745,13.88888888888889,24.49489742783178,13.88888888888889,13.88888888888889,13.88888888888889,0.0,-480.3520903819524,510.35153864185776
1918.0,111.26394762758746,13.88888888888889,24.49489742783178,13.88888888888889,13.88888888888889,13.88888888888889,0.0,-481.34053651197166,510.19996777652807
1919.0,111.33594762758746,13.88888888888889,24.49489742783178,13.88888888888889,13.88888888888889,13.88888888888889,0.0,-482.32860062632966,510.04592627210604
1920.0,111.40794762758746,13.88888888888889,24.49489742783178,13.88888888888889,13.88888888888889,13.88888888888889,0.0,-483.31627654962904,509.88941509135066
1921.0,111.47994762758746,13.88888888888889,24.49489742783178,13.88888888888889,13.88888888888889,13.88888888888889,0.0,-484.30355810889864,509.73043521245626
1922.0,111.55194762758747,13.88888888888889,24.49489742783178,13.88888888888889,13.88888888888889,13.88888888888889,0.0,-485.2904391336316,509.56898762904666
1923.0,111.62394762758747,13.88888888888889,24.49489742783178,13.88888888888889,13.88888888888889,13.88888888888889,0.0,-486.27691345582485,509.4050733501686
1924.0,111.69594762758747,13.88888888888889,24.49489742783178,13.88888888888889,13.88888888888889,13.88888888888889,0.0,-487.2629749100171,509.2386934002859
1925.0,111.76794762758747,13.88888888888889,24.49489742783178,13.88888888888889,13.88888888888889,13.88888888888889,0.0,-488.2486173333275,509.0698488192727
1926.0,111.83994762758748,13.88888888888889,24.49489742783178,13.88888888888889,13.88888888888889,13.88888888888889,0.0,-489.2338345654941,508.89854066240696
1927.0,111.91194762758748,13.88888888888889,24.49489742783178,13.88888888888889,13.88888888888889,13.88888888888889,0.0,-490.21862044891236,508.72477000036423
1928.0,111.98394762758748,13.88888888888889,24.49489742783178,13.88888888888889,13.88888888888889,13.88888888888889,0.0,-491.2029688286738,508.5485379192105
1929.0,112.05594762758749,13.88888888888889,24.49489742783178,13.88888888888889,13.88888888888889,13.88888888888889,0.0,-492.1868735526042,508.36984552039576
1930.0,112.12794762758749,13.88888888888889,24.49489742783178,13.88888888888889,13.88888888888889,13.88888888888889,0.0,-493.17032847130247,508.1886939207469
1931.0,112.19994762758749,13.88888888888889,24.49489742783178,13.88888888888889,13.88888888888889,13.88888888888889,0.0,-494.1533274381781,508.00508425246085
1932.0,112.2719476275875,13.88888888888889,24.49489742783178,13.88888888888889,13.88888888888889,13.88888888888889,0.0,-495.135864309491,507.8190176630974
1933.0,112.3439476275875,13.88888888888889,24.49489742783178,13.88888888888889,13.88888888888889,13.88888888888889,0.0,-496.11793294438894,507.63049531557215
1934.0,112.4159476275875,13.88888888888889,24.49489742783178,13.88888888888889,13.88888888888889,13.88888888888889,0.0,-497.0995272049462,507.4395183881491
1935.0,112.4879476275875,13.88888888888889,24.49489742783178,13.88888888888889,13.88888888888889,13.88888888888889,0.0,-498.08064095620165,507.24608807443354
1936.0,112.5599476275875,13.88888888888889,24.49489742783178,13.88888888888889,13.88888888888889,13.88888888888889,0.0,-499.0612680661977,507.05020558336423
1937.0,112.63194762758751,13.88888888888889,24.49489742783178,13.88888888888889,13.88888888888889,13.88888888888889,0.0,-500.0414024060183,506.8518721392061
1938.0,112.70394762758751,13.88888888888889,24.49489742783178,13.88888888888889,13.88888888888889,13.88888888888889,0.0,-501.0210378498265,506.65108898154256
1939.0,112.77594762758751,13.88888888888889,24.49489742783178,13.88888888888889,13.88888888888889,13.88888888888889,0.0,-502.0001682749043,506.4478573652676
1940.0,112.84794762758752,13.88888888888889,24.49489742783178,13.88888888888889,13.88888888888889,13.88888888888889,0.0,-502.97878756168967,506.24217856057834
1941.0,112.91994762758752,13.88888888888889,24.49489742783178,13.88888888888889,13.88888888888889,13.88888888888889,0.0,-503.9568895938153,506.0340538529665
1942.0,112.99194762758752,13.88888888888889,24.49489742783178,13.88888888888889,13.88888888888889,13.88888888888889,0.0,-504.9344682581466,505.82348454321084
1943.0,113.06394762758752,13.88888888888889,24.49489742783178,13.88888888888889,13.88888888888889,13.88888888888889,0.0,-505.9115174448201,505.6104719473689
1944.0,113.13594762758753,13.88888888888889,24.49489742783178,13.88888888888889,13.88888888888889,13.88888888888889,0.0,-506.88803104728163,505.3950173967687
1945.0,113.20794762758753,13.88888888888889,24.49489742783178,13.88888888888889,13.88888888888889,13.88888888888889,0.0,-507.8640029623243,505.17712223800044
1946.0,113.27994762758753,13.88888888888889,24.49489742783178,13.88888888888889,13.88888888888889,13.88888888888889,0.0,-508.83942709012706,504.9567878329081
1947.0,113.35194762758753,13.88888888888889,24.49489742783178,13.88888888888889,13.88888888888889,13.88888888888889,0.0,-509.81429733429184,504.7340155585812
1948.0,113.42394762758754,13.88888888888889,24.49489742783178,13.88888888888889,13.88888888888889,13.88888888888889,0.0,-510.78860760188303,504.50880680734554
1949.0,113.49594762758754,13.88888888888889,24.49489742783178,13.88888888888889,13.88888888888889,13.88888888888889,0.0,-511.76235180346464,504.28116298675525
1950.0,113.56794762758754,13.88888888888889,24.49489742783178,13.88888888888889,13.88888888888889,13.88888888888889,0.0,-512.7355238531385,504.05108551958324
1951.0,113.63994762758755,13.88888888888889,24.49489742783178,13.88888888888889,13.88888888888889,13.88888888888889,0.0,-513.7081176685825,503.8185758438131
1952.0,113.71194762758755,13.88888888888889,24.49489742783178,13.88888888888889,13.88888888888889,13.88888888888889,0.0,-514.6801271710885,503.5836354126296
1953.0,113.78394762758755,13.88888888888889,24.49489742783178,13.88888888888889,13.88888888888889,13.88888888888889,0.0,-515.6515462856003,503.34626569440945
1954.0,113.85594762758755,13.88888888888889,24.49489742783178,13.88888888888889,13.88888888888889,13.88888888888889,0.0,-516.6223689407516,503.10646817271277
1955.0,113.92794762758756,13.88888888888889,24.49489742783178,13.88888888888889,13.88888888888889,13.88888888888889,0.0,-517.592589068904,502.86424434627327
1956.0,113.99994762758756,13.88888888888889,24.49489742783178,13.88888888888889,13.88888888888889,13.88888888888889,0.0,-518.5622006061845,502.61959572898905
1957.0,114.07194762758756,13.88888888888889,24.49489742783178,13.88888888888889,13.88888888888889,13.88888888888889,0.0,-519.5311974925246,502.37252384991325
1958.0,114.14394762758756,13.88888888888889,24.49489742783178,13.88888888888889,13.88888888888889,13.88888888888889,0.0,-520.4995736716967,502.12303025324417
1959.0,114.21594762758757,13.88888888888889,24.49489742783178,13.88888888888889,13.88888888888889,13.88888888888889,0.0,-521.4673230913528,501.8711164983161
1960.0,114.28794762758757,13.88888888888889,24.49489742783178,13.88888888888889,13.88888888888889,13.88888888888889,0.0,-522.4344397030623,501.61678415958914
1961.0,114.35994762758757,13.88888888888889,24.49489742783178,13.88888888888889,13.88888888888889,13.88888888888889,0.0,-523.4009174623494,501.36003482663955
1962.0,114.43194762758758,13.88888888888889,24.49489742783178,13.88888888888889,13.88888888888889,13.88888888888889,0.0,-524.3667503287315,501.10087010414986
1963.0,114.50394762758758,13.88888888888889,24.49489742783178,13.88888888888889,13.88888888888889,13.88888888888889,0.0,-525.331932265756,500.8392916118988
1964.0,114.57594762758758,13.88888888888889,24.49489742783178,13.88888888888889,13.88888888888889,13.88888888888889,0.0,-526.2964572410391,500.575300984751
1965.0,114.64794762758758,13.88888888888889,24.49489742783178,13.88888888888889,13.88888888888889,13.88888888888889,0.0,-527.2603192263028,500.30889987264703
1966.0,114.71994762758759,13.88888888888889,24.49489742783178,13.88888888888889,13.88888888888889,13.88888888888889,0.0,-528.2235121974129,500.040089940593
1967.0,114.79194762758759,13.88888888888889,24.49489742783178,13.88888888888889,13.88888888888889,13.88888888888889,0.0,-529.1860301344165,499.76887286865013
1968.0,114.86394762758759,13.88888888888889,24.49489742783178,13.88888888888889,13.88888888888889,13.88888888888889,0.0,-530.1478670215794,499.49525035192426
1969.0,114.9359476275876,13.88888888888889,24.49489742783178,13.88888888888889,13.88888888888889,13.88888888888889,0.0,-531.1090168474243,499.21922410055515
1970.0,115.0079476275876,13.88888888888889,24.49489742783178,13.88888888888889,13.88888888888889,13.88888888888889,0.0,-532.0694736047681,498.94079583970597
1971.0,115.0799476275876,13.88888888888889,24.49489742783178,13.88888888888889,13.88888888888889,13.88888888888889,0.0,-533.0292312907592,498.6599673095525
1972.0,115.1519476275876,13.88888888888889,24.49489742783178,13.88888888888889,13.88888888888889,13.88888888888889,0.0,-533.9882839069148,498.37674026527213
1973.0,115.2239476275876,13.88888888888889,24.49489742783178,13.88888888888889,13.88888888888889,13.88888888888889,0.0,-534.9466254591593,498.091116477033
1974.0,115.29594762758761,13.88888888888889,24.49489742783178,13.88888888888889,13.88888888888889,13.88888888888889,0.0,-535.9042499578615,497.8030977299827
1975.0,115.36794762758761,13.88888888888889,24.49489742783178,13.88888888888889,13.88888888888889,13.88888888888889,0.0,-536.8611514178709,497.51268582423774
1976.0,115.43994762758761,13.88888888888889,24.49489742783178,13.88888888888889,13.88888888888889,13.88888888888889,0.0,-537.8173238585568,497.2198825748713
1977.0,115.51194762758762,13.88888888888889,24.49489742783178,13.88888888888889,13.88888888888889,13.88888888888889,0.0,-538.7727613038444,496.92468981190285
1978.0,115.58394762758762,13.88888888888889,24.49489742783178,13.88888888888889,13.88888888888889,13.88888888888889,0.0,-539.7274577822529,496.62710938028624
1979.0,115.65594762758762,13.88888888888889,24.49489742783178,13.88888888888889,13.88888888888889,13.88888888888889,0.0,-540.6814073269325,496.32714313989817
1980.0,115.72794762758762,13.88888888888889,24.49489742783178,13.88888888888889,13.88888888888889,13.88888888888889,0.0,-541.6346039757016,496.0247929655266
1981.0,115.79994762758763,13.88888888888889,24.49489742783178,13.88888888888889,13.88888888888889,13.88888888888889,0.0,-542.5870417710839,495.7200607468592
1982.0,115.87194762758763,13.88888888888889,24.49489742783178,13.88888888888889,13.88888888888889,13.88888888888889,0.0,-543.5387147603466,495.4129483884714
1983.0,115.94394762758763,13.88888888888889,24.49489742783178,13.88888888888889,13.88888888888889,13.88888888888889,0.0,-544.4896169955365,495.10345780981436
1984.0,116.01594762758764,13.88888888888889,24.49489742783178,13.88888888888889,13.88888888888889,13.88888888888889,0.0,-545.4397425335178,494.7915909452032
1985.0,116.08794762758764,13.88888888888889,24.49489742783178,13.88888888888889,13.88888888888889,13.88888888888889,0.0,-546.389085436009,494.4773497438048
1986.0,116.15994762758764,13.88888888888889,24.49489742783178,13.88888888888889,13.88888888888889,13.88888888888889,0.0,-547.3376397696201,494.1607361696257
1987.0,116.23194762758764,13.88888888888889,24.49489742783178,13.88888888888889,13.88888888888889,13.88888888888889,0.0,-548.2853996058896,493.84175220149956
1988.0,116.30394762758765,13.88888888888889,24.49489742783178,13.88888888888889,13.88888888888889,13.88888888888889,0.0,-549.2323590213214,493.5203998330753
1989.0,116.37594762758765,13.88888888888889,24.49489742783178,13.88888888888889,13.88888888888889,13.88888888888889,0.0,-550.1785120974223,493.1966810728042
1990.0,116.44794762758765,13.88888888888889,24.49489742783178,13.88888888888889,13.88888888888889,13.88888888888889,0.0,-551.1238529207387,492.87059794392735
1991.0,116.51994762758765,13.88888888888889,24.49489742783178,13.88888888888889,13.88888888888889,13.88888888888889,0.0,-552.0683755828936,492.54215248446326
1992.0,116.59194762758766,13.88888888888889,24.49489742783178,13.88888888888889,13.88888888888889,13.88888888888889,0.0,-553.0120741806234,492.211346747195
1993.0,116.66394762758766,13.88888888888889,24.49489742783178,13.88888888888889,13.88888888888889,13.88888888888889,0.0,-553.9549428158149,491.8781827996574
1994.0,116.73594762758766,13.88888888888889,24.49489742783178,13.88888888888889,13.88888888888889,13.88888888888889,0.0,-554.8969755955422,491.542662724124
1995.0,116.80794762758767,13.88888888888889,24.49489742783178,13.88888888888889,13.88888888888889,13.88888888888889,0.0,-555.8381666321036,491.20478861759415
1996.0,116.87994762758767,13.88888888888889,24.49489742783178,13.88888888888889,13.88888888888889,13.88888888888889,0.0,-556.7785100430582,490.8645625917799
1997.0,116.95194762758767,13.88888888888889,24.49489742783178,13.88888888888889,13.88888888888889,13.88888888888889,0.0,-557.7179999512624,490.5219867730929
1998.0,117.02394762758767,13.88888888888889,24.49489742783178,13.88888888888889,13.88888888888889,13.88888888888889,0.0,-558.6566304849077,490.17706330263087
1999.0,117.09594762758768,13.88888888888889,24.49489742783178,13.88888888888889,13.88888888888889,13.88888888888889,0.0,-559.5943957775561,489.82979433616435
2000.0,117.16794762758768,13.88888888888889,24.49489742783178,13.88888888888889,13.88888888888889,13.88888888888889,0.0,-560.5312899681777,489.48018204412324
2001.0,117.23994762758768,13.88888888888889,24.49489742783178,13.88888888888889,13.88888888888889,13.88888888888889,0.0,-561.4673072011868,489.12822861158327
2002.0,117.31194762758768,13.88888888888889,24.49489742783178,13.88888888888889,13.88888888888889,13.88888888888889,0.0,-562.4024416264788,488.77393623825225
2003.0,117.38394762758769,13.88888888888889,24.49489742783178,13.88888888888889,13.88888888888889,13.88888888888889,0.0,-563.3366873994667,488.41730713845624
2004.0,117.45594762758769,13.88888888888889,24.49489742783178,13.88888888888889,13.88888888888889,13.88888888888889,0.0,-564.2700386811171,488.0583435411262
2005.0,117.5279476275877,13.88888888888889,24.49489742783178,13.88888888888889,13.88888888888889,13.88888888888889,0.0,-565.2024896379878,487.6970476897831
2006.0,117.5999476275877,13.88888888888889,24.49489742783178,13.88888888888889,13.88888888888889,13.88888888888889,0.0,-566.1340344422633,487.3334218425251
2007.0,117.6719476275877,13.88888888888889,24.49489742783178,13.88888888888889,13.88888888888889,13.88888888888889,0.0,-567.0646672717917,486.9674682720126
2008.0,117.7439476275877,13.88888888888889,24.49489742783178,13.88888888888889,13.88888888888889,13.88888888888889,0.0,-567.9943823101206,486.599189265454
2009.0,117.8159476275877,13.88888888888889,24.49489742783178,13.88888888888889,13.88888888888889,13.88888888888889,0.0,-568.9231737465342,486.2285871245921
2010.0,117.8879476275877,13.88888888888889,24.49489742783178,13.88888888888889,13.88888888888889,13.88888888888889,0.0,-569.851035776089,485.85566416568884
2011.0,117.95994762758771,13.88888888888889,24.49489742783178,13.88888888888889,13.88888888888889,13.88888888888889,0.0,-570.7779625996504,485.48042271951175
2012.0,118.03194762758771,13.88888888888889,24.49489742783178,13.88888888888889,13.88888888888889,13.88888888888889,0.0,-571.703948423929,485.1028651313185
2013.0,118.10394762758771,13.88888888888889,24.49489742783178,13.88888888888889,13.88888888888889,13.88888888888889,0.0,-572.6289874615156,484.7229937608429
2014.0,118.17594762758772,13.88888888888889,24.49489742783178,13.88888888888889,13.88888888888889,13.88888888888889,0.0,-573.5530739309203,484.3408109822795
2015.0,118.24794762758772,13.88888888888889,24.49489742783178,13.88888888888889,13.88888888888889,13.88888888888889,0.0,-574.476202056605,483.9563191842698
2016.0,118.31994762758772,13.88888888888889,24.49489742783178,13.88888888888889,13.88888888888889,13.88888888888889,0.0,-575.3983660690219,483.5695207698861
2017.0,118.39194762758773,13.88888888888889,24.49489742783178,13.88888888888889,13.88888888888889,13.88888888888889,0.0,-576.3195602046492,483.1804181566171
2018.0,118.46394762758773,13.88888888888889,24.49489742783178,13.88888888888889,13.88888888888889,13.88888888888889,0.0,-577.2397787060263,482.78901377635316
2019.0,118.53594762758773,13.88888888888889,24.49489742783178,13.88888888888889,13.88888888888889,13.88888888888889,0.0,-578.1590158217908,482.3953100753702
2020.0,118.60794762758773,13.88888888888889,24.49489742783178,13.88888888888889,13.88888888888889,13.88888888888889,0.0,-579.0772658067137,481.9993095143151
2021.0,118.67994762758774,13.88888888888889,24.49489742783178,13.88888888888889,13.88888888888889,13.88888888888889,0.0,-579.9945229217356,481.60101456818995
2022.0,118.75194762758774,13.88888888888889,24.49489742783178,13.88888888888889,13.88888888888889,13.88888888888889,0.0,-580.9107814340023,481.2004277263372
2023.0,118.82394762758774,13.88888888888889,24.49489742783178,13.88888888888889,13.88888888888889,13.88888888888889,0.0,-581.8260356169011,480.797551492423
2024.0,118.89594762758774,13.88888888888889,24.49489742783178,13.88888888888889,13.88888888888889,13.88888888888889,0.0,-582.7402797500965,480.3923883844226
2025.0,118.96794762758775,13.88888888888889,24.49489742783178,13.88888888888889,13.88888888888889,13.88888888888889,0.0,-583.6535081195656,479.9849409346041
2026.0,119.03994762758775,13.88888888888889,24.49489742783178,13.88888888888889,13.88888888888889,13.88888888888889,0.0,-584.5657150176339,479.57521168951274
2027.0,119.11194762758775,13.88888888888889,24.49489742783178,13.88888888888889,13.88888888888889,13.88888888888889,0.0,-585.4768947430116,479.163203209955
2028.0,119.18394762758776,13.88888888888889,24.49489742783178,13.88888888888889,13.88888888888889,13.88888888888889,0.0,-586.3870416008283,478.7489180709824
2029.0,119.25594762758776,13.88888888888889,24.49489742783178,13.88888888888889,13.88888888888889,13.88888888888889,0.0,-587.2961499026686,478.332358861876
2030.0,119.32794762758776,13.88888888888889,24.49489742783178,13.88888888888889,13.88888888888889,13.88888888888889,0.0,-588.2042139666094,477.91352818612916
2031.0,119.39994762758776,13.88888888888889,24.49489742783178,13.88888888888889,13.88888888888889,13.88888888888889,0.0,-589.1112281172525,477.49242866143254
2032.0,119.47194762758777,13.88888888888889,24.49489742783178,13.88888888888889,13.88888888888889,13.88888888888889,0.0,-590.0171866857628,477.0690629196566
2033.0,119.54394762758777,13.88888888888889,24.49489742783178,13.88888888888889,13.88888888888889,13.88888888888889,0.0,-590.9220840099022,476.64343360683586
2034.0,119.61594762758777,13.88888888888889,24.49489742783178,13.88888888888889,13.88888888888889,13.88888888888889,0.0,-591.8259144340651,476.21554338315224
2035.0,119.68794762758777,13.88888888888889,24.49489742783178,13.88888888888889,13.88888888888889,13.88888888888889,0.0,-592.7286723093147,475.78539492291816
2036.0,119.75994762758778,13.88888888888889,24.49489742783178,13.88888888888889,13.88888888888889,13.88888888888889,0.0,-593.6303519934169,475.3529909145601
2037.0,119.83194762758778,13.88888888888889,24.49489742783178,13.88888888888889,13.88888888888889,13.88888888888889,0.0,-594.5309478508768,474.9183340606017
2038.0,119.90394762758778,13.88888888888889,24.49489742783178,13.88888888888889,13.88888888888889,13.88888888888889,0.0,-595.4304542529728,474.481427077647
2039.0,119.97594762758779,13.88888888888889,24.49489742783178,13.88888888888889,13.88888888888889,13.88888888888889,0.0,-596.3288655777936,474.04227269636306
2040.0,120.04794762758779,13.88888888888889,24.49489742783178,13.88888888888889,13.88888888888889,13.88888888888889,0.0,-597.2261762102708,473.60087366146354
2041.0,120.11994762758779,13.88888888888889,24.49489742783178,13.88888888888889,13.88888888888889,13.88888888888889,0.0,-598.1223805422158,473.1572327316907
2042.0,120.1919476275878,13.88888888888889,24.49489742783178,13.88888888888889,13.88888888888889,13.88888888888889,0.0,-599.0174729723547,472.7113526797991
2043.0,120.2639476275878,13.88888888888889,24.49489742783178,13.88888888888889,13.88888888888889,13.88888888888889,0.0,-599.9114479063626,472.2632362925376
2044.0,120.3359476275878,13.88888888888889,24.49489742783178,13.88888888888889,13.88888888888889,13.88888888888889,0.0,-600.804299756899,471.8128863706321
2045.0,120.4079476275878,13.88888888888889,24.49489742783178,13.88888888888889,13.88888888888889,13.88888888888889,0.0,-601.6960229436429,471.36030572876814
2046.0,120.4799476275878,13.88888888888889,24.49489742783178,13.88888888888889,13.88888888888889,13.88888888888889,0.0,-602.5866118933275,470.9054971955732
2047.0,120.55194762758781,13.88888888888889,24.49489742783178,13.88888888888889,13.88888888888889,13.88888888888889,0.0,-603.4760610397742,470.44846361359924
2048.0,120.62394762758781,13.88888888888889,24.49489742783178,13.88888888888889,13.88888888888889,13.88888888888889,0.0,-604.364364823929,469.98920783930475
2049.0,120.69594762758781,13.88888888888889,24.49489742783178,13.88888888888889,13.88888888888889,13.88888888888889,0.0,-605.2515176938963,469.52773274303667
2050.0,120.76794762758782,13.88888888888889,24.49489742783178,13.88888888888889,13.88888888888889,13.88888888888889,0.0,-606.1375141049733,469.0640412090129
2051.0,120.83994762758782,13.88888888888889,24.49489742783178,13.88888888888889,13.88888888888889,13.88888888888889,0.0,-607.0223485196855,468.598136135304
2052.0,120.91194762758782,13.88888888888889,24.49489742783178,13.88888888888889,13.88888888888889,13.88888888888889,0.0,-607.9060154078206,468.13002043381516
2053.0,120.98394762758782,13.88888888888889,24.49489742783178,13.88888888888889,13.88888888888889,13.88888888888889,0.0,-608.7885092464636,467.6596970302679
2054.0,121.05594762758783,13.88888888888889,24.49489742783178,13.88888888888889,13.88888888888889,13.88888888888889,0.0,-609.6698245200304,467.18716886418224
2055.0,121.12794762758783,13.88888888888889,24.49489742783178,13.88888888888889,13.88888888888889,13.88888888888889,0.0,-610.5499557203041,466.7124388888574
2056.0,121.19994762758783,13.88888888888889,24.49489742783178,13.88888888888889,13.88888888888889,13.88888888888889,0.0,-611.4288973464669,466.2355100713543
2057.0,121.27194762758783,13.88888888888889,24.49489742783178,13.88888888888889,13.88888888888889,13.88888888888889,0.0,-612.3066439051369,465.7563853924765
2058.0,121.34394762758784,13.88888888888889,24.49489742783178,13.88888888888889,13.88888888888889,13.88888888888889,0.0,-613.1831899104009,465.27506784675165
2059.0,121.41594762758784,13.88888888888889,24.49489742783178,13.88888888888889,13.88888888888889,13.88888888888889,0.0,-614.058529883849,464.7915604424129
2060.0,121.48794762758784,13.88888888888889,24.49489742783178,13.88888888888889,13.88888888888889,13.88888888888889,0.0,-614.9326583546095,464.3058662013799
2061.0,121.55994762758785,13.88888888888889,24.49489742783178,13.88888888888889,13.88888888888889,13.88888888888889,0.0,-615.8055698593822,463.81798815924003
2062.0,121.63194762758785,13.88888888888889,24.49489742783178,13.88888888888889,13.88888888888889,13.88888888888889,0.0,-616.6772589424731,463.32792936522947
2063.0,121.70394762758785,13.88888888888889,24.49489742783178,13.88888888888889,13.88888888888889,13.88888888888889,0.0,-617.5477201558281,462.83569288221435
2064.0,121.77594762758785,13.88888888888889,24.49489742783178,13.88888888888889,13.88888888888889,13.88888888888889,0.0,-618.4169480590677,462.34128178667066
2065.0,121.84794762758786,13.88888888888889,24.49489742783178,13.88888888888889,13.88888888888889,13.88888888888889,0.0,-619.2849372195201,461.84469916866647
2066.0,121.91994762758786,13.88888888888889,24.49489742783178,13.88888888888889,13.88888888888889,13.88888888888889,0.0,-620.151682212256,461.3459481318414
2067.0,121.99194762758786,13.88888888888889,24.49489742783178,13.88888888888889,13.88888888888889,13.88888888888889,0.0,-621.0171776201219,460.84503179338776
2068.0,122.06394762758786,13.88888888888889,24.49489742783178,13.88888888888889,13.88888888888889,13.88888888888889,0.0,-621.8814180337744,460.34195328403115
2069.0,122.13594762758787,13.88888888888889,24.49489742783178,13.88888888888889,13.88888888888889,13.88888888888889,0.0,-622.7443980517137,459.83671574801053
2070.0,122.20794762758787,13.88888888888889,24.49489742783178,13.88888888888889,13.88888888888889,13.88888888888889,0.0,-623.6061122803176,459.32932234305895
2071.0,122.27994762758787,13.88888888888889,24.49489742783178,13.88888888888889,13.88888888888889,13.88888888888889,0.0,-624.466555333875,458.8197762403833
2072.0,122.35194762758788,13.88888888888889,24.49489742783178,13.88888888888889,13.88888888888889,13.88888888888889,0.0,-625.3257218346193,458.3080806246454
2073.0,122.42394762758788,13.88888888888889,24.49489742783178,13.88888888888889,13.88888888888889,13.88888888888889,0.0,-626.1836064127629,457.79423869394094
2074.0,122.49594762758788,13.88888888888889,24.49489742783178,13.88888888888889,13.88888888888889,13.88888888888889,0.0,-627.0402037065301,457.27825365978043
2075.0,122.56794762758788,13.88888888888889,24.49489742783178,13.88888888888889,13.88888888888889,13.88888888888889,0.0,-627.8955083621902,456.7601287470686
2076.0,122.63994762758789,13.88888888888889,24.49489742783178,13.88888888888889,13.88888888888889,13.88888888888889,0.0,-628.7495150340924,456.2398671940845
2077.0,122.71194762758789,13.88888888888889,24.49489742783178,13.88888888888889,13.88888888888889,13.88888888888889,0.0,-629.6022183846974,455.7174722524611
2078.0,122.78394762758789,13.88888888888889,24.49489742783178,13.88888888888889,13.88888888888889,13.88888888888889,0.0,-630.4536130846124,455.19294718716503
2079.0,122.8559476275879,13.88888888888889,24.49489742783178,13.88888888888889,13.88888888888889,13.88888888888889,0.0,-631.3036938126227,454.66629527647655
2080.0,122.9279476275879,13.88888888888889,24.49489742783178,13.88888888888889,13.88888888888889,13.88888888888889,0.0,-632.1524552557271,454.13751981196793
2081.0,122.9999476275879,13.88888888888889,24.49489742783178,13.88888888888889,13.88888888888889,13.88888888888889,0.0,-632.999892109169,453.6066240984844
2082.0,123.0719476275879,13.88888888888889,24.49489742783178,13.88888888888889,13.88888888888889,13.88888888888889,0.0,-633.845999076471,453.07361145412244
2083.0,123.1439476275879,13.88888888888889,24.49489742783178,13.88888888888889,13.88888888888889,13.88888888888889,0.0,-634.6907708694673,452.5384852102092
2084.0,123.21594762758791,13.88888888888889,24.49489742783178,13.88888888888889,13.88888888888889,13.88888888888889,0.0,-635.5342022083369,452.00124871128213
2085.0,123.28794762758791,13.88888888888889,24.49489742783178,13.88888888888889,13.88888888888889,13.88888888888889,0.0,-636.3762878216365,451.46190531506744
2086.0,123.35994762758791,13.88888888888889,24.49489742783178,13.88888888888889,13.88888888888889,13.88888888888889,0.0,-637.2170224463341,450.9204583924597
2087.0,123.43194762758792,13.88888888888889,24.49489742783178,13.88888888888889,13.88888888888889,13.88888888888889,0.0,-638.0564008278409,450.37691132750024
2088.0,123.50394762758792,13.88888888888889,24.49489742783178,13.88888888888889,13.88888888888889,13.88888888888889,0.0,-638.8944177200444,449.8312675173568
2089.0,123.57594762758792,13.88888888888889,24.49489742783178,13.88888888888889,13.88888888888889,13.88888888888889,0.0,-639.7310678853426,449.283530372301
2090.0,123.64794762758793,13.88888888888889,24.49489742783178,13.88888888888889,13.88888888888889,13.88888888888889,0.0,-640.5663460946737,448.73370331568856
2091.0,123.71994762758793,13.88888888888889,24.49489742783178,13.88888888888889,13.88888888888889,13.88888888888889,0.0,-641.4002471275523,448.1817897839366
2092.0,123.79194762758793,13.88888888888889,24.49489742783178,13.88888888888889,13.88888888888889,13.88888888888889,0.0,-642.2327657720994,447.62779322650294
2093.0,123.86394762758793,13.88888888888889,24.49489742783178,13.88888888888889,13.88888888888889,13.88888888888889,0.0,-643.063896825076,447.0717171058643
2094.0,123.93594762758794,13.88888888888889,24.49489742783178,13.88888888888889,13.88888888888889,13.88888888888889,0.0,-643.8936350919162,446.51356489749463
2095.0,124.00794762758794,13.88888888888889,24.49489742783178,13.88888888888889,13.88888888888889,13.88888888888889,0.0,-644.721975386758,445.9533400898433
2096.0,124.07994762758794,13.88888888888889,24.49489742783178,13.88888888888889,13.88888888888889,13.88888888888889,0.0,-645.5489125324777,445.3910461843136
2097.0,124.15194762758794,13.88888888888889,24.49489742783178,13.88888888888889,13.88888888888889,13.88888888888889,0.0,-646.3744413607208,444.82668669524065
2098.0,124.22394762758795,13.88888888888889,24.49489742783178,13.88888888888889,13.88888888888889,13.88888888888889,0.0,-647.1985567119343,444.2602651498694
2099.0,124.29594762758795,13.88888888888889,24.49489742783178,13.88888888888889,13.88888888888889,13.88888888888889,0.0,-648.0212534354005,443.69178508833267
2100.0,124.36794762758795,13.88888888888889,24.49489742783178,13.88888888888889,13.88888888888889,13.88888888888889,0.0,-648.8425263892673,443.121250063629
2101.0,124.43994762758796,13.88888888888889,24.49489742783178,13.88888888888889,13.88888888888889,13.88888888888889,0.0,-649.6623704405814,442.5486636416004
2102.0,124.51194762758796,13.88888888888889,24.49489742783178,13.88888888888889,13.88888888888889,13.88888888888889,0.0,-650.4807804653203,441.9740294009101
2103.0,124.58394762758796,13.88888888888889,24.49489742783178,13.88888888888889,13.88888888888889,13.88888888888889,0.0,-651.2977513484241,441.39735093302033
2104.0,124.65594762758796,13.88888888888889,24.49489742783178,13.88888888888889,13.88888888888889,13.88888888888889,0.0,-652.113277983827,440.81863184216974
2105.0,124.72794762758797,13.88888888888889,24.49489742783178,13.88888888888889,13.88888888888889,13.88888888888889,0.0,-652.9273552744905,440.2378757453504
2106.0,124.79994762758797,13.88888888888889,24.49489742783178,13.88888888888889,13.88888888888889,13.88888888888889,0.0,-653.7399781324341,439.6550862722863
2107.0,124.87194762758797,13.88888888888889,24.49489742783178,13.88888888888889,13.88888888888889,13.88888888888889,0.0,-654.5511414787677,439.07026706540984
2108.0,124.94394762758797,13.88888888888889,24.49489742783178,13.88888888888889,13.88888888888889,13.88888888888889,0.0,-655.3608402437228,438.4834217798389
2109.0,125.01594762758798,13.88888888888889,24.49489742783178,13.88888888888889,13.88888888888889,13.88888888888889,0.0,-656.1690693666851,437.8945540833548
2110.0,125.08794762758798,13.88888888888889,24.49489742783178,13.88888888888889,13.88888888888889,13.88888888888889,0.0,-656.9758237962249,437.3036676563786
2111.0,125.15994762758798,13.88888888888889,24.49489742783178,13.88888888888889,13.88888888888889,13.88888888888889,0.0,-657.7810984901296,436.7107661919486
2112.0,125.23194762758799,13.88888888888889,24.49489742783178,13.88888888888889,13.88888888888889,13.88888888888889,0.0,-658.5848884154354,436.11585339569694
2113.0,125.30394762758799,13.88888888888889,24.49489742783178,13.88888888888889,13.88888888888889,13.88888888888889,0.0,-659.3871885484574,435.51893298582695
2114.0,125.37594762758799,13.88888888888889,24.49489742783178,13.88888888888889,13.88888888888889,13.88888888888889,0.0,-660.1879938748227,434.9200086930888
2115.0,125.447947627588,13.88888888888889,24.49489742783178,13.88888888888889,13.88888888888889,13.88888888888889,0.0,-660.9872993895005,434.31908426075773
2116.0,125.519947627588,13.88888888888889,24.49489742783178,13.88888888888889,13.88888888888889,13.88888888888889,0.0,-661.785100096834,433.7161634446094
2117.0,125.591947627588,13.88888888888889,24.49489742783178,13.88888888888889,13.88888888888889,13.88888888888889,0.0,-662.5813910105712,433.11125001289685
2118.0,125.663947627588,13.88888888888889,24.49489742783178,13.88888888888889,13.88888888888889,13.88888888888889,0.0,-663.3761671538966,432.5043477463271
2119.0,125.735947627588,13.88888888888889,24.49489742783178,13.88888888888889,13.88888888888889,13.88888888888889,0.0,-664.1694235594621,431.89546043803745
2120.0,125.807947627588,13.88888888888889,24.49489742783178,13.88888888888889,13.88888888888889,13.88888888888889,0.0,-664.9611552694173,431.2845918935715
2121.0,125.87994762758801,13.88888888888889,24.49489742783178,13.88888888888889,13.88888888888889,13.88888888888889,0.0,-665.7513573354421,430.6717459308555
2122.0,125.95194762758801,13.88888888888889,24.49489742783178,13.88888888888889,13.88888888888889,13.88888888888889,0.0,-666.5400248187757,430.05692638017496
2123.0,126.02394762758802,13.88888888888889,24.49489742783178,13.88888888888889,13.88888888888889,13.88888888888889,0.0,-667.3271527902491,429.4401370841501
2124.0,126.09594762758802,13.88888888888889,24.49489742783178,13.88888888888889,13.88888888888889,13.88888888888889,0.0,-668.1127363303151,428.82138189771183
2125.0,126.16794762758802,13.88888888888889,24.49489742783178,13.88888888888889,13.88888888888889,13.88888888888889,0.0,-668.896770529079,428.2006646880782
2126.0,126.23994762758802,13.88888888888889,24.49489742783178,13.88888888888889,13.88888888888889,13.88888888888889,0.0,-669.6792504863297,427.57798933472964
2127.0,126.31194762758803,13.88888888888889,24.49489742783178,13.88888888888889,13.88888888888889,13.88888888888889,0.0,-670.4601713115699,426.95335972938517
2128.0,126.38394762758803,13.88888888888889,24.49489742783178,13.88888888888889,13.88888888888889,13.88888888888889,0.0,-671.2395281240472,426.32677977597757
2129.0,126.45594762758803,13.88888888888889,24.49489742783178,13.88888888888889,13.88888888888889,13.88888888888889,0.0,-672.0173160527838,425.69825339063
2130.0,126.52794762758803,13.88888888888889,24.49489742783178,13.88888888888889,13.88888888888889,13.88888888888889,0.0,-672.7935302366079,425.0677845016297
2131.0,126.59994762758804,13.88888888888889,24.49489742783178,13.88888888888889,13.88888888888889,13.88888888888889,0.0,-673.5681658241833,424.4353770494057
2132.0,126.67194762758804,13.88888888888889,24.49489742783178,13.88888888888889,13.88888888888889,13.88888888888889,0.0,-674.3412179740401,423.8010349865022
2133.0,126.74394762758804,13.88888888888889,24.49489742783178,13.88888888888889,13.88888888888889,13.88888888888889,0.0,-675.1126818546047,423.16476227755516
2134.0,126.81594762758805,13.88888888888889,24.49489742783178,13.88888888888889,13.88888888888889,13.88888888888889,0.0,-675.8825526442306,422.5265628992669
2135.0,126.88794762758805,13.88888888888889,24.49489742783178,13.88888888888889,13.88888888888889,13.88888888888889,0.0,-676.6508255312278,421.8864408403815
2136.0,126.95994762758805,13.88888888888889,24.49489742783178,13.88888888888889,13.88888888888889,13.88888888888889,0.0,-677.4174957138932,421.24440010165966
2137.0,127.03194762758805,13.88888888888889,24.49489742783178,13.88888888888889,13.88888888888889,13.88888888888889,0.0,-678.182558400541,420.60044469585387
2138.0,127.10394762758806,13.88888888888889,24.49489742783178,13.88888888888889,13.88888888888889,13.88888888888889,0.0,-678.9460088095311,419.9545786476836
2139.0,127.17594762758806,13.88888888888889,24.49489742783178,13.88888888888889,13.88888888888889,13.88888888888889,0.0,-679.7078421693019,419.30680599380923
2140.0,127.24794762758806,13.88888888888889,24.49489742783178,13.88888888888889,13.88888888888889,13.88888888888889,0.0,-680.4680537183967,418.6571307828079
2141.0,127.31994762758806,13.88888888888889,24.49489742783178,13.88888888888889,13.88888888888889,13.88888888888889,0.0,-681.226638705496,418.0055570751475
2142.0,127.39194762758807,13.88888888888889,24.49489742783178,13.88888888888889,13.88888888888889,13.88888888888889,0.0,-681.9835923894461,417.3520889431616
2143.0,127.46394762758807,13.88888888888889,24.49489742783178,13.88888888888889,13.88888888888889,13.88888888888889,0.0,-682.738910039289,416.696730471024
2144.0,127.53594762758807,13.88888888888889,24.49489742783178,13.88888888888889,13.88888888888889,13.88888888888889,0.0,-683.4925869342917,416.0394857547228
2145.0,127.60794762758808,13.88888888888889,24.49489742783178,13.88888888888889,13.88888888888889,13.88888888888889,0.0,-684.2446183639763,415.3803589020356
2146.0,127.67994762758808,13.88888888888889,24.49489742783178,13.88888888888889,13.88888888888889,13.88888888888889,0.0,-684.9949996281487,414.71935403250274
2147.0,127.75194762758808,13.88888888888889,24.49489742783178,13.88888888888889,13.88888888888889,13.88888888888889,0.0,-685.7437260369281,414.05647527740285
2148.0,127.82394762758808,13.88888888888889,24.49489742783178,13.88888888888889,13.88888888888889,13.88888888888889,0.0,-686.4907929107774,413.39172677972584
2149.0,127.89594762758809,13.88888888888889,24.49489742783178,13.88888888888889,13.88888888888889,13.88888888888889,0.0,-687.2361955805309,412.7251126941477
2150.0,127.96794762758809,13.88888888888889,24.49489742783178,13.88888888888889,13.88888888888889,13.88888888888889,0.0,-687.9799293874241,412.0566371870042
2151.0,128.03994762758808,13.88888888888889,24.49489742783178,13.88888888888889,13.88888888888889,13.88888888888889,0.0,-688.7219896831235,411.38630443626516
2152.0,128.11194762758808,13.88888888888889,24.49489742783178,13.88888888888889,13.88888888888889,13.88888888888889,0.0,-689.4623718297544,410.7141186315081
2153.0,128.18394762758808,13.88888888888889,24.49489742783178,13.88888888888889,13.88888888888889,13.88888888888889,0.0,-690.2010711999311,410.04008397389197
2154.0,128.25594762758809,13.88888888888889,24.49489742783178,13.88888888888889,13.88888888888889,13.88888888888889,0.0,-690.9380831767844,409.3642046761315
2155.0,128.3279476275881,13.88888888888889,24.49489742783178,13.88888888888889,13.88888888888889,13.88888888888889,0.0,-691.6734031539925,408.6864849624697
2156.0,128.3999476275881,13.88888888888889,24.49489742783178,13.88888888888889,13.88888888888889,13.88888888888889,0.0,-692.4070265358074,408.0069290686529
2157.0,128.4719476275881,13.88888888888889,24.49489742783178,13.88888888888889,13.88888888888889,13.88888888888889,0.0,-693.1389487370856,407.3255412419031
2158.0,128.5439476275881,13.88888888888889,24.49489742783178,13.88888888888889,13.88888888888889,13.88888888888889,0.0,-693.8691651833157,406.642325740892
2159.0,128.6159476275881,13.88888888888889,24.49489742783178,13.88888888888889,13.88888888888889,13.88888888888889,0.0,-694.5976713106472,405.9572868357142
2160.0,128.6879476275881,13.88888888888889,24.49489742783178,13.88888888888889,13.88888888888889,13.88888888888889,0.0,-695.3244625659192,405.2704288078608
2161.0,128.7599476275881,13.88888888888889,24.49489742783178,13.88888888888889,13.88888888888889,13.88888888888889,0.0,-696.049534406689,404.581755950192
2162.0,128.8319476275881,13.88888888888889,24.49489742783178,13.88888888888889,13.88888888888889,13.88888888888889,0.0,-696.7728823012596,403.891272566911
2163.0,128.9039476275881,13.88888888888889,24.49489742783178,13.88888888888889,13.88888888888889,13.88888888888889,0.0,-697.4945017287091,403.198982973537
2164.0,128.9759476275881,13.88888888888889,24.49489742783178,13.88888888888889,13.88888888888889,13.88888888888889,0.0,-698.2143881789186,402.5048914968771
2165.0,129.04794762758812,13.88888888888889,24.49489742783178,13.88888888888889,13.88888888888889,13.88888888888889,0.0,-698.9325371525999,401.80900247500136
2166.0,129.11994762758812,13.88888888888889,24.49489742783178,13.88888888888889,13.88888888888889,13.88888888888889,0.0,-699.6489441613243,401.1113202572136
2167.0,129.19194762758812,13.88888888888889,24.49489742783178,13.88888888888889,13.88888888888889,13.88888888888889,0.0,-700.3636047275504,400.4118492040255
2168.0,129.26394762758812,13.88888888888889,24.49489742783178,13.88888888888889,13.88888888888889,13.88888888888889,0.0,-701.076514384652,399.7105936871288
2169.0,129.33594762758813,13.88888888888889,24.49489742783178,13.88888888888889,13.88888888888889,13.88888888888889,0.0,-701.7876686769459,399.0075580893682
2170.0,129.40794762758813,13.88888888888889,24.49489742783178,13.88888888888889,13.88888888888889,13.88888888888889,0.0,-702.4970631597203,398.30274680471393
2171.0,129.47994762758813,13.88888888888889,24.49489742783178,13.88888888888889,13.88888888888889,13.88888888888889,0.0,-703.2046933992622,397.5961642382341
2172.0,129.55194762758813,13.88888888888889,24.49489742783178,13.88888888888889,13.88888888888889,13.88888888888889,0.0,-703.9105549728843,396.88781480606775
2173.0,129.62394762758814,13.88888888888889,24.49489742783178,13.88888888888889,13.88888888888889,13.88888888888889,0.0,-704.6146434689542,396.1777029353963
2174.0,129.69594762758814,13.88888888888889,24.49489742783178,13.88888888888889,13.88888888888889,13.88888888888889,0.0,-705.3169544869215,395.46583306441676
2175.0,129.76794762758814,13.88888888888889,24.49489742783178,13.88888888888889,13.88888888888889,13.88888888888889,0.0,-706.0174836373444,394.75220964231335
2176.0,129.83994762758815,13.88888888888889,24.49489742783178,13.88888888888889,13.88888888888889,13.88888888888889,0.0,-706.716226541918,394.0368371292302
2177.0,129.91194762758815,13.88888888888889,24.49489742783178,13.88888888888889,13.88888888888889,13.88888888888889,0.0,-707.4131788335012,393.31971999624324
2178.0,129.98394762758815,13.88888888888889,24.49489742783178,13.88888888888889,13.88888888888889,13.88888888888889,0.0,-708.108336156145,392.60086272533204
2179.0,130.05594762758815,13.88888888888889,24.49489742783178,13.88888888888889,13.88888888888889,13.88888888888889,0.0,-708.8016941651177,391.88026980935257
2180.0,130.12794762758816,13.88888888888889,24.49489742783178,13.88888888888889,13.88888888888889,13.88888888888889,0.0,-709.4932485269346,391.1579457520077
2181.0,130.19994762758816,13.88888888888889,24.49489742783178,13.88888888888889,13.88888888888889,13.88888888888889,0.0,-710.1829949193828,390.4338950678209
2182.0,130.27194762758816,13.88888888888889,24.49489742783178,13.88888888888889,13.88888888888889,13.88888888888889,0.0,-710.8709290315498,389.7081222821064
2183.0,130.34394762758816,13.88888888888889,24.49489742783178,13.88888888888889,13.88888888888889,13.88888888888889,0.0,-711.5570465638496,388.98063193094174
2184.0,130.41594762758817,13.88888888888889,24.49489742783178,13.88888888888889,13.88888888888889,13.88888888888889,0.0,-712.2413432280496,388.2514285611392
2185.0,130.48794762758817,13.88888888888889,24.49489742783178,13.88888888888889,13.88888888888889,13.88888888888889,0.0,-712.9238147472983,387.5205167302176
2186.0,130.55994762758817,13.88888888888889,24.49489742783178,13.88888888888889,13.88888888888889,13.88888888888889,0.0,-713.6044568561506,386.7879010063734
2187.0,130.63194762758818,13.88888888888889,24.49489742783178,13.88888888888889,13.88888888888889,13.88888888888889,0.0,-714.2832653005958,386.05358596845235
2188.0,130.70394762758818,13.88888888888889,24.49489742783178,13.88888888888889,13.88888888888889,13.88888888888889,0.0,-714.960235838083,385.3175762059215
2189.0,130.77594762758818,13.88888888888889,24.49489742783178,13.88888888888889,13.88888888888889,13.88888888888889,0.0,-715.635364237549,384.57987631883896
2190.0,130.84794762758818,13.88888888888889,24.49489742783178,13.88888888888889,13.88888888888889,13.88888888888889,0.0,-716.308646279443,383.84049091782697
2191.0,130.9199476275882,13.88888888888889,24.49489742783178,13.88888888888889,13.88888888888889,13.88888888888889,0.0,-716.9800777557548,383.0994246240417
2192.0,130.9919476275882,13.88888888888889,24.49489742783178,13.88888888888889,13.88888888888889,13.88888888888889,0.0,-717.6496544700396,382.3566820691452
2193.0,131.0639476275882,13.88888888888889,24.49489742783178,13.88888888888889,13.88888888888889,13.88888888888889,0.0,-718.3173722374454,381.612267895276
2194.0,131.1359476275882,13.88888888888889,24.49489742783178,13.88888888888889,13.88888888888889,13.88888888888889,0.0,-718.983226884738,380.86618675502007
2195.0,131.2079476275882,13.88888888888889,24.49489742783178,13.88888888888889,13.88888888888889,13.88888888888889,0.0,-719.6472142503283,380.11844331138235
2196.0,131.2799476275882,13.88888888888889,24.49489742783178,13.88888888888889,13.88888888888889,13.88888888888889,0.0,-720.3093301842973,379.36904223775673
2197.0,131.3519476275882,13.88888888888889,24.49489742783178,13.88888888888889,13.88888888888889,13.88888888888889,0.0,-720.9695705484226,378.6179882178976
2198.0,131.4239476275882,13.88888888888889,24.49489742783178,13.88888888888889,13.88888888888889,13.88888888888889,0.0,-721.627931216204,377.8652859458902
2199.0,131.4959476275882,13.88888888888889,24.49489742783178,13.88888888888889,13.88888888888889,13.88888888888889,0.0,-722.2844080728896,377.1109401261212
2200.0,131.5679476275882,13.88888888888889,24.49489742783178,13.88888888888889,13.88888888888889,13.88888888888889,0.0,-722.9389970155012,376.3549554732495
2201.0,131.6399476275882,13.88888888888889,24.49489742783178,13.88888888888889,13.88888888888889,13.88888888888889,0.0,-723.5916939528595,375.59733671217685
2202.0,131.71194762758822,13.88888888888889,24.49489742783178,13.88888888888889,13.88888888888889,13.88888888888889,0.0,-724.2424948056116,374.8380885780177
2203.0,131.78394762758822,13.88888888888889,24.49489742783178,13.88888888888889,13.88888888888889,13.88888888888889,0.0,-724.8913955062541,374.07721581607063
2204.0,131.85594762758822,13.88888888888889,24.49489742783178,13.88888888888889,13.88888888888889,13.88888888888889,0.0,-725.5383919991591,373.31472318178817
2205.0,131.92794762758822,13.88888888888889,24.49489742783178,13.88888888888889,13.88888888888889,13.88888888888889,0.0,-726.1834802406013,372.55061544074636
2206.0,131.99994762758823,13.88888888888889,24.49489742783178,13.88888888888889,13.88888888888889,13.88888888888889,0.0,-726.8266561987812,371.7848973686163
2207.0,132.07194762758823,13.88888888888889,24.49489742783178,13.88888888888889,13.88888888888889,13.88888888888889,0.0,-727.4679158538506,371.0175737511338
2208.0,132.14394762758823,13.88888888888889,24.49489742783178,13.88888888888889,13.88888888888889,13.88888888888889,0.0,-728.1072551979394,370.24864938406853
2209.0,132.21594762758824,13.88888888888889,24.49489742783178,13.88888888888889,13.88888888888889,13.88888888888889,0.0,-728.7446702351785,369.47812907319513
2210.0,132.28794762758824,13.88888888888889,24.49489742783178,13.88888888888889,13.88888888888889,13.88888888888889,0.0,-729.3801569817261,368.7060176342633
2211.0,132.35994762758824,13.88888888888889,24.49489742783178,13.88888888888889,13.88888888888889,13.88888888888889,0.0,-730.0137114657919,367.93231989296726
2212.0,132.43194762758824,13.88888888888889,24.49489742783178,13.88888888888889,13.88888888888889,13.88888888888889,0.0,-730.6453297276627,367.1570406849148
2213.0,132.50394762758825,13.88888888888889,24.49489742783178,13.88888888888889,13.88888888888889,13.88888888888889,0.0,-731.275007819726,366.3801848555991
2214.0,132.57594762758825,13.88888888888889,24.49489742783178,13.88888888888889,13.88888888888889,13.88888888888889,0.0,-731.9027418064964,365.60175726036596
2215.0,132.64794762758825,13.88888888888889,24.49489742783178,13.88888888888889,13.88888888888889,13.88888888888889,0.0,-732.5285277646379,364.8217627643859
2216.0,132.71994762758825,13.88888888888889,24.49489742783178,13.88888888888889,13.88888888888889,13.88888888888889,0.0,-733.152361782991,364.0402062426213
2217.0,132.79194762758826,13.88888888888889,24.49489742783178,13.88888888888889,13.88888888888889,13.88888888888889,0.0,-733.7742399625944,363.25709257979827
2218.0,132.86394762758826,13.88888888888889,24.49489742783178,13.88888888888889,13.88888888888889,13.88888888888889,0.0,-734.3941584167117,362.4724266703749
2219.0,132.93594762758826,13.88888888888889,24.49489742783178,13.88888888888889,13.88888888888889,13.88888888888889,0.0,-735.0121132708549,361.6862134185101
2220.0,133.00794762758827,13.88888888888889,24.49489742783178,13.88888888888889,13.88888888888889,13.88888888888889,0.0,-735.6281006628078,360.8984577380345
2221.0,133.07994762758827,13.88888888888889,24.49489742783178,13.88888888888889,13.88888888888889,13.88888888888889,0.0,-736.2421167426514,360.1091645524181
2222.0,133.15194762758827,13.88888888888889,24.49489742783178,13.88888888888889,13.88888888888889,13.88888888888889,0.0,-736.8541576727871,359.31833879474135
2223.0,133.22394762758827,13.88888888888889,24.49489742783178,13.88888888888889,13.88888888888889,13.88888888888889,0.0,-737.4642196279614,358.525985407662
2224.0,133.29594762758828,13.88888888888889,24.49489742783178,13.88888888888889,13.88888888888889,13.88888888888889,0.0,-738.0722987952887,357.73210934338647
2225.0,133.36794762758828,13.88888888888889,24.49489742783178,13.88888888888889,13.88888888888889,13.88888888888889,0.0,-738.6783913742761,356.9367155636379
2226.0,133.43994762758828,13.88888888888889,24.49489742783178,13.88888888888889,13.88888888888889,13.88888888888889,0.0,-739.2824935768472,356.1398090396244
2227.0,133.51194762758828,13.88888888888889,24.49489742783178,13.88888888888889,13.88888888888889,13.88888888888889,0.0,-739.8846016273653,355.341394752009
2228.0,133.5839476275883,13.88888888888889,24.49489742783178,13.88888888888889,13.88888888888889,13.88888888888889,0.0,-740.4847117626568,354.5414776908787
2229.0,133.6559476275883,13.88888888888889,24.49489742783178,13.88888888888889,13.88888888888889,13.88888888888889,0.0,-741.0828202320354,353.7400628557127
2230.0,133.7279476275883,13.88888888888889,24.49489742783178,13.88888888888889,13.88888888888889,13.88888888888889,0.0,-741.6789232973251,352.9371552553506
2231.0,133.7999476275883,13.88888888888889,24.49489742783178,13.88888888888889,13.88888888888889,13.88888888888889,0.0,-742.2730172328838,352.1327599079626
2232.0,133.8719476275883,13.88888888888889,24.49489742783178,13.88888888888889,13.88888888888889,13.88888888888889,0.0,-742.8650983256259,351.32688184101727
2233.0,133.9439476275883,13.88888888888889,24.49489742783178,13.88888888888889,13.88888888888889,13.88888888888889,0.0,-743.455162875047,350.51952609124953
2234.0,134.0159476275883,13.88888888888889,24.49489742783178,13.88888888888889,13.88888888888889,13.88888888888889,0.0,-744.0432071932455,349.7106977046301
2235.0,134.0879476275883,13.88888888888889,24.49489742783178,13.88888888888889,13.88888888888889,13.88888888888889,0.0,-744.6292276049463,348.90040173633383
2236.0,134.1599476275883,13.88888888888889,24.49489742783178,13.88888888888889,13.88888888888889,13.88888888888889,0.0,-745.2132204475236,348.0886432507083
2237.0,134.2319476275883,13.88888888888889,24.49489742783178,13.88888888888889,13.88888888888889,13.88888888888889,0.0,-745.7951820710241,347.27542732124084
2238.0,134.30394762758831,13.88888888888889,24.49489742783178,13.88888888888889,13.88888888888889,13.88888888888889,0.0,-746.3751088381894,346.46075903052883
2239.0,134.37594762758832,13.88888888888889,24.49489742783178,13.88888888888889,13.88888888888889,13.88888888888889,0.0,-746.9529971244795,345.644643470246
2240.0,134.44794762758832,13.88888888888889,24.49489742783178,13.88888888888889,13.88888888888889,13.88888888888889,0.0,-747.5288433180939,344.8270857411124
2241.0,134.51994762758832,13.88888888888889,24.49489742783178,13.88888888888889,13.88888888888889,13.88888888888889,0.0,-748.1026438199964,344.00809095286064
2242.0,134.59194762758833,13.88888888888889,24.49489742783178,13.88888888888889,13.88888888888889,13.88888888888889,0.0,-748.6743950439354,343.18766422420583
2243.0,134.66394762758833,13.88888888888889,24.49489742783178,13.88888888888889,13.88888888888889,13.88888888888889,0.0,-749.2440934164675,342.3658106828125
2244.0,134.73594762758833,13.88888888888889,24.49489742783178,13.88888888888889,13.88888888888889,13.88888888888889,0.0,-749.8117353769801,341.5425354652622
2245.0,134.80794762758833,13.88888888888889,24.49489742783178,13.88888888888889,13.88888888888889,13.88888888888889,0.0,-750.3773173777123,340.7178437170228
2246.0,134.87994762758834,13.88888888888889,24.49489742783178,13.88888888888889,13.88888888888889,13.88888888888889,0.0,-750.9408358837788,339.8917405924145
2247.0,134.95194762758834,13.88888888888889,24.49489742783178,13.88888888888889,13.88888888888889,13.88888888888889,0.0,-751.5022873731907,339.0642312545798
2248.0,135.02394762758834,13.88888888888889,24.49489742783178,13.88888888888889,13.88888888888889,13.88888888888889,0.0,-752.0616683368781,338.23532087544874
2249.0,135.09594762758834,13.88888888888889,24.49489742783178,13.88888888888889,13.88888888888889,13.88888888888889,0.0,-752.6189752787117,337.40501463570877
2250.0,135.16794762758835,13.88888888888889,24.49489742783178,13.88888888888889,13.88888888888889,13.88888888888889,0.0,-753.1742047155246,336.5733177247714
2251.0,135.23994762758835,13.88888888888889,24.49489742783178,13.88888888888889,13.88888888888889,13.88888888888889,0.0,-753.7273531771351,335.74023534073945
2252.0,135.31194762758835,13.88888888888889,24.49489742783178,13.88888888888889,13.88888888888889,13.88888888888889,0.0,-754.2784172063672,334.90577269037476
2253.0,135.38394762758836,13.88888888888889,24.49489742783178,13.88888888888889,13.88888888888889,13.88888888888889,0.0,-754.8273933590722,334.0699349890665
2254.0,135.45594762758836,13.88888888888889,24.49489742783178,13.88888888888889,13.88888888888889,13.88888888888889,0.0,-755.3742782041508,333.23272746079783
2255.0,135.52794762758836,13.88888888888889,24.49489742783178,13.88888888888889,13.88888888888889,13.88888888888889,0.0,-755.9190683235748,332.3941553381125
2256.0,135.59994762758836,13.88888888888889,24.49489742783178,13.88888888888889,13.88888888888889,13.88888888888889,0.0,-756.4617603124077,331.55422386208386
2257.0,135.67194762758837,13.88888888888889,24.49489742783178,13.88888888888889,13.88888888888889,13.88888888888889,0.0,-757.0023507788262,330.7129382822812
2258.0,135.74394762758837,13.88888888888889,24.49489742783178,13.88888888888889,13.88888888888889,13.88888888888889,0.0,-757.5408363441416,329.8703038567363
2259.0,135.81594762758837,13.88888888888889,24.49489742783178,13.88888888888889,13.88888888888889,13.88888888888889,0.0,-758.0772136428211,329.02632585191134
2260.0,135.88794762758837,13.88888888888889,24.49489742783178,13.88888888888889,13.88888888888889,13.88888888888889,0.0,-758.6114793225083,328.18100954266646
2261.0,135.95994762758838,13.88888888888889,24.49489742783178,13.88888888888889,13.88888888888889,13.88888888888889,0.0,-759.1436300440442,327.334360212226
2262.0,136.03194762758838,13.88888888888889,24.49489742783178,13.88888888888889,13.88888888888889,13.88888888888889,0.0,-759.6736624814888,326.48638315214504
2263.0,136.10394762758838,13.88888888888889,24.49489742783178,13.88888888888889,13.88888888888889,13.88888888888889,0.0,-760.2015733221408,325.637083662278
2264.0,136.17594762758839,13.88888888888889,24.49489742783178,13.88888888888889,13.88888888888889,13.88888888888889,0.0,-760.7273592665596,324.7864670507432
2265.0,136.2479476275884,13.88888888888889,24.49489742783178,13.88888888888889,13.88888888888889,13.88888888888889,0.0,-761.2510170285841,323.93453863389254
2266.0,136.3199476275884,13.88888888888889,24.49489742783178,13.88888888888889,13.88888888888889,13.88888888888889,0.0,-761.7725433353557,323.0813037362751
2267.0,136.3919476275884,13.88888888888889,24.49489742783178,13.88888888888889,13.88888888888889,13.88888888888889,0.0,-762.2919349273365,322.2267676906065
2268.0,136.4639476275884,13.88888888888889,24.49489742783178,13.88888888888889,13.88888888888889,13.88888888888889,0.0,-762.8091885583302,321.37093583773463
2269.0,136.5359476275884,13.88888888888889,24.49489742783178,13.88888888888889,13.88888888888889,13.88888888888889,0.0,-763.324300995504,320.5138135266051
2270.0,136.6079476275884,13.88888888888889,24.49489742783178,13.88888888888889,13.88888888888889,13.88888888888889,0.0,-763.8372690194062,319.65540611423023
2271.0,136.6799476275884,13.88888888888889,24.49489742783178,13.88888888888889,13.88888888888889,13.88888888888889,0.0,-764.348089423989,318.7957189656529
2272.0,136.7519476275884,13.88888888888889,24.49489742783178,13.88888888888889,13.88888888888889,13.88888888888889,0.0,-764.856759016626,317.9347574539156
2273.0,136.8239476275884,13.88888888888889,24.49489742783178,13.88888888888889,13.88888888888889,13.88888888888889,0.0,-765.3632746181341,317.07252696002445
2274.0,136.8959476275884,13.88888888888889,24.49489742783178,13.88888888888889,13.88888888888889,13.88888888888889,0.0,-765.8676330627927,316.2090328729174
2275.0,136.96794762758842,13.88888888888889,24.49489742783178,13.88888888888889,13.88888888888889,13.88888888888889,0.0,-766.3698311983625,315.3442805894301
2276.0,137.03994762758842,13.88888888888889,24.49489742783178,13.88888888888889,13.88888888888889,13.88888888888889,0.0,-766.8698658861072,314.47827551426116
2277.0,137.11194762758842,13.88888888888889,24.49489742783178,13.88888888888889,13.88888888888889,13.88888888888889,0.0,-767.3677340008119,313.61102305993916
2278.0,137.18394762758842,13.88888888888889,24.49489742783178,13.88888888888889,13.88888888888889,13.88888888888889,0.0,-767.8634324308023,312.7425286467894
2279.0,137.25594762758843,13.88888888888889,24.49489742783178,13.88888888888889,13.88888888888889,13.88888888888889,0.0,-768.3569580779644,311.87279770289956
2280.0,137.32794762758843,13.88888888888889,24.49489742783178,13.88888888888889,13.88888888888889,13.88888888888889,0.0,-768.848307857765,311.0018356640845
2281.0,137.39994762758843,13.88888888888889,24.49489742783178,13.88888888888889,13.88888888888889,13.88888888888889,0.0,-769.3374786992695,310.1296479738544
2282.0,137.47194762758843,13.88888888888889,24.49489742783178,13.88888888888889,13.88888888888889,13.88888888888889,0.0,-769.8244675451615,309.2562400833799
2283.0,137.54394762758844,13.88888888888889,24.49489742783178,13.88888888888889,13.88888888888889,13.88888888888889,0.0,-770.3092713517624,308.38161745145703
2284.0,137.61594762758844,13.88888888888889,24.49489742783178,13.88888888888889,13.88888888888889,13.88888888888889,0.0,-770.7918870890503,307.50578554447424
2285.0,137.68794762758844,13.88888888888889,24.49489742783178,13.88888888888889,13.88888888888889,13.88888888888889,0.0,-771.2723117406781,306.62874983637823
2286.0,137.75994762758845,13.88888888888889,24.49489742783178,13.88888888888889,13.88888888888889,13.88888888888889,0.0,-771.7505423039931,305.7505158086399
2287.0,137.83194762758845,13.88888888888889,24.49489742783178,13.88888888888889,13.88888888888889,13.88888888888889,0.0,-772.2265757900565,304.8710889502181
2288.0,137.90394762758845,13.88888888888889,24.49489742783178,13.88888888888889,13.88888888888889,13.88888888888889,0.0,-772.7004092236599,303.99047475752866
2289.0,137.97594762758845,13.88888888888889,24.49489742783178,13.88888888888889,13.88888888888889,13.88888888888889,0.0,-773.1720396433462,303.1086787344068
2290.0,138.04794762758846,13.88888888888889,24.49489742783178,13.88888888888889,13.88888888888889,13.88888888888889,0.0,-773.6414641014267,302.2257063920754
2291.0,138.11994762758846,13.88888888888889,24.49489742783178,13.88888888888889,13.88888888888889,13.88888888888889,0.0,-774.1086796640002,301.34156324910794
2292.0,138.19194762758846,13.88888888888889,24.49489742783178,13.88888888888889,13.88888888888889,13.88888888888889,0.0,-774.5736834109708,300.4562548313968
2293.0,138.26394762758846,13.88888888888889,24.49489742783178,13.88888888888889,13.88888888888889,13.88888888888889,0.0,-775.0364724360666,299.5697866721167
2294.0,138.33594762758847,13.88888888888889,24.49489742783178,13.88888888888889,13.88888888888889,13.88888888888889,0.0,-775.4970438468579,298.6821643116904
2295.0,138.40794762758847,13.88888888888889,24.49489742783178,13.88888888888889,13.88888888888889,13.88888888888889,0.0,-775.9553947647746,297.7933932977553
2296.0,138.47994762758847,13.88888888888889,24.49489742783178,13.88888888888889,13.88888888888889,13.88888888888889,0.0,-776.4115223251251,296.90347918512657
2297.0,138.55194762758848,13.88888888888889,24.49489742783178,13.88888888888889,13.88888888888889,13.88888888888889,0.0,-776.8654236771137,296.01242753576537
2298.0,138.62394762758848,13.88888888888889,24.49489742783178,13.88888888888889,13.88888888888889,13.88888888888889,0.0,-777.3170959838583,295.1202439187408
2299.0,138.69594762758848,13.88888888888889,24.49489742783178,13.88888888888889,13.88888888888889,13.88888888888889,0.0,-777.7665364224086,294.226933910198
2300.0,138.76794762758848,13.88888888888889,24.49489742783178,13.88888888888889,13.88888888888889,13.88888888888889,0.0,-778.2137421837631,293.33250309332186
2301.0,138.8399476275885,13.88888888888889,24.49489742783178,13.88888888888889,13.88888888888889,13.88888888888889,0.0,-778.6587104728874,292.43695705830174
2302.0,138.9119476275885,13.88888888888889,24.49489742783178,13.88888888888889,13.88888888888889,13.88888888888889,0.0,-779.1014385087312,291.54030140229725
2303.0,138.9839476275885,13.88888888888889,24.49489742783178,13.88888888888889,13.88888888888889,13.88888888888889,0.0,-779.5419235242457,290.64254172940343
2304.0,139.0559476275885,13.88888888888889,24.49489742783178,13.88888888888889,13.88888888888889,13.88888888888889,0.0,-779.9801627664008,289.7436836506158
2305.0,139.1279476275885,13.88888888888889,24.49489742783178,13.88888888888889,13.88888888888889,13.88888888888889,0.0,-780.4161534962029,288.8437327837938
2306.0,139.1999476275885,13.88888888888889,24.49489742783178,13.88888888888889,13.88888888888889,13.88888888888889,0.0,-780.8498929887112,287.94269475362773
2307.0,139.2719476275885,13.88888888888889,24.49489742783178,13.88888888888889,13.88888888888889,13.88888888888889,0.0,-781.2813785330552,287.0405751916025
2308.0,139.3439476275885,13.88888888888889,24.49489742783178,13.88888888888889,13.88888888888889,13.88888888888889,0.0,-781.7106074324519,286.13737973596227
2309.0,139.4159476275885,13.88888888888889,24.49489742783178,13.88888888888889,13.88888888888889,13.88888888888889,0.0,-782.1375770042221,285.2331140316753
2310.0,139.4879476275885,13.88888888888889,24.49489742783178,13.88888888888889,13.88888888888889,13.88888888888889,0.0,-782.562284579807,284.32778373039974
2311.0,139.5599476275885,13.88888888888889,24.49489742783178,13.88888888888889,13.88888888888889,13.88888888888889,0.0,-782.9847275047858,283.42139449044726
2312.0,139.63194762758852,13.88888888888889,24.49489742783178,13.88888888888889,13.88888888888889,13.88888888888889,0.0,-783.404903138892,282.51395197674697
2313.0,139.70394762758852,13.88888888888889,24.49489742783178,13.88888888888889,13.88888888888889,13.88888888888889,0.0,-783.8228088560286,281.6054618608123
2314.0,139.77594762758852,13.88888888888889,24.49489742783178,13.88888888888889,13.88888888888889,13.88888888888889,0.0,-784.2384420442866,280.69592982070293
2315.0,139.84794762758852,13.88888888888889,24.49489742783178,13.88888888888889,13.88888888888889,13.88888888888889,0.0,-784.6518001059599,279.7853615409918
2316.0,139.91994762758853,13.88888888888889,24.49489742783178,13.88888888888889,13.88888888888889,13.88888888888889,0.0,-785.062880457562,278.87376271272694
2317.0,139.99194762758853,13.88888888888889,24.49489742783178,13.88888888888889,13.88888888888889,13.88888888888889,0.0,-785.4716805298418,277.9611390333985
2318.0,140.06394762758853,13.88888888888889,24.49489742783178,13.88888888888889,13.88888888888889,13.88888888888889,0.0,-785.8781977678003,277.04749620690177
2319.0,140.13594762758854,13.88888888888889,24.49489742783178,13.88888888888889,13.88888888888889,13.88888888888889,0.0,-786.2824296307062,276.1328399435008
2320.0,140.20794762758854,13.88888888888889,24.49489742783178,13.88888888888889,13.88888888888889,13.88888888888889,0.0,-786.6843735921118,275.21717595979493
2321.0,140.27994762758854,13.88888888888889,24.49489742783178,13.88888888888889,13.88888888888889,13.88888888888889,0.0,-787.0840271398682,274.30050997868034
2322.0,140.35194762758854,13.88888888888889,24.49489742783178,13.88888888888889,13.88888888888889,13.88888888888889,0.0,-787.4813877761424,273.3828477293172
2323.0,140.42394762758855,13.88888888888889,24.49489742783178,13.88888888888889,13.88888888888889,13.88888888888889,0.0,-787.8764530174316,272.46419494709085
2324.0,140.49594762758855,13.88888888888889,24.49489742783178,13.88888888888889,13.88888888888889,13.88888888888889,0.0,-788.2692203945794,271.5445573735786
2325.0,140.56794762758855,13.88888888888889,24.49489742783178,13.88888888888889,13.88888888888889,13.88888888888889,0.0,-788.6596874527906,270.6239407565125
2326.0,140.63994762758855,13.88888888888889,24.49489742783178,13.88888888888889,13.88888888888889,13.88888888888889,0.0,-789.0478517516478,269.7023508497432
2327.0,140.71194762758856,13.88888888888889,24.49489742783178,13.88888888888889,13.88888888888889,13.88888888888889,0.0,-789.4337108651254,268.77979341320423
2328.0,140.78394762758856,13.88888888888889,24.49489742783178,13.88888888888889,13.88888888888889,13.88888888888889,0.0,-789.8172623816049,267.8562742128768
2329.0,140.85594762758856,13.88888888888889,24.49489742783178,13.88888888888889,13.88888888888889,13.88888888888889,0.0,-790.1985039038907,266.93179902075343
2330.0,140.92794762758857,13.88888888888889,24.49489742783178,13.88888888888889,13.88888888888889,13.88888888888889,0.0,-790.5774330492246,266.0063736148003
2331.0,140.99994762758857,13.88888888888889,24.49489742783178,13.88888888888889,13.88888888888889,13.88888888888889,0.0,-790.9540474493007,265.08000377892347
2332.0,141.07194762758857,13.88888888888889,24.49489742783178,13.88888888888889,13.88888888888889,13.88888888888889,0.0,-791.3283447502799,264.15269530293176
2333.0,141.14394762758857,13.88888888888889,24.49489742783178,13.88888888888889,13.88888888888889,13.88888888888889,0.0,-791.7003226128056,263.2244539824999
2334.0,141.21594762758858,13.88888888888889,24.49489742783178,13.88888888888889,13.88888888888889,13.88888888888889,0.0,-792.0699787120175,262.29528561913264
2335.0,141.28794762758858,13.88888888888889,24.49489742783178,13.88888888888889,13.88888888888889,13.88888888888889,0.0,-792.4373107375659,261.3651960201296
2336.0,141.35994762758858,13.88888888888889,24.49489742783178,13.88888888888889,13.88888888888889,13.88888888888889,0.0,-792.8023163936268,260.4341909985481
2337.0,141.43194762758858,13.88888888888889,24.49489742783178,13.88888888888889,13.88888888888889,13.88888888888889,0.0,-793.1649933989163,259.50227637316584
2338.0,141.5039476275886,13.88888888888889,24.49489742783178,13.88888888888889,13.88888888888889,13.88888888888889,0.0,-793.5253394867041,258.56945796844684
2339.0,141.5759476275886,13.88888888888889,24.49489742783178,13.88888888888889,13.88888888888889,13.88888888888889,0.0,-793.8833524048282,257.6357416145024
2340.0,141.6479476275886,13.88888888888889,24.49489742783178,13.88888888888889,13.88888888888889,13.88888888888889,0.0,-794.2390299157094,256.7011331470575
2341.0,141.7199476275886,13.88888888888889,24.49489742783178,13.88888888888889,13.88888888888889,13.88888888888889,0.0,-794.5923697963642,255.7656384074112
2342.0,141.7919476275886,13.88888888888889,24.49489742783178,13.88888888888889,13.88888888888889,13.88888888888889,0.0,-794.9433698384196,254.82926324240293
2343.0,141.8639476275886,13.88888888888889,24.49489742783178,13.88888888888889,13.88888888888889,13.88888888888889,0.0,-795.2920278481262,253.89201350437486
2344.0,141.9359476275886,13.88888888888889,24.49489742783178,13.88888888888889,13.88888888888889,13.88888888888889,0.0,-795.638341646373,252.95389505113394
2345.0,142.0079476275886,13.88888888888889,24.49489742783178,13.88888888888889,13.88888888888889,13.88888888888889,0.0,-795.9823090686994,252.0149137459183
2346.0,142.0799476275886,13.88888888888889,24.49489742783178,13.88888888888889,13.88888888888889,13.88888888888889,0.0,-796.3239279653105,251.07507545735734
2347.0,142.1519476275886,13.88888888888889,24.49489742783178,13.88888888888889,13.88888888888889,13.88888888888889,0.0,-796.663196201089,250.13438605943787
2348.0,142.22394762758861,13.88888888888889,24.49489742783178,13.88888888888889,13.88888888888889,13.88888888888889,0.0,-797.0001116556102,249.19285143146504
2349.0,142.29594762758862,13.88888888888889,24.49489742783178,13.88888888888889,13.88888888888889,13.88888888888889,0.0,-797.3346722231529,248.25047745802738
2350.0,142.36794762758862,13.88888888888889,24.49489742783178,13.88888888888889,13.88888888888889,13.88888888888889,0.0,-797.6668758127147,247.3072700289597
2351.0,142.43994762758862,13.88888888888889,24.49489742783178,13.88888888888889,13.88888888888889,13.88888888888889,0.0,-797.9967203480246,246.3632350393048
2352.0,142.51194762758863,13.88888888888889,24.49489742783178,13.88888888888889,13.88888888888889,13.88888888888889,0.0,-798.324203767555,245.41837838927808
2353.0,142.58394762758863,13.88888888888889,24.49489742783178,13.88888888888889,13.88888888888889,13.88888888888889,0.0,-798.649324024536,244.4727059842309
2354.0,142.65594762758863,13.88888888888889,24.49489742783178,13.88888888888889,13.88888888888889,13.88888888888889,0.0,-798.9720790869666,243.52622373461298
2355.0,142.72794762758863,13.88888888888889,24.49489742783178,13.88888888888889,13.88888888888889,13.88888888888889,0.0,-799.292466937629,242.57893755593466
2356.0,142.79994762758864,13.88888888888889,24.49489742783178,13.88888888888889,13.88888888888889,13.88888888888889,0.0,-799.6104855741,241.63085336873178
2357.0,142.87194762758864,13.88888888888889,24.49489742783178,13.88888888888889,13.88888888888889,13.88888888888889,0.0,-799.9261330087643,240.68197709852774
2358.0,142.94394762758864,13.88888888888889,24.49489742783178,13.88888888888889,13.88888888888889,13.88888888888889,0.0,-800.2394072688263,239.73231467579592
2359.0,143.01594762758864,13.88888888888889,24.49489742783178,13.88888888888889,13.88888888888889,13.88888888888889,0.0,-800.5503063963232,238.7818720359229
2360.0,143.08794762758865,13.88888888888889,24.49489742783178,13.88888888888889,13.88888888888889,13.88888888888889,0.0,-800.8588284481361,237.83065511917243
2361.0,143.15994762758865,13.88888888888889,24.49489742783178,13.88888888888889,13.88888888888889,13.88888888888889,0.0,-801.1649714960033,236.87866987064757
2362.0,143.23194762758865,13.88888888888889,24.49489742783178,13.88888888888889,13.88888888888889,13.88888888888889,0.0,-801.468733626532,235.92592224025236
2363.0,143.30394762758866,13.88888888888889,24.49489742783178,13.88888888888889,13.88888888888889,13.88888888888889,0.0,-801.7701129412095,234.9724181826569
2364.0,143.37594762758866,13.88888888888889,24.49489742783178,13.88888888888889,13.88888888888889,13.88888888888889,0.0,-802.0691075564164,234.01816365725796
2365.0,143.44794762758866,13.88888888888889,24.49489742783178,13.88888888888889,13.88888888888889,13.88888888888889,0.0,-802.3657156034369,233.0631646281438
2366.0,143.51994762758866,13.88888888888889,24.49489742783178,13.88888888888889,13.88888888888889,13.88888888888889,0.0,-802.659935228472,232.1074270640545
2367.0,143.59194762758867,13.88888888888889,24.49489742783178,13.88888888888889,13.88888888888889,13.88888888888889,0.0,-802.9517645926501,231.15095693834718
2368.0,143.66394762758867,13.88888888888889,24.49489742783178,13.88888888888889,13.88888888888889,13.88888888888889,0.0,-803.2412018720381,230.19376022895733
2369.0,143.73594762758867,13.88888888888889,24.49489742783178,13.88888888888889,13.88888888888889,13.88888888888889,0.0,-803.5282452576546,229.23584291836056
2370.0,143.80794762758867,13.88888888888889,24.49489742783178,13.88888888888889,13.88888888888889,13.88888888888889,0.0,-803.812892955479,228.27721099353766
2371.0,143.87994762758868,13.88888888888889,24.49489742783178,13.88888888888889,13.88888888888889,13.88888888888889,0.0,-804.0951431864643,227.31787044593437
2372.0,143.95194762758868,13.88888888888889,24.49489742783178,13.88888888888889,13.88888888888889,13.88888888888889,0.0,-804.3749941865472,226.35782727142657
2373.0,144.02394762758868,13.88888888888889,24.49489742783178,13.88888888888889,13.88888888888889,13.88888888888889,0.0,-804.65244420666,225.39708747028038
2374.0,144.09594762758869,13.88888888888889,24.49489742783178,13.88888888888889,13.88888888888889,13.88888888888889,0.0,-804.9274915127411,224.4356570471167
2375.0,144.1679476275887,13.88888888888889,24.49489742783178,13.88888888888889,13.88888888888889,13.88888888888889,0.0,-805.2001343857455,223.47354201087296
2376.0,144.2399476275887,13.88888888888889,24.49489742783178,13.88888888888889,13.88888888888889,13.88888888888889,0.0,-805.4703711216563,222.51074837476466
2377.0,144.3119476275887,13.88888888888889,24.49489742783178,13.88888888888889,13.88888888888889,13.88888888888889,0.0,-805.7382000314949,221.5472821562485
2378.0,144.3839476275887,13.88888888888889,24.49489742783178,13.88888888888889,13.88888888888889,13.88888888888889,0.0,-806.0036194413312,220.58314937698566
2379.0,144.4559476275887,13.88888888888889,24.49489742783178,13.88888888888889,13.88888888888889,13.88888888888889,0.0,-806.2666276922948,219.618356062803
2380.0,144.5279476275887,13.88888888888889,24.49489742783178,13.88888888888889,13.88888888888889,13.88888888888889,0.0,-806.5272231405853,218.65290824365513
2381.0,144.5999476275887,13.88888888888889,24.49489742783178,13.88888888888889,13.88888888888889,13.88888888888889,0.0,-806.7854041574816,217.68681195358806
2382.0,144.6719476275887,13.88888888888889,24.49489742783178,13.88888888888889,13.88888888888889,13.88888888888889,0.0,-807.0411691293534,216.72007323070073
2383.0,144.7439476275887,13.88888888888889,24.49489742783178,13.88888888888889,13.88888888888889,13.88888888888889,0.0,-807.2945164576704,215.75269811710672
2384.0,144.8159476275887,13.88888888888889,24.49489742783178,13.88888888888889,13.88888888888889,13.88888888888889,0.0,-807.5454445590126,214.78469265889697
2385.0,144.88794762758872,13.88888888888889,24.49489742783178,13.88888888888889,13.88888888888889,13.88888888888889,0.0,-807.7939518650803,213.8160629061028
2386.0,144.95994762758872,13.88888888888889,24.49489742783178,13.88888888888889,13.88888888888889,13.88888888888889,0.0,-808.0400368227033,212.84681491265735
2387.0,145.03194762758872,13.88888888888889,24.49489742783178,13.88888888888889,13.88888888888889,13.88888888888889,0.0,-808.2836978938519,211.87695473635677
2388.0,145.10394762758872,13.88888888888889,24.49489742783178,13.88888888888889,13.88888888888889,13.88888888888889,0.0,-808.524933555645,210.90648843882468
2389.0,145.17594762758873,13.88888888888889,24.49489742783178,13.88888888888889,13.88888888888889,13.88888888888889,0.0,-808.7637423003605,209.9354220854716
2390.0,145.24794762758873,13.88888888888889,24.49489742783178,13.88888888888889,13.88888888888889,13.88888888888889,0.0,-809.0001226354443,208.9637617454597
2391.0,145.31994762758873,13.88888888888889,24.49489742783178,13.88888888888889,13.88888888888889,13.88888888888889,0.0,-809.2340730835206,207.99151349166232
2392.0,145.39194762758873,13.88888888888889,24.49489742783178,13.88888888888889,13.88888888888889,13.88888888888889,0.0,-809.4655921823993,207.01868340062822
2393.0,145.46394762758874,13.88888888888889,24.49489742783178,13.88888888888889,13.88888888888889,13.88888888888889,0.0,-809.694678485087,206.0452775525426
2394.0,145.53594762758874,13.88888888888889,24.49489742783178,13.88888888888889,13.88888888888889,13.88888888888889,0.0,-809.9213305597951,205.07130203118817
2395.0,145.60794762758874,13.88888888888889,24.49489742783178,13.88888888888889,13.88888888888889,13.88888888888889,0.0,-810.1455469899488,204.09676292390952
2396.0,145.67994762758875,13.88888888888889,24.49489742783178,13.88888888888889,13.88888888888889,13.88888888888889,0.0,-810.3673263741963,203.12166632157215
2397.0,145.75194762758875,13.88888888888889,24.49489742783178,13.88888888888889,13.88888888888889,13.88888888888889,0.0,-810.586667326417,202.14601831852735
2398.0,145.82394762758875,13.88888888888889,24.49489742783178,13.88888888888889,13.88888888888889,13.88888888888889,0.0,-810.8035684757308,201.16982501257127
2399.0,145.89594762758875,13.88888888888889,24.49489742783178,13.88888888888889,13.88888888888889,13.88888888888889,0.0,-811.0180284665059,200.1930925049092
2400.0,145.96794762758876,13.88888888888889,24.49489742783178,13.88888888888889,13.88888888888889,13.88888888888889,0.9999999999999858,-811.2300459583685,199.21582690011655
2401.0,146.03976196482358,13.96070322612372,inf,25.0,25.0,25.0,1.0,-811.4408417577993,198.23829678245147
2402.0,146.11120877238685,14.03215003368697,inf,25.0,25.0,25.0,1.0,-811.6516375572301,197.26076666478636
2403.0,146.18229363598147,14.103234897281588,inf,25.0,25.0,25.0,1.0,-811.8624333566609,196.28323654712125
2404.0,146.25302200124227,14.173963262542387,inf,25.0,25.0,25.0,0.9999999999999858,-812.0732291560915,195.30570642945617
2405.0,146.32339917860446,14.244340439904587,inf,25.0,25.0,25.0,1.0000000000000142,-812.2840249555223,194.32817631179108
2406.0,146.3934303479568,14.314371609256943,inf,25.0,25.0,25.0,1.0000000000000142,-812.4948207549531,193.35064619412597
2407.0,146.46312056309083,14.384061824390955,inf,25.0,25.0,25.0,1.0,-812.7056165543839,192.37311607646086
2408.0,146.53247475595688,14.453416017257002,inf,25.0,25.0,25.0,1.0000000000000142,-812.9164123538147,191.39558595879578
2409.0,146.60149774073741,14.522439002037546,inf,25.0,25.0,25.0,1.0000000000000142,-813.1272081532455,190.4180558411307
2410.0,146.67019421774677,14.591135479046903,inf,25.0,25.0,25.0,1.0,-813.3380039526762,189.44052572346558
2411.0,146.73856877716642,14.659510038466541,inf,25.0,25.0,25.0,1.0000000000000142,-813.548799752107,188.46299560580047
2412.0,146.80662590262418,14.727567163924302,inf,25.0,25.0,25.0,1.0,-813.7595955515378,187.4854654881354
2413.0,146.8743699746253,14.795311235925432,inf,25.0,25.0,25.0,1.0,-813.9703913509686,186.5079353704703
2414.0,146.94180527384273,14.862746535142868,inf,25.0,25.0,25.0,1.0,-814.1811871503994,185.5304052528052
2415.0,147.00893598427362,14.929877245573767,inf,25.0,25.0,25.0,1.0000000000000142,-814.3919829498302,184.55287513514008
2416.0,147.07576619626872,14.996707457568856,inf,25.0,25.0,25.0,0.9999999999999858,-814.6027787492609,183.575345017475
2417.0,147.14229990944068,15.063241170740822,inf,25.0,25.0,25.0,1.0,-814.8135745486917,182.59781489980992
2418.0,147.20854103545744,15.12948229675759,inf,25.0,25.0,25.0,1.0000000000000142,-815.0243703481225,181.6202847821448
2419.0,147.27449340072585,15.195434662026004,inf,25.0,25.0,25.0,0.9999999999999858,-815.2351661475533,180.6427546644797
2420.0,147.34016074897096,15.261102010271124,inf,25.0,25.0,25.0,1.0,-815.4459619469841,179.6652245468146
2421.0,147.4055467437159,15.326488005016065,inf,25.0,25.0,25.0,0.9999999999999858,-815.6567577464149,178.68769442914953
2422.0,147.47065497066683,15.391596231967018,inf,25.0,25.0,25.0,1.0,-815.8675535458456,177.71016431148442
2423.0,147.53548894000767,15.456430201307846,inf,25.0,25.0,25.0,1.0000000000000142,-816.0783493452764,176.7326341938193
2424.0,147.60005208860824,15.520993349908418,inf,25.0,25.0,25.0,1.0000000000000142,-816.2891451447072,175.75510407615423
2425.0,147.66434778215043,15.5852890434506,inf,25.0,25.0,25.0,1.0,-816.499940944138,174.77757395848914
2426.0,147.72837931717547,15.649320578475647,inf,25.0,25.0,25.0,1.0,-816.7107367435688,173.80004384082403
2427.0,147.79214992305631,15.71309118435648,inf,25.0,25.0,25.0,0.9999999999999858,-816.9215325429996,172.82251372315892
2428.0,147.85566276389807,15.77660402519824,inf,25.0,25.0,25.0,1.0000000000000142,-817.1323283424302,171.84498360549384
2429.0,147.91892094037007,15.839862201670233,inf,25.0,25.0,25.0,1.0,-817.343124141861,170.86745348782875
2430.0,147.98192749147213,15.902868752772292,inf,25.0,25.0,25.0,1.0000000000000142,-817.5539199412918,169.88992337016364
2431.0,148.04468539623826,15.965626657538419,inf,25.0,25.0,25.0,1.0000000000000284,-817.7647157407226,168.91239325249853
2432.0,148.1071975753802,16.028138836680366,inf,25.0,25.0,25.0,1.0000000000000284,-817.9755115401534,167.93486313483345
2433.0,148.1694668928736,16.090408154173762,inf,25.0,25.0,25.0,0.9999999999999716,-818.1863073395842,166.95733301716837
2434.0,148.23149615748903,16.152437418789198,inf,25.0,25.0,25.0,1.0,-818.397103139015,165.97980289950326
2435.0,148.29328812427045,16.214229385570608,inf,25.0,25.0,25.0,1.0,-818.6078989384457,165.00227278183814
2436.0,148.35484549596296,16.275786757263116,inf,25.0,25.0,25.0,1.0000000000000284,-818.8186947378765,164.02474266417306
2437.0,148.4161709243923,16.337112185692472,inf,25.0,25.0,25.0,1.0000000000000284,-819.0294905373073,163.04721254650798
2438.0,148.4772670117979,16.398208273098057,inf,25.0,25.0,25.0,0.9999999999999716,-819.2402863367381,162.06968242884287
2439.0,148.5381363121212,16.459077573421347,inf,25.0,25.0,25.0,1.0,-819.4510821361689,161.09215231117776
2440.0,148.59878133225152,16.51972259355167,inf,25.0,25.0,25.0,1.0,-819.6618779355997,160.11462219351267
2441.0,148.65920453323076,16.580145794530925,inf,25.0,25.0,25.0,1.0000000000000284,-819.8726737350304,159.1370920758476
2442.0,148.71940833141878,16.640349592718945,inf,25.0,25.0,25.0,1.0000000000000284,-820.0834695344612,158.15956195818248
2443.0,148.77939509962087,16.700336360921046,inf,25.0,25.0,25.0,1.0,-820.294265333892,157.18203184051737
2444.0,148.83916716817907,16.760108429479256,inf,25.0,25.0,25.0,1.0,-820.5050611333228,156.20450172285229
2445.0,148.89872682602845,16.819668087328644,inf,25.0,25.0,25.0,1.0,-820.7158569327536,155.2269716051872
2446.0,148.95807632171991,16.879017583020097,inf,25.0,25.0,25.0,1.0,-820.9266527321844,154.2494414875221
2447.0,149.01721786441067,16.938159125710847,inf,25.0,25.0,25.0,1.0000000000000284,-821.1374485316151,153.27191136985698
2448.0,149.0761536248238,16.99709488612397,inf,25.0,25.0,25.0,1.0000000000000284,-821.3482443310459,152.2943812521919
2449.0,149.1348857361779,17.055826997478068,inf,25.0,25.0,25.0,1.0,-821.5590401304767,151.31685113452681
2450.0,149.193416295088,17.114357556388196,inf,25.0,25.0,25.0,0.9999999999999716,-821.7698359299075,150.3393210168617
2451.0,149.251747362439,17.172688623739198,inf,25.0,25.0,25.0,1.0,-821.9806317293383,149.3617908991966
2452.0,149.3098809642322,17.23082222553241,inf,25.0,25.0,25.0,1.0000000000000284,-822.191427528769,148.3842607815315
2453.0,149.36781909240653,17.28876035370673,inf,25.0,25.0,25.0,1.0000000000000284,-822.4022233281997,147.40673066386643
2454.0,149.42556370563483,17.346504966935033,inf,25.0,25.0,25.0,0.9999999999999716,-822.6130191276305,146.42920054620132
2455.0,149.48311673009655,17.40405799139677,inf,25.0,25.0,25.0,1.0,-822.8238149270613,145.4516704285362
2456.0,149.54048006022748,17.461421321527688,inf,25.0,25.0,25.0,1.0,-823.0346107264921,144.47414031087112
2457.0,149.59765555944722,17.518596820747423,inf,25.0,25.0,25.0,1.0,-823.2454065259229,143.49661019320604
2458.0,149.6546450608656,17.575586322165805,inf,25.0,25.0,25.0,1.0000000000000284,-823.4562023253537,142.51908007554093
2459.0,149.71145036796838,17.63239162926861,inf,25.0,25.0,25.0,0.9999999999999716,-823.6669981247844,141.54154995787582
2460.0,149.76807325528327,17.689014516583498,inf,25.0,25.0,25.0,1.0000000000000284,-823.8777939242152,140.56401984021073
2461.0,149.8245154690266,17.74545673032683,inf,25.0,25.0,25.0,1.0,-824.088589723646,139.58648972254565
2462.0,149.88077872773178,17.80171998903201,inf,25.0,25.0,25.0,1.0,-824.2993855230768,138.60895960488054
2463.0,149.9368647228598,17.85780598416003,inf,25.0,25.0,25.0,1.0000000000000284,-824.5101813225076,137.63142948721543
2464.0,149.99277511939258,17.913716380692808,inf,25.0,25.0,25.0,1.0000000000000284,-824.7209771219384,136.65389936955034
2465.0,150.04851155640966,17.96945281770989,inf,25.0,25.0,25.0,1.0000000000000284,-824.9317729213692,135.67636925188526
2466.0,150.1040756476489,18.025016908949127,inf,25.0,25.0,25.0,1.0,-825.1425687207999,134.69883913422015
2467.0,150.1594689820516,18.080410243351835,inf,25.0,25.0,25.0,1.0,-825.3533645202307,133.72130901655504
2468.0,150.21469312429275,18.135634385592965,inf,25.0,25.0,25.0,1.0,-825.5641603196615,132.74377889888996
2469.0,150.26974961529658,18.190690876596797,inf,25.0,25.0,25.0,0.9999999999999716,-825.7749561190923,131.76624878122487
2470.0,150.3246399727384,18.24558123403861,inf,25.0,25.0,25.0,1.0,-825.9857519185231,130.78871866355976
2471.0,150.37936569153263,18.300306952832837,inf,25.0,25.0,25.0,1.0,-826.1965477179539,129.81118854589465
2472.0,150.43392824430788,18.354869505608093,inf,25.0,25.0,25.0,1.0,-826.4073435173846,128.83365842822957
2473.0,150.48832908186932,18.40927034316955,inf,25.0,25.0,25.0,0.9999999999999716,-826.6181393168154,127.85612831056447
2474.0,150.5425696336488,18.46351089494904,inf,25.0,25.0,25.0,0.9999999999999716,-826.8289351162462,126.87859819289937
2475.0,150.59665130814307,18.517592569443302,inf,25.0,25.0,25.0,0.9999999999999716,-827.039730915677,125.90106807523428
2476.0,150.6505754933405,18.57151675464074,inf,25.0,25.0,25.0,1.0,-827.2505267151078,124.92353795756918
2477.0,150.7043435571368,18.625284818437052,inf,25.0,25.0,25.0,1.0,-827.4613225145386,123.94600783990408
2478.0,150.75795684773985,18.678898109040098,inf,25.0,25.0,25.0,1.0000000000000284,-827.6721183139692,122.96847772223899
2479.0,150.8114166940641,18.732357955364343,inf,25.0,25.0,25.0,0.9999999999999716,-827.8829141134,121.99094760457389
2480.0,150.86472440611493,18.785665667415188,inf,25.0,25.0,25.0,1.0000000000000284,-828.0937099128308,121.01341748690879
2481.0,150.91788127536327,18.838822536663532,inf,25.0,25.0,25.0,1.0000000000000284,-828.3045057122616,120.0358873692437
2482.0,150.97088857511056,18.891829836410814,inf,25.0,25.0,25.0,1.0,-828.5153015116924,119.0583572515786
2483.0,151.02374756084464,18.944688822144897,inf,25.0,25.0,25.0,1.0,-828.7260973111232,118.0808271339135
2484.0,151.07645947058677,18.99740073188703,inf,25.0,25.0,25.0,1.0,-828.9368931105539,117.1032970162484
2485.0,151.12902552522988,19.04996678653015,inf,25.0,25.0,25.0,0.9999999999999716,-829.1476889099847,116.12576689858331
2486.0,151.18144692886855,19.102388190168835,inf,25.0,25.0,25.0,0.9999999999999716,-829.3584847094155,115.14823678091821
2487.0,151.23372486912083,19.154666130421113,inf,25.0,25.0,25.0,1.0000000000000284,-829.5692805088463,114.17070666325311
2488.0,151.2858605174421,19.20680177874239,inf,25.0,25.0,25.0,0.9999999999999716,-829.7800763082771,113.19317654558802
2489.0,151.33785502943144,19.258796290731716,inf,25.0,25.0,25.0,1.0,-829.9908721077079,112.21564642792292
2490.0,151.3897095451304,19.310650806430676,inf,25.0,25.0,25.0,1.0,-830.2016679071386,111.23811631025782
2491.0,151.4414251893147,19.36236645061501,inf,25.0,25.0,25.0,1.0,-830.4124637065694,110.26058619259273
2492.0,151.493003071779,19.413944333079296,inf,25.0,25.0,25.0,0.9999999999999716,-830.6232595060002,109.28305607492763
2493.0,151.5444442876145,19.465385548914814,inf,25.0,25.0,25.0,1.0,-830.834055305431,108.30552595726253
2494.0,151.59574991748053,19.516691178780835,inf,25.0,25.0,25.0,1.0000000000000284,-831.0448511048618,107.32799583959743
2495.0,151.64692102786918,19.567862289169497,inf,25.0,25.0,25.0,1.0000000000000284,-831.2556469042926,106.35046572193234
2496.0,151.69795867136415,19.618899932664466,inf,25.0,25.0,25.0,1.0,-831.4664427037233,105.37293560426724
2497.0,151.74886388689325,19.669805148193557,inf,25.0,25.0,25.0,0.9999999999999716,-831.6772385031541,104.39540548660214
2498.0,151.7996376999752,19.720578961275496,inf,25.0,25.0,25.0,1.0,-831.8880343025849,103.41787536893705
2499.0,151.85028112296067,19.771222384260962,inf,25.0,25.0,25.0,1.0,-832.0988301020157,102.44034525127195
2500.0,151.9007951552678,19.821736416568093,inf,25.0,25.0,25.0,1.0000000000000284,-832.3096259014465,101.46281513360685
2501.0,151.9511807836123,19.87212204491261,inf,25.0,25.0,25.0,1.0,-832.5204217008773,100.48528501594176
2502.0,152.00143898223237,19.922380243532693,inf,25.0,25.0,25.0,1.0,-832.731217500308,99.50775489827666
2503.0,152.05157071310845,19.97251197440877,inf,25.0,25.0,25.0,1.0,-832.9420132997387,98.53022478061156
2504.0,152.10157692617804,20.02251818747836,inf,25.0,25.0,25.0,0.9999999999999716,-833.1528090991695,97.55269466294646
2505.0,152.15145855954577,20.07239982084608,inf,25.0,25.0,25.0,1.0000000000000284,-833.3636048986003,96.57516454528137
2506.0,152.2012165396887,20.122157800988983,inf,25.0,25.0,25.0,0.9999999999999716,-833.5744006980311,95.59763442761627
2507.0,152.25085178165705,20.17179304295733,inf,25.0,25.0,25.0,1.0,-833.7851964974619,94.62010430995117
2508.0,152.30036518927065,20.221306450570935,inf,25.0,25.0,25.0,1.0,-833.9959922968927,93.64257419228608
2509.0,152.3497576553109,20.27069891661118,inf,25.0,25.0,25.0,1.0000000000000284,-834.2067880963234,92.66504407462098
2510.0,152.39903006170854,20.319971323008843,inf,25.0,25.0,25.0,1.0,-834.4175838957542,91.68751395695588
2511.0,152.44818327972752,20.36912454102782,inf,25.0,25.0,25.0,1.0000000000000284,-834.628379695185,90.70998383929079
2512.0,152.49721817014458,20.418159431444888,inf,25.0,25.0,25.0,1.0,-834.8391754946158,89.73245372162569
2513.0,152.54613558342527,20.467076844725575,inf,25.0,25.0,25.0,1.0,-835.0499712940466,88.75492360396059
2514.0,152.59493635989597,20.515877621196267,inf,25.0,25.0,25.0,1.0,-835.2607670934774,87.7773934862955
2515.0,152.64362132991232,20.564562591212628,inf,25.0,25.0,25.0,1.0,-835.4715628929081,86.7998633686304
2516.0,152.69219131402414,20.613132575324446,inf,25.0,25.0,25.0,0.9999999999999716,-835.6823586923389,85.8223332509653
2517.0,152.74064712313668,20.661588384436996,inf,25.0,25.0,25.0,1.0000000000000284,-835.8931544917697,84.8448031333002
2518.0,152.78898955866867,20.709930819969,inf,25.0,25.0,25.0,1.0000000000000284,-836.1039502912005,83.8672730156351
2519.0,152.83721941270693,20.758160674007268,inf,25.0,25.0,25.0,1.0,-836.3147460906313,82.88974289797001
2520.0,152.8853374681578,20.806278729458132,inf,25.0,25.0,25.0,1.0000000000000284,-836.5255418900621,81.91221278030491
2521.0,152.93334449889537,20.85428576019572,inf,25.0,25.0,25.0,0.9999999999999716,-836.7363376894928,80.93468266263982
2522.0,152.9812412699068,20.902182531207163,inf,25.0,25.0,25.0,1.0000000000000284,-836.9471334889236,79.95715254497472
2523.0,153.02902853743447,20.94996979873484,inf,25.0,25.0,25.0,0.9999999999999716,-837.1579292883544,78.97962242730962
2524.0,153.0767070491153,20.997648310415666,inf,25.0,25.0,25.0,1.0,-837.3687250877852,78.00209230964452
2525.0,153.1242775441172,21.045218805417583,inf,25.0,25.0,25.0,0.9999999999999716,-837.579520887216,77.02456219197943
2526.0,153.17174075327287,21.09268201457325,inf,25.0,25.0,25.0,0.9999999999999716,-837.7903166866467,76.04703207431433
2527.0,153.21909739921068,21.14003866051105,inf,25.0,25.0,25.0,0.9999999999999716,-838.0011124860774,75.06950195664923
2528.0,153.26634819648308,21.18728945778345,inf,25.0,25.0,25.0,1.0000000000000284,-838.2119082855082,74.09197183898414
2529.0,153.31349385169244,21.234435112992806,inf,25.0,25.0,25.0,1.0000000000000284,-838.422704084939,73.11444172131904
2530.0,153.36053506361426,21.281476324914628,inf,25.0,25.0,25.0,0.9999999999999716,-838.6334998843698,72.13691160365394
2531.0,153.40747252331806,21.328413784618437,inf,25.0,25.0,25.0,1.0000000000000284,-838.8442956838006,71.15938148598883
2532.0,153.45430691428584,21.375248175586215,inf,25.0,25.0,25.0,1.0,-839.0550914832314,70.18185136832375
2533.0,153.50103891252814,21.421980173828512,inf,25.0,25.0,25.0,1.0,-839.2658872826621,69.20432125065867
2534.0,153.54766918669793,21.4686104479983,inf,25.0,25.0,25.0,1.0000000000000284,-839.4766830820929,68.22679113299355
2535.0,153.59419839820222,21.515139659502605,inf,25.0,25.0,25.0,0.9999999999999716,-839.6874788815237,67.24926101532844
2536.0,153.64062720131156,21.56156846261194,inf,25.0,25.0,25.0,0.9999999999999716,-839.8982746809545,66.27173089766336
2537.0,153.6869562432673,21.60789750456767,inf,25.0,25.0,25.0,1.0,-840.1090704803853,65.29420077999828
2538.0,153.7331861643869,21.654127425687275,inf,25.0,25.0,25.0,0.9999999999999716,-840.3198662798161,64.31667066233317
2539.0,153.7793175981672,21.700258859467592,inf,25.0,25.0,25.0,0.9999999999999716,-840.5306620792469,63.339140544668055
2540.0,153.82535117138573,21.746292432686122,inf,25.0,25.0,25.0,1.0000000000000284,-840.7414578786776,62.36161042700297
2541.0,153.87128750419998,21.79222876550037,inf,25.0,25.0,25.0,1.0,-840.9522536781084,61.38408030933789
2542.0,153.91712721024493,21.83806847154532,inf,25.0,25.0,25.0,1.0,-841.1630494775392,60.40655019167278
2543.0,153.9628708967287,21.883812158029087,inf,25.0,25.0,25.0,1.0,-841.37384527697,59.42902007400767
2544.0,154.00851916452638,21.929460425826754,inf,25.0,25.0,25.0,1.0,-841.5846410764008,58.451489956342584
2545.0,154.05407260827207,21.975013869572454,inf,25.0,25.0,25.0,0.9999999999999716,-841.7954368758316,57.4739598386775
2546.0,154.09953181644937,22.020473077749752,inf,25.0,25.0,25.0,1.0000000000000284,-842.0062326752623,56.49642972101239
2547.0,154.14489737147997,22.06583863278035,inf,25.0,25.0,25.0,0.9999999999999716,-842.217028474693,55.51889960334728
2548.0,154.19016984981076,22.11111111111112,inf,25.0,25.0,25.0,1.0,-842.4278242741239,54.541369485682196
2549.0,154.23534982199925,22.156291083299607,inf,25.0,25.0,25.0,1.0,-842.6386200735546,53.56383936801711
2550.0,154.28043785279752,22.201379114097882,inf,25.0,25.0,25.0,1.0,-842.8494158729854,52.586309250352
2551.0,154.32543450123458,22.24637576253493,inf,25.0,25.0,25.0,1.0000000000000284,-843.0602116724162,51.60877913268689
2552.0,154.37034032069715,22.291281581997517,inf,25.0,25.0,25.0,0.9999999999999716,-843.2710074718469,50.63124901502181
2553.0,154.41515585900922,22.336097120309574,inf,25.0,25.0,25.0,1.0000000000000284,-843.4818032712777,49.653718897356725
2554.0,154.45988165850986,22.380822919810203,inf,25.0,25.0,25.0,1.0000000000000284,-843.6925990707085,48.676188779691614
2555.0,154.50451825612987,22.425459517430223,inf,25.0,25.0,25.0,1.0,-843.9033948701393,47.6986586620265
2556.0,154.54906618346703,22.470007444767386,inf,25.0,25.0,25.0,0.9999999999999716,-844.1141906695701,46.72112854436142
2557.0,154.5935259668599,22.514467228160246,inf,25.0,25.0,25.0,0.9999999999999716,-844.3249864690009,45.74359842669634
2558.0,154.63789812746035,22.55883938876071,inf,25.0,25.0,25.0,0.9999999999999716,-844.5357822684316,44.766068309031226
2559.0,154.68218318130494,22.60312444260531,inf,25.0,25.0,25.0,1.0,-844.7465780678624,43.788538191366115
2560.0,154.72638163938487,22.64732290068523,inf,25.0,25.0,25.0,1.0000000000000568,-844.9573738672932,42.81100807370103
2561.0,154.77049400771472,22.691435269015084,inf,25.0,25.0,25.0,1.0,-845.168169666724,41.83347795603595
2562.0,154.81452078740014,22.735462048700523,inf,25.0,25.0,25.0,1.0,-845.3789654661548,40.85594783837084
2563.0,154.85846247470425,22.77940373600463,inf,25.0,25.0,25.0,1.0,-845.5897612655856,39.87841772070573
2564.0,154.90231956111285,22.82326082241321,inf,25.0,25.0,25.0,0.9999999999999432,-845.8005570650164,38.900887603040644
2565.0,154.94609253339854,22.8670337946989,inf,25.0,25.0,25.0,1.0,-846.0113528644471,37.92335748537556
2566.0,154.98978187368388,22.91072313498423,inf,25.0,25.0,25.0,1.0,-846.2221486638779,36.94582736771045
2567.0,155.0333880595032,22.954329320803552,inf,25.0,25.0,25.0,1.0,-846.4329444633087,35.96829725004534
2568.0,155.0769115638636,22.997852825163953,inf,25.0,25.0,25.0,1.0000000000000568,-846.6437402627395,34.990767132380256
2569.0,155.12035285530476,23.04129411660512,inf,25.0,25.0,25.0,1.0,-846.8545360621703,34.01323701471517
2570.0,155.16371239795782,23.084653659258173,inf,25.0,25.0,25.0,1.0,-847.065331861601,33.03570689705006
2571.0,155.20699065160318,23.127931912903534,inf,25.0,25.0,25.0,0.9999999999999432,-847.2761276610318,32.05817677938495
2572.0,155.25018807172745,23.171129333027807,inf,25.0,25.0,25.0,1.0,-847.4869234604625,31.080646661719868
2573.0,155.29330510957936,23.214246370879707,inf,25.0,25.0,25.0,1.0,-847.6977192598933,30.103116544054785
2574.0,155.3363422122247,23.257283473525053,inf,25.0,25.0,25.0,1.0,-847.9085150593241,29.125586426389674
2575.0,155.3792998226005,23.30024108390086,inf,25.0,25.0,25.0,1.0,-848.119310858755,28.148056308724563
2576.0,155.42217837956815,23.34311964086852,inf,25.0,25.0,25.0,1.0,-848.3301066581857,27.17052619105948
2577.0,155.46497831796574,23.3859195792661,inf,25.0,25.0,25.0,1.0,-848.5409024576164,26.192996073394397
2578.0,155.50770006865946,23.428641329959824,inf,25.0,25.0,25.0,1.0,-848.7516982570472,25.215465955729286
2579.0,155.55034405859428,23.47128531989464,inf,25.0,25.0,25.0,1.0,-848.962494056478,24.237935838064175
2580.0,155.59291071084365,23.51385197214403,inf,25.0,25.0,25.0,1.0000000000000568,-849.1732898559088,23.260405720399092
2581.0,155.6354004446586,23.556341705958964,inf,25.0,25.0,25.0,1.0,-849.3840856553396,22.28287560273401
2582.0,155.67781367551572,23.59875493681609,inf,25.0,25.0,25.0,1.0,-849.5948814547704,21.305345485068898
2583.0,155.72015081516474,23.641092076465117,inf,25.0,25.0,25.0,1.0,-849.8056772542011,20.327815367403787
2584.0,155.7624122716751,23.68335353297547,inf,25.0,25.0,25.0,1.0000000000000568,-850.0164730536319,19.350285249738704
2585.0,155.8045984494818,23.725539710782172,inf,25.0,25.0,25.0,1.0,-850.2272688530627,18.37275513207362
2586.0,155.84670974943063,23.76765101073099,inf,25.0,25.0,25.0,1.0,-850.4380646524935,17.39522501440851
2587.0,155.8887465688225,23.809687830122886,inf,25.0,25.0,25.0,1.0,-850.6488604519243,16.4176948967434
2588.0,155.93070930145737,23.851650562757744,inf,25.0,25.0,25.0,1.0,-850.8596562513551,15.440164779078316
2589.0,155.97259833767703,23.893539598977416,inf,25.0,25.0,25.0,1.0,-851.0704520507858,14.462634661413233
2590.0,156.01441406440767,23.935355325708073,inf,25.0,25.0,25.0,1.0,-851.2812478502166,13.485104543748122
2591.0,156.05615686520153,23.977098126501918,inf,25.0,25.0,25.0,0.9999999999999432,-851.4920436496474,12.50757442608301
2592.0,156.09782712027783,24.018768381578223,inf,25.0,25.0,25.0,1.0,-851.7028394490782,11.530044308417928
2593.0,156.13942520656335,24.060366467863737,inf,25.0,25.0,25.0,0.9999999999999432,-851.913635248509,10.552514190752845
2594.0,156.18095149773208,24.101892759032467,inf,25.0,25.0,25.0,0.9999999999999432,-852.1244310479398,9.574984073087734
2595.0,156.22240636424445,24.143347625544838,inf,25.0,25.0,25.0,1.0,-852.3352268473704,8.597453955422623
2596.0,156.26379017338587,24.184731434686256,inf,25.0,25.0,25.0,1.0,-852.5460226468012,7.61992383775754
2597.0,156.3051032893047,24.226044550605067,inf,25.0,25.0,25.0,0.9999999999999432,-852.756818446232,6.642393720092457
2598.0,156.34634607304957,24.26728733434995,inf,25.0,25.0,25.0,1.0,-852.9676142456628,5.664863602427346
2599.0,156.38751888260634,24.308460143906718,inf,25.0,25.0,25.0,1.0000000000000568,-853.1784100450936,4.6873334847622345
2600.0,156.42862207293422,24.34956333423459,inf,25.0,25.0,25.0,1.0,-853.3892058445244,3.7098033670971517
2601.0,156.4696559960015,24.39059725730187,inf,25.0,25.0,25.0,1.0,-853.6000016439552,2.732273249432069
2602.0,156.51062100082078,24.431562262121133,inf,25.0,25.0,25.0,1.0,-853.8107974433859,1.7547431317669577
2603.0,156.5515174334835,24.472458694783846,inf,25.0,25.0,25.0,1.0,-854.0215932428167,0.7772130141018465
2604.0,156.59234563719414,24.51328689849449,inf,25.0,25.0,25.0,1.0,-854.2323890422475,-0.2003171035632363
2605.0,156.6331059523038,24.554047213604147,inf,25.0,25.0,25.0,1.0,-854.4431848416783,-1.177847221228319
2606.0,156.67379871634327,24.594739977643624,inf,25.0,25.0,25.0,1.0000000000000568,-854.6539806411091,-2.1553773388934303
2607.0,156.7144242640557,24.635365525356054,inf,25.0,25.0,25.0,1.0,-854.8647764405399,-3.1329074565585415
2608.0,156.75498292742867,24.675924188729013,inf,25.0,25.0,25.0,1.0,-855.0755722399706,-4.110437574223624
2609.0,156.79547503572584,24.716416297026186,inf,25.0,25.0,25.0,1.0,-855.2863680394014,-5.087967691888707
2610.0,156.8359009155182,24.756842176818544,inf,25.0,25.0,25.0,1.0,-855.4971638388322,-6.065497809553818
2611.0,156.87626089071475,24.797202152015085,inf,25.0,25.0,25.0,1.0,-855.707959638263,-7.04302792721893
2612.0,156.91655528259275,24.8374965438931,inf,25.0,25.0,25.0,1.0000000000000568,-855.9187554376938,-8.020558044884012
2613.0,156.95678440982766,24.87772567112801,inf,25.0,25.0,25.0,1.0,-856.1295512371246,-8.998088162549095
2614.0,156.99694858852243,24.917889849822792,inf,25.0,25.0,25.0,1.0,-856.3403470365553,-9.975618280214206
2615.0,157.03704813223655,24.957989393536927,inf,25.0,25.0,25.0,0.9999999999999432,-856.5511428359861,-10.953148397879318
2616.0,157.0770833520146,24.998024613314982,inf,25.0,25.0,25.0,0.04938271604919464,-856.7619386354169,-11.9306785155444
2617.0,157.11708493238638,25.0,inf,25.0,25.0,25.0,0.0,-856.9727344348477,-12.908208633209483
2618.0,157.15708493238637,25.0,inf,25.0,25.0,25.0,0.0,-857.1835302342785,-13.885738750874594
2619.0,157.19708493238636,25.0,inf,25.0,25.0,25.0,0.0,-857.3943260337093,-14.863268868539706
2620.0,157.23708493238635,25.0,inf,25.0,25.0,25.0,0.0,-857.60512183314,-15.840798986204788
2621.0,157.27708493238634,25.0,inf,25.0,25.0,25.0,0.0,-857.8159176325707,-16.81832910386987
2622.0,157.31708493238634,25.0,inf,25.0,25.0,25.0,0.0,-858.0267134320015,-17.795859221534982
2623.0,157.35708493238633,25.0,inf,25.0,25.0,25.0,0.0,-858.2375092314323,-18.773389339200094
2624.0,157.39708493238632,25.0,inf,25.0,25.0,25.0,0.0,-858.4483050308631,-19.750919456865176
2625.0,157.4370849323863,25.0,inf,25.0,25.0,25.0,0.0,-858.6591008302939,-20.72844957453026
2626.0,157.4770849323863,25.0,inf,25.0,25.0,25.0,0.0,-858.8698966297247,-21.70597969219537
2627.0,157.5170849323863,25.0,inf,25.0,25.0,25.0,0.0,-859.0806924291554,-22.68350980986048
2628.0,157.5570849323863,25.0,inf,25.0,25.0,25.0,0.0,-859.2914882285862,-23.661039927525565
2629.0,157.59708493238628,25.0,inf,25.0,25.0,25.0,0.0,-859.502284028017,-24.638570045190647
2630.0,157.63708493238627,25.0,inf,25.0,25.0,25.0,0.0,-859.7130798274478,-25.61610016285576
2631.0,157.67708493238626,25.0,inf,25.0,25.0,25.0,0.0,-859.9238756268786,-26.59363028052087
2632.0,157.71708493238626,25.0,inf,25.0,25.0,25.0,0.0,-860.1346714263093,-27.571160398185953
2633.0,157.75708493238625,25.0,inf,25.0,25.0,25.0,0.0,-860.3454672257401,-28.548690515851035
2634.0,157.79708493238624,25.0,inf,25.0,25.0,25.0,0.0,-860.5562630251709,-29.526220633516147
2635.0,157.83708493238623,25.0,inf,25.0,25.0,25.0,0.0,-860.7670588246017,-30.503750751181258
2636.0,157.87708493238623,25.0,inf,25.0,25.0,25.0,0.0,-860.9778546240325,-31.48128086884634
2637.0,157.91708493238622,25.0,inf,25.0,25.0,25.0,0.0,-861.1886504234633,-32.45881098651142
2638.0,157.9570849323862,25.0,inf,25.0,25.0,25.0,0.0,-861.3994462228941,-33.436341104176535
2639.0,157.9970849323862,25.0,inf,25.0,25.0,25.0,0.0,-861.6102420223248,-34.413871221841646
2640.0,158.0370849323862,25.0,inf,25.0,25.0,25.0,0.0,-861.8210378217556,-35.39140133950673
2641.0,158.07708493238619,25.0,inf,25.0,25.0,25.0,0.0,-862.0318336211864,-36.36893145717181
2642.0,158.11708493238618,25.0,inf,25.0,25.0,25.0,0.0,-862.2426294206172,-37.34646157483692
2643.0,158.15708493238617,25.0,inf,25.0,25.0,25.0,0.0,-862.453425220048,-38.323991692502034
2644.0,158.19708493238616,25.0,inf,25.0,25.0,25.0,0.0,-862.6642210194788,-39.30152181016712
2645.0,158.23708493238615,25.0,inf,25.0,25.0,25.0,0.0,-862.8750168189094,-40.2790519278322
2646.0,158.27708493238615,25.0,inf,25.0,25.0,25.0,0.0,-863.0858126183402,-41.25658204549731
2647.0,158.31708493238614,25.0,inf,25.0,25.0,25.0,0.0,-863.296608417771,-42.23411216316242
2648.0,158.35708493238613,25.0,inf,25.0,25.0,25.0,0.0,-863.5074042172018,-43.211642280827505
2649.0,158.39708493238612,25.0,inf,25.0,25.0,25.0,0.0,-863.7182000166326,-44.18917239849259
2650.0,158.4370849323861,25.0,inf,25.0,25.0,25.0,0.0,-863.9289958160634,-45.1667025161577
2651.0,158.4770849323861,25.0,inf,25.0,25.0,25.0,0.0,-864.1397916154941,-46.14423263382281
2652.0,158.5170849323861,25.0,inf,25.0,25.0,25.0,0.0,-864.3505874149249,-47.12176275148789
2653.0,158.5570849323861,25.0,inf,25.0,25.0,25.0,0.0,-864.5613832143557,-48.099292869152976
2654.0,158.59708493238608,25.0,inf,25.0,25.0,25.0,0.0,-864.7721790137865,-49.07682298681809
2655.0,158.63708493238607,25.0,inf,25.0,25.0,25.0,0.0,-864.9829748132173,-50.0543531044832
2656.0,158.67708493238607,25.0,inf,25.0,25.0,25.0,0.0,-865.1937706126481,-51.03188322214828
2657.0,158.71708493238606,25.0,inf,25.0,25.0,25.0,0.0,-865.4045664120788,-52.009413339813364
2658.0,158.75708493238605,25.0,inf,25.0,25.0,25.0,0.0,-865.6153622115096,-52.986943457478475
2659.0,158.79708493238604,25.0,inf,25.0,25.0,25.0,0.0,-865.8261580109404,-53.964473575143586
2660.0,158.83708493238603,25.0,inf,25.0,25.0,25.0,0.0,-866.0369538103712,-54.94200369280867
2661.0,158.87708493238603,25.0,inf,25.0,25.0,25.0,0.0,-866.247749609802,-55.91953381047375
2662.0,158.91708493238602,25.0,inf,25.0,25.0,25.0,0.0,-866.4585454092328,-56.89706392813889
2663.0,158.957084932386,25.0,inf,25.0,25.0,25.0,0.0,-866.6693412086636,-57.874594045803974
2664.0,158.997084932386,25.0,inf,25.0,25.0,25.0,0.0,-866.8801370080943,-58.85212416346906
2665.0,159.037084932386,25.0,inf,25.0,25.0,25.0,0.0,-867.0909328075251,-59.82965428113414
2666.0,159.077084932386,25.0,inf,25.0,25.0,25.0,0.0,-867.3017286069559,-60.80718439879922
2667.0,159.11708493238598,25.0,inf,25.0,25.0,25.0,0.0,-867.5125244063867,-61.78471451646436
2668.0,159.15708493238597,25.0,inf,25.0,25.0,25.0,0.0,-867.7233202058175,-62.762244634129445
2669.0,159.19708493238596,25.0,inf,25.0,25.0,25.0,0.0,-867.9341160052481,-63.73977475179453
2670.0,159.23708493238595,25.0,inf,25.0,25.0,25.0,0.0,-868.1449118046789,-64.71730486945967
2671.0,159.27708493238595,25.0,inf,25.0,25.0,25.0,0.0,-868.3557076041097,-65.69483498712475
2672.0,159.31708493238594,25.0,inf,25.0,25.0,25.0,0.0,-868.5665034035405,-66.67236510478983
2673.0,159.35708493238593,25.0,inf,25.0,25.0,25.0,0.0,-868.7772992029713,-67.64989522245492
2674.0,159.39708493238592,25.0,inf,25.0,25.0,25.0,0.0,-868.9880950024021,-68.62742534012
2675.0,159.43708493238591,25.0,inf,25.0,25.0,25.0,0.0,-869.1988908018329,-69.60495545778514
2676.0,159.4770849323859,25.0,inf,25.0,25.0,25.0,0.0,-869.4096866012636,-70.58248557545022
2677.0,159.5170849323859,25.0,inf,25.0,25.0,25.0,0.0,-869.6204824006944,-71.5600156931153
2678.0,159.5570849323859,25.0,inf,25.0,25.0,25.0,0.0,-869.8312782001252,-72.53754581078044
2679.0,159.59708493238588,25.0,inf,25.0,25.0,25.0,0.0,-870.042073999556,-73.51507592844553
2680.0,159.63708493238587,25.0,inf,25.0,25.0,25.0,0.0,-870.2528697989868,-74.49260604611061
2681.0,159.67708493238587,25.0,inf,25.0,25.0,25.0,0.0,-870.4636655984176,-75.47013616377569
2682.0,159.71708493238586,25.0,inf,25.0,25.0,25.0,0.0,-870.6744613978483,-76.44766628144077
2683.0,159.75708493238585,25.0,inf,25.0,25.0,25.0,0.0,-870.8852571972791,-77.42519639910591
2684.0,159.79708493238584,25.0,inf,25.0,25.0,25.0,0.0,-871.0960529967099,-78.402726516771
2685.0,159.83708493238584,25.0,inf,25.0,25.0,25.0,0.0,-871.3068487961407,-79.38025663443608
2686.0,159.87708493238583,25.0,inf,25.0,25.0,25.0,0.0,-871.5176445955715,-80.35778675210122
2687.0,159.91708493238582,25.0,inf,25.0,25.0,25.0,0.0,-871.7284403950023,-81.3353168697663
2688.0,159.9570849323858,25.0,inf,25.0,25.0,25.0,0.0,-871.939236194433,-82.31284698743139
2689.0,159.9970849323858,25.0,inf,25.0,25.0,25.0,0.0,-872.1500319938638,-83.29037710509647
2690.0,160.0370849323858,25.0,inf,25.0,25.0,25.0,0.0,-872.3608277932946,-84.26790722276155
2691.0,160.0770849323858,25.0,inf,25.0,25.0,25.0,0.0,-872.5716235927254,-85.24543734042669
2692.0,160.11708493238578,25.0,inf,25.0,25.0,25.0,0.0,-872.7824193921562,-86.22296745809177
2693.0,160.15708493238577,25.0,inf,25.0,25.0,25.0,0.0,-872.993215191587,-87.20049757575686
2694.0,160.19708493238576,25.0,inf,25.0,25.0,25.0,0.0,-873.2040109910176,-88.178027693422
2695.0,160.23708493238576,25.0,inf,25.0,25.0,25.0,0.0,-873.4148067904484,-89.15555781108708
2696.0,160.27708493238575,25.0,inf,25.0,25.0,25.0,0.0,-873.6256025898792,-90.13308792875216
2697.0,160.31708493238574,25.0,inf,25.0,25.0,25.0,0.0,-873.83639838931,-91.11061804641724
2698.0,160.35708493238573,25.0,inf,25.0,25.0,25.0,0.0,-874.0471941887408,-92.08814816408233
2699.0,160.39708493238572,25.0,inf,25.0,25.0,25.0,0.0,-874.2579899881716,-93.06567828174747
2700.0,160.43708493238572,25.0,inf,25.0,25.0,25.0,0.0,-874.4687857876024,-94.04320839941255
2701.0,160.4770849323857,25.0,inf,25.0,25.0,25.0,0.0,-874.6795815870331,-95.02073851707763
2702.0,160.5170849323857,25.0,inf,25.0,25.0,25.0,0.0,-874.8903773864639,-95.99826863474277
2703.0,160.5570849323857,25.0,inf,25.0,25.0,25.0,0.0,-875.1011731858947,-96.97579875240785
2704.0,160.59708493238568,25.0,inf,25.0,25.0,25.0,0.0,-875.3119689853255,-97.95332887007294
2705.0,160.63708493238568,25.0,inf,25.0,25.0,25.0,0.0,-875.5227647847563,-98.93085898773802
2706.0,160.67708493238567,25.0,inf,25.0,25.0,25.0,0.0,-875.733560584187,-99.9083891054031
2707.0,160.71708493238566,25.0,inf,25.0,25.0,25.0,0.0,-875.9443563836178,-100.88591922306824
2708.0,160.75708493238565,25.0,inf,25.0,25.0,25.0,0.0,-876.1551521830486,-101.86344934073333
2709.0,160.79708493238564,25.0,inf,25.0,25.0,25.0,0.0,-876.3659479824794,-102.84097945839841
2710.0,160.83708493238564,25.0,inf,25.0,25.0,25.0,0.0,-876.5767437819102,-103.81850957606355
2711.0,160.87708493238563,25.0,inf,25.0,25.0,25.0,0.0,-876.787539581341,-104.79603969372863
2712.0,160.91708493238562,25.0,inf,25.0,25.0,25.0,0.0,-876.9983353807718,-105.77356981139371
2713.0,160.9570849323856,25.0,inf,25.0,25.0,25.0,0.0,-877.2091311802025,-106.7510999290588
2714.0,160.9970849323856,25.0,inf,25.0,25.0,25.0,0.0,-877.4199269796333,-107.72863004672388
2715.0,161.0370849323856,25.0,inf,25.0,25.0,25.0,0.0,-877.6307227790641,-108.70616016438902
2716.0,161.0770849323856,25.0,inf,25.0,25.0,25.0,0.0,-877.8415185784949,-109.6836902820541
2717.0,161.11708493238558,25.0,inf,25.0,25.0,25.0,0.0,-878.0523143779257,-110.66122039971918
2718.0,161.15708493238557,25.0,inf,25.0,25.0,25.0,0.0,-878.2631101773565,-111.63875051738432
2719.0,161.19708493238556,25.0,inf,25.0,25.0,25.0,0.0,-878.4739059767871,-112.6162806350494
2720.0,161.23708493238556,25.0,inf,25.0,25.0,25.0,0.0,-878.6847017762179,-113.59381075271449
2721.0,161.27708493238555,25.0,inf,25.0,25.0,25.0,0.0,-878.8954975756487,-114.57134087037957
2722.0,161.31708493238554,25.0,inf,25.0,25.0,25.0,0.0,-879.1062933750795,-115.54887098804465
2723.0,161.35708493238553,25.0,inf,25.0,25.0,25.0,0.0,-879.3170891745103,-116.5264011057098
2724.0,161.39708493238552,25.0,inf,25.0,25.0,25.0,0.0,-879.5278849739411,-117.50393122337488
2725.0,161.43708493238552,25.0,inf,25.0,25.0,25.0,0.0,-879.7386807733719,-118.48146134103996
2726.0,161.4770849323855,25.0,inf,25.0,25.0,25.0,0.0,-879.9494765728026,-119.4589914587051
2727.0,161.5170849323855,25.0,inf,25.0,25.0,25.0,0.0,-880.1602723722334,-120.43652157637018
2728.0,161.5570849323855,25.0,inf,25.0,25.0,25.0,0.0,-880.3710681716642,-121.41405169403527
2729.0,161.59708493238548,25.0,inf,25.0,25.0,25.0,0.0,-880.581863971095,-122.39158181170035
2730.0,161.63708493238548,25.0,inf,25.0,25.0,25.0,0.0,-880.7926597705258,-123.36911192936543
2731.0,161.67708493238547,25.0,inf,25.0,25.0,25.0,0.0,-881.0034555699565,-124.34664204703057
2732.0,161.71708493238546,25.0,inf,25.0,25.0,25.0,0.0,-881.2142513693873,-125.32417216469565
2733.0,161.75708493238545,25.0,inf,25.0,25.0,25.0,0.0,-881.4250471688181,-126.30170228236074
2734.0,161.79708493238545,25.0,inf,25.0,25.0,25.0,0.0,-881.6358429682489,-127.27923240002588
2735.0,161.83708493238544,25.0,inf,25.0,25.0,25.0,0.0,-881.8466387676797,-128.25676251769096
2736.0,161.87708493238543,25.0,inf,25.0,25.0,25.0,0.0,-882.0574345671105,-129.23429263535604
2737.0,161.91708493238542,25.0,inf,25.0,25.0,25.0,0.0,-882.2682303665413,-130.21182275302112
2738.0,161.9570849323854,25.0,inf,25.0,25.0,25.0,0.0,-882.479026165972,-131.1893528706862
2739.0,161.9970849323854,25.0,inf,25.0,25.0,25.0,0.0,-882.6898219654028,-132.16688298835135
2740.0,162.0370849323854,25.0,inf,25.0,25.0,25.0,0.0,-882.9006177648336,-133.14441310601643
2741.0,162.0770849323854,25.0,inf,25.0,25.0,25.0,0.0,-883.1114135642644,-134.1219432236815
2742.0,162.11708493238538,25.0,inf,25.0,25.0,25.0,0.0,-883.3222093636952,-135.09947334134665
2743.0,162.15708493238537,25.0,inf,25.0,25.0,25.0,0.0,-883.533005163126,-136.07700345901173
2744.0,162.19708493238537,25.0,inf,25.0,25.0,25.0,0.0,-883.7438009625566,-137.05453357667682
2745.0,162.23708493238536,25.0,inf,25.0,25.0,25.0,0.0,-883.9545967619874,-138.0320636943419
2746.0,162.27708493238535,25.0,inf,25.0,25.0,25.0,0.0,-884.1653925614182,-139.00959381200698
2747.0,162.31708493238534,25.0,inf,25.0,25.0,25.0,0.0,-884.376188360849,-139.98712392967212
2748.0,162.35708493238533,25.0,inf,25.0,25.0,25.0,0.0,-884.5869841602798,-140.9646540473372
2749.0,162.39708493238533,25.0,inf,25.0,25.0,25.0,0.0,-884.7977799597106,-141.9421841650023
2750.0,162.43708493238532,25.0,inf,25.0,25.0,25.0,0.0,-885.0085757591413,-142.91971428266743
2751.0,162.4770849323853,25.0,inf,25.0,25.0,25.0,0.0,-885.2193715585721,-143.8972444003325
2752.0,162.5170849323853,25.0,inf,25.0,25.0,25.0,0.0,-885.4301673580029,-144.8747745179976
2753.0,162.5570849323853,25.0,inf,25.0,25.0,25.0,0.0,-885.6409631574337,-145.85230463566268
2754.0,162.5970849323853,25.0,inf,25.0,25.0,25.0,0.0,-885.8517589568645,-146.82983475332776
2755.0,162.63708493238528,25.0,inf,25.0,25.0,25.0,0.0,-886.0625547562953,-147.8073648709929
2756.0,162.67708493238527,25.0,inf,25.0,25.0,25.0,0.0,-886.273350555726,-148.78489498865798
2757.0,162.71708493238526,25.0,inf,25.0,25.0,25.0,0.0,-886.4841463551568,-149.76242510632306
2758.0,162.75708493238525,25.0,inf,25.0,25.0,25.0,0.0,-886.6949421545876,-150.7399552239882
2759.0,162.79708493238525,25.0,inf,25.0,25.0,25.0,0.0,-886.9057379540184,-151.7174853416533
2760.0,162.83708493238524,25.0,inf,25.0,25.0,25.0,0.0,-887.1165337534492,-152.69501545931837
2761.0,162.87708493238523,25.0,inf,25.0,25.0,25.0,0.0,-887.32732955288,-153.67254557698345
2762.0,162.91708493238522,25.0,inf,25.0,25.0,25.0,0.0,-887.5381253523108,-154.65007569464854
2763.0,162.95708493238521,25.0,inf,25.0,25.0,25.0,0.0,-887.7489211517415,-155.62760581231367
2764.0,162.9970849323852,25.0,inf,25.0,25.0,25.0,0.0,-887.9597169511723,-156.60513592997876
2765.0,163.0370849323852,25.0,inf,25.0,25.0,25.0,0.0,-888.170512750603,-157.58266604764384
2766.0,163.0770849323852,25.0,inf,25.0,25.0,25.0,0.0,-888.3813085500339,-158.56019616530898
2767.0,163.11708493238518,25.0,inf,25.0,25.0,25.0,0.0,-888.5921043494646,-159.53772628297406
2768.0,163.15708493238517,25.0,inf,25.0,25.0,25.0,0.0,-888.8029001488953,-160.51525640063915
2769.0,163.19708493238517,25.0,inf,25.0,25.0,25.0,0.0,-889.0136959483261,-161.49278651830423
2770.0,163.23708493238516,25.0,inf,25.0,25.0,25.0,0.0,-889.2244917477569,-162.4703166359693
2771.0,163.27708493238515,25.0,inf,25.0,25.0,25.0,0.0,-889.4352875471877,-163.44784675363445
2772.0,163.31708493238514,25.0,inf,25.0,25.0,25.0,0.0,-889.6460833466185,-164.42537687129953
2773.0,163.35708493238513,25.0,inf,25.0,25.0,25.0,0.0,-889.8568791460493,-165.40290698896462
2774.0,163.39708493238513,25.0,inf,25.0,25.0,25.0,0.0,-890.0676749454801,-166.38043710662976
2775.0,163.43708493238512,25.0,inf,25.0,25.0,25.0,0.0,-890.2784707449108,-167.35796722429484
2776.0,163.4770849323851,25.0,inf,25.0,25.0,25.0,0.0,-890.4892665443416,-168.33549734195992
2777.0,163.5170849323851,25.0,inf,25.0,25.0,25.0,0.0,-890.7000623437724,-169.313027459625
2778.0,163.5570849323851,25.0,inf,25.0,25.0,25.0,0.0,-890.9108581432032,-170.2905575772901
2779.0,163.5970849323851,25.0,inf,25.0,25.0,25.0,0.0,-891.121653942634,-171.26808769495523
2780.0,163.63708493238508,25.0,inf,25.0,25.0,25.0,0.0,-891.3324497420648,-172.2456178126203
2781.0,163.67708493238507,25.0,inf,25.0,25.0,25.0,0.0,-891.5432455414955,-173.2231479302854
2782.0,163.71708493238506,25.0,inf,25.0,25.0,25.0,0.0,-891.7540413409263,-174.20067804795053
2783.0,163.75708493238506,25.0,inf,25.0,25.0,25.0,0.0,-891.9648371403571,-175.17820816561562
2784.0,163.79708493238505,25.0,inf,25.0,25.0,25.0,0.0,-892.1756329397879,-176.1557382832807
2785.0,163.83708493238504,25.0,inf,25.0,25.0,25.0,0.0,-892.3864287392187,-177.13326840094578
2786.0,163.87708493238503,25.0,inf,25.0,25.0,25.0,0.0,-892.5972245386495,-178.11079851861086
2787.0,163.91708493238502,25.0,inf,25.0,25.0,25.0,0.0,-892.8080203380803,-179.088328636276
2788.0,163.95708493238502,25.0,inf,25.0,25.0,25.0,0.0,-893.018816137511,-180.0658587539411
2789.0,163.997084932385,25.0,inf,25.0,25.0,25.0,0.0,-893.2296119369418,-181.04338887160617
2790.0,164.037084932385,25.0,inf,25.0,25.0,25.0,0.0,-893.4404077363725,-182.0209189892713
2791.0,164.077084932385,25.0,inf,25.0,25.0,25.0,0.0,-893.6512035358033,-182.9984491069364
2792.0,164.11708493238498,25.0,inf,25.0,25.0,25.0,0.0,-893.8619993352341,-183.97597922460147
2793.0,164.15708493238498,25.0,inf,25.0,25.0,25.0,0.0,-894.0727951346648,-184.95350934226656
2794.0,164.19708493238497,25.0,inf,25.0,25.0,25.0,0.0,-894.2835909340956,-185.93103945993164
2795.0,164.23708493238496,25.0,inf,25.0,25.0,25.0,0.0,-894.4943867335264,-186.90856957759678
2796.0,164.27708493238495,25.0,inf,25.0,25.0,25.0,0.0,-894.7051825329572,-187.88609969526186
2797.0,164.31708493238494,25.0,inf,25.0,25.0,25.0,0.0,-894.915978332388,-188.86362981292694
2798.0,164.35708493238494,25.0,inf,25.0,25.0,25.0,0.0,-895.1267741318188,-189.84115993059208
2799.0,164.39708493238493,25.0,inf,25.0,25.0,25.0,0.0,-895.3375699312496,-190.81869004825717
2800.0,164.43708493238492,25.0,inf,25.0,25.0,25.0,0.0,-895.5483657306803,-191.79622016592225
2801.0,164.4770849323849,25.0,inf,25.0,25.0,25.0,0.0,-895.7591615301111,-192.77375028358733
2802.0,164.5170849323849,25.0,inf,25.0,25.0,25.0,0.0,-895.9699573295419,-193.75128040125242
2803.0,164.5570849323849,25.0,inf,25.0,25.0,25.0,0.0,-896.1807531289727,-194.72881051891756
2804.0,164.5970849323849,25.0,inf,25.0,25.0,25.0,0.0,-896.3915489284035,-195.70634063658264
2805.0,164.63708493238488,25.0,inf,25.0,25.0,25.0,0.0,-896.6023447278342,-196.68387075424772
2806.0,164.67708493238487,25.0,inf,25.0,25.0,25.0,0.0,-896.813140527265,-197.66140087191286
2807.0,164.71708493238486,25.0,inf,25.0,25.0,25.0,0.0,-897.0239363266958,-198.63893098957794
2808.0,164.75708493238486,25.0,inf,25.0,25.0,25.0,0.0,-897.2347321261266,-199.61646110724303
2809.0,164.79708493238485,25.0,inf,25.0,25.0,25.0,0.0,-897.4455279255574,-200.5939912249081
2810.0,164.83708493238484,25.0,inf,25.0,25.0,25.0,0.0,-897.6563237249882,-201.5715213425732
2811.0,164.87708493238483,25.0,inf,25.0,25.0,25.0,0.0,-897.867119524419,-202.54905146023833
2812.0,164.91708493238482,25.0,inf,25.0,25.0,25.0,0.0,-898.0779153238497,-203.5265815779034
2813.0,164.95708493238482,25.0,inf,25.0,25.0,25.0,0.0,-898.2887111232805,-204.5041116955685
2814.0,164.9970849323848,25.0,inf,25.0,25.0,25.0,0.0,-898.4995069227112,-205.48164181323364
2815.0,165.0370849323848,25.0,inf,25.0,25.0,25.0,0.0,-898.710302722142,-206.45917193089872
2816.0,165.0770849323848,25.0,inf,25.0,25.0,25.0,0.0,-898.9210985215728,-207.4367020485638
2817.0,165.11708493238478,25.0,inf,25.0,25.0,25.0,0.0,-899.1318943210036,-208.41423216622889
2818.0,165.15708493238478,25.0,inf,25.0,25.0,25.0,0.0,-899.3426901204343,-209.39176228389397
2819.0,165.19708493238477,25.0,inf,25.0,25.0,25.0,0.0,-899.5534859198651,-210.3692924015591
2820.0,165.23708493238476,25.0,inf,25.0,25.0,25.0,0.0,-899.7642817192959,-211.3468225192242
2821.0,165.27708493238475,25.0,inf,25.0,25.0,25.0,0.0,-899.9750775187267,-212.32435263688927
2822.0,165.31708493238474,25.0,inf,25.0,25.0,25.0,0.0,-900.1858733181575,-213.3018827545544
2823.0,165.35708493238474,25.0,inf,25.0,25.0,25.0,0.0,-900.3966691175883,-214.2794128722195
2824.0,165.39708493238473,25.0,inf,25.0,25.0,25.0,0.0,-900.6074649170191,-215.25694298988458
2825.0,165.43708493238472,25.0,inf,25.0,25.0,25.0,0.0,-900.8182607164498,-216.23447310754966
2826.0,165.4770849323847,25.0,inf,25.0,25.0,25.0,0.0,-901.0290565158806,-217.21200322521474
2827.0,165.5170849323847,25.0,inf,25.0,25.0,25.0,0.0,-901.2398523153114,-218.18953334287988
2828.0,165.5570849323847,25.0,inf,25.0,25.0,25.0,0.0,-901.4506481147422,-219.16706346054497
2829.0,165.5970849323847,25.0,inf,25.0,25.0,25.0,0.0,-901.661443914173,-220.14459357821005
2830.0,165.63708493238468,25.0,inf,25.0,25.0,25.0,0.0,-901.8722397136037,-221.1221236958752
2831.0,165.67708493238467,25.0,inf,25.0,25.0,25.0,0.0,-902.0830355130345,-222.09965381354027
2832.0,165.71708493238467,25.0,inf,25.0,25.0,25.0,0.0,-902.2938313124653,-223.07718393120535
2833.0,165.75708493238466,25.0,inf,25.0,25.0,25.0,0.0,-902.5046271118961,-224.05471404887044
2834.0,165.79708493238465,25.0,inf,25.0,25.0,25.0,0.0,-902.7154229113269,-225.03224416653552
2835.0,165.83708493238464,25.0,inf,25.0,25.0,25.0,0.0,-902.9262187107577,-226.00977428420066
2836.0,165.87708493238463,25.0,inf,25.0,25.0,25.0,0.0,-903.1370145101885,-226.98730440186574
2837.0,165.91708493238463,25.0,inf,25.0,25.0,25.0,0.0,-903.3478103096191,-227.96483451953083
2838.0,165.95708493238462,25.0,inf,25.0,25.0,25.0,0.0,-903.55860610905,-228.94236463719596
2839.0,165.9970849323846,25.0,inf,25.0,25.0,25.0,0.0,-903.7694019084807,-229.91989475486105
2840.0,166.0370849323846,25.0,inf,25.0,25.0,25.0,0.0,-903.9801977079115,-230.89742487252613
2841.0,166.0770849323846,25.0,inf,25.0,25.0,25.0,0.0,-904.1909935073423,-231.8749549901912
2842.0,166.11708493238459,25.0,inf,25.0,25.0,25.0,0.0,-904.4017893067731,-232.8524851078563
2843.0,166.15708493238458,25.0,inf,25.0,25.0,25.0,0.0,-904.6125851062038,-233.83001522552144
2844.0,166.19708493238457,25.0,inf,25.0,25.0,25.0,0.0,-904.8233809056346,-234.80754534318652
2845.0,166.23708493238456,25.0,inf,25.0,25.0,25.0,0.0,-905.0341767050654,-235.7850754608516
2846.0,166.27708493238455,25.0,inf,25.0,25.0,25.0,0.0,-905.2449725044962,-236.76260557851674
2847.0,166.31708493238455,25.0,inf,25.0,25.0,25.0,0.0,-905.455768303927,-237.74013569618182
2848.0,166.35708493238454,25.0,inf,25.0,25.0,25.0,0.0,-905.6665641033578,-238.7176658138469
2849.0,166.39708493238453,25.0,inf,25.0,25.0,25.0,0.0,-905.8773599027885,-239.695195931512
2850.0,166.43708493238452,25.0,inf,25.0,25.0,25.0,0.0,-906.0881557022193,-240.67272604917707
2851.0,166.4770849323845,25.0,inf,25.0,25.0,25.0,0.0,-906.2989515016501,-241.6502561668422
2852.0,166.5170849323845,25.0,inf,25.0,25.0,25.0,0.0,-906.5097473010809,-242.6277862845073
2853.0,166.5570849323845,25.0,inf,25.0,25.0,25.0,0.0,-906.7205431005117,-243.60531640217238
2854.0,166.5970849323845,25.0,inf,25.0,25.0,25.0,0.0,-906.9313388999425,-244.58284651983752
2855.0,166.63708493238448,25.0,inf,25.0,25.0,25.0,0.0,-907.1421346993732,-245.5603766375026
2856.0,166.67708493238447,25.0,inf,25.0,25.0,25.0,0.0,-907.352930498804,-246.53790675516768
2857.0,166.71708493238447,25.0,inf,25.0,25.0,25.0,0.0,-907.5637262982348,-247.51543687283277
2858.0,166.75708493238446,25.0,inf,25.0,25.0,25.0,0.0,-907.7745220976656,-248.49296699049785
2859.0,166.79708493238445,25.0,inf,25.0,25.0,25.0,0.0,-907.9853178970964,-249.470497108163
2860.0,166.83708493238444,25.0,inf,25.0,25.0,25.0,0.0,-908.1961136965272,-250.44802722582807
2861.0,166.87708493238443,25.0,inf,25.0,25.0,25.0,0.0,-908.406909495958,-251.42555734349315
2862.0,166.91708493238443,25.0,inf,25.0,25.0,25.0,0.0,-908.6177052953886,-252.4030874611583
2863.0,166.95708493238442,25.0,inf,25.0,25.0,25.0,0.0,-908.8285010948194,-253.38061757882338
2864.0,166.9970849323844,25.0,inf,25.0,25.0,25.0,0.0,-909.0392968942502,-254.35814769648846
2865.0,167.0370849323844,25.0,inf,25.0,25.0,25.0,0.0,-909.250092693681,-255.33567781415354
2866.0,167.0770849323844,25.0,inf,25.0,25.0,25.0,0.0,-909.4608884931118,-256.3132079318186
2867.0,167.1170849323844,25.0,inf,25.0,25.0,25.0,0.0,-909.6716842925425,-257.29073804948376
2868.0,167.15708493238438,25.0,inf,25.0,25.0,25.0,0.0,-909.8824800919733,-258.26826816714885
2869.0,167.19708493238437,25.0,inf,25.0,25.0,25.0,0.0,-910.0932758914041,-259.24579828481393
2870.0,167.23708493238436,25.0,inf,25.0,25.0,25.0,0.0,-910.3040716908349,-260.22332840247907
2871.0,167.27708493238435,25.0,inf,25.0,25.0,25.0,0.0,-910.5148674902657,-261.20085852014415
2872.0,167.31708493238435,25.0,inf,25.0,25.0,25.0,0.0,-910.7256632896965,-262.17838863780923
2873.0,167.35708493238434,25.0,inf,25.0,25.0,25.0,0.0,-910.9364590891273,-263.1559187554743
2874.0,167.39708493238433,25.0,inf,25.0,25.0,25.0,0.0,-911.147254888558,-264.1334488731394
2875.0,167.43708493238432,25.0,inf,25.0,25.0,25.0,0.0,-911.3580506879888,-265.11097899080454
2876.0,167.47708493238432,25.0,inf,25.0,25.0,25.0,0.0,-911.5688464874196,-266.0885091084696
2877.0,167.5170849323843,25.0,inf,25.0,25.0,25.0,0.0,-911.7796422868504,-267.0660392261347
2878.0,167.5570849323843,25.0,inf,25.0,25.0,25.0,0.0,-911.9904380862812,-268.04356934379985
2879.0,167.5970849323843,25.0,inf,25.0,25.0,25.0,0.0,-912.201233885712,-269.0210994614649
2880.0,167.63708493238428,25.0,inf,25.0,25.0,25.0,0.0,-912.4120296851427,-269.99862957913
2881.0,167.67708493238428,25.0,inf,25.0,25.0,25.0,0.0,-912.6228254845735,-270.9761596967951
2882.0,167.71708493238427,25.0,inf,25.0,25.0,25.0,0.0,-912.8336212840043,-271.9536898144602
2883.0,167.75708493238426,25.0,inf,25.0,25.0,25.0,0.0,-913.0444170834351,-272.9312199321253
2884.0,167.79708493238425,25.0,inf,25.0,25.0,25.0,0.0,-913.2552128828659,-273.9087500497904
2885.0,167.83708493238424,25.0,inf,25.0,25.0,25.0,0.0,-913.4660086822967,-274.8862801674555
2886.0,167.87708493238424,25.0,inf,25.0,25.0,25.0,0.0,-913.6768044817275,-275.8638102851206
2887.0,167.91708493238423,25.0,inf,25.0,25.0,25.0,0.0,-913.8876002811581,-276.8413404027857
2888.0,167.95708493238422,25.0,inf,25.0,25.0,25.0,0.0,-914.0983960805889,-277.8188705204508
2889.0,167.9970849323842,25.0,inf,25.0,25.0,25.0,0.0,-914.3091918800197,-278.79640063811587
2890.0,168.0370849323842,25.0,inf,25.0,25.0,25.0,0.0,-914.5199876794505,-279.77393075578095
2891.0,168.0770849323842,25.0,inf,25.0,25.0,25.0,0.0,-914.7307834788813,-280.7514608734461
2892.0,168.1170849323842,25.0,inf,25.0,25.0,25.0,0.0,-914.941579278312,-281.7289909911112
2893.0,168.15708493238418,25.0,inf,25.0,25.0,25.0,0.0,-915.1523750777428,-282.70652110877626
2894.0,168.19708493238417,25.0,inf,25.0,25.0,25.0,0.0,-915.3631708771736,-283.6840512264414
2895.0,168.23708493238416,25.0,inf,25.0,25.0,25.0,0.0,-915.5739666766044,-284.6615813441065
2896.0,168.27708493238416,25.0,inf,25.0,25.0,25.0,0.0,-915.7847624760352,-285.63911146177156
2897.0,168.31708493238415,25.0,inf,25.0,25.0,25.0,0.0,-915.995558275466,-286.61664157943665
2898.0,168.35708493238414,25.0,inf,25.0,25.0,25.0,0.0,-916.2063540748968,-287.59417169710173
2899.0,168.39708493238413,25.0,inf,25.0,25.0,25.0,0.0,-916.4171498743275,-288.57170181476687
2900.0,168.43708493238412,25.0,inf,25.0,25.0,25.0,0.0,-916.6279456737583,-289.54923193243195
2901.0,168.47708493238412,25.0,inf,25.0,25.0,25.0,0.0,-916.8387414731891,-290.52676205009703
2902.0,168.5170849323841,25.0,inf,25.0,25.0,25.0,0.0,-917.0495372726199,-291.5042921677622
2903.0,168.5570849323841,25.0,inf,25.0,25.0,25.0,0.0,-917.2603330720507,-292.48182228542726
2904.0,168.5970849323841,25.0,inf,25.0,25.0,25.0,0.0,-917.4711288714814,-293.45935240309234
2905.0,168.63708493238408,25.0,inf,25.0,25.0,25.0,0.0,-917.6819246709122,-294.4368825207574
2906.0,168.67708493238408,25.0,inf,25.0,25.0,25.0,0.0,-917.892720470343,-295.4144126384225
2907.0,168.71708493238407,25.0,inf,25.0,25.0,25.0,0.0,-918.1035162697738,-296.39194275608764
2908.0,168.75708493238406,25.0,inf,25.0,25.0,25.0,0.0,-918.3143120692046,-297.3694728737527
2909.0,168.79708493238405,25.0,inf,25.0,25.0,25.0,0.0,-918.5251078686354,-298.3470029914178
2910.0,168.83708493238404,25.0,inf,25.0,25.0,25.0,0.0,-918.7359036680662,-299.32453310908295
2911.0,168.87708493238404,25.0,inf,25.0,25.0,25.0,0.0,-918.9466994674968,-300.30206322674803
2912.0,168.91708493238403,25.0,inf,25.0,25.0,25.0,0.0,-919.1574952669276,-301.2795933444131
2913.0,168.95708493238402,25.0,inf,25.0,25.0,25.0,0.0,-919.3682910663584,-302.2571234620782
2914.0,168.997084932384,25.0,inf,25.0,25.0,25.0,0.0,-919.5790868657892,-303.2346535797433
2915.0,169.037084932384,25.0,inf,25.0,25.0,25.0,0.0,-919.78988266522,-304.2121836974084
2916.0,169.077084932384,25.0,inf,25.0,25.0,25.0,0.0,-920.0006784646508,-305.1897138150735
2917.0,169.117084932384,25.0,inf,25.0,25.0,25.0,0.0,-920.2114742640815,-306.1672439327386
2918.0,169.15708493238398,25.0,inf,25.0,25.0,25.0,0.0,-920.4222700635123,-307.1447740504037
2919.0,169.19708493238397,25.0,inf,25.0,25.0,25.0,0.0,-920.6330658629431,-308.1223041680688
2920.0,169.23708493238396,25.0,inf,25.0,25.0,25.0,0.0,-920.8438616623739,-309.0998342857339
2921.0,169.27708493238396,25.0,inf,25.0,25.0,25.0,0.0,-921.0546574618047,-310.077364403399
2922.0,169.31708493238395,25.0,inf,25.0,25.0,25.0,0.0,-921.2654532612355,-311.05489452106406
2923.0,169.35708493238394,25.0,inf,25.0,25.0,25.0,0.0,-921.4762490606663,-312.0324246387292
2924.0,169.39708493238393,25.0,inf,25.0,25.0,25.0,0.0,-921.687044860097,-313.00995475639434
2925.0,169.43708493238393,25.0,inf,25.0,25.0,25.0,0.0,-921.8978406595278,-313.9874848740594
2926.0,169.47708493238392,25.0,inf,25.0,25.0,25.0,0.0,-922.1086364589586,-314.9650149917245
2927.0,169.5170849323839,25.0,inf,25.0,25.0,25.0,0.0,-922.3194322583894,-315.9425451093896
2928.0,169.5570849323839,25.0,inf,25.0,25.0,25.0,0.0,-922.5302280578202,-316.92007522705467
2929.0,169.5970849323839,25.0,inf,25.0,25.0,25.0,0.0,-922.7410238572509,-317.89760534471975
2930.0,169.63708493238389,25.0,inf,25.0,25.0,25.0,0.0,-922.9518196566817,-318.87513546238483
2931.0,169.67708493238388,25.0,inf,25.0,25.0,25.0,0.0,-923.1626154561125,-319.8526655800499
2932.0,169.71708493238387,25.0,inf,25.0,25.0,25.0,0.0,-923.3734112555433,-320.830195697715
2933.0,169.75708493238386,25.0,inf,25.0,25.0,25.0,0.0,-923.5842070549741,-321.8077258153802
2934.0,169.79708493238385,25.0,inf,25.0,25.0,25.0,0.0,-923.7950028544049,-322.7852559330453
2935.0,169.83708493238385,25.0,inf,25.0,25.0,25.0,0.0,-924.0057986538357,-323.76278605071036
2936.0,169.87708493238384,25.0,inf,25.0,25.0,25.0,0.0,-924.2165944532663,-324.74031616837544
2937.0,169.91708493238383,25.0,inf,25.0,25.0,25.0,0.0,-924.4273902526971,-325.7178462860405
2938.0,169.95708493238382,25.0,inf,25.0,25.0,25.0,0.0,-924.6381860521279,-326.6953764037056
2939.0,169.9970849323838,25.0,inf,25.0,25.0,25.0,0.0,-924.8489818515587,-327.6729065213707
2940.0,170.0370849323838,25.0,inf,25.0,25.0,25.0,0.0,-925.0597776509895,-328.6504366390359
2941.0,170.0770849323838,25.0,inf,25.0,25.0,25.0,0.0,-925.2705734504203,-329.62796675670097
2942.0,170.1170849323838,25.0,inf,25.0,25.0,25.0,0.0,-925.481369249851,-330.60549687436605
2943.0,170.15708493238378,25.0,inf,25.0,25.0,25.0,0.0,-925.6921650492818,-331.58302699203114
2944.0,170.19708493238377,25.0,inf,25.0,25.0,25.0,0.0,-925.9029608487126,-332.5605571096962
2945.0,170.23708493238377,25.0,inf,25.0,25.0,25.0,0.0,-926.1137566481434,-333.5380872273613
2946.0,170.27708493238376,25.0,inf,25.0,25.0,25.0,0.0,-926.3245524475742,-334.5156173450264
2947.0,170.31708493238375,25.0,inf,25.0,25.0,25.0,0.0,-926.535348247005,-335.49314746269147
2948.0,170.35708493238374,25.0,inf,25.0,25.0,25.0,0.0,-926.7461440464357,-336.47067758035655
2949.0,170.39708493238373,25.0,inf,25.0,25.0,25.0,0.0,-926.9569398458665,-337.44820769802175
2950.0,170.43708493238373,25.0,inf,25.0,25.0,25.0,0.0,-927.1677356452973,-338.42573781568683
2951.0,170.47708493238372,25.0,inf,25.0,25.0,25.0,0.0,-927.3785314447281,-339.4032679333519
2952.0,170.5170849323837,25.0,inf,25.0,25.0,25.0,0.0,-927.5893272441589,-340.380798051017
2953.0,170.5570849323837,25.0,inf,25.0,25.0,25.0,0.0,-927.8001230435897,-341.3583281686821
2954.0,170.5970849323837,25.0,inf,25.0,25.0,25.0,0.0,-928.0109188430204,-342.33585828634716
2955.0,170.6370849323837,25.0,inf,25.0,25.0,25.0,0.0,-928.2217146424512,-343.31338840401224
2956.0,170.67708493238368,25.0,inf,25.0,25.0,25.0,0.0,-928.432510441882,-344.29091852167744
2957.0,170.71708493238367,25.0,inf,25.0,25.0,25.0,0.0,-928.6433062413128,-345.2684486393425
2958.0,170.75708493238366,25.0,inf,25.0,25.0,25.0,0.0,-928.8541020407436,-346.2459787570076
2959.0,170.79708493238365,25.0,inf,25.0,25.0,25.0,0.0,-929.0648978401744,-347.2235088746727
2960.0,170.83708493238365,25.0,inf,25.0,25.0,25.0,0.0,-929.2756936396052,-348.20103899233777
2961.0,170.87708493238364,25.0,inf,25.0,25.0,25.0,0.0,-929.4864894390358,-349.17856911000285
2962.0,170.91708493238363,25.0,inf,25.0,25.0,25.0,0.0,-929.6972852384666,-350.15609922766794
2963.0,170.95708493238362,25.0,inf,25.0,25.0,25.0,0.0,-929.9080810378974,-351.133629345333
2964.0,170.99708493238361,25.0,inf,25.0,25.0,25.0,0.0,-930.1188768373282,-352.1111594629981
2965.0,171.0370849323836,25.0,inf,25.0,25.0,25.0,0.0,-930.329672636759,-353.0886895806633
2966.0,171.0770849323836,25.0,inf,25.0,25.0,25.0,0.0,-930.5404684361897,-354.0662196983284
2967.0,171.1170849323836,25.0,inf,25.0,25.0,25.0,0.0,-930.7512642356205,-355.04374981599346
2968.0,171.15708493238358,25.0,inf,25.0,25.0,25.0,0.0,-930.9620600350513,-356.02127993365855
2969.0,171.19708493238358,25.0,inf,25.0,25.0,25.0,0.0,-931.1728558344821,-356.99881005132363
2970.0,171.23708493238357,25.0,inf,25.0,25.0,25.0,0.0,-931.3836516339129,-357.9763401689887
2971.0,171.27708493238356,25.0,inf,25.0,25.0,25.0,0.0,-931.5944474333437,-358.9538702866538
2972.0,171.31708493238355,25.0,inf,25.0,25.0,25.0,0.0,-931.8052432327745,-359.931400404319
2973.0,171.35708493238354,25.0,inf,25.0,25.0,25.0,0.0,-932.0160390322052,-360.9089305219841
2974.0,171.39708493238354,25.0,inf,25.0,25.0,25.0,0.0,-932.226834831636,-361.88646063964916
2975.0,171.43708493238353,25.0,inf,25.0,25.0,25.0,0.0,-932.4376306310668,-362.86399075731424
2976.0,171.47708493238352,25.0,inf,25.0,25.0,25.0,0.0,-932.6484264304976,-363.8415208749793
2977.0,171.5170849323835,25.0,inf,25.0,25.0,25.0,0.0,-932.8592222299284,-364.8190509926444
2978.0,171.5570849323835,25.0,inf,25.0,25.0,25.0,0.0,-933.0700180293592,-365.7965811103095
2979.0,171.5970849323835,25.0,inf,25.0,25.0,25.0,0.0,-933.2808138287899,-366.7741112279746
2980.0,171.6370849323835,25.0,inf,25.0,25.0,25.0,0.0,-933.4916096282207,-367.75164134563965
2981.0,171.67708493238348,25.0,inf,25.0,25.0,25.0,0.0,-933.7024054276515,-368.72917146330485
2982.0,171.71708493238347,25.0,inf,25.0,25.0,25.0,0.0,-933.9132012270823,-369.70670158096993
2983.0,171.75708493238346,25.0,inf,25.0,25.0,25.0,0.0,-934.123997026513,-370.684231698635
2984.0,171.79708493238346,25.0,inf,25.0,25.0,25.0,0.0,-934.3347928259439,-371.6617618163001
2985.0,171.83708493238345,25.0,inf,25.0,25.0,25.0,0.0,-934.5455886253746,-372.6392919339652
2986.0,171.87708493238344,25.0,inf,25.0,25.0,25.0,0.0,-934.7563844248053,-373.61682205163027
2987.0,171.91708493238343,25.0,inf,25.0,25.0,25.0,0.0,-934.9671802242361,-374.59435216929535
2988.0,171.95708493238342,25.0,inf,25.0,25.0,25.0,0.0,-935.1779760236669,-375.57188228696054
2989.0,171.99708493238342,25.0,inf,25.0,25.0,25.0,0.0,-935.3887718230977,-376.5494124046256
2990.0,172.0370849323834,25.0,inf,25.0,25.0,25.0,0.0,-935.5995676225285,-377.5269425222907
2991.0,172.0770849323834,25.0,inf,25.0,25.0,25.0,0.0,-935.8103634219592,-378.5044726399558
2992.0,172.1170849323834,25.0,inf,25.0,25.0,25.0,0.0,-936.02115922139,-379.4820027576209
2993.0,172.15708493238338,25.0,inf,25.0,25.0,25.0,0.0,-936.2319550208208,-380.45953287528596
2994.0,172.19708493238338,25.0,inf,25.0,25.0,25.0,0.0,-936.4427508202516,-381.43706299295104
2995.0,172.23708493238337,25.0,inf,25.0,25.0,25.0,0.0,-936.6535466196824,-382.4145931106161
2996.0,172.27708493238336,25.0,inf,25.0,25.0,25.0,0.0,-936.8643424191132,-383.3921232282812
2997.0,172.31708493238335,25.0,inf,25.0,25.0,25.0,0.0,-937.075138218544,-384.3696533459464
2998.0,172.35708493238334,25.0,inf,25.0,25.0,25.0,0.0,-937.2859340179747,-385.3471834636115
2999.0,172.39708493238334,25.0,inf,25.0,25.0,25.0,0.0,-937.4967298174055,-386.32471358127657
3000.0,172.43708493238333,25.0,inf,25.0,25.0,25.0,0.0,-937.7075256168363,-387.30224369894165
