t_s,x_m,y_m,heading_rad,yaw_rate_radps,signed_error_m,distance_error_m,heading_error_rad,curvature_command_pm,lateral_accel_mps2
0.0,0.0,0.0,0.0,0.0,3.152737647920627e-06,3.1527376479212332e-06,6.200881182970891e-07,3.1319679679646513e-06,0.0
0.01,0.19999999999999998,4.1550775041664374e-10,6.222385160887639e-09,1.2403424168640853e-06,3.2763397638296203e-06,3.2763397638296203e-06,6.138657331362014e-07,3.102092063319303e-06,2.480684833728171e-05
0.02,0.3999999999999999,3.303643808493419e-09,2.4665627553577176e-08,2.4442927574064275e-06,3.4020427634999485e-06,3.4020427634999485e-06,6.259125712039097e-07,3.163583283654548e-06,4.888585514812855e-05
0.03,0.5999999999999998,1.1084550316955985e-08,5.515094359517582e-08,3.6487554387850492e-06,3.527576425897802e-06,3.527576425897802e-06,6.274165467113141e-07,3.1723584978155487e-06,7.297510877570098e-05
0.04,0.7999999999999992,2.6160157291075773e-08,9.757867315314896e-08,4.832843378795323e-06,3.6506924279350848e-06,3.650692427935085e-06,6.18551036157293e-07,3.1292621050658156e-06,9.665686757590645e-05
0.05,0.9999999999999977,5.0891826212026886e-08,1.5164403772220168e-07,5.976417491683544e-06,3.7691867008762152e-06,3.7691867008762152e-06,5.644856715882404e-07,2.860120224949964e-06,0.00011952834983367087
0.06,1.1999999999999942,8.753685029529907e-08,2.164968314350538e-07,6.990759994237824e-06,3.882810116462065e-06,3.882810116462065e-06,5.348453669110769e-07,2.713054935720005e-06,0.00013981519988475648
0.07,1.399999999999988,1.3814053649005756e-07,2.911001092580973e-07,7.92677541287974e-06,3.988016454993913e-06,3.988016454993913e-06,4.971859894713464e-07,2.525810111906671e-06,0.00015853550825759482
0.08,1.5999999999999768,2.0456984361916298e-07,3.745985550829593e-07,8.770102565992684e-06,4.083120412606638e-06,4.083120412606637e-06,4.52447993607221e-07,2.3030711721621713e-06,0.00017540205131985368
0.09,1.799999999999959,2.8850702296356407e-07,4.6600397625442926e-07,9.508520192514612e-06,4.166625858749229e-06,4.166625858749229e-06,4.017088874178403e-07,2.050210695676694e-06,0.00019017040385029224
0.1,1.9999999999999325,3.914252598419761e-07,5.642178554081758e-07,1.0132176712477798e-05,4.237250194605264e-06,4.237250194605264e-06,3.034950082640938e-07,1.5598475432665215e-06,0.00020264353424955596
0.11,2.1999999999998945,5.145407373046284e-07,6.676321269813843e-07,1.054928718663799e-05,4.296210468862523e-06,4.296210468862523e-06,2.42746631619036e-07,1.2566952627838053e-06,0.0002109857437327598
0.12,2.3999999999998423,6.587131945207219e-07,7.745737861913488e-07,1.0838081973331582e-05,4.340828332183933e-06,4.340828332183934e-06,1.8056876452651833e-07,9.46252105954431e-07,0.00021676163946663166
0.13,2.5999999999997736,8.245196772346045e-07,8.837579375890104e-07,1.0998214512918032e-05,4.370746844203508e-06,4.370746844203508e-06,1.1834945902997697e-07,6.354547635919199e-07,0.00021996429025836065
0.14,2.7999999999996854,1.0122808281076646e-06,9.939100359098462e-07,1.103209222171313e-05,4.3858708788208345e-06,4.3858708788208345e-06,5.7471484046195676e-08,3.3121612901918674e-07,0.00022064184443426258
0.15,2.999999999999575,1.2220656893060206e-06,1.103793104983373e-06,1.094481253517375e-05,4.3863623216136475e-06,4.3863623216136475e-06,-5.241158502733111e-08,-2.1819430192051905e-07,0.000218896250703475
0.16,3.199999999999441,1.4536675751372792e-06,1.211720515247806e-06,1.0641679993876676e-05,4.375376129362209e-06,4.375376129362209e-06,-1.0864204734711163e-07,-4.994564754419361e-07,0.0002128335998775335
0.17,3.3999999999992814,1.7065165071442818e-06,1.3160879193399381e-06,1.0233162595515636e-05,4.351278726590145e-06,4.351278726590145e-06,-1.587705470714704e-07,-7.503399480914506e-07,0.0002046632519103127
0.18,3.599999999999094,1.9797998285293692e-06,1.415912291647193e-06,9.733377871664546e-06,4.315149464428387e-06,4.315149464428387e-06,-2.016890716781218e-07,-9.652938637463251e-07,0.00019466755743329092
0.19,3.79999999999888,2.272523037671229e-06,1.5103614075550934e-06,9.158362094350215e-06,4.268256095542258e-06,4.268256095542258e-06,-2.3643426233799215e-07,-1.1394887507345382e-06,0.0001831672418870043
0.2,3.999999999998638,2.5835417586336492e-06,1.598771407051974e-06,8.525746595062639e-06,4.212022803623133e-06,4.212022803623133e-06,-3.248442618348727e-07,-1.5821010811381323e-06,0.00017051493190125278
0.21,4.199999999998369,2.911555340443114e-06,1.680038740800402e-06,7.730371495110531e-06,4.151322567560522e-06,4.151322567560522e-06,-3.434720120632554e-07,-1.6758468346406718e-06,0.00015460742990221064
0.22,4.399999999998074,3.255019852953823e-06,1.7532450856471463e-06,6.913620071560773e-06,4.085029338945689e-06,4.08502933894569e-06,-3.5095876924935014e-07,-1.7139435528572937e-06,0.00013827240143121546
0.23,4.599999999997755,3.6123092466301358e-06,1.8182893616023322e-06,6.097954098507483e-06,4.015092312091868e-06,4.0150923120918675e-06,-3.470520097678744e-07,-1.6951091257184534e-06,0.00012195908197014965
0.24,4.7999999999974134,3.9817997388093665e-06,1.8752954223500726e-06,5.305898326724622e-06,3.943466358878891e-06,3.943466358878891e-06,-3.317166985119312e-07,-1.619148828970867e-06,0.00010611796653449244
0.25,4.999999999997052,4.361914718735667e-06,1.9246105184137256e-06,4.559608603008968e-06,3.872067123719991e-06,3.872067123719991e-06,-3.8103179457558426e-07,-1.8664383016407213e-06,9.119217206017935e-05
0.26,5.199999999996674,4.751118571469425e-06,1.966045552935408e-06,3.7301632133093137e-06,3.806758697930793e-06,3.8067586979307928e-06,-3.465684182079489e-07,-1.6947745040604365e-06,7.460326426618628e-05
0.27,5.399999999996281,5.147808261769369e-06,1.999609578089068e-06,2.985125361377818e-06,3.7459089870057514e-06,3.7459089870057514e-06,-3.0050209382532036e-07,-1.4650513792565443e-06,5.970250722755636e-05
0.28,5.599999999995876,5.5505011379337435e-06,2.02625363288965e-06,2.3458167000740363e-06,3.691392186255261e-06,3.6913921862552607e-06,-2.4360036300318143e-07,-1.1810878931533547e-06,4.6916334001480725e-05
0.29,5.79999999999546,5.957925429633528e-06,2.04713226759187e-06,1.831624273408257e-06,3.644881235589213e-06,3.644881235589213e-06,-1.7682525655142403e-07,-8.47677470401228e-07,3.6632485468165136e-05
0.3,5.999999999995038,6.369058899106268e-06,2.0635824537896844e-06,1.4596529128521362e-06,3.607809168324273e-06,3.607809168324273e-06,-1.9327544274923852e-07,-9.302991220629499e-07,2.9193058257042724e-05
0.31,6.199999999994609,6.783101940728913e-06,2.0761857295875795e-06,1.0623267124311655e-06,3.5862202657529363e-06,3.586220265752936e-06,-1.139150343240985e-07,-5.337129689629631e-07,2.124653424862331e-05
0.32,6.399999999994176,7.1993235606708185e-06,2.085643123371496e-06,8.299267372781466e-07,3.5769256166618145e-06,3.576925616661814e-06,-2.6886882777256666e-08,-9.866515771966519e-08,1.659853474556293e-05
0.33,6.599999999993739,7.617263517323811e-06,2.0936639272309385e-06,7.744190664713955e-07,3.5808598822737643e-06,3.5808598822737643e-06,6.632205484104301e-08,3.674188730279527e-07,1.5488381329427912e-05
0.34,6.799999999993299,8.03681432909351e-06,2.1020611530093264e-06,9.045921641258007e-07,3.59861662743457e-06,3.5986166274345703e-06,1.6413203942183396e-07,8.566463633835155e-07,1.8091843282516014e-05
0.35000000000000003,6.9999999999928555,8.458238799815377e-06,2.11271914336532e-06,1.2259347287672198e-06,3.6304307951986237e-06,3.6304307951986237e-06,1.5347404906584038e-07,8.036745532811882e-07,2.4518694575344395e-05
0.36,7.199999999992405,8.882107052007257e-06,2.126453397407641e-06,1.5199360419950516e-06,3.682087064496479e-06,3.682087064496479e-06,2.511692100513151e-07,1.2926669209015404e-06,3.039872083990103e-05
0.37,7.39999999999195,9.309079079099551e-06,2.144069956908286e-06,2.0017696913543786e-06,3.7481758180550496e-06,3.7481758180550492e-06,3.5046104495967473e-07,1.7897869829789242e-06,4.003539382708757e-05
0.38,7.599999999991486,9.740119006839685e-06,2.1674446341519066e-06,2.6709351300587077e-06,3.82830776756007e-06,3.82830776756007e-06,4.497431364570436e-07,2.286998759960819e-06,5.3418702601174156e-05
0.39,7.79999999999101,1.0176564560098905e-05,2.198432320329497e-06,3.5237592616878555e-06,3.921734157652293e-06,3.921734157652293e-06,5.474432349292218e-07,2.776433516222632e-06,7.047518523375712e-05
0.4,7.999999999990518,1.062011974933618e-05,2.238835907461647e-06,4.553525493912609e-06,4.0273540794663956e-06,4.027354079466395e-06,5.070396477970719e-07,2.5754717797800233e-06,9.107050987825218e-05
0.41000000000000003,8.199999999990006,1.107275193052571e-05,2.2890356059905744e-06,5.483314808766765e-06,4.150900078106197e-06,4.150900078106198e-06,5.918552931721072e-07,3.0007854666415975e-06,0.00010966629617533529
0.42,8.399999999989467,1.1536404098082517e-05,2.349285820375614e-06,6.563128566653319e-06,4.284674193105429e-06,4.284674193105429e-06,6.732590969678358e-07,3.409142226770233e-06,0.00013126257133306638
0.43,8.5999999999889,1.2013233134839767e-05,2.42103820322743e-06,7.783280691657781e-06,4.427216050936641e-06,4.427216050936641e-06,7.501258253544615e-07,3.794901287281674e-06,0.00015566561383315562
0.44,8.799999999988293,1.250567588398527e-05,2.5056373018685195e-06,9.132043009288273e-06,4.576802440992727e-06,4.576802440992727e-06,8.214533965098596e-07,4.153035006959226e-06,0.00018264086018576547
0.45,8.99999999998764,1.3016425780793336e-05,2.604301558331829e-06,1.0595928499145346e-05,4.731470683859767e-06,4.731470683859767e-06,7.227891400465502e-07,3.661260407071348e-06,0.00021191856998290691
0.46,9.199999999986932,1.3548297461846514e-05,2.7164822271986815e-06,1.1836071324240183e-05,4.897735848354528e-06,4.897735848354529e-06,7.742020005675678e-07,3.919987361321384e-06,0.00023672142648480365
0.47000000000000003,9.39999999998616,1.4103871517659928e-05,2.841455154126287e-06,1.3154120414913527e-05,5.0660442421200115e-06,5.0660442421200115e-06,8.208664338511836e-07,4.154992611677118e-06,0.00026308240829827056
0.48,9.599999999985313,1.4685780642253672e-05,2.979944534121845e-06,1.4539138699593251e-05,5.234607104314858e-06,5.2346071043148576e-06,8.624537458554626e-07,4.364614800320462e-06,0.000290782773991865
0.49,9.79999999998438,1.529679128372015e-05,3.132562977254112e-06,1.5979747733456902e-05,5.401522667606827e-06,5.401522667606826e-06,8.987662781402103e-07,4.547846617377119e-06,0.00031959495466913804
0.5,9.999999999983347,1.5939780975561264e-05,3.299808438184296e-06,1.7464395458547383e-05,5.564798826843459e-06,5.5647988268434596e-06,7.315208172100266e-07,3.7132520743185675e-06,0.00034928790917094767
0.51,10.199999999982198,1.6617583836274025e-05,3.480094779610687e-06,1.8589123605422028e-05,5.732905938274536e-06,5.732905938274535e-06,7.494550811543631e-07,3.8046044651545606e-06,0.00037178247210844053
0.52,10.39999999998092,1.733257335213919e-05,3.6716981686007616e-06,1.9727758613503703e-05,5.895021443195526e-06,5.895021443195526e-06,7.658186831219775e-07,3.8880436300418425e-06,0.00039455517227007407
0.53,10.599999999979497,1.8087025697460505e-05,3.874740570835587e-06,2.087689126105079e-05,6.049891726939391e-06,6.04989172693939e-06,7.809688682138859e-07,3.965343258338823e-06,0.0004175378252210158
0.54,10.799999999977912,1.8883238288380142e-05,4.08931372228731e-06,2.2033882261482872e-05,6.196267071552988e-06,6.196267071552988e-06,7.953166715048662e-07,4.038546028239861e-06,0.00044067764522965746
0.55,10.999999999976147,1.9723524537450693e-05,4.315487286497062e-06,2.3196953544359313e-05,6.332906901238385e-06,6.332906901238385e-06,5.691431072951139e-07,2.909044605487953e-06,0.0004639390708871863
0.56,11.199999999974182,2.0610051008417377e-05,4.550932009784614e-06,2.388968193997939e-05,6.4713418719222174e-06,6.4713418719222174e-06,5.738751985492327e-07,2.934089411465386e-06,0.00047779363879958784
0.5700000000000001,11.399999999972,2.1544357879949267e-05,4.793284961049502e-06,2.457861180203577e-05,6.5997943564025035e-06,6.5997943564025035e-06,5.835083430446613e-07,2.9835396587873315e-06,0.0004915722360407154
0.58,11.59999999996958,2.2527826262093674e-05,5.042557019393583e-06,2.5273483548862528e-05,6.718122236029835e-06,6.718122236029836e-06,5.986122944434874e-07,3.0602426945777354e-06,0.0005054696709772506
0.59,11.799999999966905,2.356184949427325e-05,5.298861157440817e-06,2.5984972350599154e-05,6.826201621859144e-06,6.826201621859144e-06,6.196832617156448e-07,3.1666783247968156e-06,0.0005196994470119831
0.6,11.999999999963956,2.4647854443781174e-05,5.562420965793893e-06,2.672452406381173e-05,6.923905556177162e-06,6.923905556177162e-06,3.561234533625692e-07,1.8498563223746175e-06,0.0005344904812762346
0.61,12.19999999996071,2.578713130259341e-05,5.8306866525107975e-06,2.6927935219327766e-05,7.026540246741187e-06,7.026540246741187e-06,3.7887109451491244e-07,1.964620875041974e-06,0.0005385587043865553
0.62,12.399999999957151,2.6980278586040286e-05,6.10119425115898e-06,2.717276837204819e-05,7.121102828154589e-06,7.121102828154588e-06,4.136855991210943e-07,2.139639023887017e-06,0.0005434553674409638
0.63,12.59999999995326,2.8227793817383005e-05,6.374473574815335e-06,2.748206533429029e-05,7.2085970061298665e-06,7.2085970061298665e-06,4.607406684618424e-07,2.375789312370511e-06,0.0005496413066858058
0.64,12.799999999949017,2.9530303488019875e-05,6.651284311214678e-06,2.787875958643981e-05,7.289934423598878e-06,7.289934423598878e-06,5.200147219330166e-07,2.6729729539010716e-06,0.0005575751917287962
0.65,12.999999999944405,3.088860879514543e-05,6.932613008497572e-06,2.8385291373434454e-05,7.365888923092422e-06,7.365888923092422e-06,2.386860246501224e-07,1.2670890124815362e-06,0.0005677058274686891
0.66,13.1999999999394,3.2303496499582786e-05,7.216163589981915e-06,2.8325025815458384e-05,7.455782940004835e-06,7.455782940004835e-06,3.077450170193587e-07,1.6132829144968417e-06,0.0005665005163091677
0.67,13.399999999933986,3.3775080382910093e-05,7.499805297431072e-06,2.8403055566358808e-05,7.544472801626523e-06,7.544472801626523e-06,3.9405013361187327e-07,2.0456953960756316e-06,0.0005680611113271761
0.68,13.599999999928144,3.530352748660174e-05,7.78507863946478e-06,2.8650787040721646e-05,7.633610431615967e-06,7.633610431615967e-06,4.96913266957137e-07,2.5609024391018447e-06,0.0005730157408144329
0.6900000000000001,13.799999999921857,3.6889343697688344e-05,8.073828266429172e-06,2.90976487624336e-05,7.724553623539818e-06,7.724553623539818e-06,6.153840760017749e-07,3.1541659162442727e-06,0.000581952975248672
0.7000000000000001,13.999999999915099,3.8533432437992857e-05,8.368180777182278e-06,2.97706101074251e-05,7.818307351702977e-06,7.818307351702976e-06,3.210315652486694e-07,1.6833408997603769e-06,0.000595412202148502
0.71,14.199999999907842,4.023686504836177e-05,8.666273914560738e-06,2.984776019257232e-05,7.938165743819717e-06,7.938165743819717e-06,4.5018109830068503e-07,2.3302871489416223e-06,0.0005969552038514464
0.72,14.39999999990007,4.200007875272946e-05,8.966416198636505e-06,3.0179590483997436e-05,8.065480437354788e-06,8.065480437354788e-06,5.982881170836867e-07,3.072095389791981e-06,0.0006035918096799487
0.73,14.599999999891754,4.382374895628699e-05,9.271317597870513e-06,3.079862584144621e-05,8.201779969976479e-06,8.201779969976479e-06,7.6367544931784e-07,3.9003950462889644e-06,0.0006159725168289243
0.74,14.799999999882866,4.570912425653267e-05,9.583993468307604e-06,3.173343211908762e-05,8.348073865007701e-06,8.348073865007701e-06,9.444112981996964e-07,4.805537229648559e-06,0.0006346686423817524
0.75,14.999999999873369,4.7658083418455164e-05,9.907722817128595e-06,3.300818831330506e-05,8.504795656355799e-06,8.504795656355799e-06,6.206819493787054e-07,3.188457703457085e-06,0.0006601637662661012
0.76,15.19999999986322,4.967284021789962e-05,1.0240860392063278e-05,3.361729624481853e-05,8.699254117847327e-06,8.699254117847327e-06,8.052159133525283e-07,4.113072107941115e-06,0.0006723459248963706
0.77,15.399999999852382,5.1754952265354033e-05,1.0581865501819408e-05,3.458051486848272e-05,8.907825942172665e-06,8.907825942172665e-06,1.0073348760208332e-06,5.125752639525892e-06,0.0006916102973696543
0.78,15.59999999984081,5.390635651297978e-05,1.0934419041052951e-05,3.592570884582599e-05,9.131244565166151e-06,9.131244565166151e-06,1.2246092891970972e-06,6.214358891637148e-06,0.0007185141769165198
0.79,15.79999999982845,5.6129752161068e-05,1.1302453663302142e-05,3.767538315798247e-05,9.369546817256444e-06,9.369546817256446e-06,1.4544193538332022e-06,7.365792237338575e-06,0.0007535076631596494
0.8,15.999999999815238,5.842864555856431e-05,1.1690098812867992e-05,3.9846409753786204e-05,9.62202802313649e-06,9.62202802313649e-06,1.066774204267352e-06,5.430091301568126e-06,0.000796928195075724
0.81,16.199999999801097,6.0806967808430266e-05,1.2095392844274147e-05,4.1207858211601143e-05,9.92052813924736e-06,9.92052813924736e-06,1.2887189868644404e-06,6.5428002157146755e-06,0.0008241571642320229
0.8200000000000001,16.399999999785955,6.32678489014704e-05,1.2516376774396847e-05,4.2983010437641614e-05,1.0235181118089889e-05,1.0235181118089889e-05,1.5258130963460256e-06,7.731417292911027e-06,0.0008596602087528322
0.8300000000000001,16.599999999769736,6.58148478474435e-05,1.2957297354242825e-05,4.519373619511407e-05,1.0565663485748831e-05,1.0565663485748831e-05,1.775325914588707e-06,8.982286207801023e-06,0.0009038747239022815
0.84,16.79999999975234,6.845239291926416e-05,1.3422590728504703e-05,4.7856063929710684e-05,1.0910862037677032e-05,1.0910862037677032e-05,2.034411947397099e-06,1.0281168357362265e-05,0.0009571212785942137
0.85,16.99999999973366,7.118581365192103e-05,1.3916823445812429e-05,5.098006583804014e-05,1.126884184011518e-05,1.126884184011518e-05,1.5401792300893731e-06,7.813584568848017e-06,0.0010196013167608029
0.86,17.199999999713565,7.402085684127599e-05,1.4437083423301783e-05,5.306497971060064e-05,1.167719803752958e-05,1.1677198037529579e-05,1.7799135127114132e-06,9.016339543932362e-06,0.0010612995942120129
0.87,17.399999999691936,7.696218267555497e-05,1.4980374984523186e-05,5.5584932405730785e-05,1.209887558681523e-05,1.209887558681523e-05,2.0339819305352725e-06,1.0290898408544515e-05,0.0011116986481146157
0.88,17.599999999668636,8.001483915055068e-05,1.555114795757662e-05,5.8559745823041726e-05,1.2532746756568909e-05,1.2532746756568907e-05,2.299771580512914e-06,1.1624185370130259e-05,0.0011711949164608345
0.89,17.79999999964351,8.318478218336809e-05,1.6154022442403816e-05,6.200367100143945e-05,1.2976872254476368e-05,1.2976872254476368e-05,2.5745895707571263e-06,1.3002716576330395e-05,0.001240073420028789
0.9,17.999999999616378,8.647890407874945e-05,1.6793732844865914e-05,6.592533682704742e-05,1.3428472761577804e-05,1.3428472761577804e-05,1.9348791682950276e-06,9.808680569090917e-06,0.0013185067365409483
0.91,18.19999999958704,8.990443996460335e-05,1.7465924642569745e-05,6.850442545927612e-05,1.3932828129365231e-05,1.3932828129365231e-05,2.1835316294299952e-06,1.1056986428443628e-05,0.0013700885091855225
0.92,18.399999999555302,9.346714179923204e-05,1.816613117938907e-05,7.152680695701493e-05,1.4444935150427578e-05,1.4444935150427578e-05,2.4494424403413628e-06,1.2391661553211089e-05,0.0014305361391402985
0.93,18.599999999520964,9.717306434113463e-05,1.8898912941441948e-05,7.501790805419361e-05,1.4963488931122589e-05,1.4963488931122589e-05,2.7302766747504655e-06,1.3801018263063552e-05,0.0015003581610838722
0.9400000000000001,18.799999999483784,0.00010102919815353768,1.9669058936074646e-05,7.899802337015364e-05,1.548636551995633e-05,1.5486365519956327e-05,3.0235802628782587e-06,1.5272764969590858e-05,0.0015799604674030727
0.9500000000000001,18.999999999443492,0.00010504351013045073,2.0481534680718587e-05,8.34821778687021e-05,1.6010581382563576e-05,1.6010581382563573e-05,2.2111045182343177e-06,1.1215628404997225e-05,0.001669643557374042
0.96,19.19999999939979,0.00010922423341908038,2.1330346080936536e-05,8.627080643026505e-05,1.6591532503905124e-05,1.6591532503905124e-05,2.47802597562764e-06,1.2556045203177252e-05,0.0017254161286053011
0.97,19.399999999352403,0.00011357766694700167,2.220942980443775e-05,8.953505706453352e-05,1.7175361316599203e-05,1.7175361316599203e-05,2.7695284577302395e-06,1.401939590181719e-05,0.0017907011412906704
0.98,19.599999999301033,0.00011811035395521002,2.3123739062115823e-05,9.331419690990426e-05,1.7761279551609893e-05,1.7761279551609893e-05,3.083355125537586e-06,1.559438842320403e-05,0.001866283938198085
0.99,19.79999999924534,0.0001228298658354629,2.4078593401234487e-05,9.764224360094855e-05,1.834761223282916e-05,1.834761223282916e-05,3.4170153056821415e-06,1.7268552650739e-05,0.001952844872018971
1.0,19.99999999918494,0.00012774487002658493,2.5079624391408445e-05,0.00010254760268089624,1.893172978259472e-05,1.893172978259472e-05,2.415984315508183e-06,1.2269238875366863e-05,0.0020509520536179248
1.01,20.19999999911941,0.00013286428999358127,2.611928938704075e-05,0.00010537596823977838,1.958180375365736e-05,1.958180375365736e-05,2.728180315170867e-06,1.3836719613390909e-05,0.0021075193647955674
1.02,20.39999999904837,0.00013819466051614396,2.7190071244086733e-05,0.00010876909237104278,2.0233675347192992e-05,2.0233675347192992e-05,3.0757196473795096e-06,1.5580934990369477e-05,0.002175381847420856
1.03,20.599999998971406,0.00014374278942568314,2.829791257163453e-05,0.00011278578371209499,2.088750942241301e-05,2.088750942241301e-05,3.4559264158093917e-06,1.748850717327109e-05,0.0022557156742419
1.04,20.799999998888048,0.0001495167297191728,2.9449311645105513e-05,0.00011747838843446146,2.154239703385881e-05,2.154239703385881e-05,3.8657295630743355e-06,1.9544071785710264e-05,0.0023495677686892293
1.05,20.99999999879776,0.00015552588400927084,3.0651254476823405e-05,0.0001228921314853098,2.2196250984491036e-05,2.2196250984491032e-05,2.6637867313564442e-06,1.3540896166627132e-05,0.002457842629706196
1.06,21.199999998699965,0.0001617800082761871,3.1894870246752634e-05,0.00012582125841210218,2.2932725346366226e-05,2.2932725346366226e-05,3.058122918362287e-06,1.5519941845275095e-05,0.0025164251682420436
1.07,21.399999998594133,0.00016828602794740583,3.31714181522626e-05,0.0001294761393391923,2.3675075396495456e-05,2.3675075396495456e-05,3.5000489673390446e-06,1.773699559066018e-05,0.002589522786783846
1.08,21.599999998479696,0.00017505128196559764,3.4488556497932845e-05,0.00013393666088411585,2.442441015077281e-05,2.442441015077281e-05,3.985864162695656e-06,2.0173564914986007e-05,0.002678733217682317
1.09,21.799999998356007,0.0001820847178377129,3.585469777920608e-05,0.0001392738042875638,2.5180437661500414e-05,2.5180437661500414e-05,4.511308023002461e-06,2.2808344491627308e-05,0.002785476085751276
1.1,21.999999998222314,0.0001893970332536794,3.727891492488947e-05,0.00014554870779284794,2.594132340434392e-05,2.594132340434392e-05,3.08709087731907e-06,1.569486762063879e-05,0.0029109741558569586
1.11,22.199999998077804,0.00019699948165729462,3.8751125196012346e-05,0.00014888223429885772,2.6808990697364827e-05,2.6808990697364827e-05,3.599453324625753e-06,1.8265356530102413e-05,0.002977644685977154
1.12,22.39999999792174,0.00020490002454721926,4.0261446466783363e-05,0.00015316773436935665,2.769088304000105e-05,2.769088304000105e-05,4.1712623005916316e-06,2.113322033335817e-05,0.003063354687387133
1.1300000000000001,22.599999997753322,0.00021310726923390059,4.181989471158076e-05,0.00015850412601310513,2.8588628317390424e-05,2.8588628317390427e-05,4.797296259944042e-06,2.4272367582894113e-05,0.0031700825202621028
1.1400000000000001,22.799999997571625,0.00022163192102304453,4.343741342193661e-05,0.00016497803562555107,2.9502007915262172e-05,2.9502007915262172e-05,5.471641628650441e-06,2.7653228222404826e-05,0.0032995607125110215
1.1500000000000001,22.99999999737557,0.00023048695604747113,4.512574500034359e-05,0.00017266266375769905,3.0428783898055308e-05,3.042878389805531e-05,3.7833100502434623e-06,1.9220838090197863e-05,0.003453253275153981
1.16,23.199999997163978,0.0002396861723435695,4.6873406584173464e-05,0.00017685567582611828,3.149228318146092e-05,3.149228318146092e-05,4.440171379482632e-06,2.251577972922777e-05,0.0035371135165223654
1.17,23.399999996935787,0.0002492395232833905,4.8669127939231045e-05,0.00018227054500769422,3.2580055499359e-05,3.258005549935899e-05,5.1671678919374875e-06,2.616164001468103e-05,0.0036454109001538846
1.18,23.599999996689824,0.00025915788112847095,5.052570344320724e-05,0.00018902205000561424,3.3693628884907506e-05,3.3693628884907506e-05,5.9573132051902555e-06,3.0123502314800353e-05,0.003780441000112285
1.19,23.799999996424727,0.00026945478640094287,5.245699448905489e-05,0.00019720886883983912,3.483216777077554e-05,3.483216777077554e-05,6.802839129285127e-06,3.436251732413339e-05,0.003944177376796782
1.2,23.999999996138904,0.0002801466447709675,5.447776226437073e-05,0.0002069123402188608,3.599227611931772e-05,3.599227611931773e-05,4.782071353969285e-06,2.4270279531039605e-05,0.004138246804377216
1.21,24.199999995830602,0.0002912509568969144,5.6574550257743434e-05,0.00021242687604453126,3.73225917972106e-05,3.73225917972106e-05,5.598588878117279e-06,2.83661703085585e-05,0.004248537520890625
1.22,24.399999995498227,0.00030278064796510236,5.8734073256503095e-05,0.00021945429817043534,3.868600357793288e-05,3.8686003577932874e-05,6.4955662023378816e-06,3.2864691047468735e-05,0.004389085963408707
1.23,24.59999999514003,0.00031474982124292736,6.0972109756935235e-05,0.00022812410158855857,4.008343122500104e-05,4.008343122500104e-05,7.464260338930225e-06,3.772213600690114e-05,0.004562482031771171
1.24,24.79999999475397,0.00032717585853474213,6.330563350999214e-05,0.00023854590848520525,4.151288500989985e-05,4.151288500989985e-05,8.495078436979994e-06,4.2890521034998964e-05,0.004770918169704105
1.25,24.999999994337653,0.00034007963892420117,6.575260826727257e-05,0.000250808167384644,4.296924700086636e-05,4.296924700086636e-05,6.048103679699558e-06,3.067021086850645e-05,0.00501616334769288
1.26,25.199999993888447,0.0003534833739554678,6.829670902407107e-05,0.0002579880502184496,4.4631593573487434e-05,4.463159357348744e-05,7.033699201372323e-06,3.5614811942596485e-05,0.005159761004368992
1.27,25.39999999340395,0.00036740371737690845,7.092171898735379e-05,0.00026698395506892275,4.633280784862252e-05,4.633280784862252e-05,8.111863229239638e-06,4.1022644224684417e-05,0.005339679101378455
1.28,25.599999992881518,0.0003818587164607575,7.364653829659564e-05,0.0002779433741403128,4.807304252222866e-05,4.807304252222866e-05,9.272217601824826e-06,4.684181843434642e-05,0.005558867482806256
1.29,25.799999992318078,0.0003968703381369805,7.649142427176706e-05,0.00029099032956370855,4.984897764250193e-05,4.984897764250193e-05,1.0503445201317875e-05,5.301571578301439e-05,0.0058198065912741705
1.3,25.99999999171004,0.00041246471648753166,7.94777496477697e-05,0.000306223965124909,5.1653573170735444e-05,5.165357317073545e-05,7.517119825315241e-06,3.810213485828356e-05,0.0061244793024981805
1.31,26.19999999105347,0.00042866951396206275,8.258526881246394e-05,0.00031524978073883397,5.370303599150557e-05,5.370303599150557e-05,8.686033028612307e-06,4.396719550297659e-05,0.006304995614776679
1.32,26.399999990344753,0.0004455055593097941,8.579380185034523e-05,0.000326419592864262,5.5794239466762956e-05,5.5794239466762956e-05,9.964090246216112e-06,5.037839362574819e-05,0.006528391857285241
1.33,26.59999998957994,0.00046299525753401636,8.91256607785941e-05,0.0003399072324580636,5.7926826560843215e-05,5.7926826560843215e-05,1.1339301265320005e-05,5.727577459220846e-05,0.006798144649161272
1.34,26.79999998875443,0.0004811656407653081,9.260475954230128e-05,0.00035585934476753265,6.0096354518017904e-05,6.009635451801791e-05,1.2798580290269106e-05,6.459386499652571e-05,0.007117186895350653
1.35,26.999999987862896,0.0005000486609095735,9.625633389358266e-05,0.0003743937420635802,6.229400231215623e-05,6.229400231215623e-05,9.147005938987731e-06,4.6357969718060215e-05,0.007487874841271605
1.36,27.1999999868995,0.0005196779880776546,0.00010005518121156553,0.0003853392353148386,6.478155196067292e-05,6.47815519606729e-05,1.0529203518071353e-05,5.3293833109963496e-05,0.0077067847062967714
1.37,27.39999998585888,0.0005400788777514896,0.00010397617588424254,0.00039881477921347,6.731288334103048e-05,6.731288334103048e-05,1.2043837222172333e-05,6.0892314944271975e-05,0.0079762955842694
1.3800000000000001,27.5999999847352,0.0005612783605769198,0.00010804568353743638,0.00041503268988479113,6.98876742249918e-05,6.988767422499179e-05,1.3677042149585564e-05,6.908408749017773e-05,0.008300653797695822
1.3900000000000001,27.799999983521683,0.0005833089420351541,0.0001122920341317331,0.00043417362369226883,7.250078323096672e-05,7.250078323096671e-05,1.5413601988773578e-05,7.779301777617755e-05,0.008683472473845377
1.4000000000000001,27.99999998221049,0.0006062089629571243,0.00011674519498964014,0.0004563845090869258,7.51418894829623e-05,7.51418894829623e-05,1.0960441130866538e-05,5.5553624549162314e-05,0.009127690181738517
1.41,28.199999980793045,0.0006300187291714896,0.0001213740746023376,0.00046934819968119537,7.812862322734748e-05,7.812862322734748e-05,1.2608426340176093e-05,6.382341793315393e-05,0.009386963993623907
1.42,28.39999997926151,0.0006547682461255026,0.0001261477332253423,0.0004853302496084476,8.116339370662806e-05,8.116339370662806e-05,1.4420017771877625e-05,7.291172279645441e-05,0.009706604992168952
1.43,28.599999977607336,0.0006804895765471514,0.00013109768078226866,0.0005045950436131767,8.424649051976977e-05,8.424649051976977e-05,1.637884358856426e-05,8.2736682848019e-05,0.010091900872263533
1.44,28.799999975820647,0.0007072213369203982,0.00013625788215445496,0.0005273693140080117,8.737244350348423e-05,8.737244350348423e-05,1.8466818798769586e-05,9.320781842888277e-05,0.010547386280160234
1.45,28.99999997389,0.0007350091499299891,0.00014166436726457919,0.0005538394711593164,9.052957059496642e-05,9.052957059496642e-05,1.306033368864536e-05,6.620696414917647e-05,0.011076789423186328
1.46,29.199999971802892,0.0007639009724089569,0.00014727928099181293,0.0005690924293645195,9.41035354336062e-05,9.41035354336062e-05,1.5049657638216695e-05,7.618932354541954e-05,0.01138184858729039
1.47,29.39999996954792,0.0007939322537275988,0.00015306504140923162,0.00058799663794785,9.773470726907567e-05,9.773470726907567e-05,1.7241669863065766e-05,8.718569638801958e-05,0.011759932758956999
1.48,29.59999996711267,0.000825140924778716,0.00015905981289188913,0.0006108813735377428,0.0001014243416624392,0.0001014243416624392,1.9616535648902075e-05,9.909692166113477e-05,0.012217627470754857
1.49,29.79999996448277,0.0008575728632669377,0.00016530482286538546,0.000638030122255204,0.00010516670872097287,0.00010516670872097289,2.215225475845489e-05,0.00011181294087948418,0.012760602445104081
1.5,29.99999996164157,0.0008912824593862829,0.00017184388679910306,0.0006696771707395626,0.0001089485279664977,0.0001089485279664977,1.5613190824737293e-05,7.915543940335144e-05,0.013393543414791253
1.51,30.199999958570892,0.0009263269728338424,0.00017863139575859195,0.0006877643285819254,0.0001132378271900679,0.0001132378271900679,1.8037671226310608e-05,9.132073440345371e-05,0.01375528657163851
1.52,30.399999955254152,0.0009627485691601431,0.00018562214877562147,0.000710311116309248,0.0001175997042174107,0.0001175997042174107,2.071132346778191e-05,0.00010473261438108366,0.014206222326184959
1.53,30.599999951673308,0.0010005924926021026,0.00019286277577620155,0.0007377229080605213,0.00012203637546989959,0.00012203637546989958,2.360970846394022e-05,0.0001192689060744001,0.014754458161210427
1.54,30.79999994780744,0.0010399136998582395,0.0002004036774335246,0.0007703486671756353,0.0001265415087286687,0.00012654150872866868,2.670570201771441e-05,0.00013479392517585874,0.015406973343512705
1.55,30.999999943632282,0.001080777556408942,0.00020829843982079035,0.0008084767124714473,0.00013109952778338164,0.00013109952778338164,1.8810939630448662e-05,9.536569343007713e-05,0.016169534249428946
1.56,31.199999939121312,0.0011232530097192853,0.00021649236176580426,0.0008302351459534504,0.00013627778774397264,0.00013627778774397264,2.177621103611533e-05,0.00011024383305801638,0.016604702919069007
1.57,31.39999993425035,0.0011673908353153736,0.00022493126553132104,0.0008574548716456234,0.00014154974026688833,0.00014154974026688833,2.5044407515110523e-05,0.0001266375349782215,0.01714909743291247
1.58,31.59999992899305,0.0012132456556870573,0.0002336722325510033,0.0008906279515975476,0.00014691823958417724,0.00014691823958417724,2.8585308234596973e-05,0.00014439572356882664,0.01781255903195095
1.59,31.799999923318836,0.001260883978365477,0.0002427769158522319,0.0009301768744226211,0.0001523756635462103,0.0001523756635462103,3.2365433446192234e-05,0.00016335092386642326,0.01860353748845242
1.6,31.99999991719219,0.0013103850389540612,0.0002523108186518188,0.0009764494383700167,0.00015790307231100236,0.00015790307231100236,2.2831530646605337e-05,0.00011573668395613671,0.019528988767400335
1.61,32.19999991057426,0.001361832528840659,0.0002622082537310479,0.0010029492417940134,0.00016418750978608546,0.0001641875097860855,2.6451394525825673e-05,0.00013389884772698922,0.020058984835880266
1.62,32.39999990342962,0.0014152882392091323,0.00027240413781854647,0.001036117012709812,0.0001705908437843046,0.00017059084378430464,3.0436292703514046e-05,0.0001538873719554133,0.02072234025419624
1.6300000000000001,32.5999998957196,0.0014708187258869727,0.00028296811670676825,0.0010765440037155338,0.0001771161173621486,0.0001771161173621486,3.4749085409815493e-05,0.00017551658822269895,0.021530880074310674
1.6400000000000001,32.79999988739931,0.0015285050365573829,0.00029397532110744947,0.0011247362302032509,0.00018375358633786142,0.00018375358633786144,3.9348734436564655e-05,0.00019858120804620188,0.022494724604065017
1.6500000000000001,32.99999987841659,0.0015884437204681074,0.0003055054837668934,0.0011811083881028439,0.00019047971263706055,0.00019047971263706055,2.781857177712075e-05,0.00014099765601197436,0.023622167762056875
1.6600000000000001,33.19999986871432,0.0016507367956054243,0.0003174793650207965,0.0012135596879998274,0.00019812598275645318,0.0001981259827564532,3.221738158859039e-05,0.0001630681677705165,0.02427119375999655
1.67,33.39999985824038,0.0017154598109317936,0.00032981838389110283,0.00125410891736742,0.00020591871633401712,0.00020591871633401712,3.705439099568929e-05,0.00018733114214178662,0.0250821783473484
1.68,33.599999846937884,0.0017826941290362557,0.0003426070710897533,0.0013034639998268337,0.00021386081717961636,0.00021386081717961634,4.228439693314636e-05,0.00021356059283752796,0.026069279996536673
1.69,33.799999834740746,0.0018525386918946329,0.00035593651726763563,0.0013622293446060804,0.00022193967190339758,0.00022193967190339758,4.7857552765750164e-05,0.0002415071605477848,0.027244586892121607
1.7,33.99999982157219,0.0019251112269282266,0.00036990330171746675,0.0014308986399255322,0.00023012594928094416,0.00023012594928094416,3.389076831591904e-05,0.00017175510107240465,0.028617972798510645
1.71,34.19999980734816,0.002000536078672227,0.0003844113789999646,0.0014705845257894984,0.0002394258570760661,0.0002394258570760661,3.9212454785789706e-05,0.0001984565324997092,0.029411690515789967
1.72,34.39999979199188,0.002078905510681041,0.000399365421501351,0.0015200590537866093,0.00024890152616057284,0.00024890152616057284,4.506069635058839e-05,0.00022779249701454767,0.030401181075732187
1.73,34.599999775419576,0.002160318789198758,0.0004148675773865795,0.0015801717408219715,0.00025855569873705194,0.000258555698737052,5.138091054381349e-05,0.00025949010970643797,0.03160343481643943
1.74,34.79999975753396,0.0022448964177770843,0.0004310278634519292,0.0016516472125738474,0.0002683723736274034,0.0002683723736274034,5.811295959475205e-05,0.0002932485217100343,0.033032944251476945
1.75,34.999999738222066,0.0023327815832279984,0.00044796287306209337,0.001735076602037533,0.0002783153699521987,0.0002783153699521987,4.117794998458789e-05,0.00020867290362246144,0.03470153204075066
1.76,35.19999971736025,0.0024241254058627597,0.0004655558597698012,0.001783359790071102,0.0002896026198445233,0.0002896026198445232,4.7599566960154066e-05,0.00024089386099921555,0.03566719580142204
1.77,35.39999969483553,0.0025190400630083314,0.0004836908965169417,0.0018434472609765073,0.00030109779085495244,0.00030109779085495244,5.465624690943738e-05,0.0002762922124557364,0.036868945219530144
1.78,35.5999996705247,0.0026176461121430908,0.0005024911661688518,0.0019163636066549818,0.00031280378725025403,0.00031280378725025403,6.228231415081602e-05,0.00031453960862658264,0.03832727213309964
1.79,35.79999964428477,0.0027200897215450535,0.0005220893433877073,0.002002983095667904,0.00032470091732680976,0.0003247009173268098,7.040539147173452e-05,0.0003552739665319407,0.04005966191335808
1.8,35.99999961594975,0.002826544414848047,0.0005426260393120476,0.002104019290432,0.0003367451659596382,0.0003367451659596382,4.98686955473942e-05,0.00025271092939656737,0.04208038580864
1.81,36.19999958533806,0.0029371932060095864,0.0005639592951805835,0.002162437150453555,0.0003504111776675789,0.00035041117766757896,5.76148330157061e-05,0.00029157827685520626,0.043248743009071104
1.82,36.399999552283816,0.0030521718344120236,0.0005859481456686209,0.002235090760219563,0.000364322921297291,0.00036432292129729105,6.61297991571603e-05,0.00033429222499877447,0.04470181520439126
1.83,36.599999516606196,0.0031716260705343118,0.0006087411763114781,0.0023232215889333586,0.00037848401760352774,0.00037848401760352774,7.53345023552514e-05,0.0003804573519522923,0.04646443177866717
1.84,36.79999947809542,0.0032957325827233496,0.0006324984784152744,0.002427889925506683,0.0003928708322039817,0.0003928708322039817,8.514170745520289e-05,0.00042963724559805423,0.04855779851013366
1.85,36.99999943650809,0.0034247010529286754,0.000657389773815179,0.0025499622329460954,0.00040743039021820114,0.00040743039021820114,6.0250412055298276e-05,0.0003053263641786734,0.05099924465892191
1.86,37.199999391578004,0.0035587525517654277,0.0006832426934615524,0.0026203869393248177,0.0004239484198662247,0.0004239484198662247,6.960515119254085e-05,0.0003522652401613665,0.052407738786496356
1.87,37.39999934306206,0.003698050818085835,0.0007098861194456744,0.0027080061834211205,0.00044075930778113097,0.000440759307781131,7.989260298990012e-05,0.0004038706080273119,0.05416012366842241
1.8800000000000001,37.5999992906954,0.00384277165258406,0.0007374995601716333,0.0028143275451801278,0.00045786796744017006,0.00045786796744017006,9.101719040858796e-05,0.0004596646317173415,0.05628655090360256
1.8900000000000001,37.79999923417077,0.003993128191797117,0.0007662765007521755,0.00294063951670598,0.0004752463752416634,0.0004752463752416634,0.00010287340633147396,0.0005191194954097865,0.058812790334119604
1.9000000000000001,37.99999917313171,0.0041493734791761315,0.0007964221345972913,0.0030879960471796634,0.0004928310533569998,0.0004928310533569998,7.272777248635816e-05,0.0003685671729653608,0.06175992094359327
1.9100000000000001,38.19999910718847,0.004311774297160785,0.000827727588523184,0.0031728120085140225,0.0005127842450404445,0.0005127842450404445,8.404281897970674e-05,0.00042534193734893814,0.06345624017028045
1.92,38.39999903598526,0.004480527989220075,0.0008599855730444335,0.0032784328144110954,0.0005330902266915501,0.00053309022669155,9.648933142122223e-05,0.00048777755937302663,0.06556865628822191
1.93,38.5999989591345,0.004655846479067536,0.0008934133165373286,0.003406688351174516,0.000553755602532794,0.0005537556025327939,0.00010995137958699762,0.000555294453960316,0.06813376702349032
1.94,38.799998876186564,0.004837986876904576,0.0009282450129853941,0.0035591427398625115,0.0005747470981275906,0.0005747470981275906,0.00012430093088452044,0.0006272521254038781,0.07118285479725023
1.95,38.99999878661977,0.005027254600449468,0.0009647290697139945,0.0037370754765668622,0.0005959885350550573,0.0005959885350550572,8.781687415592007e-05,0.0004450442561301509,0.07474150953133725
1.96,39.19999868986373,0.005223971711409023,0.0010026127801172015,0.0038393257582125086,0.0006200972765017026,0.0006200972765017026,0.00010151711957936656,0.0005137865706618498,0.07678651516425017
1.97,39.39999858539797,0.0054283762524174,0.0010416454087824112,0.003966775129146829,0.0006446340558501738,0.0006446340558501738,0.0001165877347913155,0.0005893850145150792,0.07933550258293659
1.98,39.59999847265544,0.005640723948195912,0.0010820900647096382,0.004121639823098407,0.0006696072900360905,0.0006696072900360906,0.00013288776648656122,0.000671134905333167,0.08243279646196813
1.99,39.799998350978264,0.005861325253233082,0.001124230399066984,0.004305813116516982,0.0006949770652986689,0.0006949770652986689,0.0001502615534363556,0.0007582575378347647,0.08611626233033964
2.0,39.99999821960302,0.006090549129566348,0.001168367260635537,0.0045208424085137824,0.0007206515291904777,0.0007206515291904777,0.00010612469186780261,0.0005378299746309178,0.09041684817027565
2.0100000000000002,40.19999807769497,0.006328784731597464,0.001214195124043554,0.004644318671550121,0.0007497976211041984,0.0007497976211041984,0.00012271447731098317,0.0006210703627659578,0.09288637343100242
2.02,40.39999792449255,0.006576319599878407,0.0012614108608153371,0.004798315343112932,0.0007794636620466729,0.0007794636620466729,0.00014096039594525497,0.0007125966163467416,0.09596630686225864
2.0300000000000002,40.59999775916607,0.0068334627255058475,0.0013103331050455839,0.0049855095011911415,0.0008096597724975196,0.0008096597724975197,0.00016069097101008832,0.0008115514527754168,0.09971019002382284
2.04,40.79999758075272,0.007100589371844946,0.0013613052924849548,0.0052081857074225595,0.0008403375069736352,0.0008403375069736353,0.00018171690794600395,0.0009169879147997561,0.10416371414845119
2.05,40.99999738813518,0.00737814563302183,0.0014146915962082193,0.005468208265895925,0.0008713855966288596,0.0008713855966288597,0.0001283306042227394,0.0006503668770799856,0.1093641653179185
2.06,41.19999718009168,0.0076666020700430935,0.0014701225908389974,0.005617493027466369,0.000906634172807916,0.0009066341728079159,0.00014840448238709442,0.0007510887536635513,0.11234986054932738
2.07,41.399996955507724,0.007966306350767432,0.0015272317111444833,0.005803710288320811,0.0009425119514775211,0.000942511951477521,0.0001704760602353275,0.0008618054206914127,0.11607420576641622
2.08,41.59999671316908,0.008277632112418096,0.001586404470349487,0.006030086938187376,0.000979030574989523,0.000979030574989523,0.00019433688009618387,0.0009814747062308147,0.12060173876374752
2.09,41.79999645166662,0.008601033161842669,0.001648056259509902,0.0062993732423588635,0.0010161307843975344,0.0010161307843975342,0.00021975694407328286,0.0011089460282103897,0.12598746484717727
2.1,41.999996169365126,0.008937048963182285,0.0017126274132326202,0.006613809346197593,0.0010536774654121902,0.00105367746541219,0.00015518579035056466,0.0007864657264069452,0.13227618692395188
2.11,42.19999586447656,0.00928624854387073,0.0017796710105943514,0.006794308442036902,0.001096300660043333,0.0010963006600433333,0.00017944642429663146,0.0009081951280835906,0.13588616884073804
2.12,42.39999553537017,0.009649052273689368,0.0018487435125959194,0.0070194414892672105,0.001139680573801058,0.001139680573801058,0.00020611373489825616,0.0010419654802292914,0.1403888297853442
2.13,42.599995180269275,0.010025911866397227,0.0019203107471209386,0.007293093212308879,0.0011838303065366724,0.0011838303065366724,0.00023493459962945938,0.0011865113012126637,0.14586186424617759
2.14,42.79999479711236,0.010417375891967133,0.001994874489227125,0.007618570248581583,0.0012286772308508183,0.0012286772308508181,0.0002656298696843344,0.0013404361207301802,0.15237140497163165
2.15,42.99999438350722,0.010824096374298537,0.002072966477461938,0.007998560720404018,0.0012740573394621542,0.0012740573394621544,0.00018753788144952165,0.0009504299806422298,0.15997121440808035
2.16,43.19999393683859,0.011246760949040166,0.0021540457852294256,0.008216574097125943,0.0013255649570695733,0.0013255649570695733,0.00021682148037957365,0.001097363051468564,0.16433148194251887
2.17,43.399993454721695,0.011685877407478585,0.002237575486871576,0.008488459914429059,0.0013779770959700594,0.0013779770959700594,0.0002490023675866832,0.0012587916088931167,0.16976919828858117
2.18,43.59999293455898,0.012141991262152318,0.002324117753951944,0.008818892023825582,0.0014313084913203976,0.0014313084913203976,0.0002837734321123067,0.0014331802454747374,0.17637784047651164
2.19,43.79999237333679,0.012615764898300689,0.0024142779818192173,0.009211843666280918,0.001485470342302333,0.0014854703423023332,0.0003207960958776647,0.0016188351828113467,0.18423687332561836
2.2,43.99999176755876,0.013107985501485491,0.00250869753845723,0.009670538626129446,0.0015402640568678567,0.0015402640568678567,0.00022637653923965198,0.0011472853367669384,0.19341077252258893
2.21,44.19999111340326,0.01361948304861602,0.002606721635667931,0.00993340456641481,0.0016024453986421931,0.0016024453986421931,0.0002616839681553215,0.0013244442947630294,0.19866809132829621
2.22,44.39999040738688,0.014150869972910964,0.002707700247662351,0.010261225060331194,0.0016657028407452209,0.0016657028407452209,0.00030047736603070656,0.001519043858560985,0.2052245012066239
2.23,44.59998964571628,0.014702804007040646,0.002812311117440849,0.010659620864198579,0.0017300531678999126,0.0017300531678999123,0.00034238414859768434,0.0017292212746674207,0.2131924172839716
2.24,44.79998882399141,0.015276083767276205,0.0029212839364253485,0.011133363736096564,0.0017953882249652536,0.0017953882249652536,0.00038699364457450355,0.0019529221051221702,0.2226672747219313
2.25,44.99998793710843,0.015871658274091965,0.00303539155798763,0.011686317335020853,0.0018614683525528166,0.0018614683525528166,0.00027288602301222186,0.0013830447985866375,0.23372634670041706
2.2600000000000002,45.19998697949025,0.016490527879751707,0.003153841592731017,0.012002635184968746,0.0019364464015709675,0.0019364464015709675,0.0003154164164573259,0.0015964465463023391,0.24005270369937493
2.27,45.39998594605599,0.017133429903648148,0.003275847356378635,0.012397202276194433,0.0020127005118917136,0.0020127005118917136,0.0003621376614495195,0.0018308153123665148,0.24794404552388866
2.2800000000000002,45.59998483127446,0.017801155989676156,0.0034022252241987286,0.01287677266550087,0.0020902500239205492,0.0020902500239205492,0.0004125974695589718,0.0020838898480340646,0.25753545331001737
2.29,45.79998362873102,0.018494667463675854,0.0035338539486038036,0.013447071155904329,0.00216896359967717,0.00216896359967717,0.00046629741438515863,0.002353176707922565,0.26894142311808655
2.3000000000000003,45.99998233098658,0.019215106755129358,0.0036716640075426465,0.014112721721195692,0.00224855302003017,0.0022485530200301697,0.0003284873554463158,0.0016649223074318806,0.28225443442391385
2.31,46.19998092991467,0.019963677795230974,0.0038146970706668076,0.014492624517920107,0.0023388486526712106,0.002338848652671211,0.00037967115573275074,0.001921744265190466,0.28985249035840216
2.32,46.39997941811689,0.020741266691142134,0.0039620016602249395,0.014966713044880012,0.0024306533898926868,0.0024306533898926868,0.00043588635080511924,0.002203738287924523,0.29933426089760024
2.33,46.59997778754174,0.021548824624479112,0.004114560287603471,0.01554309110529278,0.0025239894894690225,0.0025239894894690225,0.0004965833486346985,0.0025081566380681826,0.3108618221058556
2.34,46.799976028853486,0.022387506960483246,0.00427343023819437,0.016228613859338232,0.0026186975928851716,0.0026186975928851716,0.0005611566556919826,0.002831970254388765,0.3245722771867646
2.35,46.999974131227646,0.023258686924260585,0.004439730650085752,0.017028801137311,0.0027144322481496394,0.002714432248149639,0.0003948562438006011,0.002001425541484502,0.34057602274622
2.36,47.199972082843495,0.024163811329323635,0.0046123033759540005,0.017484225902168287,0.0028230333725057016,0.002823033372505701,0.0004563857655382371,0.0023101591614162423,0.34968451804336576
2.37,47.399969872947985,0.025103943269337882,0.00478999848046661,0.018052899357709585,0.002933413120753047,0.002933413120753047,0.0005239435265911654,0.0026490517641633575,0.3610579871541917
2.38,47.59996748984304,0.026080223676189222,0.004973997118639427,0.01874452278702927,0.0030455966309884713,0.0030455966309884713,0.0005968609855167423,0.003014760893893596,0.37489045574058544
2.39,47.79996491996738,0.027094038898960254,0.005165569854057732,0.019567281673750127,0.003159390301513737,0.003159390301513737,0.0006744019013961753,0.003403603409996014,0.39134563347500256
2.4,47.999962147600435,0.028147037033164193,0.005366060974606117,0.020527740796651733,0.003274381645173995,0.003274381645173995,0.0004739107808477902,0.002402297720690691,0.41055481593303467
2.41,48.19995915558138,0.029240954049983843,0.00557407195018599,0.021072637933768287,0.003404810917377256,0.003404810917377256,0.0005477677725499938,0.0027728869719237416,0.42145275867536575
2.42,48.39995592831401,0.030377063053428632,0.00578821403089014,0.021753508561129457,0.003537325429761989,0.003537325429761989,0.0006288279101479659,0.0031795128050374493,0.4350701712225891
2.43,48.59995244883863,0.0315567300425642,0.006009905039546201,0.022581931665832344,0.0036719525512347263,0.0036719525512347263,0.000716277214732614,0.0036181055991754175,0.4516386333166469
2.44,48.79994869749846,0.03278161553052845,0.0062406693533833425,0.023567645277828196,0.0038084564938863493,0.0038084564938863498,0.0008092197959524627,0.004084183544701177,0.47135290555656395
2.45,48.99994465151273,0.03405369396930386,0.006482118858426257,0.024718419685622876,0.003946347293570179,0.003946347293570179,0.0005677702909095477,0.0028783149274834406,0.49436839371245755
2.46,49.199940286024734,0.03537504443531866,0.006732566054075906,0.025368851265316933,0.0041027220761455626,0.0041027220761455626,0.0006562504310629914,0.0033222793760764127,0.5073770253063387
2.47,49.39993557846929,0.03674718820471041,0.006990334992786319,0.0261822251383267,0.004261522283655823,0.004261522283655823,0.0007533092201169236,0.0038091613234211763,0.523644502766534
2.48,49.599930504320724,0.03817175705131854,0.0072571241769717075,0.02717231129932436,0.004422776089724858,0.0044227760897248575,0.0008579549061751525,0.004334002291773011,0.5434462259864872
2.49,49.79992503516076,0.039650735448053594,0.007534758589954662,0.028350643390067695,0.0045861955653003815,0.0045861955653003815,0.0009690967446531838,0.004891345678918923,0.567012867801354
2.5,49.99991913806512,0.041186483570826764,0.007825166564948272,0.029726365711648002,0.004751203392282995,0.004751203392282994,0.0006786887696595741,0.0034409558822207005,0.59452731423296
2.5100000000000002,50.199912777129114,0.04278148565103848,0.008126313565732587,0.030500454062967683,0.004938281706868906,0.004938281706868906,0.0007844217938760105,0.003971491786448742,0.6100090812593537
2.52,50.39990591980169,0.04443755445145882,0.00843617858803902,0.03146932073293428,0.005128150086460851,0.00512815008646085,0.0009003317517632479,0.004552940259680848,0.6293864146586856
2.5300000000000002,50.59989853072579,0.04615663359081322,0.00875679121612308,0.03264927158063854,0.005320835139970607,0.005320835139970607,0.0010252096294379887,0.00517925649858965,0.6529854316127708
2.54,50.79989056894659,0.047941087961866115,0.009090330463649174,0.034053895685022165,0.0055159845303874525,0.0055159845303874525,0.0011577269279156972,0.00584379448488236,0.6810779137004432
2.5500000000000003,50.999881987034605,0.04979373083076044,0.009439096681311303,0.0356938810436509,0.005712926601567309,0.00571292660156731,0.000808960710253567,0.004101932817283508,0.713877620873018
2.56,51.19987273330208,0.05171752179046211,0.009800639227243724,0.036611569078699426,0.005936131348183891,0.005936131348183891,0.000934921713101021,0.004733969878986943,0.7322313815739885
2.57,51.399862760965796,0.053714613187137765,0.010172523182554575,0.03776138911967246,0.006162498605565865,0.0061624986055658654,0.0010729001621964489,0.005426125797037903,0.7552277823934492
2.58,51.59985201924878,0.05578731147836081,0.010557166248219292,0.03916255330715823,0.006392049837933479,0.006392049837933478,0.0012214214711663129,0.006171027854210899,0.7832510661431646
2.59,51.79984044936036,0.0579384247019798,0.010957161690526067,0.04083097356422899,0.006624353327386771,0.006624353327386771,0.0013788670396033332,0.006960578731290534,0.8166194712845798
2.6,51.999827983249446,0.06017129420096854,0.011375244227142487,0.04277903998351243,0.006858643115132776,0.006858643115132777,0.0009607845029869135,0.004872508946085896,0.8555807996702486
2.61,52.19981454681751,0.06248943281226687,0.011808465475682593,0.043861601064866536,0.0071240523394282464,0.0071240523394282464,0.001110287314166663,0.005622677094227597,0.8772320212973307
2.62,52.39980007313212,0.06489538444842079,0.012253895181092494,0.04521981249173782,0.007392977021683661,0.00739297702168366,0.0012739029662949663,0.006443444601691668,0.9043962498347564
2.63,52.599784489615985,0.0673918733125028,0.01271440272674131,0.046876175241116806,0.00766542821596714,0.00766542821596714,0.001449832128930019,0.007325814926809767,0.9375235048223362
2.64,52.79976771228188,0.0699822185285089,0.013193062396866878,0.048849181871589646,0.007940876577384133,0.007940876577384135,0.0016361022069163614,0.008259919800355649,0.976983637431793
2.65,52.999749643972265,0.07267037100065013,0.013693111958684273,0.05115305066809705,0.008218475961752202,0.008218475961752202,0.0011360526450989658,0.0057624479851123515,1.0230610133619409
2.66,53.199730179004334,0.07546048107259772,0.014211009539315679,0.052422234700879235,0.008532758754370076,0.008532758754370078,0.00131271085711588,0.0066488818731231004,1.0484446940175847
2.67,53.3997092221531,0.07835553842016614,0.014743233991516787,0.054017338545726205,0.00885084756416543,0.00885084756416543,0.0015058320715740647,0.007617668833511978,1.080346770914524
2.68,53.599686670282615,0.08135874194264388,0.015293175751214557,0.055964522559735524,0.009172735327134434,0.009172735327134434,0.0017132198264802351,0.00865782648567252,1.1192904511947104
2.69,53.79966240411808,0.08447399296273582,0.015864462440162527,0.05828507977610852,0.00949777278510271,0.00949777278510271,0.0019324697282663526,0.00975732636918279,1.1657015955221703
2.7,53.999636285781364,0.08770593765047843,0.016460908597924134,0.06099511800825851,0.009825073652437954,0.009825073652437954,0.0013360235705047463,0.006778368589048111,1.2199023601651702
2.71,54.19960816548316,0.09105945193663435,0.017078267537122306,0.06247174756548135,0.010195339649063648,0.010195339649063648,0.0015436596586337371,0.007820251689659323,1.249434951309627
2.72,54.399577908671,0.09453802481540735,0.01771231603232004,0.06433175125094968,0.010569574176631407,0.010569574176631406,0.0017703427430935913,0.00895740945723427,1.2866350250189937
2.73,54.59954536982017,0.09814538570083013,0.018367039027048428,0.06660526904438654,0.010947740858461452,0.010947740858461452,0.002013391094659544,0.010176432881882334,1.332105380887731
2.74,54.79951038075989,0.10188608883099858,0.01904669323050387,0.06931653379022869,0.01132904329047455,0.01132904329047455,0.002269874354516005,0.01146266220548477,1.3863306758045737
2.75,54.99947274725789,0.10576556152164071,0.01975574614808691,0.07248349283725641,0.011712640470861237,0.011712640470861239,0.001560821436932966,0.007921233589373442,1.4496698567451283
2.7600000000000002,55.19943225862226,0.10978949269932205,0.020489118186705808,0.07418524219576807,0.012146157097680436,0.012146157097680436,0.0018033001694060557,0.009137962418007082,1.4837048439153613
2.77,55.39938872631144,0.11396191896880549,0.021241755988522487,0.07633515155933747,0.012583578799008496,0.012583578799008496,0.0020675918199395786,0.010463794887687977,1.5267030311867493
2.7800000000000002,55.59934194675981,0.11828714983371895,0.022018313394707015,0.07896755470204371,0.013024823964329722,0.013024823964329723,0.0023504230540063453,0.011882363509675024,1.5793510940408741
2.79,55.79929168493047,0.1227704569588618,0.022823751655731972,0.0821096235838637,0.013468915996286138,0.013468915996286138,0.002648224788463476,0.013375813102280242,1.642192471677274
2.8000000000000003,55.99923766964147,0.1274181282325387,0.02366326556901329,0.08578092099821329,0.013915221082857096,0.013915221082857096,0.0018087108751821575,0.009182706586739359,1.7156184199642657
2.81,56.19917960727177,0.132236745037532,0.02453079717750594,0.08771894041592365,0.014418938649460847,0.014418938649460847,0.002089670517975411,0.010592541976371663,1.754378808318473
2.82,56.39911723630646,0.1372309274938379,0.0254203174307499,0.09017691669998432,0.014926130328139574,0.014926130328139572,0.002395295990627242,0.012125741256417607,1.8035383339996862
2.83,56.5990502749835,0.14240560070162742,0.02633721933778001,0.09319340938849124,0.0154366474103027,0.0154366474103027,0.0027215958852193356,0.013762345900199705,1.8638681877698249
2.84,56.798978398317146,0.1477668031311023,0.02728723802036574,0.09679831038339956,0.015949293738368196,0.0159492937383682,0.0030642295733197544,0.015480640803982454,1.9359662076679913
2.85,56.99890123179966,0.15332174602778548,0.02827636140781394,0.10101231993009628,0.01646392908421776,0.01646392908421776,0.0020751061858715544,0.01054017022019995,2.0202463986019255
2.86,57.19881837084344,0.15907796366879753,0.029297390887476234,0.10318632905885158,0.017043742456737995,0.017043742456737995,0.002397560953916574,0.012158242194150251,2.063726581177032
2.87,57.39872945721652,0.16504067275097553,0.030343159177132355,0.10595808935719955,0.01762603438567026,0.017626034385670262,0.002747470213893616,0.013913611413324783,2.119161787143991
2.88,57.59863410594243,0.17121542402277065,0.031419857182883114,0.10937013791102783,0.01821056046581895,0.018210560465818953,0.0031199772522223918,0.01578199186577015,2.1874027582205566
2.89,57.79853187352594,0.17760904401750066,0.032534048706366586,0.11345455161036909,0.018795859684676095,0.018795859684676095,0.003509817196532143,0.017737044579507477,2.2690910322073816
2.9,57.99842224962531,0.18422969869418984,0.03369256280319605,0.11823234124851302,0.019382767164504582,0.019382767164504582,0.0023513030997026826,0.011950343170158459,2.3646468249702606
2.91,58.19830468441887,0.19108590072799334,0.034886883554130305,0.120623837014708,0.020042438545018904,0.0200424385450189,0.0027170951662519316,0.013785900216709846,2.41247674029416
2.92,58.398178694673206,0.19818343903537367,0.03610852846187832,0.12369490728589579,0.02070276563020188,0.02070276563020188,0.003112845874645241,0.015771257029528224,2.4738981457179157
2.93,58.598043762718596,0.2055284588811723,0.037364523377013015,0.12749142026743784,0.021363373305163122,0.021363373305163122,0.003532667118118317,0.017876969323643216,2.549828405348757
2.94,58.797899293037105,0.2131285501057107,0.038662289777823655,0.1320466751952737,0.022022486607079745,0.022022486607079745,0.003970200458530158,0.02007122715872159,2.6409335039054738
2.95,58.99774460150809,0.22099281302727275,0.04000951562925525,0.13738071435589932,0.022682691901506867,0.022682691901506867,0.002622974607098566,0.013341699954507898,2.7476142871179867
2.96,59.19757895356269,0.22913070768555013,0.041396182230608765,0.13994406113499533,0.023422369596553177,0.02342236959655318,0.0030320678870682243,0.015394563131306653,2.7988812226999067
2.97,59.39740170964526,0.23754851421651474,0.04281230615713087,0.14326963853447391,0.024159720776001797,0.0241597207760018,0.0034730414939351324,0.01760680467743568,2.8653927706894784
2.98,59.59721218730348,0.24625287956071698,0.04426575063989518,0.14740547143991942,0.02489420072939453,0.02489420072939453,0.003938797321126911,0.0199429286129285,2.9481094287983884
2.99,59.79700960272552,0.2552520628456367,0.04576478386715273,0.1523845764305759,0.025623672776501575,0.025623672776501575,0.0044217058103625945,0.022364765779577987,3.047691528611518
3.0,59.99679305725254,0.26455600048183464,0.047317925081250906,0.15822420031421056,0.026353671426718125,0.026353671426718125,0.002868564596264417,0.014606359695589266,3.1644840062842112
3.0100000000000002,60.19656158995081,0.27417498472161017,0.04891346856143372,0.16087565723208078,0.027167976209942973,0.027167976209942973,0.003318201526956735,0.016862687396883104,3.2175131446416154
3.02,60.39631437427395,0.28411562550498864,0.05053974594535822,0.16436817742298487,0.027975421321135556,0.027975421321135556,0.003800683642432162,0.019283172425372166,3.2873635484596972
3.0300000000000002,60.5960505325436,0.294384891852039,0.05220541045416673,0.1687501173755169,0.028775256117153317,0.02877525611715332,0.004307525016283537,0.021825377642589214,3.375002347510338
3.04,60.795769058550036,0.3049915206982409,0.05391950975903729,0.1740520698228113,0.029564945652565854,0.029564945652565854,0.004829655377432823,0.024443926343689776,3.481041396456226
3.0500000000000003,60.99546880125035,0.31594607684249704,0.05569130426808736,0.18028605134218728,0.030354734153522,0.030354734153521995,0.0030578608683827497,0.015592851683448969,3.605721026843746
3.06,61.1951485361578,0.3272594527946088,0.057507234604323595,0.18289133134309427,0.031230464561511868,0.031230464561511864,0.003541654182926783,0.018020575560249035,3.657826626861885
3.0700000000000003,61.39480722669783,0.33893831943888203,0.059353782180688125,0.18640646641446498,0.03209283447960177,0.03209283447960177,0.004057869529971266,0.020610275994652347,3.7281293282892998
3.08,61.594443778963225,0.3509896735762463,0.06124027697014178,0.19087758723341844,0.03294086598940371,0.03294086598940372,0.004596479301908887,0.023311805169438475,3.8175517446683687
3.09,61.79405694128727,0.3634224098479703,0.06317640603960907,0.19633005116225904,0.03377161728315031,0.033771617283150306,0.005146837707835181,0.026071904712007408,3.9266010232451807
3.1,61.993645285448224,0.37624736986938195,0.0651720017005376,0.2027676217252052,0.03460249569579469,0.0346024956957947,0.0031512420469066577,0.016102235191491236,4.055352434504104
3.11,62.19320730187979,0.38947566274725604,0.06721152650553561,0.20512946619180555,0.03551614501456864,0.03551614501456864,0.0036583496499052186,0.018646909699671782,4.102589323836111
3.12,62.39274173988441,0.4031136169715655,0.06927949072711109,0.20845230162852346,0.03640759592234435,0.03640759592234435,0.004195627538521526,0.021342213651831074,4.169046032570469
3.13,62.5922472900839,0.41716782105471223,0.07138570807386273,0.21277675239575244,0.037275657455272636,0.03727565745527263,0.0047514119084030165,0.02412981611656781,4.255535047915049
3.14,62.79172245715398,0.43164684892800526,0.07354027857449914,0.21811953784110696,0.03811702555226485,0.03811702555226485,0.005313420748589232,0.02694827399846881,4.36239075682214
3.15,62.99116553945502,0.44656129145988493,0.07575334571931472,0.22447271315086312,0.03895945922320143,0.038959459223201424,0.003100353603773656,0.015891362611100295,4.4894542630172625
3.16,63.190574753213646,0.46192190776877456,0.07800734637955294,0.22632125687482696,0.03987495159692091,0.03987495159692091,0.0036149798540275613,0.018473648786107015,4.526425137496539
3.17,63.38994866447767,0.47773412515176666,0.08028477916287906,0.22915585082261739,0.04075687164364759,0.04075687164364759,0.004155328333192486,0.02118421038239891,4.583117016452348
3.18,63.58928578790594,0.4940035265831183,0.08259566146964446,0.23300777036204634,0.041603894599711234,0.04160389459971123,0.004708111540952534,0.02395659665075978,4.660155407240927
3.19,63.7885844298705,0.5107377081206608,0.08495018832716897,0.23788135530730103,0.04241248546560521,0.042412485465605214,0.005259475412348502,0.026721501916398563,4.757627106146021
3.2,63.9878426681807,0.5279462854184818,0.0873584600379177,0.24375341265236325,0.04322452965933522,0.043224529659335216,0.002851203701599775,0.014688263804592226,4.875068253047265
3.21,64.18705850965168,0.5456389002951506,0.08980096217624914,0.24474371389753713,0.04409185720747823,0.04409185720747823,0.0033527594435663888,0.017204715789906726,4.894874277950743
3.22,64.38623042230512,0.5638193591029825,0.0922582684728487,0.24671098762030086,0.04491185158279293,0.044911851582792935,0.0038732132824181166,0.019815184927918512,4.934219752406017
3.23,64.5853568429347,0.582491479327589,0.09474023839031387,0.24967312175653775,0.045683233830717526,0.045683233830717526,0.004397828814007354,0.022445976408343945,4.993462435130755
3.24,64.78443598975532,0.6016610435321098,0.09725676208173742,0.25361846493702844,0.046402493065895355,0.046402493065895355,0.004911424596389366,0.025021147912605783,5.072369298740568
3.25,64.98346584462442,0.621335773862267,0.09981746346679192,0.25850552133196153,0.04712952058415354,0.04712952058415353,0.0023507232113348653,0.012224911262515861,5.170110426639231
3.2600000000000002,65.1824443462867,0.6415232359388592,0.10240112724200984,0.2582281582865322,0.04788523402239791,0.047885234022397916,0.002815008213722908,0.01455389340883852,5.164563165730644
3.27,65.38137002272764,0.6622247568784767,0.10498667200555657,0.258878626122974,0.04857817553413945,0.048578175534139456,0.0032891278042118804,0.016931420776400797,5.177572522459481
3.2800000000000002,65.58024140712254,0.683441495385447,0.10758338034503324,0.2604577777545812,0.049207423745299045,0.049207423745299045,0.0037572848701219602,0.01927849858806279,5.209155555091623
3.29,65.77905682223131,0.7051764415885953,0.11020038635089098,0.2629351651780907,0.04976989949622807,0.049769899496228065,0.004203442234499907,0.021514910167461817,5.258703303561814
3.3000000000000003,65.97781436796339,0.7274343542857584,0.11284636328900707,0.2662491753688434,0.05034654163614433,0.050346541636144326,0.0015574652963838143,0.008290791898280515,5.324983507376868
3.31,66.1765121486106,0.7502196239192281,0.1154988783297356,0.26426046204669845,0.05091717923189035,0.05091717923189034,0.0019591364156710117,0.010304853870673963,5.285209240933969
3.3200000000000003,66.37514899186085,0.7735301650321742,0.11813570519345112,0.2631087498675371,0.051409387143788135,0.051409387143788135,0.002359892113444617,0.012313554438660968,5.2621749973507415
3.33,66.57372378367967,0.7973635241730783,0.12076512009499886,0.26277534183990586,0.05182305631626267,0.05182305631626267,0.0027435039666077188,0.014235750396201221,5.2555068367981175
3.34,66.77223523058157,0.8217188602184481,0.12339505292669443,0.2632097763349951,0.052156100659513475,0.05215610065951348,0.003093794023991639,0.01599053112655333,5.264195526699902
3.35,66.97068185517635,0.8465968423576425,0.12603277322943607,0.2643305481801333,0.05251127394610177,0.05251127394610177,0.00045607372125000545,0.002805481345711045,5.286610963602666
3.36,67.1690622497464,0.8719975533892892,0.12865539473898852,0.2602074976993128,0.05282061166422552,0.05282061166422552,0.000772361865516824,0.004390015444226375,5.2041499539862555
3.37,67.36737585085912,0.8979146006528196,0.13124034336053547,0.2567936066339095,0.05303792150443973,0.05303792150443973,0.001076278017830029,0.005911769304194543,5.135872132678189
3.38,67.56562221799919,0.9243410300099026,0.13379451551510582,0.2540499700464466,0.05316447153354827,0.05316447153354828,0.0013520152209980096,0.007291720820325531,5.080999400928931
3.39,67.76380078427728,0.951271208898625,0.13632426544319026,0.25190715851840795,0.05319983444593464,0.05319983444593464,0.0015841773142654116,0.008452884915786406,5.0381431703681585
3.4,67.96191086147643,0.9787006875140896,0.13883510703916263,0.2502666292927777,0.05326531229991517,0.05326531229991517,-0.000926664281706957,-0.004100668285535633,5.005332585855554
3.41,68.15995190495993,1.0066242395981042,0.1413047657449868,0.2436870445669151,0.053245594210913204,0.053245594210913204,-0.0007115302776503074,-0.0030251954461424048,4.873740891338302
3.42,68.35792429360214,1.035030471749169,0.14371141887530606,0.23766366012781961,0.05312523880770729,0.05312523880770729,-0.00051965726736794,-0.0020670339487626273,4.753273202556392
3.43,68.5558285929452,1.0639072774401301,0.14606034011555227,0.23213900406782212,0.05290747097009081,0.05290747097009081,-0.0003654337162580234,-0.001298093871589209,4.642780081356443
3.44,68.75366530918036,1.0932435372264389,0.14835609127499855,0.2270282642002939,0.05260395747492953,0.05260395747492953,-0.0026611848757042977,-0.012779884803772193,4.540565284005878
3.45,68.95143514108508,1.1230273771097936,0.15057843146286096,0.2174716299030601,0.05231786155947518,0.05231786155947519,-0.0024847837001578665,-0.011900739885194581,4.349432598061202
3.46,69.14913971492098,1.1532413864788882,0.15270790125846112,0.208452394357782,0.051933352086876994,0.051933352086876994,-0.0023287828426105106,-0.011124580692183783,4.1690478871556405
3.47,69.34678086013034,1.1838675814586508,0.15474961666074427,0.1999191312763421,0.05145685824381709,0.05145685824381709,-0.002206947470065085,-0.010520168767887254,3.9983826255268418
3.48,69.54436036873409,1.2148889448965994,0.1567080479034403,0.1917942012837952,0.05089353834157912,0.050893538341579114,-0.002132115027336235,-0.010151639753265383,3.835884025675904
3.49,69.74188000743273,1.2462892722509227,0.15858676911855096,0.18397610295226763,0.05027794121631876,0.05027794121631876,-0.004010836242446886,-0.01955140180007124,3.6795220590453526
3.5,69.93934173962529,1.2780517299207514,0.1603694111535904,0.17259025816216042,0.049644095539485386,0.049644095539485386,-0.0038985233037626137,-0.018996175563418215,3.4518051632432085
3.5100000000000002,70.13674834416224,1.3101550501343417,0.16204042885906939,0.161649752525835,0.048924093665971724,0.048924093665971724,-0.003820508121839622,-0.018613299672538393,3.2329950505167
3.52,70.33410278464135,1.3425775217706977,0.16360388897384154,0.1510775124272755,0.04812552580882713,0.04812552580882713,-0.003788001651767403,-0.018458753000748743,3.02155024854551
3.5300000000000002,70.53140801038302,1.3752981695460915,0.16506298394174315,0.14077582129117258,0.047255014299047715,0.047255014299047715,-0.003810813007635583,-0.01858151489518744,2.8155164258234517
3.54,70.72866697731658,1.4082965607203786,0.16641984143879443,0.13062950033899523,0.04635547793861457,0.04635547793861457,-0.005167670504686861,-0.025374797744048157,2.6125900067799046
3.5500000000000003,70.92588281704242,1.441551746798774,0.16766274718654772,0.11799376974586917,0.045412584458144264,0.045412584458144264,-0.00514000963387462,-0.02524592232479166,2.3598753949173834
3.56,71.12305927302131,1.475039670452625,0.168780806860819,0.10565928146741017,0.04439982346022712,0.04439982346022712,-0.005158619967152639,-0.025349101601160922,2.1131856293482034
3.5700000000000003,71.3202002334183,1.5087359375925642,0.1697765419295487,0.09352817068948621,0.04332560960856366,0.043325609608563666,-0.005230743140912014,-0.025720459608474435,1.8705634137897242
3.58,71.51730959551476,1.5426165635187958,0.170651433165275,0.08149020437464403,0.04219780012360139,0.04219780012360139,-0.005361858945739623,-0.0263873167274621,1.6298040874928807
3.59,71.71439129268566,1.5766577552438052,0.1714058156820332,0.06942651265014305,0.04104798576047488,0.04104798576047488,-0.006116241462497812,-0.030170727454884312,1.388530253002861
3.6,71.9114493891571,1.610835310626361,0.17203324302026415,0.05610336699172714,0.03984783293844484,0.039847832938444835,-0.006182972581145724,-0.03051638457634417,1.1220673398345429
3.61,72.10848828140442,1.6451234151997831,0.17252807565026504,0.042907147901187964,0.03859840712202019,0.03859840712202019,-0.0063026459658825085,-0.03112724575819234,0.8581429580237593
3.62,72.30551245083994,1.6794960236083631,0.17289104333950558,0.029730314219429642,0.037308797723164325,0.03730879772316433,-0.0064776422622663254,-0.03201512333409998,0.5946062843885929
3.63,72.50252640592113,1.7139271333140609,0.17312178765868774,0.016462776247425627,0.03598799311128971,0.035987993111289716,-0.006708386581448483,-0.03318205297612952,0.3292555249485125
3.64,72.69953470950813,1.7483905672120827,0.1732188561731294,0.0029958180280902132,0.034634365733378504,0.034634365733378504,-0.006805500772147949,-0.03368116020340596,0.059916360561804265
3.65,72.89654198436457,1.7828598816669674,0.173181601275152,-0.010402136257317098,0.033247873817256794,0.033247873817256794,-0.006956308733451294,-0.0344490649290839,-0.20804272514634195
3.66,73.09355285340295,1.8173086461283041,0.17301017212052405,-0.0238389039196951,0.03183793415561644,0.03183793415561644,-0.007160130632454159,-0.03548227382071463,-0.47677807839390196
3.67,73.2905719444719,1.8517103529364811,0.1727036573424374,-0.03741878389180735,0.03041409087462616,0.03041409087462616,-0.007414404452873918,-0.03676788135562333,-0.748375677836147
3.68,73.48760391518681,1.8860382111639151,0.17226013858529657,-0.05123889891977539,0.028973270904063392,0.02897327090406339,-0.006970885695733092,-0.03456469576962483,-1.0247779783955078
3.69,73.68465339032312,1.9202654405947388,0.17168416866427916,-0.0639128373855902,0.027498753992053253,0.027498753992053253,-0.007138784384717628,-0.03541893438366761,-1.2782567477118039
3.7,73.88172471166223,1.9543666524424381,0.17098102120107514,-0.07667411621264957,0.026019852565094564,0.026019852565094568,-0.007359343026789866,-0.03653651660829839,-1.5334823242529914
3.71,74.07882213827239,1.9883166466934143,0.17014930827464325,-0.08962529700310481,0.024545622284010967,0.024545622284010967,-0.007627174915711105,-0.03789041835571541,-1.7925059400620964
3.72,74.27594993468504,2.0220898429334833,0.16918668022570424,-0.10285620824751329,0.02308564036885645,0.02308564036885645,-0.007935210458848289,-0.039445195890552884,-2.057124164950266
3.73,74.47311238967065,2.0556601024815624,0.1680899684505868,-0.11644086305349921,0.021606018840117668,0.02160601884011767,-0.006838498683730849,-0.033976433230253074,-2.328817261069984
3.74,74.67031366971906,2.0890015208332504,0.16686962455480497,-0.12759074855403713,0.020115388193319785,0.020115388193319785,-0.007054537110445486,-0.03507153167029423,-2.5518149710807423
3.75,74.86755734539244,2.1220911941341094,0.16553671372790307,-0.13895353956835071,0.01865065749565502,0.01865065749565502,-0.0073176935567437484,-0.03640196120876219,-2.7790707913670145
3.7600000000000002,75.06484683007878,2.154906620947655,0.16408866052392962,-0.15061821764390904,0.01721993904169113,0.01721993904169113,-0.007618776151003509,-0.03792168136460063,-3.0123643528781807
3.77,75.26218554055778,2.1874246953082306,0.1625220999907475,-0.1626537691233847,0.015832177149909237,0.015832177149909237,-0.007947275973550464,-0.039578058096253234,-3.253075382467694
3.7800000000000002,75.45957690754757,2.219621569727759,0.16083308873547067,-0.1751069698513327,0.014409559642401728,0.014409559642401728,-0.006258264718273648,-0.031147227994944224,-3.502139397026654
3.79,75.65702416313549,2.251473893213615,0.15903753234355403,-0.18397474826547683,0.013017046298397974,0.013017046298397972,-0.00649608011830613,-0.032350230128546674,-3.6794949653095363
3.8000000000000003,75.85452970256351,2.2829627807624995,0.15715178901860535,-0.19314335366699845,0.011679990592977764,0.011679990592977764,-0.00677399865775466,-0.03375319338284352,-3.862867073339969
3.81,76.05209571352268,2.3140699865495007,0.15517248310447737,-0.20268601919187962,0.010404725746214087,0.010404725746214087,-0.00708027773366124,-0.03529734141084406,-4.053720383837592
3.8200000000000003,76.24972439193816,2.3447765182131,0.153095630661326,-0.21265125086991485,0.00919470211465739,0.00919470211465739,-0.005003425290509872,-0.024925179431402787,-4.253025017398297
3.83,76.44741770521071,2.3750641131678445,0.15094072253423513,-0.218311506388294,0.007932733847396506,0.007932733847396506,-0.005247376381645297,-0.02615755456975252,-4.3662301277658795
3.84,76.64517668814601,2.404919905527935,0.14872732572210962,-0.22434773459194376,0.006738874707805824,0.006738874707805823,-0.005537246011197899,-0.02761884130891144,-4.486954691838875
3.85,76.84300217740078,2.4343317829283793,0.14645126305966225,-0.23084314579061385,0.005615948208749976,0.005615948208749976,-0.005859835220346027,-0.029243016619642636,-4.616862915812277
3.86,77.04089506032585,2.463286723414129,0.14410766471449638,-0.23785315574813892,0.004568042569795238,0.004568042569795238,-0.006201159690178953,-0.030960118025196815,-4.7570631149627784
3.87,77.2388562799348,2.491770684976792,0.1416912511981785,-0.2454043759255822,0.00356819781164299,0.00356819781164299,-0.00378474617386107,-0.01888804889118892,-4.908087518511644
3.88,77.43688657452758,2.519770365934513,0.13922405957527884,-0.24802521223625829,0.0025375555038524788,0.0025375555038524788,-0.0040796013539869955,-0.020372631214896453,-4.960504244725166
3.89,77.63498573092706,2.547278609534493,0.1367279704652267,-0.25118208650211277,0.0015859382884689179,0.0015859382884689179,-0.004413561372043434,-0.02205194747733248,-5.023641730042256
3.9,77.8331533853519,2.574288966663318,0.134197289852287,-0.25494150426716616,0.0007136832291599703,0.0007136832291599703,-0.004771890614664792,-0.023852316241032363,-5.098830085343323
3.91,78.03138928460605,2.600793800287376,0.1316258116570909,-0.2593394743731871,-7.730551686784134e-05,7.730551686784134e-05,-0.005139472800215095,-0.02569813705624415,-5.186789487463742
3.92,78.22969328255427,2.626784212738969,0.1290071234867842,-0.26438135285507114,-0.0008441695035688647,0.0008441695035688647,-0.0025207846299084014,-0.012612364844577695,-5.287627057101423
3.93,78.42806507696149,2.652251994457505,0.126364515314906,-0.2641410824491459,-0.0016194059792940766,0.0016194059792940764,-0.0028585560652801827,-0.014308974386193853,-5.282821648982918
3.94,78.62650347826809,2.6771954824172735,0.12372091526869596,-0.26457747211120325,-0.0023116458990068405,0.0023116458990068405,-0.0032281458421622444,-0.01616384566980129,-5.291549442224065
3.95,78.82500720931944,2.7016136175276526,0.12106930954075143,-0.26573979892323485,-0.0029228027963063164,0.002922802796306316,-0.0036142924671486304,-0.018100690363706214,-5.314795978464697
3.96,79.02357515766484,2.7255039122376292,0.11840234801244293,-0.2676461520121002,-0.003452991043879602,0.003452991043879602,-0.004001694000983325,-0.02004299991535542,-5.352923040242004
3.97,79.22220636452619,2.7488624127539363,0.11571265347287707,-0.27028396289911083,-0.003984799253351642,0.003984799253351642,-0.001311999461417468,-0.006599845299620856,-5.405679257982216
3.98,79.42089977557211,2.7716857407636737,0.11302355081916227,-0.26754569571152953,-0.004506183191918067,0.004506183191918067,-0.0016862445941489557,-0.008476284802663958,-5.35091391423059
3.99,79.6196535680382,2.793977135800259,0.11035783084207963,-0.26560476967842994,-0.00494711274907451,0.00494711274907451,-0.002085582372895342,-0.010477382991967455,-5.312095393568599
4.0,79.81846589663793,2.815740283080871,0.10770735167172978,-0.2644947645345171,-0.005311398343749467,0.005311398343749467,-0.0024949682792189676,-0.012527955379532333,-5.289895290690342
4.01,80.01733512171569,2.8369772325353533,0.10506378834809328,-0.2642188200390569,-0.005600882928076369,0.005600882928076369,-0.0028995632848475977,-0.014553825253518752,-5.284376400781138
4.0200000000000005,80.21625979244764,2.8576883903202592,0.10241893219479714,-0.2647506378338725,-0.005916398386219796,0.005916398386219797,-0.0002547071315514571,-0.0013326996416194834,-5.295012756677449
4.03,80.41523842258586,2.8778745686847222,0.09979507754351744,-0.26003600838796087,-0.006209266743838115,0.006209266743838116,-0.0006611908116119503,-0.0033680467254981325,-5.200720167759218
4.04,80.61426890119057,2.8975429792828367,0.09721385715922667,-0.25622078630957856,-0.006429818672968072,0.006429818672968072,-0.001086784537788141,-0.005498220875670385,-5.124415726191572
4.05,80.81334915069371,2.916701074723172,0.09466617791628593,-0.2533247161739652,-0.006583260498387054,0.006583260498387054,-0.0015171044159864588,-0.0076513546849161646,-5.066494323479303
4.0600000000000005,81.01247732211415,2.9353544959312994,0.09214289398603742,-0.2513386901874349,-0.006672714905821,0.006672714905821,-0.0019381282200228722,-0.00975736824917257,-5.026773803748697
4.07,81.21165177439372,2.9535070878985845,0.08963508894310447,-0.25022602740123795,-0.00680937454893506,0.00680937454893506,0.0005696768229100785,0.0027802903690610416,-5.004520548024759
4.08,81.41087088056034,2.9711628905458687,0.08716320898411999,-0.24417015133564457,-0.006918332744968593,0.006918332744968593,0.0001354047617195403,0.0006078404811480155,-4.883403026712891
4.09,81.61013253173934,2.9883319005896154,0.08474697013664202,-0.23909453744822942,-0.006967039490033973,0.006967039490033973,-0.0003122952291408632,-0.0016311465406046556,-4.781890748964589
4.1,81.80943469150512,3.0050241257494563,0.08237653496332432,-0.23500612571783588,-0.00696145614255875,0.00696145614255875,-0.0007599272976794164,-0.003869251049822669,-4.700122514356718
4.11,82.00877555522477,3.021247623687146,0.08004213126128515,-0.2318850187336867,-0.006905392823425624,0.006905392823425624,-0.0011944497932616788,-0.00604130289454265,-4.6377003746737335
4.12,82.20815352738434,3.03700853937379,0.07773431330092193,-0.22968590397077726,-0.0069131344526507385,0.006913134452650739,0.0011133681671015444,0.005497709490981215,-4.593718079415545
4.13,82.4075670593053,3.0523129900393062,0.07547119297599769,-0.22296057952453635,-0.006893818297609449,0.00689381829760945,0.0006595958733653234,0.0032290411838505227,-4.459211590490727
4.14,82.60701424475003,3.067172467362126,0.07327015058527507,-0.21726687826955093,-0.00682788578334843,0.00682788578334843,0.00019830856361555127,0.000923263960244272,-4.345337565391018
4.15,82.80649326944241,3.0815982535733406,0.07112089864932906,-0.2125990688135612,-0.00672135515817294,0.006721355158172939,-0.00025802504977860685,-0.0013573388004747638,-4.251981376271224
4.16,83.00600253612937,3.0955995998746313,0.06901333017378634,-0.20892686738266564,-0.00657808315937262,0.00657808315937262,-0.0006974486617822018,-0.003553024140504735,-4.178537347653313
4.17,83.20554064165854,3.109183784824426,0.06693775668704856,-0.20619693006539191,-0.006509560551590842,0.006509560551590843,0.0013781248249555844,0.006825528519262014,-4.123938601307838
4.18,83.40510624467056,3.1223578647553105,0.06490983080713111,-0.19941086689785228,-0.0064176495265427964,0.0064176495265427964,0.0009191864868487443,0.004531755938978294,-3.9882173379570456
4.19,83.60469774438096,3.135133637358025,0.0629445343395497,-0.19366757158709802,-0.0062917683460630746,0.006291768346063074,0.0004589837251286616,0.0022320009421826774,-3.8733514317419604
4.2,83.80431363406186,3.1475225189068556,0.06103153130535352,-0.1889487651418326,-0.006137380558558863,0.006137380558558864,8.810339024674374e-06,-1.732211046221676e-05,-3.7789753028366517
4.21,84.00395259622549,3.159533893471612,0.05916077878002095,-0.18521418893535233,-0.005957849796475672,0.005957849796475672,-0.00042059405960336027,-0.0021625487959815583,-3.7042837787070466
4.22,84.20361348101657,3.1711751915997946,0.05732273904303774,-0.1824031289797785,-0.0058576961269940055,0.0058576961269940055,0.00141744567737985,0.00702865142562931,-3.64806257959557
4.23,84.4032952008937,3.182453491105264,0.055530791128137934,-0.176007772579727,-0.005738107715485708,0.005738107715485708,0.0009727098836956743,0.004806168341323515,-3.52015545159454
4.24,84.60299648114155,3.193380002588653,0.05379774600262551,-0.17061921499217278,-0.0055941776832121246,0.0055941776832121246,0.0005327732734311114,0.0026079245903234357,-3.4123842998434557
4.25,84.80271613120568,3.203965460669022,0.05211368384750484,-0.16620792084580208,-0.005430436106650591,0.005430436106650592,0.00010757717381942171,0.0004835815080306026,-3.3241584169160414
4.26,85.00245311555732,3.2142186584628383,0.05046907592737866,-0.16272527240233747,-0.005249454396366296,0.005249454396366296,-0.0002935181191197622,-0.001520085139562474,-3.2545054480467495
4.2700000000000005,85.20220653459299,3.2241465433442187,0.04885496778568178,-0.16010509017476873,-0.00514631050985554,0.005146310509855539,0.001320590022577117,0.00655148700778703,-3.2021018034953745
4.28,85.40197554272847,3.2337556612550453,0.04728283724752973,-0.15434023429534988,-0.0050261494084981725,0.0050261494084981725,0.0009102307949109059,0.004500892480469548,-3.0868046859069977
4.29,85.60175915856061,3.2430561531977964,0.04576370862210441,-0.14950162005231146,-0.004887391486488506,0.004887391486488506,0.0005095845552486183,0.002499048861378207,-2.9900324010462294
4.3,85.80155646927663,3.2520576739058646,0.04428850835785312,-0.14555159997925762,-0.004733566215364125,0.004733566215364125,0.00012708490523673927,0.000588088864030055,-2.9110319995851524
4.3100000000000005,86.00136668267494,3.260768110734239,0.042848619344579515,-0.1424365864070984,-0.004566455699707572,0.004566455699707572,-0.00022941755369460665,-0.001192752325470109,-2.848731728141968
4.32,86.20118911126426,3.2691936896844775,0.0414360329754102,-0.14008851459894778,-0.004470689226511369,0.004470689226511368,0.001183168815474707,0.005871137185108421,-2.8017702919789556
4.33,86.40102311005124,3.277340260844791,0.040060728139449525,-0.1349894500529831,-0.004358380918518971,0.00435838091851897,0.0008225116575572566,0.004068974478601093,-2.699789001059662
4.34,86.60086793491239,3.285216814175647,0.038732327008152274,-0.1307050579989482,-0.004229844770967173,0.004229844770967173,0.00047440219324251104,0.0023297125185028833,-2.6141011599789636
4.3500000000000005,86.8007228942933,3.292831908888478,0.03744288875045839,-0.1271942964761592,-0.004087823429957494,0.004087823429957493,0.00014571661651372608,0.0006877048482690555,-2.543885929523184
4.36,87.00058738708398,3.300192564155598,0.03618494712927333,-0.12440333129448147,-0.003933564318125183,0.003933564318125183,-0.00015721825425299427,-0.0008254269144462232,-2.4880666258896293
4.37,87.20046089009308,3.307304365902993,0.034951631725416404,-0.12226687125254611,-0.0038413203489034023,0.0038413203489034028,0.0010760971496039315,0.0053420725445306235,-2.4453374250509223
4.38,87.4003429118992,3.3141725940331055,0.03375172186991826,-0.11773022252373762,-0.0037319278383713835,0.0037319278383713835,0.0007711746498953662,0.003818553971093117,-2.3546044504747523
4.39,87.60023288918475,3.320805278964915,0.03259370102101185,-0.11388675923748758,-0.003606848823703589,0.003606848823703589,0.0004791505117298922,0.002359684070412425,-2.2777351847497513
4.4,87.8001302978611,3.3272101053282293,0.031470834622675845,-0.11069715281265054,-0.003468402387347314,0.0034684023873473146,0.00020545842910842105,0.000992608121668632,-2.2139430562530107
4.41,88.00003468048709,3.333393455290101,0.030376831428361516,-0.10811210317535444,-0.003317664522698636,0.0033176645226986362,-4.494657123382123e-05,-0.0002579095013960925,-2.162242063507089
4.42,88.19994563685665,3.3393605065058045,0.02930593749516035,-0.10607347910951054,-0.0032192246700569883,0.003219224670056988,0.0010259473619673443,0.005097544563136151,-2.121469582190211
4.43,88.39986279050575,3.345116205384838,0.028265867151603476,-0.10195432059714238,-0.003103408391229253,0.003103408391229253,0.000772396245753721,0.0038309471448563126,-2.0390864119428476
4.44,88.59978571412726,3.3506678955920792,0.027264062818383294,-0.09841833307275939,-0.002972467704970936,0.0029724677049709357,0.0005299823155264262,0.0026201869005824216,-1.9683666614551878
4.45,88.79971400995358,3.356022650113747,0.026294861649457008,-0.09543185597467388,-0.0028286349652052556,0.0028286349652052556,0.0003029715841814523,0.001486571571255209,-1.9086371194934775
4.46,88.99964732945394,3.361186446759375,0.025352976393469624,-0.09295345683419705,-0.00267343906349878,0.00267343906349878,0.0012448568401688363,0.006197549810209194,-1.859069136683941
4.47,89.19958534767343,3.366165012902232,0.02444498839047766,-0.0886584609041295,-0.002562549388029117,0.002562549388029117,0.0010032352505250225,0.004990550758744821,-1.77316921808259
4.48,89.39952770601238,3.3709661409049154,0.02357712571095841,-0.08492651524159295,-0.002439750527012327,0.002439750527012327,0.0007666848516040582,0.003809026752750168,-1.698530304831859
4.49,89.59947407408313,3.3755972941120387,0.02274386439589546,-0.08173638191036701,-0.0023081467813417726,0.0023081467813417726,0.0005393270010375338,0.0026735535373742514,-1.6347276382073404
4.5,89.79942416470087,3.3800648557459883,0.02193993163444733,-0.07905909497252107,-0.0021698293858394345,0.0021698293858394345,0.00032503950919874486,0.00160349925213533,-1.5811818994504214
4.51,89.99937772841551,3.384374186514856,0.021160379877100583,-0.07685859175697346,-0.0020264995611477643,0.0020264995611477643,0.0011045912665454925,0.005502691337115985,-1.5371718351394692
4.5200000000000005,90.19933453493869,3.388530344461856,0.020410361216143123,-0.073157477900212,-0.0019248384327275614,0.0019248384327275614,0.0008774051078928279,0.004367777155136864,-1.46314955800424
4.53,90.39929433217742,3.3925400552157927,0.019694731265604046,-0.06997910713707914,-0.00181730125984092,0.00181730125984092,0.0006554771813031337,0.0032592128939172593,-1.3995821427415827
4.54,90.5992568898057,3.3964096773969543,0.01900836687236935,-0.06730269319304287,-0.0017064286439463525,0.0017064286439463525,0.00044258017856959805,0.0021958366064085267,-1.3460538638608575
4.55,90.79922200957955,3.4001445686500342,0.018346388107418926,-0.06510040102057864,-0.0015938250382448193,0.0015938250382448193,0.00024226424737297178,0.0011953829864824108,-1.3020080204115727
4.5600000000000005,90.99918952114801,3.40374914105847,0.01770422586127449,-0.06333792333369677,-0.0014808622158285136,0.0014808622158285136,0.0008844264935174082,0.004407323845428756,-1.2667584666739353
4.57,91.19915926860715,3.407227477725457,0.017085894583309603,-0.060338331239595526,-0.0014063229710387728,0.0014063229710387728,0.0006761229616581432,0.0033665515785803284,-1.2067666247919104
4.58,91.39913108119782,3.4105850074094213,0.016495193519850782,-0.057810308481245784,-0.0013297923689084051,0.0013297923689084051,0.00047456721014451503,0.002359538127033491,-1.1562061696249157
4.59,91.59910480389442,3.413826790299996,0.015927520891430083,-0.05573114797359101,-0.0012530246435710523,0.0012530246435710523,0.0002831056970490041,0.00140299823880931,-1.1146229594718202
4.6000000000000005,91.79908030448594,3.416956991298754,0.01537853294153099,-0.05407197277826906,-0.0011769391225479407,0.0011769391225479407,0.00010485479547153732,0.0005125045861322072,-1.0814394555653812
4.61,91.99905747040494,3.41997893754914,0.01484420275322895,-0.052798310567212105,-0.0011023228629860823,0.0011023228629860823,0.0006391849837735775,0.0031849016902380264,-1.055966211344242
4.62,92.1990361990344,3.4228956491181934,0.014327792006085605,-0.05049152839683023,-0.0010611237262687582,0.0010611237262687582,0.00045905383646588707,0.002284657945066748,-1.0098305679366046
4.63,92.39901637683116,3.4257112609738307,0.013832431388337889,-0.048586943983308116,-0.001018875105055503,0.001018875105055503,0.00028740111436807887,0.0014268168207898393,-0.9717388796661623
4.64,92.59899790081472,3.4284295881651428,0.013354223118102063,-0.04705980071452054,-0.0009765561725371576,0.0009765561725371577,0.00012698679736219962,0.0006251684250856266,-0.9411960142904108
4.65,92.79898068346142,3.43105369277184,0.01288954191764287,-0.04588037094356789,-0.0009344479025031174,0.0009344479025031173,-1.967055859378522e-05,-0.00010769727199395727,-0.9176074188713578
4.66,92.99896465036745,3.433585943153332,0.012435081845561986,-0.0450145297082037,-0.0008927916958927682,0.0008927916958927682,0.0004347895134870997,0.002165019650476571,-0.900290594164074
4.67,93.19894973334269,3.436028470074629,0.011993709458519661,-0.043265777073928445,-0.000877831764183079,0.000877831764183079,0.00029103204238861875,0.0014463818943012629,-0.8653155414785689
4.68,93.39893585568426,3.4383843705682415,0.011568223140977791,-0.04183625168112421,-0.0008602488367288674,0.0008602488367288674,0.00015655341254621098,0.0007741645743637662,-0.8367250336224842
4.69,93.5989229473012,3.440656510269629,0.011155554556519726,-0.040701248682462554,-0.0008404947275393579,0.0008404947275393579,3.340973705134691e-05,0.00015864373798134095,-0.8140249736492511
4.7,93.79891094814612,3.442847167142963,0.010752900378870767,-0.039832482831972105,-0.000818482304012687,0.000818482304012687,-7.657641927473827e-05,-0.0003910669194138182,-0.7966496566394421
4.71,93.99889980656872,3.4449580878681547,0.010357755430936276,-0.03919861970386865,-0.0007941774458443613,0.0007941774458443613,0.0003185685286597531,0.001584900868840322,-0.783972394077373
4.72,94.19888947450163,3.446990875601737,0.009972811869503068,-0.03779477223346612,-0.0007892834624687216,0.0007892834624687215,0.00021309417282977874,0.0010575780295242064,-0.7558954446693223
4.73,94.39887989724944,3.448948002966113,0.009600719679383338,-0.036627556641416946,-0.0007791094541624902,0.0007791094541624901,0.00011607230110100529,0.0005725704109634015,-0.732551132828339
4.74,94.59887102413722,3.4508318104030886,0.00923922011707522,-0.03567552935241536,-0.000763954771401418,0.0007639547714014179,2.887365684064655e-05,0.00013672873648921857,-0.7135105870483072
4.75,94.79886281095987,3.4526442088682443,0.00888628035525692,-0.03491495833418307,-0.0007437320052160025,0.0007437320052160025,-4.732683022285605e-05,-0.00024407147116644028,-0.6982991666836614
4.76,94.99885521889217,3.4543867271483726,0.008540114202565337,-0.03432025461726648,-0.000718481635527795,0.0007184816355277951,0.00029883932246872573,0.0014870117959883506,-0.6864050923453296
4.7700000000000005,95.1988482112299,3.4560608351106636,0.00820327521198763,-0.03305177191771569,-0.0007064332696803341,0.0007064332696803341,0.0002252677063313436,0.0011192741989599147,-0.6610354383543138
4.78,95.39884174645734,3.457668788784905,0.007878264445020426,-0.03195404070419733,-0.0006871172465634522,0.0006871172465634522,0.00015779820195541312,0.0007821198373114311,-0.6390808140839466
4.79,95.59883578570837,3.4592127880128185,0.007563452109419993,-0.031011568098071898,-0.000661017455951953,0.000661017455951953,9.728968551225155e-05,0.00047983825300173817,-0.6202313619614379
4.8,95.7988302945263,3.4606947226685856,0.007257370324894096,-0.030207469227819413,-0.0006283448920758356,0.0006283448920758357,4.446685663242987e-05,0.000216050834241391,-0.6041493845563882
4.8100000000000005,95.99882524217963,3.4621162063299358,0.006958725577311491,-0.02952375939895764,-0.0005894730908668559,0.0005894730908668559,0.0003431116042150349,0.0017096632901665058,-0.5904751879791528
4.82,96.19882059950496,3.4634788397952336,0.006669817420215432,-0.028262077768698934,-0.0005599888178830336,0.0005599888178830337,0.0002888152554970519,0.001438476389306429,-0.5652415553739787
4.83,96.3988163342701,3.4647849102237993,0.006392861972118913,-0.027132776316783336,-0.0005231848972636878,0.0005231848972636878,0.0002375765134908711,0.0011826507184817187,-0.5426555263356667
4.84,96.59881241633079,3.466036678544533,0.006126579100111905,-0.026127150285376644,-0.00047988737727450197,0.000479887377274502,0.00019001132885696718,0.0009452577705120909,-0.5225430057075329
4.8500000000000005,96.79880881886692,3.467236158734503,0.005869780956398238,-0.02523545088974445,-0.000430707278268375,0.000430707278268375,0.0001466682329287908,0.0007290340918612703,-0.504709017794889
4.86,96.99880551794618,3.4683851372654164,0.005621381649405454,-0.02444703863901438,-0.0003764022952803088,0.0003764022952803088,0.00039506753992157514,0.0019715736766550726,-0.4889407727802876
4.87,97.19880249108921,3.4694853847318683,0.005383256741486119,-0.0231821593525137,-0.0003304331547931065,0.0003304331547931065,0.00034614282062333043,0.001727409771568721,-0.46364318705027396
4.88,97.39879971415863,3.4705392319865407,0.005157169888970702,-0.022039021738855392,-0.00027925935730397294,0.0002792593573039729,0.000297679805609157,0.001485606434472745,-0.4407804347771078
4.89,97.59879716484946,3.4715489659336978,0.0049419204583618665,-0.021014280303848637,-0.00022397437139726453,0.00022397437139726453,0.0002503098645987708,0.0012493095792798815,-0.42028560607697274
4.9,97.7987948235147,3.472516637104305,0.004736347188865958,-0.020103409933144835,-0.00016546264794080215,0.00016546264794080215,0.0002046468208432824,0.001021579477737004,-0.40206819866289667
4.91,97.9987926728562,3.473444068688979,0.004539339701266975,-0.019300763166852076,-0.00010469875703482225,0.00010469875703482225,0.00040165430844226515,0.0020072245546409774,-0.3860152633370415
4.92,98.1987906969361,3.4743330272578565,0.004352237163005766,-0.018123668268473284,-5.324727917157219e-05,5.3247279171572185e-05,0.000348377220544544,0.0017413536299310042,-0.36247336536946567
4.93,98.39878887904392,3.475185699677916,0.004176260430416304,-0.017075173351321974,-2.5508269741908207e-08,2.5508269741908815e-08,0.00029432495409907177,0.0014716245154126615,-0.34150346702643947
4.94,98.59878720402018,3.476004182805883,0.00401012861318547,-0.0161542599106952,5.385653679965559e-05,5.385653679965558e-05,0.00024029190273813696,0.0012019980790586814,-0.323085198213904
4.95,98.79878565878248,3.476790318865118,0.0038525787740607853,-0.01535836100082237,0.00010752008876640459,0.00010752008876640459,0.0001870733309278466,0.000936441855526897,-0.30716722001644736
4.96,98.99878423208548,3.47754570057403,0.0037023812726889537,-0.014683389255867955,0.00016006700355164215,0.00016006700355164215,0.00033727083229967815,0.0016879548315339072,-0.2936677851173591
4.97,99.1987829138141,3.478271813178701,0.0035603594952032937,-0.013724163768283087,0.00020176441486220446,0.00020176441486220446,0.00027747107827809066,0.0013893730355390753,-0.27448327536566175
4.98,99.39878169348198,3.4789704348531507,0.0034272414839241227,-0.012902178531509078,0.0002419468954839696,0.00024194689548396963,0.00021728223561862147,0.001088830647047947,-0.2580435706301816
4.99,99.59878056178215,3.479643209738124,0.003301664574157938,-0.012215492453157539,0.0002797806376465351,0.0002797806376465351,0.0001576514375533451,0.0007910549941431909,-0.24430984906315079
5.0,99.79877951092102,3.4802915120008464,0.003182294711253718,-0.011660330729691828,0.00031468182379706586,0.00031468182379706586,9.951318467433254e-05,0.0005007127416096333,-0.23320661459383657
5.01,99.99877853443014,3.4809164533698063,0.003067844485037901,-0.011231145180616344,0.00034610101656465663,0.00034610101656465663,0.00021396341089014936,0.0010732780646163934,-0.2246229036123269
5.0200000000000005,100.1987776266514,3.4815190070979427,0.0029587810150637312,-0.010583707014821418,0.0003660774737892351,0.0003660774737892351,0.0001528341009757895,0.0007678312796168398,-0.21167414029642836
5.03,100.39877678165932,3.4821003508459216,0.002855520771088939,-0.010070054015025105,0.00038276864036000294,0.00038276864036000294,9.284727731722177e-05,0.00046806407298970886,-0.20140108030050208
5.04,100.59877599431874,3.48266151310412,0.0027567504750336405,-0.009685287793718628,0.0003958054222224265,0.0003958054222224265,3.4960575763702886e-05,0.0001787609330407387,-0.19370575587437255
5.05,100.79877526050295,3.4832032652099767,0.0026612148516059614,-0.009422712173646975,0.00040505875459467345,0.00040505875459467345,-1.9913025755053347e-05,-9.551454122932e-05,-0.1884542434729395
5.0600000000000005,100.9987745769477,3.4837261347047077,0.0025677339887648963,-0.009273956264456576,0.0004104490292198111,0.0004104490292198111,7.35678370860117e-05,0.0003719436757222566,-0.18547912528913152
5.07,101.19877394087158,3.48423051787314,0.002476654622921136,-0.008943020062480156,0.0004056047014155793,0.0004056047014155793,2.015617627697166e-05,0.00010483692839901409,-0.17886040124960312
5.08,101.39877334919574,3.484716978528243,0.002388321075119491,-0.008724418195517262,0.0003978426298990228,0.00039784262989902273,-3.0400562972347868e-05,-0.00014802438856274913,-0.17448836391034522
5.09,101.5987727992824,3.4851859561292167,0.002301649462799565,-0.008610284726302509,0.0003872531875092948,0.00038725318750929477,-7.732443383494988e-05,-0.00038274963729965645,-0.17220569452605017
5.1000000000000005,101.79877228908016,3.4856376816896084,0.0022156415110575513,-0.008591368677738355,0.00037412043364978104,0.00037412043364978104,-0.00011991215258953282,-0.0005958195586111663,-0.1718273735547671
5.11,101.99877181701041,3.486072196225201,0.0021293975276289756,-0.008657208534325665,0.00035875142781183883,0.00035875142781183883,-3.3668169160957096e-05,-0.00016475333152666708,-0.1731441706865133
5.12,102.19877138168854,3.4864894537882454,0.002043358099588637,-0.008551031010855654,0.00033601557856033316,0.0003360155785603332,-7.15092098229151e-05,-0.0003541858933289722,-0.17102062021711306
5.13,102.39877098136726,3.4868895838432805,0.0019579935474767912,-0.008521976263963548,0.00031248586220171284,0.00031248586220171284,-0.00010558470569217216,-0.0005247986698388437,-0.17043952527927095
5.14,102.5987706144622,3.4872726472480067,0.0018725776945419743,-0.008561064026029446,0.00028851922777373124,0.00028851922777373124,-0.0001354339682336414,-0.0006742846488904696,-0.17122128052058894
5.15,102.79877027965361,3.487638568851919,0.0017864778580570341,-0.008658578212615772,0.0002645957877009037,0.00026459578770090375,-0.0001606810340362089,-0.0008007592123040355,-0.17317156425231545
5.16,102.99876997580583,3.4879871568698944,0.001699161295209534,-0.008804248771842379,0.00024116695798723488,0.0002411669579872349,-7.336447118870873e-05,-0.0003644106863636713,-0.1760849754368476
5.17,103.198769701776,3.488318194785269,0.0016112694053589892,-0.008774229266686756,0.00021388531258753436,0.00021388531258753434,-9.314973213169733e-05,-0.00046360980753261134,-0.17548458533373512
5.18,103.39876945604327,3.488631671005441,0.00152347764632176,-0.008784089671625337,0.0001885239784495573,0.00018852397844955734,-0.00010960607560587435,-0.0005461451382448761,-0.17568179343250673
5.19,103.59876923709075,3.4889275681495304,0.0014354242870421921,-0.008826441008364166,0.00016542017768406936,0.00016542017768406936,-0.00012260520280640713,-0.000611371812255195,-0.17652882016728333
5.2,103.79876904348738,3.4892058039161555,0.0013468220334283854,-0.008893785226038625,0.00014496471366300188,0.00014496471366300188,-0.00013208645730125482,-0.000658982639369644,-0.1778757045207725
5.21,103.99876887384552,3.4894662460343326,0.0012574584373706813,-0.008978651089671068,0.00012746963704511662,0.00012746963704511662,-4.2722861243550674e-05,-0.00021233960984730222,-0.17957302179342136
5.22,104.19876872670956,3.4897087903991824,0.0011681419735635127,-0.00888495400599565,0.00010892274367840682,0.00010892274367840683,-4.8741236065831094e-05,-0.0002426169528923714,-0.177699080119913
5.23,104.39876860034029,3.4899335605421795,0.0010796930200304496,-0.00880510288008648,9.422688678567109e-05,9.42268867856711e-05,-5.3092887650633795e-05,-0.00026452216938531225,-0.1761020576017296
5.24,104.59876849299133,3.490140717320106,0.000991991125788028,-0.00873550795935576,8.345398469152247e-05,8.345398469152248e-05,-5.5866374499220274e-05,-0.00027849733264918614,-0.1747101591871152
5.25,104.79876840297841,3.490330401007031,0.0009049505025027762,-0.008672825645844928,7.668633188535449e-05,7.668633188535448e-05,-5.717992893165477e-05,-0.0002851327813394203,-0.17345651291689856
5.26,104.99876832866607,3.490502737962633,0.0008185172928334551,-0.008614012339042052,7.390346961767629e-05,7.39034696176763e-05,2.925328073766632e-05,0.00014700543838450837,-0.17228024678084103
5.2700000000000005,105.1987682684146,3.4906579040355847,0.0007335249173200348,-0.008385225412661405,7.111147017111269e-05,7.111147017111269e-05,2.781322061121572e-05,0.00013977721775778972,-0.16770450825322808
5.28,105.39876822047533,3.490796297948325,0.0006507833235929249,-0.00816383133810407,7.238361198057074e-05,7.238361198057074e-05,2.584879691123576e-05,0.0001299678206759845,-0.1632766267620814
5.29,105.59876818317203,3.4909183621699067,0.0005702141894058396,-0.007950705941459508,7.743114114570123e-05,7.743114114570122e-05,2.3246730429068233e-05,0.00011700796355679818,-0.15901411882919017
5.3,105.7987681549456,3.4910245225595733,0.0004917293902385814,-0.007746933157702273,8.59724955238059e-05,8.59724955238059e-05,1.990685789185671e-05,0.00010039401441452162,-0.15493866315404548
5.3100000000000005,105.9987681343471,3.491115186208265,0.0004152290693132336,-0.007553774910085766,9.763609332143439e-05,9.763609332143439e-05,9.640717881720445e-05,0.0004830122550192366,-0.15107549820171534
5.32,106.1987681200109,3.4911907924317322,0.00034140130358015095,-0.0072129144766119105,0.00010832378400354443,0.00010832378400354443,8.95714245718623e-05,0.00044894036069934696,-0.1442582895322382
5.33,106.39876811061356,3.4912519671820923,0.00027088059047437174,-0.006892296906120617,0.00012148895973211735,0.00012148895973211735,8.04069045765257e-05,0.0004032494124799497,-0.13784593812241233
5.34,106.59876810496276,3.491299350219487,0.00020344342826291898,-0.0065961228167057346,0.00013657183602365034,0.00013657183602365034,6.895637425266337e-05,0.00034614758962355337,-0.1319224563341147
5.3500000000000005,106.7987681020069,3.4913335324586785,0.00013882513990395097,-0.006328427204138368,0.0001530525209899564,0.0001530525209899564,5.530549273389599e-05,0.0002780579888793795,-0.12656854408276735
5.36,106.99876810081746,3.4913550479270037,7.672193980137665e-05,-0.0060929976083814695,0.00017036317912289274,0.00017036317912289274,0.00011740869283647031,0.0005887470959735805,-0.12185995216762939
5.37,107.19876810056878,3.4913644178413494,1.7566905270461682e-05,-0.005739188700930212,0.00018434960519874956,0.00018434960519874953,9.873540338574378e-05,0.0004955205129807065,-0.11478377401860425
5.38,107.39876810053153,3.4913622958427095,-3.827040274342868e-05,-0.005429305879710153,0.00019819298821393516,0.00019819298821393516,7.70085129014567e-05,0.0003870244943894229,-0.10858611759420307
5.39,107.59876810008588,3.491349299815937,-9.125521792830503e-05,-0.005168526451584635,0.00021128445790851374,0.0002112844579085137,5.251710777027701e-05,0.00026469838343047016,-0.10337052903169269
5.4,107.79876809870143,3.4913259496471665,-0.00014190117315323507,-0.0049613551877625795,0.00022310434483405637,0.00022310434483405637,2.5598864497029617e-05,0.00013022536593348865,-0.0992271037552516
5.41,107.99876809591073,3.4912926582443933,-0.00019076315746901254,-0.0048115410727576306,0.0002331352860276227,0.0002331352860276227,7.446084881280709e-05,0.00037463559692431164,-0.0962308214551526
5.42,108.19876809129511,3.491249775690371,-0.0002376563047166276,-0.004567900539492679,0.00023728758806938155,0.00023728758806938153,4.3525672078780636e-05,0.000220001236274597,-0.09135801078985357
5.43,108.39876808450806,3.491197736016717,-0.0002824444663088141,-0.004390323721798469,0.00023885717651683436,0.00023885717651683436,1.0044663793231767e-05,5.261189073132718e-05,-0.08780647443596938
5.44,108.59876807523769,3.4911368929030013,-0.00032580705760564503,-0.004282553782912275,0.000237428738805697,0.000237428738805697,-2.548043744525242e-05,-0.00012502789983820514,-0.08565107565824549
5.45,108.79876806317047,3.4910674607596692,-0.0003684555779133569,-0.004247267902232132,0.00023271728243579544,0.00023271728243579547,-6.251715023865637e-05,-0.0003102585783689239,-0.08494535804464264
5.46,108.99876804796426,3.490989509390736,-0.0004111227485594274,-0.004286036992287558,0.00022447410772105384,0.00022447410772105384,-1.9849979592585873e-05,-9.700515688571882e-05,-0.08572073984575115
5.47,109.19876802924564,3.490903014368096,-0.00045375008123296827,-0.004239584389694763,0.0002087412485187896,0.00020874124851878959,-5.78861668974698e-05,-0.0002873434220021611,-0.08479168779389526
5.48,109.39876800666826,3.4908080147727216,-0.0004962956537032002,-0.004269430613555171,0.00018924069385705764,0.00018924069385705766,-9.716526613170768e-05,-0.0004839339237199678,-0.08538861227110342
5.49,109.5987679798387,3.49070445033466,-0.000539527296490421,-0.004376540897468713,0.0001658982904996953,0.0001658982904996953,-0.0001371048240137396,-0.000683865137163701,-0.08753081794937426
5.5,109.79876794826929,3.490592106645328,-0.0005842166121443299,-0.00456070832102637,0.00013878461337956416,0.00013878461337956416,-0.00017712152578692054,-0.000884219782800807,-0.09121416642052739
5.51,109.99876791135073,3.4904706155682685,-0.0006311273587088261,-0.004820574741017693,0.00010800807046000589,0.0001080080704600059,-0.0001302107792224244,-0.0006499738154075219,-0.09641149482035385
5.5200000000000005,110.1987678683625,3.490339515277807,-0.0006801455709376801,-0.004982527842723011,6.966074079241823e-05,6.966074079241822e-05,-0.00016762500263344134,-0.0008374284057592825,-0.09965055685446021
5.53,110.39876781857507,3.4901984255994276,-0.0007311396485854413,-0.005215511049731194,2.805205004055284e-05,2.8052050040552843e-05,-0.00020498510270336638,-0.0010246449930164264,-0.10431022099462388
5.54,110.5987677611365,3.490046880833168,-0.0007848123639625675,-0.005518023616183503,-1.6564173298743017e-05,1.6564173298743017e-05,-0.00024178776841724827,-0.0012091044838192287,-0.11036047232367006
5.55,110.79876769500898,3.4898842765497236,-0.0008418466262332681,-0.005887596885169783,-6.38055661466135e-05,6.38055661466135e-05,-0.00027755411126441354,-0.001388408611983534,-0.11775193770339566
5.5600000000000005,110.99876761893772,3.4897098745085717,-0.0009028961385054351,-0.0063208613054189,-0.00011328364985212438,0.00011328364985212438,-0.0002165045989922465,-0.001083655831459754,-0.126417226108378
5.57,111.1987675314785,3.4895228726102183,-0.0009676297934293022,-0.006624856328155058,-0.00016911133717710918,0.00016911133717710918,-0.0002471057826978284,-0.001237220026860913,-0.13249712656310117
5.58,111.39876743116871,3.4893226016357355,-0.001035678291834099,-0.006983647342089819,-0.00022637906011106597,0.00022637906011106597,-0.0002771407924016861,-0.001387967752609541,-0.13967294684179637
5.59,111.59876731636034,3.4891083445588604,-0.001107578554806558,-0.007395033917188706,-0.00028466641221655846,0.00028466641221655846,-0.0003062930159093277,-0.001534311743668804,-0.14790067834377413
5.6000000000000005,111.79876718513466,3.488879279365818,-0.0011838425642441016,-0.007856230595781182,-0.0003434593223971166,0.0003434593223971166,-0.0003342771089831903,-0.0016748201381399227,-0.15712461191562363
5.61,111.99876703526857,3.4886344846037534,-0.0012649518794377425,-0.008363940020649855,-0.00040228843292482874,0.00040228843292482874,-0.0002531677937895494,-0.0012698618532769952,-0.16727880041299711
5.62,112.19876686429502,3.4883730173748675,-0.0013502833105950218,-0.008701221899646084,-0.0004658476628127272,0.0004658476628127272,-0.0002755135134258034,-0.0013822260437571442,-0.17402443799292167
5.63,112.39876666978911,3.488094133924101,-0.0014391772937673766,-0.00907632435080422,-0.0005286881197729409,0.0005286881197729409,-0.0002979664325409564,-0.0014951190439025112,-0.18152648701608437
5.64,112.59876644912067,3.487797084104142,-0.001532009328310645,-0.009488707899278675,-0.000590451158724611,0.000590451158724611,-0.00032039951347397413,-0.0016079020789571167,-0.1897741579855735
5.65,112.7987661993374,3.487481043288986,-0.0016291483033467505,-0.009937590780789355,-0.0006507164794637813,0.0006507164794637813,-0.0003427005864189716,-0.0017200100968894957,-0.1987518156157871
5.66,112.99876591712946,3.487145113926982,-0.001730954245404941,-0.010421982935428757,-0.0007091567364562884,0.0007091567364562885,-0.00024089464436078106,-0.0012115647891684682,-0.20843965870857514
5.67,113.19876559894149,3.486788409682466,-0.001836545845866498,-0.01069542565017302,-0.0007714451155837232,0.0007714451155837233,-0.00025918351260152054,-0.00130363201416344,-0.2139085130034604
5.68,113.39876524143203,3.4864103033108704,-0.0019450276236124954,-0.010999914900346389,-0.0008316147721985369,0.0008316147721985369,-0.0002792974053521197,-0.0014048031744825838,-0.21999829800692777
5.69,113.59876484109049,3.4860101847339076,-0.0020567250470296668,-0.011338441323305118,-0.0008895552345480875,0.0008895552345480874,-0.0003011954651174764,-0.001514872877932863,-0.22676882646610236
5.7,113.79876439406084,3.485587375836874,-0.0021719927857388145,-0.011713854997059955,-0.0009451027274119347,0.0009451027274119347,-0.0003248180134592933,-0.0016335410945705858,-0.2342770999411991
5.71,113.99876389609175,3.485141124780724,-0.00229121313094414,-0.012128830744477523,-0.0009982134599040514,0.0009982134599040514,-0.00020559766825396783,-0.0010379704758688795,-0.24257661488955046
5.72,114.19876334270975,3.484670696508358,-0.0024133587713156164,-0.012299727654082113,-0.0010558661407712299,0.0010558661407712299,-0.00022794305453529163,-0.0011502739340841705,-0.24599455308164225
5.73,114.39876272991414,3.484175654517437,-0.0025374195214776913,-0.012511715727391662,-0.0011114589289213217,0.0011114589289213217,-0.00025429152931965215,-0.0012825722358874739,-0.25023431454783324
5.74,114.59876205356608,3.4836555723237046,-0.0026638419356304105,-0.012771899793441201,-0.0011651896686854302,0.0011651896686854302,-0.00028452611277575033,-0.0014342824605656059,-0.25543799586882404
5.75,114.79876130910374,3.4831099271528556,-0.0027931417523861597,-0.013087013144155933,-0.0012171770070190195,0.0012171770070190195,-0.000318473363653361,-0.0016045385883369952,-0.2617402628831187
5.76,114.99876049145088,3.4825380865105284,-0.0029258996538634218,-0.013463312776536195,-0.0012676586077670963,0.0012676586077670963,-0.00018571546217609897,-0.0009412538969581658,-0.2692662555307239
5.7700000000000005,115.19875959525852,3.4819394085951267,-0.003061065401507498,-0.013569482840031335,-0.0013251297300775058,0.0013251297300775058,-0.00022074249442055258,-0.001116963769403538,-0.2713896568006267
5.78,115.39875861591233,3.481313568880877,-0.0031976313918668886,-0.01374313636707396,-0.0013820557656088162,0.0013820557656088162,-0.00026168461984439444,-0.0013222436568780603,-0.2748627273414792
5.79,115.59875754857543,3.48066021637388,-0.003336324503729283,-0.013994647606100384,-0.0014388551321153316,0.0014388551321153319,-0.00030819921581346117,-0.0015553846303884592,-0.2798929521220077
5.8,115.79875638773622,3.479978844627651,-0.0034779709326372664,-0.014333508600439788,-0.0014958107421585126,0.0014958107421585126,-0.0003598596408441179,-0.0018142563116421747,-0.28667017200879574
5.8100000000000005,115.99875512705084,3.4792687728125093,-0.0036234866191652186,-0.014768179752040802,-0.001553303548487219,0.0015533035484872188,-0.00021434395431616567,-0.0010872528070657007,-0.29536359504081605
5.82,116.19875375967474,3.4785292627147486,-0.0037718614763298792,-0.014906331160537752,-0.0016214697057802898,0.0016214697057802898,-0.0002677906286587526,-0.001355167840351566,-0.298126623210755
5.83,116.39875227970315,3.4777599050795858,-0.003922136399806224,-0.015147848449725677,-0.0016913916800501611,0.0016913916800501611,-0.00032828411611738294,-0.0016583344973874162,-0.3029569689945135
5.84,116.59875068073066,3.4769602125578656,-0.004075404815955086,-0.015504645416382905,-0.0017635210839519822,0.001763521083951982,-0.0003951805685602902,-0.0019935380536409706,-0.3100929083276581
5.8500000000000005,116.79874895517408,3.4761294677104337,-0.004232871718827851,-0.01598712683209382,-0.001838102780823092,0.001838102780823092,-0.0004677426647224595,-0.0023570943514205286,-0.31974253664187635
5.86,116.9987470940335,3.4752667022567865,-0.004395837797177487,-0.016604032415962738,-0.0019154575250124447,0.0019154575250124447,-0.0003047765863728233,-0.0015430375071142407,-0.33208064831925477
5.87,117.19874508736272,3.4743708390922547,-0.004563294336153651,-0.016886334340856093,-0.0020074867660693873,0.0020074867660693873,-0.00037769967355558935,-0.0019085732354386406,-0.33772668681712187
5.88,117.39874292633102,3.4734411560485454,-0.004734272073462522,-0.01730780816041379,-0.0021033666245082587,0.0021033666245082587,-0.0004579582494981153,-0.002310824913735659,-0.3461561632082758
5.89,117.59874060113101,3.4724768058027404,-0.00491022184798031,-0.01788023857687246,-0.002203387203095818,0.0022033872030958177,-0.0005446278465995488,-0.0027451731050287024,-0.3576047715374492
5.9,117.79873810000767,3.471476639777362,-0.005092701997363147,-0.01861334752011834,-0.0023075646586866805,0.0023075646586866805,-0.000636697564746303,-0.003206563470318382,-0.3722669504023668
5.91,117.99873540892499,3.4704391887490047,-0.005283357071198099,-0.01951466276057576,-0.002415988883092308,0.002415988883092308,-0.0004460424909113504,-0.002254372343387675,-0.3902932552115152
5.92,118.19873251225226,3.469362838236794,-0.005481044013934446,-0.020021037812458117,-0.0025425559231107737,0.002542555923110774,-0.0005354051753925834,-0.0027024514361940243,-0.40042075624916235
5.93,118.39872939573237,3.4682463884775734,-0.005684634619249527,-0.02069483717630554,-0.002674025964366047,0.002674025964366047,-0.0006319558097193454,-0.0031865193082403877,-0.41389674352611083
5.94,118.59872604349702,3.467088487718144,-0.005895857998997284,-0.021546998140106265,-0.0028104167623938894,0.0028104167623938894,-0.0007345804866124996,-0.003701006600686437,-0.4309399628021253
5.95,118.79872243669908,3.4658874282700585,-0.006116540486606902,-0.022586035805161574,-0.0029514220073497293,0.0029514220073497293,-0.0008420921891055819,-0.004239975165601407,-0.4517207161032315
5.96,118.99871855306112,3.464641129523147,-0.00634858092314242,-0.023817944998331064,-0.003096841713558884,0.003096841713558884,-0.0006100517525700639,-0.0030812271799859083,-0.4763588999666213
5.97,119.19871436788942,3.463347353636386,-0.006590515954608791,-0.024566565807392658,-0.0032629768293069455,0.0032629768293069455,-0.0007113212269177346,-0.0035892359028817425,-0.4913313161478532
5.98,119.39870985837587,3.4620043807619343,-0.0068408721065334336,-0.025501547864696168,-0.0034337262873788592,0.003433726287378859,-0.0008198696883988109,-0.004133685704867843,-0.5100309572939233
5.99,119.59870499935427,3.4606103368429517,-0.007101566877600054,-0.026633632604510026,-0.003608856032871633,0.0036088560328716335,-0.0009344957693757849,-0.004708567407207641,-0.5326726520902005
6.0,119.79869976137493,3.459162954473377,-0.007374612175181139,-0.027970968972230874,-0.003787775671805887,0.0037877756718058867,-0.001053930743137835,-0.005307531472407234,-0.5594193794446175
6.01,119.9986941100936,3.4576595566414405,-0.00766208797177625,-0.0295190299680035,-0.003970072233844465,0.003970072233844466,-0.0007664549465427233,-0.0038719754550520613,-0.5903805993600699
6.0200000000000005,120.19868800777708,3.4560973180374956,-0.007962038532118451,-0.030467919029340026,-0.004175058367169554,0.004175058367169554,-0.000876914992915612,-0.0044263255482497555,-0.6093583805868006
6.03,120.3986814195714,3.454474075118395,-0.008272485069406093,-0.03161755617406461,-0.004383379200523166,0.0043833792005231655,-0.0009956087045097737,-0.0050218773145541,-0.6323511234812922
6.04,120.59867430743898,3.452787524039204,-0.00859549697956499,-0.03298028327956841,-0.004594684362179288,0.004594684362179288,-0.0011212950009193545,-0.005652421848218565,-0.6596056655913682
6.05,120.79866662742577,3.451034935680329,-0.008933253515853869,-0.03456573894627803,-0.004808240866146353,0.004808240866146353,-0.0012526525264789784,-0.006311345041056356,-0.6913147789255605
6.0600000000000005,120.9986583288232,3.4492131364232756,-0.009288016219600116,-0.03638075155520825,-0.00502359757071116,0.00502359757071116,-0.0008978898227327316,-0.004539685089370769,-0.727615031104165
6.07,121.19864935639745,3.4473188198239386,-0.009657228936251757,-0.037458200157653235,-0.005263833654982599,0.005263833654982598,-0.001019095023344272,-0.005148113453271186,-0.7491640031530646
6.08,121.39863965953022,3.445349513161613,-0.010038317893686683,-0.038755267624091816,-0.005505932521121357,0.005505932521121357,-0.0011506463998843897,-0.005808291324633162,-0.7751053524818363
6.09,121.59862918348978,3.4433026165737974,-0.0104335602768104,-0.0402880993876976,-0.005749608072080681,0.005749608072080681,-0.0012912162767136012,-0.006513577464288813,-0.8057619877539519
6.1000000000000005,121.7986178655101,3.441175059672508,-0.010845379926655447,-0.042069891073723206,-0.005994152350752423,0.005994152350752423,-0.001439361574252833,-0.007256749394771689,-0.8413978214744642
6.11,121.99860563361214,3.4389632752340153,-0.011276316980560617,-0.04411071672382148,-0.006239271046128128,0.0062392710461281285,-0.0010084245203476633,-0.005104515312199598,-0.8822143344764297
6.12,122.1985924098685,3.436663567221917,-0.011723183646956457,-0.0452587895159096,-0.00651262465275518,0.00651262465275518,-0.0011466877120926285,-0.005798564806990694,-0.9051757903181921
6.13,122.39857812367116,3.4342732595730494,-0.012182795886815206,-0.04665899095898833,-0.006787019432331056,0.006787019432331056,-0.0012984140286490568,-0.006559940337568594,-0.9331798191797667
6.140000000000001,122.59856269909459,3.4317895444919118,-0.012657783699906552,-0.04833299146783326,-0.007062370813916009,0.007062370813916009,-0.001462048802799416,-0.00738086772213624,-0.9666598293566652
6.15,122.79854604922441,3.4292090678016844,-0.013150976192254922,-0.05029895357199095,-0.0073381025858125365,0.0073381025858125365,-0.0016358696502965701,-0.008252729277340977,-1.005979071439819
6.16,122.99852807446207,3.4265278927423797,-0.013665365169936427,-0.05257126732756426,-0.007614216259190131,0.007614216259190131,-0.0011214806726150654,-0.005683545525667228,-1.051425346551285
6.17,123.1985086672386,3.4237419332850476,-0.014197147278100656,-0.053781121321502645,-0.007923738435989274,0.007923738435989274,-0.0012862404589018724,-0.006510439678869255,-1.075622426430053
6.18,123.39848773112197,3.4208483167345123,-0.014742550561518662,-0.05529449062621428,-0.008234603717797759,0.008234603717797759,-0.0014680760269604257,-0.007422726171980106,-1.1058898125242855
6.19,123.5984651625252,3.4178440072066003,-0.015304749674907083,-0.05713918286822968,-0.008546957782885767,0.008546957782885767,-0.0016650110550882145,-0.00841052485326993,-1.1427836573645935
6.2,123.79844084250384,3.4147253077626414,-0.015887174957704,-0.05933854224394375,-0.00886034566966443,0.00886034566966443,-0.0018748425872637461,-0.009462816393015374,-1.186770844878875
6.21,123.9984146343066,3.41148781389616,-0.01649346597990727,-0.06191108675674328,-0.009175113722134712,0.00917511372213471,-0.0012685515650604773,-0.006434508962523734,-1.2382217351348657
6.22,124.19838639011218,3.408126924900278,-0.01711921045992604,-0.06323340138171518,-0.00953034815800255,0.00953034815800255,-0.0014694418948658567,-0.007442512955909309,-1.2646680276343036
6.23,124.39835597831937,3.404639458299153,-0.017760049367001252,-0.06492872874992868,-0.009888223722368594,0.009888223722368592,-0.001690897683937695,-0.008553370656912161,-1.2985745749985735
6.24,124.59832325723771,3.4010220129782756,-0.018419880117612045,-0.06703041551147189,-0.010249023556455305,0.010249023556455305,-0.0019303283292951348,-0.009754131882040227,-1.3406083102294377
6.25,124.79828806332645,3.3972703772481863,-0.019102904553632335,-0.06956601939224731,-0.010612285187677028,0.010612285187677028,-0.0021848617704036156,-0.011030431703894849,-1.3913203878449463
6.26,124.99825020771354,3.3933794739628027,-0.019813568817422283,-0.07255686354622526,-0.010978689393692766,0.010978689393692766,-0.001474197506613668,-0.007480774427005267,-1.4511372709245052
6.2700000000000005,125.1982094857795,3.3893439661522846,-0.020546792199829394,-0.07408272655221335,-0.011393957574540078,0.011393957574540077,-0.001718178943816682,-0.008704834294828812,-1.481654531044267
6.28,125.39816571585152,3.3851601668597358,-0.021297554518692915,-0.07606313563241775,-0.01181347933826278,0.011813479338262779,-0.00198563687824008,-0.010046319184583027,-1.5212627126483549
6.29,125.59811870175193,3.3808241044248897,-0.022070589373868455,-0.07853559359589979,-0.012237503427966565,0.012237503427966565,-0.002273221188694014,-0.011488480977749736,-1.5707118719179958
6.3,125.79806821616269,3.376330825965335,-0.022870968393852793,-0.08153022794703091,-0.012665364689709684,0.012665364689709685,-0.0025772552471498913,-0.013012929882646554,-1.6306045589406182
6.3100000000000005,125.99801399581511,3.371674337423257,-0.023704024953808512,-0.08506928678017844,-0.013098099596200655,0.013098099596200655,-0.001744198687194172,-0.008851974431932867,-1.7013857356035689
6.32,126.1979557551044,3.3668483216813954,-0.02456385383489556,-0.08689041879077741,-0.013588505583602405,0.013588505583602407,-0.0020339793987429015,-0.010305782049550532,-1.7378083758155483
6.33,126.39789324059657,3.3618483907549352,-0.025444601458959278,-0.0892512363624701,-0.014084141698000163,0.014084141698000164,-0.0023494436749504424,-0.011888059791732214,-1.785024727249402
6.34,126.5978261783275,3.3566698131187604,-0.026351866306924727,-0.09219193058323198,-0.014585046445642444,0.014585046445642444,-0.0026863970904324706,-0.013577835916618777,-1.8438386116646397
6.3500000000000005,126.79775425061231,3.351306701291795,-0.027291603112889487,-0.09574359133795034,-0.015090168437844324,0.015090168437844324,-0.003040281744238208,-0.015352310405569483,-1.9148718267590068
6.36,126.9976770895953,3.3457519500456705,-0.02827002912387719,-0.0999276634782026,-0.015601078978628129,0.015601078978628129,-0.0020618557332505068,-0.010465289456038815,-1.998553269564052
6.37,127.19759429655588,3.339998085277075,-0.029280171017066772,-0.10209349547423886,-0.01617790286150797,0.01617790286150797,-0.0023961220347174933,-0.012142389202202546,-2.0418699094847774
6.38,127.39750551817058,3.334039905837891,-0.0303150880336547,-0.10488061712194392,-0.01675945456679904,0.016759454566799035,-0.002757763499087039,-0.013956412041103185,-2.0976123424388784
6.390000000000001,127.59741037317586,3.3278718302549954,-0.03138120338298717,-0.10833095123972063,-0.017345453587275718,0.01734545358727572,-0.003141693136826454,-0.015881920220005025,-2.1666190247944126
6.4,127.79730842046878,3.321486955584082,-0.0324853048000898,-0.11247551649351725,-0.01793435725492209,0.01793435725492209,-0.0035424240749305363,-0.017891463947201904,-2.249510329870345
6.41,127.99719915069504,3.314876995881368,-0.03363443258994091,-0.11733384649269564,-0.018528738132506006,0.018528738132506006,-0.0023932962850794284,-0.012151768806722201,-2.346676929853913
6.42,128.19708201350048,3.3080332783670525,-0.03482025782581735,-0.11982290354363154,-0.01919596411453534,0.01919596411453534,-0.0027683475411547647,-0.014033697346919177,-2.396458070872631
6.43,128.39695652335652,3.300949819089131,-0.03603446526773433,-0.12300796759856512,-0.01986548507566999,0.01986548507566999,-0.003172263933660456,-0.01605997451905898,-2.4601593519713023
6.44,128.59682215858442,3.2936202455510935,-0.03728423262895488,-0.12693242268374805,-0.020536694155755382,0.020536694155755382,-0.0035990071680536695,-0.0182004027818259,-2.538648453674961
6.45,128.79667831801007,3.2860367129092665,-0.03857710715891775,-0.1316268347365525,-0.02120755701385493,0.02120755701385493,-0.004042094631965379,-0.020422548729965444,-2.6325366947310505
6.46,128.9965243102664,3.278189843521516,-0.039920874293590085,-0.13710831995919387,-0.021882511506802472,0.021882511506802472,-0.0026983274972930474,-0.013710462601533262,-2.742166399183877
6.47,129.19635939193472,3.270069883959441,-0.04130557664277087,-0.13982310030144549,-0.02263547461338749,0.022635474613387486,-0.003110016620318991,-0.01577643784772883,-2.79646200602891
6.48,129.3961829128264,3.2616702519559433,-0.04272126166003182,-0.14330230540601555,-0.02338637222778319,0.023386372227783194,-0.003552031517321211,-0.017994021308883886,-2.866046108120311
6.49,129.59599417847406,3.25298399455158,-0.04417579886268233,-0.14759083952426794,-0.024134349940980335,0.024134349940980335,-0.004017269179758303,-0.02032768939820132,-2.951816790485359
6.5,129.7957923919539,3.2440025484924435,-0.04567743177401316,-0.15271864946088665,-0.024876963442898307,0.02487696344289831,-0.004498126034245742,-0.022739399805657697,-3.054372989217733
6.51,129.995576640615,3.234715681252666,-0.0472346248306206,-0.15870002326993463,-0.025621864476233873,0.025621864476233873,-0.0029409329776382974,-0.014960883532953825,-3.1740004653986924
6.5200000000000005,130.19534594878752,3.2251128187212768,-0.04883558361801954,-0.16148245910831868,-0.02644781101692415,0.026447811016924155,-0.00338567740330472,-0.017192865126692842,-3.2296491821663738
6.53,130.39509947446237,3.2151870899277633,-0.05046852471813244,-0.16509372295876987,-0.02726569096495009,0.02726569096495009,-0.0038619945579241796,-0.0195826296992704,-3.3018744591753975
6.54,130.59483632440472,3.2049312896119178,-0.052141967550771655,-0.16957988917319944,-0.028074514751364674,0.028074514751364674,-0.004361533461061953,-0.022088412452823412,-3.3915977834639888
6.55,130.79455547716302,3.1943364735662425,-0.053864804726879885,-0.17496957980211217,-0.028871537736488012,0.028871537736488012,-0.004875379993539472,-0.02466561534506224,-3.4993915960422433
6.5600000000000005,130.99425576706926,3.1833919026098525,-0.05564612363026873,-0.18127318813336005,-0.02966953025926429,0.02966953025926429,-0.003094061090150625,-0.015767000753345767,-3.625463762667201
6.57,131.19393595587883,3.172086546256686,-0.05747217326330045,-0.18392788916863478,-0.03054888098373369,0.03054888098373369,-0.003568168381075973,-0.0181463307152172,-3.6785577833726957
6.58,131.39359499438103,3.1604136353581467,-0.05932923329167932,-0.18747230139796375,-0.03141279663497535,0.03141279663497535,-0.004074284772999044,-0.020685551831344975,-3.749446027959275
6.59,131.59323177772063,3.1483661152895337,-0.06122643010748744,-0.19195212849888532,-0.03226024020577863,0.03226024020577863,-0.004602587186492417,-0.023335538334519873,-3.8390425699777064
6.6000000000000005,131.79284504529673,3.1359350745643844,-0.06317324499973224,-0.1973927140482043,-0.03308825217784731,0.03308825217784731,-0.0051426365122718976,-0.02604406508313796,-3.947854280964086
6.61,131.99243336219502,3.123109695716742,-0.06517930641821258,-0.2037982172444986,-0.0339172384460412,0.0339172384460412,-0.0031365750937915604,-0.016022047853418216,-4.075964344889972
6.62,132.19199521463156,3.109878934215935,-0.0672288754916225,-0.2061078982390459,-0.03482403838658717,0.03482403838658717,-0.0036339981079279576,-0.01851823092350566,-4.122157964780918
6.63,132.39152935054526,3.0962365656493556,-0.06930627118907827,-0.20936039921353647,-0.03570667736865375,0.03570667736865375,-0.0041621879598123515,-0.021168006572748296,-4.18720798427073
6.640000000000001,132.5910344622009,3.0821761419542257,-0.0714211332012822,-0.2135978778182285,-0.0365641056718119,0.0365641056718119,-0.004709655648082581,-0.023913919297131023,-4.27195755636457
6.65,132.79050905894124,3.0676892627079977,-0.07358340445887315,-0.2188389030218988,-0.03739319408288128,0.03739319408288128,-0.005264277009150317,-0.026695316986580397,-4.376778060437976
6.66,132.9899514467979,3.052765539913166,-0.07580309123803004,-0.22507765625821693,-0.03822511806470536,0.03822511806470536,-0.003044590229993427,-0.015605202330614187,-4.501553125164339
6.67,133.1893598527184,3.037394442622968,-0.07806251271214197,-0.22680089424223862,-0.03912574311088497,0.03912574311088497,-0.0035540949535011607,-0.018161732198614652,-4.536017884844773
6.68,133.38873285679878,3.0215707928380233,-0.08034407452848333,-0.2295024634890016,-0.03999183175949238,0.039991831759492384,-0.004090600379017831,-0.02085292021268408,-4.590049269780032
6.69,133.5880689906185,3.0052892723110354,-0.0826577303453426,-0.23321631994035727,-0.04082232741000619,0.040822327410006194,-0.004640883400496927,-0.023612640276584693,-4.6643263988071455
6.7,133.78736657994756,2.988542559600287,-0.08501363863243648,-0.23794955947680319,-0.04161397373683848,0.04161397373683848,-0.005191127133578069,-0.02637177540525873,-4.758991189536063
6.71,133.98662372412932,2.9713213180656024,-0.08742189079638804,-0.24368176531100333,-0.042412327034380706,0.042412327034380706,-0.0027828749696265087,-0.01433849811847635,-4.873635306220066
6.72,134.1858384534088,2.9536161839202384,-0.08986298868736649,-0.24453496877643685,-0.04326276933798553,0.04326276933798553,-0.003286084812934742,-0.016863051758053565,-4.890699375528737
6.73,134.38500926110592,2.9354236228385306,-0.09231754947347878,-0.24637106790743413,-0.044066299207422006,0.044066299207422,-0.0038095231479580017,-0.019488278731864227,-4.927421358148683
6.74,134.5841346102446,2.916740077585837,-0.09479550448486992,-0.24921046937739738,-0.04482190412723032,0.044821904127230326,-0.00433838224703556,-0.022140130276450107,-4.984209387547947
6.75,134.78321274551672,2.897560008916373,-0.09730683997614202,-0.25304385050543304,-0.045526323264747905,0.045526323264747905,-0.004857385087103663,-0.024742188668165795,-5.060877010108661
6.76,134.98224167495408,2.8778759164488164,-0.09986129807953326,-0.2578318097659167,-0.04624315076275148,0.046243150762751484,-0.0023029269837124278,-0.011977066426189655,-5.156636195318334
6.7700000000000005,135.18121936272183,2.8576804307492476,-0.10243779926175428,-0.25746963397195083,-0.04698657522922207,0.04698657522922207,-0.002774584130756527,-0.014342786406074857,-5.149392679439017
6.78,135.38014436111987,2.8369723920808,-0.1050154147181129,-0.2580515176216634,-0.04766876507463483,0.04766876507463483,-0.0032568337510713863,-0.01676085640610328,-5.161030352433268
6.79,135.5790152255559,2.8157507769241263,-0.10760359526885789,-0.2595794990826146,-0.04828894235699815,0.04828894235699815,-0.00373371095615542,-0.01915144420434708,-5.1915899816522915
6.8,135.77783029830235,2.79401269568419,-0.11021165331009236,-0.2620239606818843,-0.04884413699837554,0.04884413699837554,-0.00418900070136724,-0.021433444876819956,-5.240479213637687
6.8100000000000005,135.97658769559044,2.7717534538270296,-0.11284844686945539,-0.2653237515138868,-0.04941880680947364,0.04941880680947364,-0.0015522071420042138,-0.008255223778115805,-5.306475030277737
6.82,136.1752855344353,2.7489686881320368,-0.11549172893578542,-0.263339276892473,-0.04998590624888326,0.04998590624888326,-0.0019632881378191247,-0.010316299751584455,-5.26678553784946
6.83,136.373922651202,2.725660474436759,-0.11811945819533431,-0.2622103382740089,-0.05047646506268369,0.05047646506268368,-0.0023733112311976473,-0.012371320806615073,-5.244206765480178
6.84,136.57249793601778,2.701831219982865,-0.12074009299252852,-0.2619175970022664,-0.05089033687565672,0.050890336875656715,-0.002765866257099042,-0.014338234654251778,-5.2383519400453284
6.8500000000000005,136.77101009484326,2.6774816842884808,-0.12336173719025258,-0.2624096024685194,-0.05122536284900534,0.051225362849005335,-0.003124601666621471,-0.016135261961597407,-5.248192049370388
6.86,136.96945764494654,2.6526110831608527,-0.12599182278250834,-0.2636035360686467,-0.05158747331665425,0.05158747331665425,-0.0004945160743657084,-0.0029884551049950848,-5.272070721372934
6.87,137.16783916842496,2.627219188145554,-0.12860760990997241,-0.2595673438557166,-0.05190194474092058,0.05190194474092058,-0.0008177893276515303,-0.004607966085666858,-5.1913468771143325
6.88,137.3661540866327,2.601312219138621,-0.13118665359363665,-0.25625244292265487,-0.052125749602225546,0.05212574960222554,-0.001127755499544858,-0.006160034993746545,-5.1250488584530975
6.890000000000001,137.56440193917246,2.5748969338098475,-0.13373596110621483,-0.2536178418949973,-0.05225996751116663,0.05225996751116663,-0.0014084971150787606,-0.00756508525050547,-5.072356837899946
6.9,137.76258213504158,2.547978748594322,-0.1362619757811804,-0.2515918466452683,-0.05230396275560697,0.05230396275560697,-0.0016445292431370162,-0.00874568584324115,-5.031836932905366
6.91,137.9606939581475,2.5205618820122435,-0.1387702772978144,-0.25007351794929666,-0.052381785366754086,0.052381785366754086,0.0008637722734969877,0.0037950435138173976,-5.001470358985934
6.92,138.15873683265713,2.492651318732728,-0.14123863126816227,-0.24361879260307398,-0.05237185111749396,0.05237185111749396,0.0006472034288477757,0.002712298633063939,-4.87237585206148
6.93,138.3567111032322,2.4642582054657627,-0.14364523030129414,-0.23772067508358466,-0.052261535707087525,0.05226153570708753,0.0004551505903806763,0.0017531375948325063,-4.754413501671693
6.94,138.5546172992269,2.4353944015966444,-0.14599533965577202,-0.23231920133669587,-0.052053823242299936,0.052053823242299936,0.00030199350318219076,0.0009894292834879545,-4.646384026733918
6.95,138.7524558895752,2.4060707837887874,-0.148293488121937,-0.22732713269097074,-0.051762777821913346,0.051762777821913346,0.0026001419693471584,0.012483082068516659,-4.546542653819415
6.96,138.95022753546962,2.376298992483062,-0.15051937697399398,-0.21788212215945021,-0.05148594371248024,0.05148594371248025,0.002427171603177847,0.011620998578764433,-4.357642443189004
6.97,139.14793382588888,2.346096218754344,-0.15265346668660382,-0.20896554330272488,-0.051110023521395306,0.051110023521395306,0.002275676325754844,0.010867281393560267,-4.1793108660544975
6.98,139.34557655448484,2.3154802448903538,-0.15470077378892402,-0.20052401654066007,-0.05064125022204837,0.05064125022204838,0.0021593215636743768,0.0102901953161514,-4.010480330813201
6.99,139.54315747991512,2.284467908126646,-0.15666565069289973,-0.19247818460624821,-0.0500846073748099,0.05008460737480991,0.0020908266757044547,0.009953287304774175,-3.8495636921249643
7.0,139.74067833872334,2.253075258104731,-0.1585515378700327,-0.1847250953300727,-0.049476562123120175,0.049476562123120175,0.003976713852837432,0.01938880364295596,-3.694501906601454
7.01,139.9381410680363,2.221319001431496,-0.1603419184656227,-0.17338881268171047,-0.04884672814805371,0.0488467281480537,0.003872034092696597,0.018871703182002448,-3.4677762536342094
7.0200000000000005,140.13554842491934,2.189220309230927,-0.16202108968398238,-0.16248178897218965,-0.0481293230172928,0.0481293230172928,0.003802069512823053,0.01852905433394234,-3.249635779443793
7.03,140.33290335638245,2.1568008276929858,-0.1635929548845133,-0.151926436837551,-0.04733187710146867,0.04733187710146866,0.0037778674401520995,0.01841601842974581,-3.03852873675102
7.04,140.53020880079285,2.124081499781314,-0.16506053966939316,-0.14162485989589316,-0.04646098543369952,0.04646098543369952,0.0038090699025389585,0.018580739658357798,-2.832497197917863
7.05,140.72746770902268,2.0910827588441365,-0.16642580475201563,-0.13146203386730526,-0.045560954190693344,0.045560954190693344,0.0051743349851614264,0.025416065383900198,-2.6292406773461052
7.0600000000000005,140.92468321365834,2.0578255866360555,-0.1676768711461508,-0.11879347492547418,-0.04461454387547514,0.04461454387547515,0.005154737787218643,0.025327543497338467,-2.3758694985094837
7.07,141.12185906527887,2.024334105589865,-0.16880268627266706,-0.1064108272735065,-0.04359687269327316,0.04359687269327316,0.005181008098380069,0.025469071764967613,-2.12821654547013
7.08,141.31899916513862,1.9906328049531,-0.169805623794679,-0.09421732352349581,-0.042516455835534074,0.042516455835534074,0.005260239515117476,0.025876033017232042,-1.8843464704699162
7.09,141.5161074292517,1.9567457924070046,-0.1706870290177231,-0.08210409987051503,-0.041381278715312914,0.041381278715312914,0.005397776128160476,0.02657506785364925,-1.6420819974103007
7.1000000000000005,141.71318781492386,1.9226970090483393,-0.17144711649568706,-0.06995389777312672,-0.040223696130548825,0.040223696130548825,0.006157863606124442,0.030387081069316722,-1.3990779554625343
7.11,141.9102444149748,1.888510827147507,-0.17207933545953008,-0.05653462741771425,-0.03901413138098654,0.039014131380986534,0.0062292939714593265,0.030756328543486765,-1.130692548354285
7.12,142.10728165855303,1.8542132499202193,-0.17257796114914,-0.043234844621099965,-0.037754648375262954,0.037754648375262954,0.006352668607441048,0.03138579655345261,-0.8646968924219993
7.13,142.3043040629671,1.8198305260220977,-0.17294365958179653,-0.02994912913440615,-0.036454544554586785,0.03645454455458678,0.006530304180815072,0.032286975458529495,-0.598982582688123
7.140000000000001,142.5013161749125,1.7853888716419672,-0.17317603021610684,-0.01656959768237285,-0.03512302649687909,0.03512302649687909,0.00676267481512538,0.03346214381065811,-0.331391953647457
7.15,142.69832259693794,1.7509146836386082,-0.17327359986781535,-0.0029896008546928445,-0.03375849067287579,0.0337584906728758,0.006860198790576089,0.03396340904615169,-0.05979201709385689
7.16,142.89532799204105,1.7164346272972202,-0.17323572266251308,0.010520008353163017,-0.0323613195188516,0.0323613195188516,0.0070102929781288015,0.03472785169545549,0.21040016706326034
7.17,143.0923370229175,1.681975352157435,-0.17306257262098615,0.02406484894829105,-0.030941151655261234,0.030941151655261234,0.0072123021818685795,0.03575209939279028,0.481296978965821
7.18,143.2893543558122,1.6475635778620297,-0.1727532847657813,0.03774711299499717,-0.02950774511099582,0.029507745110995822,0.0074637105462450615,0.03702347528011535,0.7549422598999433
7.19,143.48638468447123,1.6132262962063224,-0.17230600753575767,0.051661948646997025,-0.028057424230208156,0.028057424230208156,0.0070164333162214265,0.03480159233880505,1.0332389729399405
7.2,143.68343266670593,1.5789904733716007,-0.17172537849150724,0.06442132749401787,-0.026575072718732443,0.026575072718732443,0.007179579702870559,0.03563214778716547,1.2884265498803573
7.21,143.88050267347862,1.544881665877719,-0.17101677304075555,0.07725697570738038,-0.025089559696385363,0.025089559696385367,0.007394586147090043,0.03672203513848636,1.5451395141476076
7.22,144.07759898858603,1.5109252199091425,-0.1701789208428478,0.09027008536695914,-0.023610085330099253,0.023610085330099253,0.00765618329017384,0.038044815597568206,1.8054017073391828
7.23,144.2747258963326,1.4771468377407373,-0.16920960221525,0.10354937435079185,-0.02214634584268206,0.022146345842682064,0.00795743128114329,0.03956569294728963,2.070987487015837
7.24,144.47188769991578,1.4435727534231453,-0.1681057882403907,0.11716802357998882,-0.02066298480727597,0.020662984807275967,0.0068536173062840045,0.034061456683347265,2.3433604715997762
7.25,144.66908857464628,1.410228938767052,-0.1668780760541185,0.12833718188078302,-0.019171643627234787,0.01917164362723479,0.007062188732045227,0.03511922722395379,2.5667436376156605
7.26,144.86633209421956,1.3771383359929226,-0.1655376802838014,0.13970408122973002,-0.01770788103779884,0.01770788103779884,0.0073177595465716274,0.036411718922480144,2.7940816245946003
7.2700000000000005,145.06362166955168,1.3443234552534997,-0.1640821768335458,0.15135776189821193,-0.016279811216032426,0.01627981121603243,0.007611288983717157,0.037893646806425464,3.0271552379642386
7.28,145.26096070951058,1.3118073816020124,-0.16250835001887293,0.16336756699143604,-0.014896349696539243,0.014896349696539243,0.00793241714276885,0.03951312221687885,3.267351339828721
7.29,145.4583526317453,1.2796139126566206,-0.16081240070149264,0.17578091724342665,-0.013477404311655321,0.01347740431165532,0.006236467825388558,0.031047565083826237,3.5156183448685328
7.3,145.65580065056315,1.2477663218850086,-0.1590103697869701,0.1845958814479118,-0.012092149383540864,0.012092149383540866,0.006467700596290926,0.032217581487619225,3.6919176289582363
7.3100000000000005,145.85330713941175,1.2162833910738378,-0.15711874036897347,0.19369965520696705,-0.010763753189929165,0.010763753189929164,0.006739621953122859,0.033590472233715,3.873993104139341
7.32,146.05087426072046,1.185183239184345,-0.15513424998411746,0.20316686333074074,-0.009498411538470133,0.009498411538470133,0.007040602221415254,0.03510802699169157,4.063337266614814
7.33,146.24850418230997,1.1544847107035132,-0.15305301298229854,0.2130476001237792,-0.008296775395148257,0.008296775395148255,0.0049593652195963345,0.02471385834403019,4.260952002475584
7.34,146.4461988414284,1.124205902495181,-0.15089460057333107,0.21861631864345613,-0.0070466486648991114,0.007046648664899112,0.005199694174035069,0.025928004383526354,4.372326372869122
7.3500000000000005,146.6439592417092,1.0943595005000402,-0.14867864197269376,0.22455560319559276,-0.005865376853153572,0.005865376853153572,0.005486880364756502,0.027375748055250976,4.491112063911855
7.36,146.84178618816608,1.0649574263759691,-0.14640100423465435,0.2309506269416141,-0.004755581245092351,0.004755581245092351,0.005807768767317867,0.02899128802413841,4.6190125388322825
7.37,147.0396805366796,1.0360125043934467,-0.1440568418723894,0.2378588174267393,-0.0037211408047569403,0.0037211408047569403,0.006148399114934616,0.03070478416662551,4.757176348534786
7.38,147.23764319966492,1.0075385758543778,-0.14164087958198587,0.2453088065125822,-0.0027318197787079253,0.0027318197787079257,0.0037324368245310875,0.018634865924868356,4.906176130251644
7.390000000000001,147.4356748864678,0.9795487427702984,-0.13917513716670768,0.24783126805197367,-0.001714601188880508,0.001714601188880508,0.004028606430603848,0.020125886141130436,4.956625361039474
7.4,147.63377535750905,0.9520499674254703,-0.13668145844939258,0.25089426507379553,-0.0007761236154210935,0.0007761236154210935,0.004364837071027083,0.021816424118981208,5.017885301475911
7.41,147.83194422534586,0.9250485132295095,-0.13415409538162157,0.25456610858584583,8.347220791559277e-05,8.347220791559277e-05,0.004726338777115369,0.023632528607656,5.091322171716916
7.42,148.03018121618726,0.8985518437814578,-0.1315867705121006,0.2588844702898661,0.0008624658056407377,0.0008624658056407378,0.005097923561414974,0.025498242465131278,5.177689405797322
7.43,148.22848616672698,0.8725686988871739,-0.12897298432128546,0.26385619489428813,0.0016214985098490418,0.0016214985098490418,0.0024841373705998255,0.01243690183809762,5.277123897885763
7.44,148.42685876133356,0.8471071488816236,-0.1263359241597774,0.2635568353065114,0.0023865870886370984,0.002386587088637099,0.0028273000981703933,0.014160366361738338,5.271136706130228
7.45,148.62529780116245,0.8221687390782878,-0.12369840379234583,0.2639459411163435,0.0030697759961264516,0.003069775996126451,0.0032028064854500854,0.01604473018721169,5.278918822326871
7.46,148.82380200362743,0.7977544342166337,-0.12105328729086587,0.26507360018826814,0.0036730814843268524,0.003673081484326853,0.0035952725454592577,0.018013093542139556,5.301472003765363
7.47,149.02237025459286,0.7738666523988934,-0.11839309560347065,0.2669584542303334,0.004196695207568135,0.004196695207568135,0.003989267018079765,0.019988302042474503,5.3391690846066675
7.48,149.22100159724815,0.7505093039963585,-0.11571031839820435,0.2695882206367911,0.0047267084207827815,0.0047267084207827815,0.0013064898128134633,0.006579716148275144,5.391764412735823
7.49,149.41969498272238,0.7276857506500976,-0.11302814404565151,0.2668557583909954,0.00524419540832082,0.00524419540832082,0.0016874788304963029,0.008489836106564723,5.337115167819908
7.5,149.61844859690487,0.7053927633557645,-0.11036922798287353,0.26493386070806524,0.0056825659649488176,0.005682565964948817,0.0020934281731055104,0.01052396652517704,5.298677214161305
7.51,149.81726060588406,0.6836266937963912,-0.10772529870730835,0.2638555887670056,0.00604559959158343,0.006045599591583429,0.0025091632515760465,0.012606272253796067,5.277111775340112
7.5200000000000005,150.01612938373032,0.662385554189948,-0.10508790805301191,0.26362331635993147,0.006335082582370936,0.006335082582370936,0.002919721374885123,0.014661957700249325,5.27246632719863
7.53,150.21505349531833,0.6416690242778295,-0.10244873295082045,0.26420974923564816,0.006655206859693689,0.006655206859693689,0.00028054627269366583,0.001469283432065266,5.284194984712963
7.54,150.4140314716085,0.6214763996586973,-0.09982996209988333,0.2595599209066,0.0069502775159099965,0.0069502775159099965,0.000691894895562109,0.003528977252969645,5.191198418132
7.55,150.61306121973098,0.6018005965753658,-0.09725313557141946,0.2558178587508601,0.007173966947609962,0.007173966947609963,0.0011216538161517575,0.0056800087502348875,5.116357175017202
7.5600000000000005,150.81214068068888,0.58263430717254,-0.09470908441455508,0.25300175993722546,0.007331340811091582,0.0073313408110915815,0.0015553627947395565,0.007850127381808698,5.060035198744509
7.57,151.01126802421572,0.5639720489193093,-0.09218860305693549,0.2511008481747097,0.007425367086136725,0.007425367086136725,0.0019789393174188957,0.009968950257955847,5.022016963494194
7.58,151.21044162772375,0.5458101455502772,-0.08968273245066748,0.2500766870653559,0.007570397138970704,0.007570397138970704,-0.0005269312888491196,-0.002558952472855891,5.001533741307118
7.59,151.40965988201313,0.5281447329017696,-0.08721189132069432,0.24411142381626727,0.007684647032265899,0.007684647032265899,-9.188168990355294e-05,-0.0003825619791951057,4.882228476325345
7.6000000000000005,151.6089206946903,0.5109659940092587,-0.08479578634630477,0.23912618907581012,0.007738764229943706,0.007738764229943707,0.0003556788502332292,0.0018557818934655831,4.782523781516202
7.61,151.8082220444521,0.4942641007251396,-0.08242459151033507,0.23512611216125695,0.007738533149565678,0.007738533149565678,0.0008022652767545739,0.004088711715268526,4.702522243225139
7.62,152.00756214027064,0.47803117099402276,-0.08008856385309583,0.23208954153288583,0.007687590600385126,0.0076875906003851255,0.0012348645300074568,0.006251198556041135,4.641790830657716
7.63,152.2069393985169,0.46226122798874825,-0.07777830397464652,0.22996950119840362,0.007703184162910503,0.007703184162910502,-0.0010753953484418516,-0.005299944900580153,4.5993900239680725
7.640000000000001,152.40635228045005,0.4469483120604174,-0.07551198294354519,0.22331688117596876,0.00768796312589972,0.007687963125899719,-0.0006251370387203303,-0.0030488055623426546,4.466337623519375
7.65,152.60579888755737,0.4320810761202542,-0.07330705485000953,0.2176875027639604,0.007625424481692408,0.007625424481692408,-0.00016806341562308758,-0.0007640628332985138,4.353750055279208
7.66,152.80527741125775,0.4176483661141935,-0.0711533221623692,0.21307441225536036,0.007521459617705924,0.007521459617705925,0.0002834460069283812,0.001492444630818965,4.261488245107207
7.67,153.00478625801912,0.4036410399519234,-0.06904077905218485,0.20944630388731922,0.007379817154186823,0.007379817154186823,0.0007175353047412653,0.0036614746952481946,4.188926077746384
7.68,153.204324026455,0.39005190707550574,-0.06695984733715932,0.2067490303353674,0.007314781495553514,0.007314781495553514,-0.0013633964102842677,-0.006743834236465803,4.134980606707348
7.69,153.4038893750556,0.37687397668708567,-0.06492629299358765,0.19998438795363757,0.007222300568437928,0.007222300568437928,-0.0009104632784636829,-0.004480093386634036,3.9996877590727515
7.7,153.60348070107187,0.3640954937781344,-0.06295521564740368,0.19425019590661605,0.007094714750965521,0.00709471475096552,-0.0004564360632550446,-0.002211233168765568,3.885003918132321
7.71,153.8030964942537,0.35170506048034283,-0.06103640298594243,0.18952807731618734,0.006937469118834576,0.006937469118834576,-1.2485801308616262e-05,6.945684645264454e-06,3.790561546323747
7.72,154.0027354322014,0.33969328640552643,-0.05915993550099772,0.18577792062015602,0.006753933236806323,0.006753933236806323,0.0004107703645282734,0.0021213911550094305,3.7155584124031202
7.73,154.20239635891696,0.32805271024884486,-0.05731639621565001,0.18293939851146443,0.006651260297056437,0.006651260297056437,-0.0014327689208194355,-0.007097332001126613,3.6587879702292887
7.74,154.4020781796944,0.3167762000666367,-0.05551927532664991,0.17650622393301363,0.0065253897642414535,0.0065253897642414535,-0.0009936601438003609,-0.00490304682135939,3.5301244786602726
7.75,154.60177961196223,0.3058524698841699,-0.053781487673806125,0.17106942989878235,0.006374184857638676,0.006374184857638676,-0.0005589419139842566,-0.0027309677213448965,3.421388597975647
7.76,154.80149945678266,0.29527068922034727,-0.0520932125463573,0.16660049255534676,0.006202269989818502,0.006202269989818502,-0.00013845754203315605,-0.0006302650102675952,3.3320098511069354
7.7700000000000005,155.00123666987668,0.28502195033049643,-0.050445009326903927,0.16305198011233296,0.006012329372449545,0.006012329372449545,0.0002585196493886041,0.001352721540667516,3.261039602246659
7.78,155.20099034270712,0.27509917480620144,-0.04882799906900283,0.16035904821279776,0.005901883456891492,0.005901883456891492,-0.0013584906085124943,-0.006733434207993556,3.2071809642559552
7.79,155.4007596208136,0.2654956722873061,-0.04725371565838301,0.15451710770836075,0.005771490918958801,0.005771490918958801,-0.0009508323026390791,-0.004696446604005808,3.0903421541672147
7.8,155.60054351433115,0.25620114796130844,-0.04573322438273855,0.14959754651546955,0.005622135612764942,0.005622135612764942,-0.0005521232683274521,-0.002704394985509611,2.991950930309391
7.8100000000000005,155.800341102406,0.24720578590576814,-0.04425748235086033,0.14556430445750917,0.0054575052405406044,0.005457505240540605,-0.000170767766816661,-0.000799263781677899,2.9112860891501837
7.82,156.0001515852951,0.238501533013285,-0.04281788710307291,0.14236540844926318,0.005279544439592234,0.005279544439592234,0.0001853968667183195,0.00097977977798752,2.8473081689852635
7.83,156.19997426858745,0.23008199618461195,-0.04140642856256004,0.13993440327943243,0.005175072790968545,0.005175072790968544,-0.0012260616737945487,-0.006078557641063058,2.7986880655886486
7.84,156.39980850115415,0.22194116053713142,-0.040033061620023604,0.13475624633793437,0.0050522074060328935,0.0050522074060328935,-0.0008641288751069509,-0.004270122301474426,2.6951249267586874
7.8500000000000005,156.59965353374812,0.21406987807542371,-0.038707368987281644,0.13039681215186055,0.004913545390659393,0.004913545390659392,-0.0005140053492426883,-0.0025208912923068475,2.6079362430372113
7.86,156.7995086705815,0.20645944002236016,-0.03742136238918633,0.1268164424387472,0.004761974691858085,0.004761974691858085,-0.00018261633119513038,-0.000865461909057071,2.5363288487749442
7.87,156.99937330718583,0.19910268844901916,-0.03616751492949273,0.12396256275573718,0.004599591045309478,0.004599591045309478,-0.0014364637908887284,-0.007136323043990547,2.4792512551147436
7.88,157.19924688143738,0.1919928777637672,-0.03495438130057993,0.11868176628031542,0.004501413303309223,0.004501413303309223,-0.0010894846023188007,-0.0054024088785609116,2.3736353256063083
7.890000000000001,157.39912876244298,0.1851205327974687,-0.03379008623463243,0.11419221259699591,0.004391000057677038,0.004391000057677038,-0.0007497482004730771,-0.0037048310017886153,2.283844251939918
7.9,157.59901836956547,0.17847668167325098,-0.03266686809366679,0.11046384391434923,0.004271893167415683,0.004271893167415683,-0.0004237612973591806,-0.002076087555121746,2.2092768782869845
7.91,157.7989152017406,0.17205386854660376,-0.031577327396913636,0.10745432749879424,0.004146176916841841,0.004146176916841841,-0.0001176244444791724,-0.0005466604532274436,2.149086549975885
7.92,157.99881882718705,0.1658460696009244,-0.030514544345182797,0.10511009721404159,0.004015983019745641,0.004015983019745641,-0.001180407496210012,-0.005861877650852603,2.1022019442808317
7.930000000000001,158.198728846898,0.15984769582053926,-0.029485530647457434,0.10070731875824966,0.003943542939680767,0.003943542939680767,-0.0008659369462280589,-0.004290249301743486,2.014146375164993
7.94,158.39864481318097,0.15405087198655934,-0.028496984970525423,0.09701412768368828,0.0038632610801050803,0.00386326108010508,-0.0005618302524747001,-0.00277051865157245,1.9402825536737656
7.95,158.5985663156567,0.14844821128639854,-0.027541985035507935,0.09399592035302434,0.003777610823509219,0.003777610823509219,-0.00027362838586842894,-0.0013303658211070526,1.8799184070604869
7.96,158.7984930019533,0.14303367202466735,-0.026614006155508168,0.09160781626458199,0.0036877859674480933,0.0036877859674480933,-6.461539973957181e-06,4.570159804695029e-06,1.8321563252916397
7.97,158.99842456966107,0.1378024683909751,-0.02570701892828188,0.0897956698740513,0.003595492908491229,0.0035954929084912285,-0.000913448767200245,-0.0045312889069163125,1.795913397481026
7.98,159.1983607395078,0.13275020113530703,-0.02482698469478203,0.08622308584428495,0.003552200104821367,0.0035522001048213666,-0.0006449917494126405,-0.003189436746014989,1.724461716885699
7.99,159.3983011963567,0.12787051661182922,-0.02397965551057455,0.08325265277746402,0.003501730456288384,0.003501730456288384,-0.0003890809381388097,-0.0019103873861311645,1.6650530555492804
8.0,159.59824565098623,0.12315746892511999,-0.023159194454117606,0.08084757571009768,0.00344566294809967,0.0034456629480996703,-0.00015015335434446012,-0.0007163101422413039,1.6169515142019537
8.01,159.79819385473027,0.11860623930648587,-0.022360172942932362,0.07896300863083068,0.003384516440648946,0.0033845164406489463,6.775458682049817e-05,0.00037261809850898034,1.5792601726166136
8.02,159.99814559345398,0.11421304684989599,-0.021577646485894518,0.07754700295615859,0.0033195787061308575,0.003319578706130858,-0.0007147718702173456,-0.003540663564025419,1.5509400591231717
8.03,160.1981006682215,0.10997439789970669,-0.020816914071441373,0.07460927270164215,0.003293492179347516,0.003293492179347516,-0.0004996535135785019,-0.0024653326460990343,1.492185454032843
8.040000000000001,160.39805885321226,0.1058850874584363,-0.020083130739423204,0.07215557297916604,0.003258470018957497,0.0032584700189574973,-0.0002972993822847672,-0.0014539122112342611,1.4431114595833208
8.05,160.59801993988987,0.10194020128900161,-0.01937163123958653,0.07015100909499901,0.003215599831617009,0.003215599831617009,-0.00011102753582710109,-0.0005229816808193354,1.4030201818999801
8.06,160.7979837474288,0.09813572088955576,-0.01867812874118136,0.06855481142586094,0.003165138232137279,0.003165138232137279,5.620154542531827e-05,0.00031265910944796416,1.3710962285172188
8.07,160.99795011842417,0.09446844229100805,-0.017998769463099064,0.06732115651347552,0.0031082369991290376,0.0031082369991290376,-0.0006231577326569794,-0.003084706293293607,1.3464231302695104
8.08,161.197918905281,0.0909353376066705,-0.017338373846064944,0.06476648276208986,0.003080494367875046,0.0030804943678750456,-0.0004585583223639354,-0.0022619866681409264,1.2953296552417972
8.09,161.3978899407218,0.0875318639603791,-0.01670163666926652,0.06258821374123666,0.003041717100647874,0.003041717100647874,-0.00030475890842904946,-0.0014933773711387685,1.2517642748247333
8.1,161.59786306916743,0.0842536584103883,-0.01608493877898233,0.06075746701221278,0.002992952466269815,0.002992952466269815,-0.00016412728410852145,-0.0007907068958799091,1.2151493402442557
8.11,161.79783815419435,0.08109705131269974,-0.015484970476855259,0.059241247649606685,0.002934614666986664,0.0029346146669866637,-3.874991957552275e-05,-0.0001644034512077471,1.1848249529921338
8.120000000000001,161.99781507561815,0.07805900057805544,-0.014898769454246417,0.05800308422390589,0.002868038215402245,0.002868038215402245,-0.0006249509421843644,-0.0030960743287677993,1.1600616844781177
8.13,162.1977937201153,0.07513655831947956,-0.014330651519122,0.05562841862214996,0.0028232641013481914,0.002823264101348192,-0.0004985130846612389,-0.0024643327822927124,1.1125683724429993
8.14,162.39777396087388,0.07232545310006919,-0.013784789246661381,0.05355096096431166,0.0027669248455269454,0.0027669248455269454,-0.00037944560900994746,-0.0018695587965944678,1.0710192192862331
8.15,162.59775567966494,0.06962152537114807,-0.013258313525757088,0.0517501860038653,0.002700332811676006,0.0027003328116760057,-0.00026948462163037257,-0.0013204197800351027,1.035003720077306
8.16,162.79773877213435,0.06702116769737548,-0.012748575678686438,0.05020254239770997,0.002624302797558313,0.002624302797558313,-0.00017017711116281732,-0.0008246425278385035,1.0040508479541994
8.17,162.99772314585476,0.06452127781697689,-0.012253175552727471,0.04888188513465664,0.0025405072490075433,0.002540507249007543,-0.0006655772371217845,-0.003302481113118847,0.9776377026931328
8.18,163.19770871392504,0.062118820016294166,-0.011775773614220712,0.04660608881239561,0.0024745089156293964,0.0024745089156293964,-0.000560255115908688,-0.002776530490387146,0.9321217762479123
8.19,163.39769538102684,0.05980964520352713,-0.011319858645282028,0.04458364667836341,0.002398882622066535,0.0023988826220665348,-0.0004587290741035772,-0.0022696565442972207,0.8916729335672682
8.2,163.5976830587294,0.05758970587934764,-0.010882960171659049,0.04280198711339859,0.002315248646823322,0.002315248646823322,-0.00036246317309197515,-0.0017891633789916426,0.8560397422679717
8.21,163.79767166915343,0.05545543507540271,-0.010462746697775374,0.04124589481403447,0.0022247951733702725,0.0022247951733702725,-0.00027281424256937054,-0.00134182326111315,0.8249178962806893
8.22,163.99766114362677,0.053403716020188764,-0.010057050824339844,0.039897773762718164,0.002129438047295871,0.002129438047295871,-0.0006785101160049004,-0.0033712561995515433,0.7979554752543633
8.23,164.19765141827645,0.051431523696521174,-0.009668734185632535,0.03777263800548296,0.002050921496678429,0.0020509214966784287,-0.0005793232059323351,-0.002876106814694891,0.7554527601096592
8.24,164.39764242442422,0.04953494581229505,-0.009300474070807366,0.035885675049954685,0.0019667385435800564,0.0019667385435800564,-0.00048152677475370165,-0.0023879664883327077,0.7177135009990937
8.25,164.59763409904843,0.04771020715403181,-0.008949926336269625,0.03422939298554614,0.0018786073278756346,0.0018786073278756346,-0.0003865840035326418,-0.0019141339443844525,0.6845878597109228
8.26,164.79762638724202,0.04595399286149076,-0.008614835513927152,0.03279355776310743,0.0017878280109007818,0.0017878280109007818,-0.0002958998456814455,-0.0014616209482982197,0.6558711552621487
8.27,164.99761924122748,0.04426342801731052,-0.008293061390071094,0.03156536113607604,0.0016962659265730537,0.0016962659265730537,-0.0006176739695375032,-0.0030714071884217855,0.6313072227215208
8.28,165.1976126172576,0.04263578221713227,-0.007986645443509206,0.029723966367583572,0.0016221959234731093,0.0016221959234731093,-0.0005172098910986404,-0.002569827496258471,0.5944793273516714
8.290000000000001,165.39760646890886,0.041067655068204575,-0.007697464021520127,0.028117672525101865,0.0015469608639328172,0.0015469608639328174,-0.0004176150616267329,-0.002072605699494336,0.5623534505020373
8.3,165.59760075418401,0.0395558328595812,-0.007423198126962224,0.026740098456188344,0.001472039409913496,0.0014720394099134958,-0.0003204460859410184,-0.001587510035605957,0.5348019691237669
8.31,165.7975954371309,0.03809755827277751,-0.007161607373752062,0.025581912935525652,0.0013984904793326255,0.0013984904793326255,-0.0002272091113868354,-0.0011220606521408507,0.511638258710513
8.32,165.99759048709456,0.036690511768358795,-0.006910558701654412,0.02463099133047402,0.001327785299180414,0.001327785299180414,-0.00047825778348448497,-0.0023780110644306207,0.49261982660948045
8.33,166.19758587649952,0.03533256258815998,-0.006671420022773882,0.02320150954694073,0.0012749536642671661,0.0012749536642671661,-0.00037846912656192347,-0.0018795960961669456,0.4640301909388146
8.34,166.39758157610189,0.03402108623178261,-0.0064454439441419655,0.021997718951210134,0.0012242385800433039,0.0012242385800433036,-0.0002807383101368493,-0.0013914491648838135,0.4399543790242027
8.35,166.59757755983614,0.032753673130257385,-0.006230416373142265,0.02101108414325722,0.0011765918866600057,0.0011765918866600057,-0.00018662556789584075,-0.0009213619206126037,0.42022168286514444
8.36,166.79757380588617,0.03152834700009302,-0.006024223203211287,0.02023015303515023,0.0011325635495084414,0.0011325635495084414,-9.761651952469672e-05,-0.0004767569621283992,0.4046030607030046
8.370000000000001,166.99757029611695,0.03034354200139085,-0.005824878457776982,0.01964076075943023,0.0010930075359970436,0.0010930075359970436,-0.0002969612649590019,-0.001473876249435039,0.3928152151886046
8.38,167.19756701447366,0.029197887519891146,-0.005633350096961283,0.018668153538024833,0.0010699909078696525,0.0010699909078696525,-0.00020662165849262383,-0.0010224083833844226,0.3733630707604967
8.39,167.39756394359497,0.028089631855701593,-0.005450554246541877,0.01789359848383226,0.0010499715947507161,0.0010499715947507161,-0.00012030385761429249,-0.0005910195721239552,0.3578719696766452
8.4,167.59756106816232,0.027017222642430533,-0.005274569950416205,0.017305222062731336,0.001033281135171622,0.001033281135171622,-3.937205664157097e-05,-0.00018652747185613863,0.3461044412546267
8.41,167.7975583756209,0.0259794789949399,-0.005103607353210452,0.016888685879577377,0.0010199063153195464,0.0010199063153195462,3.491821171821424e-05,0.00018479012174426668,0.3377737175915475
8.42,167.99755585575224,0.024975562914416147,-0.004936031031479799,0.016627449284813776,0.0010100887845925928,0.0010100887845925926,-0.00013265811001243828,-0.0006531896622162655,0.3325489856962755
8.43,168.1975534995208,0.024004791018505976,-0.0047727059676937016,0.016039523292355078,0.0010133760986182584,0.0010133760986182584,-6.188092619342863e-05,-0.00029927086998096056,0.3207904658471016
8.44,168.39755129666713,0.023066146696314512,-0.004614498618962026,0.015603400246899345,0.0010180772559948783,0.0010180772559948783,3.3549827246331237e-06,2.69556861831144e-05,0.3120680049379869
8.45,168.59754923805173,0.02215875356023912,-0.004459961052501966,0.01530510738845247,0.001024048887248489,0.001024048887248489,6.20730414719068e-05,0.0003206056962320189,0.3061021477690494
8.46,168.7975473161526,0.021282010275865498,-0.004307793378944801,0.015129014319830969,0.0010308951843103768,0.0010308951843103768,0.0001134251525452424,0.0005774347145693158,0.3025802863966194
8.47,168.99754552475696,0.02043555939269892,-0.00415685889280372,0.015058119233376528,0.001038474949946713,0.001038474949946713,-3.750933359583826e-05,-0.00017716191847972417,0.30116238466753054
8.48,169.19754385815125,0.01961912461266697,-0.004008125497329712,0.014689787675036623,0.001054405847353497,0.0010544058473534973,7.974134340749464e-06,5.0414730177282294e-05,0.29379575350073245
8.49,169.39754230945164,0.01883210057888118,-0.0038625866944960933,0.0144188759614403,0.0010687464331046418,0.0010687464331046418,4.776400073839291e-05,0.00024950746802301097,0.288377519228806
8.5,169.59754087226204,0.018073941388525236,-0.003719334553153146,0.014232174665963607,0.0010811926288706018,0.0010811926288706018,8.134953532499146e-05,0.0004175596029136633,0.28464349331927213
8.51,169.79753954103666,0.017344269261384247,-0.0035775970037024854,0.014115723408227749,0.0010912912789019335,0.0010912912789019338,0.0001083389945141424,0.0005526078853597314,0.28231446816455497
8.52,169.99753831088353,0.016642846700884888,-0.0034367440940250658,0.014055060743016797,0.0010988636760408278,0.0010988636760408278,-3.2513915163277264e-05,-0.00015158093905597803,0.28110121486033596
8.53,170.19753717703108,0.0159694408741171,-0.00329789082038323,0.013716721820110736,0.0011102195728367268,0.0011102195728367268,-1.038676061662202e-05,-4.083160735474283e-05,0.2743344364022147
8.540000000000001,170.39753613372463,0.01532348415083016,-0.0031621672971206905,0.013428942130643757,0.0011171815115821556,0.0011171815115821558,7.472031082156935e-06,4.853197052660624e-05,0.2685788426128751
8.55,170.59753517540557,0.014704397982571806,-0.003029115442078796,0.013182251208770611,0.0011196208107811807,0.0011196208107811807,2.093782838573843e-05,0.00011588535003650395,0.26364502417541225
8.56,170.79753429699227,0.01411168594524815,-0.0028983721775975723,0.012967118819822763,0.0011173426438250776,0.0011173426438250776,2.9966573774319917e-05,0.00016100629530985035,0.25934237639645524
8.57,170.99753349377858,0.01354491473248818,-0.0027696692231854105,0.012774115429122379,0.0011104334948192876,0.0011104334948192876,-9.873638063784187e-05,-0.00048257756824101645,0.2554823085824476
8.58,171.1975327611105,0.0130036069075934,-0.002644155759881277,0.012330057475217709,0.0011043987158397706,0.0011043987158397706,-9.091831781560516e-05,-0.0004435476019196281,0.2466011495043542
8.59,171.39753209369172,0.01248696575463426,-0.0025229612227441528,0.011910249360175613,0.0010927896216347118,0.001092789621634712,-8.492996332009782e-05,-0.000413721920384142,0.23820498720351224
8.6,171.59753148640897,0.011994150366668961,-0.0024058638087429657,0.011510565764019586,0.0010758595100465267,0.0010758595100465265,-8.071404571529349e-05,-0.0003928116334760022,0.2302113152803917
8.61,171.79753093454426,0.01152436013652359,-0.0022926819843031654,0.011127077461749587,0.0010538347456989386,0.0010538347456989386,-7.81852813058338e-05,-0.0003803880590721796,0.22254154923499175
8.620000000000001,171.9975304337289,0.011076826916396759,-0.0021832722661070053,0.010756102801728371,0.00102719488649778,0.00102719488649778,-0.00018759499950199386,-0.0009277030486449916,0.2151220560345674
8.63,172.19752997975013,0.010650734464415662,-0.0020786228120585493,0.01017572267417347,0.0010009145025456083,0.0010009145025456083,-0.00018188154685291023,-0.0008993985892390951,0.20351445348346942
8.64,172.39752956811503,0.010244999083973807,-0.0019796632728453878,0.009618044160051516,0.0009700783681956548,0.0009700783681956548,-0.00017558207390501026,-0.0008682095858430947,0.19236088320103034
8.65,172.597529194599,0.009858505732096715,-0.001886163156616101,0.009083760093255712,0.0009353138805786678,0.0009353138805786678,-0.00016869409087807465,-0.0008341173155845866,0.18167520186511424
8.66,172.79752885538542,0.009490186154005889,-0.0017978850748067918,0.008573557003403266,0.0008972128026512345,0.0008972128026512345,-0.00016123236008419107,-0.000797189672394443,0.17147114006806533
8.67,172.99752854703357,0.009139020244828915,-0.0017145849766420907,0.008088080938116094,0.0008565554056807959,0.0008565554056807958,-0.00024453245824889217,-0.001214096737187653,0.1617616187623219
8.68,173.1975282663477,0.008803976766127545,-0.0016369196967187158,0.0074471116833942945,0.0008178108958070628,0.0008178108958070628,-0.00023089350686446902,-0.0011462894253642744,0.1489422336678859
8.69,173.3975280100838,0.008483838601674582,-0.0015654657225467159,0.006845687964904594,0.0007772322380052931,0.0007772322380052931,-0.0002152756278989551,-0.0010686058171147227,0.13691375929809188
8.700000000000001,173.59752777529243,0.008177404086978654,-0.0014998119055181895,0.006286938004001586,0.0007356168012185992,0.0007356168012185992,-0.00019789586586162138,-0.000982123161295921,0.1257387600800317
8.71,173.79752755939634,0.007883556751281464,-0.0014395182657650177,0.005773501459976882,0.0006936860501427152,0.0006936860501427152,-0.00017900880746107416,-0.0008881071768039436,0.11547002919953765
8.72,173.9975273601569,0.007601270573571676,-0.001384121203687008,0.005307464465099294,0.0006522669072703696,0.0006522669072703696,-0.00023440586953908378,-0.0011655066786227153,0.10614928930198587
8.73,174.19752717557466,0.007329564050838532,-0.0013338893358330734,0.004740798057942348,0.0006151824549876444,0.0006151824549876444,-0.00020913286459788534,-0.00103951249843955,0.09481596115884697
8.74,174.39752700367734,0.007067357700913638,-0.001289017524461133,0.004235249435822657,0.0005794061822918526,0.0005794061822918525,-0.0001820065515945391,-0.000904238696149777,0.08470498871645313
8.75,174.59752684273397,0.00681364145737027,-0.0012488822268232945,0.003793283362087076,0.0005456132320762657,0.0005456132320762657,-0.00015348902993729758,-0.0007619890173657252,0.07586566724174153
8.76,174.79752669129851,0.006567532104836816,-0.0012128400743077708,0.0034164034501097448,0.0005143596203370953,0.0005143596203370953,-0.00012406952704676634,-0.0006152040390304608,0.0683280690021949
8.77,174.9975265481812,0.006328276271289828,-0.0011802376603085396,0.003105117006499103,0.0004862335907836297,0.0004862335907836297,-0.00015667194104599757,-0.0007784973693221516,0.06210234012998206
8.78,175.19752641237434,0.006095210031066358,-0.0011510416088901295,0.0027353259559334286,0.0004642471457519605,0.0004642471457519605,-0.00012345034361321014,-0.0006126092466085311,0.05470651911866857
8.790000000000001,175.3975262828958,0.005867637667202505,-0.001125177158704046,0.002438553356917811,0.0004457011049033711,0.0004457011049033711,-8.980067249215345e-05,-0.0004445463514117335,0.04877106713835622
8.8,175.59752615893422,0.005644965682606717,-0.0011019170579513948,0.002214214614847819,0.00043091169345093727,0.0004309116934509372,-5.631608562233197e-05,-0.0002772713111771505,0.04428429229695638
8.81,175.79752603987976,0.005426745056650072,-0.0010805457286583334,0.002060563431790838,0.00042005707420615597,0.000420057074206156,-2.358417103823468e-05,-0.00011372028444911184,0.041211268635816756
8.82,175.9975259253036,0.005212667759937718,-0.001060370715722986,0.0019747252921404994,0.0004133084318632941,0.000413308431863294,-4.3759183973582014e-05,-0.00021466283554927713,0.03949450584280999
8.83,176.19752581490246,0.005002526803139791,-0.0010412461032404986,0.0018506109329558156,0.0004128126389083962,0.0004128126389083962,-1.1299840629415891e-05,-5.237107675799549e-05,0.03701221865911631
8.84,176.3975257083789,0.004796109006458456,-0.0010230278747962152,0.001793226045364051,0.0004159768065573612,0.0004159768065573612,1.9663178671888975e-05,0.00010247566142501849,0.03586452090728102
8.85,176.59752560554583,0.004593298392344119,-0.001005070155628093,0.001798300871597813,0.00042268749304525744,0.0004226874930452574,4.859525116243722e-05,0.0002472031307426387,0.035966017431956265
8.86,176.79752550634655,0.004394103561911493,-0.0009867746574264127,0.001860591127491506,0.00043271199832412916,0.0004327119983241291,7.500424992352202e-05,0.0003793483696008514,0.03721182254983012
8.870000000000001,176.99752541083555,0.004198647237631952,-0.0009675999070212975,0.0019739809745216398,0.00044581427220922364,0.00044581427220922364,5.582949951840675e-05,0.000283605640314126,0.0394796194904328
8.88,177.197525319131,0.004007125797417836,-0.0009474927371870205,0.002047208890978734,0.0004634003089048594,0.0004634003089048594,7.834283010337104e-05,0.0003963481536059038,0.04094417781957468
8.89,177.39752523131884,0.003819713488671592,-0.0009264365730960599,0.002163635824239171,0.00048297709818086187,0.00048297709818086187,9.791982251583856e-05,0.0004944288835610014,0.04327271648478342
8.9,177.59752514752586,0.0036366410775604016,-0.0009040328448803957,0.002316599921232239,0.0005041241336119941,0.0005041241336119942,0.00011425412244482115,0.0005763118535602257,0.04633199842464478
8.91,177.79752506792886,0.0034582122227721996,-0.0008799519910123861,0.002498962954920305,0.0005263524255159059,0.0005263524255159059,0.00012710414635829284,0.0006407842560466233,0.0499792590984061
8.92,177.99752499273438,0.003284789243519031,-0.0008539375326722859,0.0027032477406587485,0.0005492058575252114,0.0005492058575252113,0.00010108968801819261,0.0005109404986662152,0.05406495481317497
8.93,178.19752492213905,0.0031167548577290564,-0.0008261584843653801,0.0028520658435114187,0.0005736251008342339,0.0005736251008342339,0.00010851829849490278,0.0005483277434828563,0.05704131687022837
8.94,178.39752485625772,0.0029544290706376482,-0.000796831759638706,0.0030127434914512083,0.000597374482861654,0.000597374482861654,0.00011275608097197651,0.0005697541496884991,0.060254869829024164
8.950000000000001,178.5975247951771,0.0027981310809688355,-0.0007658716510591603,0.0031787249341675523,0.0006199779390360958,0.0006199779390360959,0.00011379370623337901,0.000575168310557256,0.06357449868335105
8.96,178.79752473896292,0.0026481907098640303,-0.0007332574596018347,0.003343563875475799,0.0006409524338496764,0.0006409524338496764,0.00011168333140554516,0.0005648261813662225,0.06687127750951598
8.97,178.99752468764805,0.0025049355487086924,-0.0006990318003351947,0.003501043029489003,0.0006598927815930377,0.0006598927815930378,7.745767213890515e-05,0.00039388728851045613,0.07002086058978006
8.98,179.19752464120953,0.002368659274351532,-0.0006635866029790514,0.0035877075501808955,0.0006775981505593177,0.0006775981505593177,7.109186811960963e-05,0.0003622353221036413,0.07175415100361791
8.99,179.39752459952808,0.0022395539283720893,-0.0006273462533973191,0.003660120979858884,0.0006922941372656928,0.0006922941372656929,6.257277307765125e-05,0.0003197868067609132,0.07320241959717767
9.0,179.59752456243413,0.002117762952453795,-0.0005904732967079147,0.003714289789184438,0.0007037076522232575,0.0007037076522232575,5.212615328153568e-05,0.00026766784292991095,0.07428579578368875
9.01,179.79752452972158,0.002003393461619577,-0.0005531675793569525,0.0037467454916544755,0.0007116049546818011,0.0007116049546818011,4.001215262699728e-05,0.0002071768126818044,0.07493490983308951
9.02,179.99752450114931,0.0018965093283792786,-0.0005156607085687492,0.0037546024751507886,0.0007158580076695854,0.0007158580076695854,2.5052818387939248e-06,1.9684989270665477e-05,0.07509204950301578
9.03,180.19752447643694,0.0017971094992506713,-0.00047844854468743163,0.0036880521430964195,0.000717370236770204,0.000717370236770204,-1.069227835924963e-05,-4.628768942854611e-05,0.07376104286192839
9.040000000000001,180.39752445525107,0.0017050772407966241,-0.00044202634335836056,0.003596692664666856,0.0007149515213216874,0.0007149515213216874,-2.422214457203242e-05,-0.00011396120764694521,0.07193385329333712
9.05,180.59752443724287,0.0016202296904242698,-0.0004066431107019643,0.0034803417162952866,0.0007086775982734388,0.0007086775982734388,-3.778300714997511e-05,-0.00018182825976714116,0.06960683432590573
9.06,180.7975244220639,0.0015423342031574653,-0.00037254666334859125,0.0033394175176816856,0.0006986764868736957,0.0006986764868736958,-5.107717043716304e-05,-0.0002483990873170782,0.06678835035363372
9.07,180.99752440937255,0.0014711091837656498,-0.00033997771752333224,0.0031749199911043384,0.0006851767410278781,0.0006851767410278781,-8.364611626242204e-05,-0.00041137881390183146,0.06349839982208677
9.08,181.1975243988359,0.0014062129248348435,-0.00030936120358334503,0.002949135437663635,0.0006692651023499282,0.0006692651023499282,-9.443286645004076e-05,-0.0004654716812267045,0.058982708753272696
9.09,181.39752439012543,0.001347208505238968,-0.0002810875745954511,0.002706399507197169,0.0006502993087278221,0.000650299308727822,-0.00010380389342744858,-0.0005125164740499646,0.054127990143943386
9.1,181.59752438293827,0.0012936114441677979,-0.0002553106577920707,0.002449839083970427,0.000628675343196897,0.0006286753431968971,-0.0001115621170947214,-0.0005515238320416381,0.04899678167940854
9.11,181.79752437700415,0.0012449097327481124,-0.0002321513565820831,0.0021829109487338013,0.0006048187839999233,0.0006048187839999233,-0.00011754539002730376,-0.0005816787622965196,0.043658218974676026
9.120000000000001,181.99752437208582,0.0012005707233859757,-0.00021169473077836608,0.001909326192207723,0.0005792184444745017,0.0005792184444745017,-0.0001380020158310208,-0.000684217894710359,0.03818652384415446
9.13,182.19752436797592,0.001160037665596065,-0.0001941504934544867,0.0016005505596758266,0.0005530461620534471,0.0005530461620534471,-0.00013917356208952743,-0.0006903373488271027,0.03201101119351653
9.14,182.39752436449,0.001122705915941632,-0.00017967549743731813,0.0012954656281106542,0.0005260154948436393,0.0005260154948436392,-0.0001380417046792656,-0.0006849483684478917,0.025909312562213085
9.15,182.5975243614719,0.0010879668191849392,-0.00016821033814869727,0.0009985559621542616,0.0004986620014704127,0.0004986620014704127,-0.00013463009237336325,-0.0006681638418521122,0.01997111924308523
9.16,182.7975243587917,0.0010552280408394317,-0.00015965143512465098,0.00071417261936533,0.0004715066285375767,0.00047150662853757676,-0.00012900821313222257,-0.0006403259993757371,0.014283452387306599
9.17,182.99752435634127,0.0010239222393007932,-0.00015385280946558988,0.0004464449682969184,0.00044508050062965426,0.00044508050062965426,-0.00013480683879128367,-0.0006695833889501219,0.008928899365938367
9.18,183.19752435402836,0.0009935063296786736,-0.00015076299177589498,0.00017243197733748553,0.00042043447825063936,0.00042043447825063936,-0.00012437935752252917,-0.0006176924428301394,0.0034486395467497105
9.19,183.39752435176885,0.000963443072417849,-0.00015028299098629428,-7.560500137376635e-05,0.00039737009029441726,0.00039737009029441726,-0.000111974549799306,-0.0005558990480935859,-0.001512100027475327
9.200000000000001,183.5975243494879,0.0009332376215735062,-0.0001521359538200284,-0.00029425869494376723,0.0003763218155252498,0.0003763218155252498,-9.783971922640316e-05,-0.0004854353779767634,-0.0058851738988753444
9.21,183.79752434711867,0.0009024537230586603,-0.00015601374073817827,-0.0004806772722981687,0.0003576669529156832,0.0003576669529156832,-8.225483206374131e-05,-0.00040769749078954973,-0.009613545445963375
9.22,183.99752434460072,0.000870719398397391,-0.00016158275077805524,-0.0006326182485342311,0.00034174756316660915,0.00034174756316660915,-7.668582202386434e-05,-0.00038001163448765564,-0.012652364970684622
9.23,184.19752434187856,0.0008377240116338626,-0.0001686010728566066,-0.0007705862581721874,0.0003292934487669845,0.0003292934487669845,-5.8508306594632416e-05,-0.0002892485984854922,-0.015411725163443748
9.24,184.39752433889822,0.0008031999488840371,-0.00017680504780029339,-0.0008698777476790081,0.00031996483752907864,0.00031996483752907864,-3.9667436439848384e-05,-0.00019513753382395115,-0.017397554953580162
9.25,184.5975243356122,0.000766948943717823,-0.00018580510076425383,-0.0009299326552806661,0.0003139101471499791,0.00031391014714997903,-2.0528371479149542e-05,-9.950275592424792e-05,-0.01859865310561332
9.26,184.79752433198283,0.0007288509589945668,-0.00019520973634881347,-0.0009509244864812452,0.00031120073267407205,0.00031120073267407205,-1.4593306360890785e-06,-4.184645853704672e-06,-0.0190184897296249
9.27,184.99752432798465,0.0006888638401409578,-0.0002046328333202927,-0.0009337521508797685,0.00031185403839725296,0.0003118540383972529,7.963766335390155e-06,4.29373720609233e-05,-0.01867504301759537
9.28,185.1975243236057,0.0006470154118788309,-0.0002137922938946098,-0.0008982582809067653,0.00031618824612682206,0.00031618824612682206,2.633521627076944e-05,0.0001348379638151154,-0.017965165618135305
9.290000000000001,185.39752431884554,0.0006033825421150494,-0.00022241775964293746,-0.0008270721638840554,0.0003236250723289245,0.0003236250723289245,4.374141110214625e-05,0.00022194330623402048,-0.016541443277681107
9.3,185.5975243137203,0.0005581068491333822,-0.00023016538052531948,-0.000722799599625685,0.00033398173961590337,0.00033398173961590337,5.9858669253022096e-05,0.00030263316366126956,-0.014455991992513701
9.31,185.79752430826517,0.000511395917757164,-0.0002367203246246634,-0.0005886364459624919,0.00034701046774569035,0.00034701046774569035,7.439138599463378e-05,0.0003754270346506258,-0.011772728919249837
9.32,185.99752430253395,0.00046351692811866783,-0.00024180234249789292,-0.00042830159635578574,0.00036242367010028587,0.00036242367010028587,7.94734038678633e-05,0.00040099125604031933,-0.008566031927115714
9.33,186.19752429659664,0.00041478419774554316,-0.0002452461497137902,-0.0002610174795078668,0.0003801926353862523,0.0003801926353862523,9.052144876056566e-05,0.0004564091701566909,-0.005220349590157335
9.34,186.3975242905332,0.00036553623252015744,-0.0002469236325905235,-7.50988456917277e-05,0.0003995649434503366,0.0003995649434503366,9.944710821969057e-05,0.0005012311905329563,-0.001501976913834554
9.35,186.59752428443406,0.0003161434024854061,-0.00024667134826450107,0.00012488906186940572,0.0004201362426844616,0.0004201362426844616,0.00010610359726728116,0.0005347193487632504,0.0024977812373881145
9.36,186.79752427839733,0.00026700413339161003,-0.0002443725189547501,0.00033417914275519936,0.0004414749216933009,0.0004414749216933009,0.00011039001801223637,0.0005563648392781148,0.006683582855103987
9.370000000000001,186.99752427252415,0.00021853540356491083,-0.00023995857519761956,0.0005478971909522191,0.00046314715176353193,0.0004631471517635319,0.00010597607425510587,0.0005345118427931647,0.010957943819044382
9.38,187.19752426691244,0.0001711588636792782,-0.00023347209707358415,0.0007487289718214096,0.0004849670253983485,0.0004849670253983485,0.00010576646095307747,0.0005336819750193708,0.014974579436428192
9.39,187.39752426164944,0.00012527900887875863,-0.0002249988998264976,0.0009452553673349803,0.0005061883781706249,0.0005061883781706249,0.00010327617413947564,0.0005214427544790845,0.018905107346699607
9.4,187.59752425681037,8.128739251388195e-05,-0.00021460427696873912,0.0011330432234110928,0.0005263916028881422,0.0005263916028881422,9.858426386232425e-05,0.0004981852353405027,0.022660864468221856
9.41,187.7975242524558,3.9558157367747044e-05,-0.00020239663625840588,0.0013079020361266233,0.0005451751602019844,0.0005451751602019843,9.1812251528769e-05,0.0004645130092458648,0.026158040722532465
9.42,187.99752424862854,4.396820443161397e-07,-0.0001885246750464996,0.0014659633174011527,0.0005621767588086129,0.0005621767588086129,7.794029031686272e-05,0.0003953232191723997,0.029319266348023055
9.43,188.19752424535116,-3.5756567459227375e-05,-0.00017322526396492421,0.0015934937829069585,0.0005772795138645164,0.0005772795138645165,6.782192413235383e-05,0.0003448824158004143,0.031869875658139174
9.44,188.3975242426237,-6.877294209390172e-05,-0.00015676342910505181,0.0016985230795073766,0.0005899437514224111,0.0005899437514224111,5.629846706113771e-05,0.0002873917728199126,0.03397046159014753
9.450000000000001,188.59752424042676,-9.84002442879102e-05,-0.00013937595311616286,0.0017787048366575816,0.0005999371150130501,0.00059993711501305,4.361806101960151e-05,0.00022408967624813807,0.035574096733151636
9.46,188.7975242387238,-0.00012447879951193232,-0.00012132038892958682,0.0018322295787836828,0.0006070773139324875,0.0006070773139324875,3.0049087088510567e-05,0.00015631620858187772,0.03664459157567365
9.47,188.99752423746395,-0.0001469020635109713,-0.00010286954209854492,0.0018578543685543486,0.0006112463176102467,0.0006112463176102467,1.1598240257468673e-05,6.410366446344583e-05,0.03715708737108697
9.48,189.197524236585,-0.00016562193688235026,-8.434819458614777e-05,0.001846453139314932,0.0006125566299164824,0.0006125566299164824,-2.6466748869371625e-06,-7.107808135520989e-06,0.03692906278629864
9.49,189.39752423601698,-0.00018065831375426046,-6.608120501236436e-05,0.001807076036913157,0.0006107953586628378,0.0006107953586628378,-1.6837550886056107e-05,-7.807980084365216e-05,0.03614152073826314
9.5,189.59752423568764,-0.00019208982423806896,-4.834507729614945e-05,0.0017403718611432668,0.0006060220167596513,0.0006060220167596512,-3.0688504920443985e-05,-0.00014738230443462342,0.034807437222865334
9.51,189.79752423552685,-0.00020004956501969268,-3.140705076112731e-05,0.0016475428862993745,0.0005983510317867303,0.0005983510317867304,-4.392335746431609e-05,-0.00021363327700371315,0.03295085772598749
9.52,189.99752423547014,-0.000204722703001039,-1.551971566918176e-05,0.001530314905314,0.00058795808812825,0.0005879580881282501,-5.981069255626164e-05,-0.0002931738819000257,0.030606298106280003
9.53,190.19752423546177,-0.00020634537672006628,-9.51041321319772e-07,0.0013839080038582684,0.0005752118809224388,0.0005752118809224388,-7.084967062565235e-05,-0.0003484962343190374,0.027678160077165368
9.540000000000001,190.39752423545715,-0.00020520709073733085,1.205819682392544e-05,0.0012184910338401411,0.0005602097746586315,0.0005602097746586315,-8.04945669197909e-05,-0.0003968707368523682,0.024369820676802822
9.55,190.59752423542423,-0.00020163769451386093,2.3333590002732568e-05,0.001037191952741583,0.0005432658385079671,0.000543265838507967,-8.856322946157355e-05,-0.00043738348892278806,0.02074383905483166
9.56,190.79752423534399,-0.00019599869081082452,3.2733513981976846e-05,0.0008434387092139829,0.0005247261648827686,0.0005247261648827687,-9.490665311783755e-05,-0.00046928600394036005,0.016868774184279657
9.57,190.99752423520948,-0.00018867640272682862,4.015177053731047e-05,0.0006408877945271755,0.0005049692490021274,0.0005049692490021274,-0.00010232490967317119,-0.0005065748558758346,0.01281775589054351
9.58,191.19752423502433,-0.0001800766176474166,4.5490555673369405e-05,0.0004275802819047282,0.00048451028466214006,0.00048451028466214006,-0.00010475038929170942,-0.0005189068436119257,0.008551605638094564
9.59,191.39752423480078,-0.00017062260415815246,4.869295456938123e-05,0.0002136127466679387,0.00046361395235981897,0.00046361395235981897,-0.00010517597121777872,-0.0005212437165652954,0.004272254933358774
9.6,191.59752423455666,-0.0001607409691325803,4.9772290191358286e-05,2.956588797870869e-06,0.00044269383352691494,0.0004426938335269149,-0.00010360858602252683,-0.0005136159917773649,5.913177595741738e-05
9.61,191.79752423431214,-0.00015085171384315624,4.8781144370264e-05,-0.00020050751627088216,0.0004221572093951423,0.0004221572093951423,-0.00010009472233392009,-0.000496252039575649,-0.004010150325417643
9.620000000000001,191.99752423408688,-0.00014136049855966487,4.581006648710293e-05,-0.00039306617633485066,0.0004024032785474767,0.0004024032785474767,-9.712364445075903e-05,-0.0004815941894683204,-0.007861323526697012
9.63,192.19752423389713,-0.00013265283559817212,4.09616513781347e-05,-0.0005760070219042382,0.00038390785161207655,0.0003839078516120765,-8.987070642872177e-05,-0.0004455144536274881,-0.011520140438084765
9.64,192.39752423375384,-0.00012509179641720036,3.437368136112152e-05,-0.0007410368633212033,0.0003669031069736003,0.00036690310697360025,-8.099087233264631e-05,-0.00040128533059349554,-0.014820737266424066
9.65,192.5975242336607,-0.0001190064186519185,2.6239677917321343e-05,-0.0008852829886709978,0.00035170733101643723,0.00035170733101643723,-7.067238668469634e-05,-0.0003498448601133173,-0.017705659773419955
9.66,192.79752423361325,-0.00011468430643176131,1.6779740646680396e-05,-0.00100630105817504,0.0003385976287270429,0.0003385976287270429,-5.9130319167318495e-05,-0.00029226561954932205,-0.020126021163500797
9.67,192.99752423359888,-0.00011236675813583715,6.236038809166524e-06,-0.0011021199023197384,0.0003278099647322104,0.00032780996473221033,-4.8586617329804624e-05,-0.000239654987001701,-0.022042398046394768
9.68,193.19752423359776,-0.00011224615377591433,-5.1518098478430225e-06,-0.0011752061998063976,0.00031961124590262647,0.00031961124590262647,-3.521419595436552e-05,-0.00017287486731280133,-0.023504123996127953
9.69,193.39752423358422,-0.00011446686114316842,-1.713058704075789e-05,-0.001220398592345687,0.0003140378067822618,0.00031403780678226174,-2.134383361987061e-05,-0.00010357879003153045,-0.02440797184691374
9.700000000000001,193.5975242335289,-0.00011911902328536609,-2.9419126070830354e-05,-0.0012372530302981607,0.00031117091647629204,0.00031117091647629204,-7.252341048771286e-06,-3.3149996079093506e-05,-0.024745060605963213
9.71,193.797524233401,-0.00012623629231599514,-4.173461198416885e-05,-0.0012258820569031209,0.0003110355612610478,0.0003110355612610478,6.78161881905393e-06,3.701844970788013e-05,-0.024517641138062415
9.72,193.9975242331713,-0.0001357960539673949,-5.3798111727957604e-05,-0.0011869476775323916,0.0003136047242830371,0.00031360472428303707,1.8845118562842683e-05,9.736164005704378e-05,-0.023738953550647833
9.73,194.19752423281463,-0.00014772183391954308,-6.535624946179814e-05,-0.001124886746041894,0.0003188634408304555,0.0003188634408304555,3.2041208253618296e-05,0.00016339467567639605,-0.022497734920837877
9.74,194.3975242323119,-0.00016188883177030607,-7.616875277383206e-05,-0.001037903869147269,0.00032659774562550435,0.00032659774562550435,4.4414913786388135e-05,0.0002253405463881957,-0.020758077382945384
9.75,194.59752423165216,-0.00017812370623483843,-8.599699797976206e-05,-0.0009281111601801327,0.0003366269730692004,0.0003366269730692004,5.573120708829581e-05,0.00028202230517217105,-0.018562223203602655
9.76,194.79752423083397,-0.00019620764553642407,-9.462561099818573e-05,-0.0007980450120744194,0.00034872515884813927,0.00034872515884813927,6.577814129597411e-05,0.00033237795806835194,-0.01596090024148839
9.77,194.9975242298659,-0.00021588142354201276,-0.00010186643961902069,-0.0006506121716054116,0.0003626294429338269,0.0003626294429338269,7.301896991680907e-05,0.00036872114401338365,-0.01301224343210823
9.78,195.19752422876618,-0.00023685209086645622,-0.00010757538110313847,-0.0004917058310318257,0.00037809764165662137,0.00037809764165662137,8.007977239622184e-05,0.0004041798383976754,-0.009834116620636513
9.790000000000001,195.39752422756158,-0.00025880199003346614,-0.00011164059743761602,-0.0003219034630037751,0.0003947385062306439,0.0003947385062306439,8.543350324996262e-05,0.0004311149013121196,-0.006438069260075502
9.8,195.59752422628569,-0.0002813926830660712,-0.00011397114490571698,-0.00014479640754272904,0.0004122075534708975,0.0004122075534708976,8.899218664354898e-05,0.0004490830087524539,-0.002895928150854581
9.81,195.7975242249771,-0.00030427116957619494,-0.00011451251720575155,3.591954055831784e-05,0.00043014587956914576,0.00043014587956914576,9.070414514918738e-05,0.0004578221845416283,0.0007183908111663568
9.82,195.9975242236768,-0.0003270772539504966,-0.00011324731933282735,0.00021651801862911685,0.00044819028955707857,0.00044819028955707857,8.943894727626317e-05,0.00045167663927688667,0.004330360372582337
9.83,196.1975242224252,-0.00034945171355379865,-0.00011020628628964078,0.00039110660825349456,0.00046602345905025504,0.00046602345905025504,8.751364709068788e-05,0.00044222847004394194,0.00782213216506989
9.84,196.39752422125923,-0.0003710457895249719,-0.00010545548139149587,0.0005584963864747778,0.0004832358917858963,0.0004832358917858963,8.382629177530346e-05,0.00042396381779437624,0.011169927729495556
9.85,196.59752422021032,-0.00039152584820717213,-9.908369364718667e-05,0.0007153383381039062,0.0004994889646834546,0.0004994889646834546,7.846812002745624e-05,0.00039733548978411573,0.014306766762078125
9.86,196.7975242193022,-0.0004105792804722996,-9.121196993012347e-05,0.0008585290865834227,0.000514465196222321,0.0005144651962223209,7.156251365812373e-05,0.00036295722025284186,0.017170581731668456
9.870000000000001,196.99752421854973,-0.0004279206879350069,-8.199086327393495e-05,0.000985269761372205,0.0005278767124423198,0.0005278767124423197,6.234140700193521e-05,0.00031698580213409926,0.019705395227444102
9.88,197.19752421795766,-0.0004432980729862021,-7.16062728147821e-05,0.0010912949013075364,0.0005395060952996857,0.0005395060952996857,5.2877660801621154e-05,0.00026978336496110263,0.02182589802615073
9.89,197.3975242175209,-0.0004564994803012876,-6.026574179560615e-05,0.0011765271852536233,0.0005490912611226668,0.0005490912611226668,4.241482225751661e-05,0.0002175650238988097,0.023530543705072467
9.9,197.59752421722507,-0.0004673550421402504,-4.8185098546748765e-05,0.0012393919083154305,0.0005564582241808502,0.0005564582241808502,3.1170741631690306e-05,0.00016141829040026005,0.024787838166308612
9.91,197.797524217048,-0.0004757394764119054,-3.559360142631255e-05,0.0012787762302346607,0.0005614776809876104,0.0005614776809876104,1.9376604490299354e-05,0.00010249779926137287,0.025575524604693214
9.92,197.9975242169615,-0.0004815743049736905,-2.272923269770442e-05,0.0012940466124819927,0.0005640691101629703,0.0005640691101629703,6.512235761691224e-06,3.820186991008582e-05,0.025880932249639853
9.93,198.1975242169336,-0.0004848296206283711,-9.841415921533987e-06,0.0012835517268936858,0.0005642311437085262,0.0005642311437085262,-5.615586754367815e-06,-2.2435622334753813e-05,0.025671034537873717
9.94,198.39752421693106,-0.00048552584277146297,2.8220239986122077e-06,0.001249250598119492,0.0005619428288274623,0.0005619428288274623,-1.755464726744374e-05,-8.215380804894408e-05,0.02498501196238984
9.950000000000001,198.5975242169218,-0.0004837313731411577,1.5027215880649357e-05,0.001191978691135835,0.0005572691685258558,0.0005572691685258559,-2.9069405751392228e-05,-0.00013977433707170256,0.0238395738227167
9.96,198.7975242168772,-0.00047956040146158687,2.655090126748742e-05,0.001113021585533479,0.0005503210335217117,0.0005503210335217118,-3.993501309862601e-05,-0.00019417185515791292,0.02226043171066958
9.97,198.99752421677417,-0.00047317034279964167,3.718478557154965e-05,0.001014085074862191,0.0005412541524955699,0.00054125415249557,-5.056889740268824e-05,-0.0002474319454884855,0.020281701497243818
9.98,199.19752421659652,-0.0004647588533487462,4.673331919528465e-05,0.0008960152294193288,0.0005302897355413704,0.0005302897355413703,-5.949019221242e-05,-0.0002921480637066863,0.017920304588386577
9.99,199.39752421633594,-0.0004545608761621921,5.502404402686983e-05,0.0007625745542734864,0.0005176285803283975,0.0005176285803283975,-6.718307235711989e-05,-0.0003307390759823154,0.015251491085469727
10.0,199.59752421599222,-0.00044284242927123026,6.191694760840828e-05,0.0006164931167174861,0.0005035338998042108,0.0005035338998042108,-7.350614798624851e-05,-0.00036249540093320044,0.012329862334349722
10.01,199.79752421557288,-0.00042989472710275604,6.730045670813137e-05,0.00046072793814476285,0.0004882941691144536,0.0004882941691144536,-7.834653301354718e-05,-0.00038684972337659136,0.009214558762895257
10.02,199.99752421509206,-0.0004160282860593941,7.109340167154037e-05,0.0002984021588673116,0.00047221851281621055,0.0004722185128162105,-8.213947797695617e-05,-0.0004059752047566187,0.005968043177346232
10.03,200.1975242145692,-0.0004015670423569746,7.324121651262864e-05,0.000131716447282491,0.0004556503065260885,0.0004556503065260885,-8.376962127913593e-05,-0.00041429160333041873,0.00263432894564982
10.040000000000001,200.39752421402721,-0.00038684291902560744,7.372220977457862e-05,-3.496218057360233e-05,0.0004388932924262956,0.00043889329242629557,-8.375720282176697e-05,-0.0004143970811845719,-0.0006992436114720466
10.05,200.5975242134903,-0.0003721881840280197,7.255276450089479e-05,-0.0001983821225000599,0.0004222774233660278,0.0004222774233660278,-8.211746881661499e-05,-0.0004063645698494147,-0.003967642450001198
10.06,200.79752421298187,-0.00035792860836061447,6.978131185826419e-05,-0.00035538504515456113,0.00040612620953806234,0.0004061262095380624,-7.88977668711256e-05,-0.0003904275722602474,-0.007107700903091223
10.07,200.9975242125226,-0.00034437717038161657,6.548708870042569e-05,-0.0005029676277429798,0.00039075148056126743,0.0003907514805612674,-7.460354371328711e-05,-0.00036911020376082285,-0.010059352554859596
10.08,201.19752421212863,-0.0003318283525459605,5.977405200509217e-05,-0.0006391856358566387,0.000376463762500477,0.000376463762500477,-6.846326434752312e-05,-0.0003385516841126108,-0.012783712717132774
10.09,201.3975242118104,-0.0003205534023788353,5.2773078301090497e-05,-0.0007606043620936769,0.0003635110447431917,0.0003635110447431917,-6.105507020751242e-05,-0.00030164024059013017,-0.015212087241873538
10.1,201.59752421157177,-0.0003107943633475937,4.464331186148133e-05,-0.000865000925450508,0.00035213346003784606,0.0003521334600378461,-5.253716729252427e-05,-0.0002591645018622429,-0.01730001850901016
10.11,201.79752421140967,-0.0003027593465540454,3.556433816090784e-05,-0.000950508778794256,0.0003425372535916889,0.0003425372535916889,-4.308824676790912e-05,-0.00021201586130362867,-0.019010175575885118
10.120000000000001,201.9975242113146,-0.0002966188100976803,2.573245176783922e-05,-0.0010156513505295835,0.00033489193541482674,0.00033489193541482674,-3.325636037484049e-05,-0.00016293288252005418,-0.02031302701059167
10.13,202.19752421127134,-0.0002925028497034069,1.5353125493402047e-05,-0.0010600658509887294,0.00032934084222842666,0.00032934084222842666,-2.252442452654974e-05,-0.00010932871421046443,-0.02120131701977459
10.14,202.39752421126036,-0.00029049976296169865,4.640563390786966e-06,-0.0010823722124676841,0.00032595307632454177,0.00032595307632454177,-1.1475777634064144e-05,-5.4119357407075305e-05,-0.021647444249353682
10.15,202.59752421125933,-0.00029065402259508146,-6.183160217549695e-06,-0.0010823725082138404,0.00032477153346899485,0.0003247715334689948,-3.3171963273037935e-07,1.5891171710380516e-06,-0.02164745016427681
10.16,202.79752421124502,-0.00029296563658622683,-1.6896208870575995e-05,-0.0010603107640393726,0.0003257946816829034,0.00032579468168290345,1.0686651123550285e-05,5.669120243458046e-05,-0.021206215280787453
10.17,202.99752421119516,-0.0002973906346964093,-2.728135847245552e-05,-0.001016863983861782,0.0003289777682439131,0.0003289777682439131,2.107180072542981e-05,0.00010864878130958819,-0.02033727967723564
10.18,203.19752421109027,-0.0003038426111042035,-3.713313027700912e-05,-0.0009537009277288404,0.00033424531528143203,0.000334245315281432,3.121458585785266e-05,0.00015941538244207762,-0.019074018554576806
10.19,203.39752421091515,-0.0003121954627613188,-4.625868622899609e-05,-0.0008716836628480368,0.00034145537759970086,0.0003414553775997009,4.061751691515902e-05,0.0002065021383517921,-0.017433673256960738
10.200000000000001,203.59752421066008,-0.0003222857055470073,-5.447866802635443e-05,-0.0007726428439125903,0.00035044316958608474,0.0003504431695860848,4.910187472226026e-05,0.0002490138053071621,-0.015452856878251807
10.21,203.79752421032148,-0.00033391592096057555,-6.163362067337814e-05,-0.0006587274164956802,0.0003610100017811826,0.0003610100017811826,5.650881346504429e-05,0.00028615416734303325,-0.013174548329913605
10.22,203.99752420990237,-0.0003468590398246292,-6.758694702980555e-05,-0.0005323590968456145,0.0003729281592055519,0.0003729281592055519,6.24621398214717e-05,0.000316039980699414,-0.01064718193691229
10.23,204.19752420941188,-0.0003608633290298638,-7.222976805578975e-05,-0.0003966574625138832,0.0003859549277073299,0.00038595492770732983,6.734513766199756e-05,0.00034058523758706116,-0.007933149250277664
10.24,204.39752420886458,-0.0003756581246206808,-7.548028800643847e-05,-0.00025392232757776424,0.00039980656860506716,0.0003998065686050671,7.0824578567389e-05,0.0003581209585229957,-0.005078446551555284
10.25,204.59752420827925,-0.00039095890946934777,-7.728279663893935e-05,-0.00010706892690356726,0.0004141974906282293,0.0004141974906282293,7.284527978721661e-05,0.00036836837384236537,-0.002141378538071345
10.26,204.79752420767753,-0.0004064729572803353,-7.761100031041444e-05,4.0934829976325905e-05,0.0004288339185382476,0.00042883391853824757,7.338145044964939e-05,0.00037119559143362945,0.0008186965995265181
10.27,204.9975242070821,-0.0004219052487497021,-7.646825168552407e-05,0.00018712756929999377,0.00044342030003784416,0.00044342030003784416,7.223870182475902e-05,0.00036562771212417353,0.0037425513859998755
10.28,205.19752420651508,-0.0004369645061730069,-7.38891598582324e-05,0.0003282204704950767,0.0004576728008594279,0.00045767280085942793,6.985783060283807e-05,0.00035386588102278465,0.006564409409901534
10.290000000000001,205.39752420599623,-0.00045136934865060206,-6.993652233939433e-05,0.0004618615478665366,0.0004712992493804082,0.0004712992493804082,6.609412405941702e-05,0.0003351836127908892,0.009237230957330731
10.3,205.59752420554145,-0.0004648533875493539,-6.46978661910369e-05,0.0005854576806861745,0.0004840323704614655,0.0004840323704614655,6.103554460305943e-05,0.0003100180467199118,0.011709153613723489
10.31,205.79752420516184,-0.00047717025757415185,-5.828552361129573e-05,0.0006966402142146542,0.0004956249330994015,0.0004956249330994015,5.4794839383529484e-05,0.00027893044624864143,0.013932804284293082
10.32,205.9975242048628,-0.0004880983383509517,-5.083416297065167e-05,0.0007933096714328202,0.0005058548770316268,0.0005058548770316268,4.734347874288542e-05,0.0002417759424847434,0.015866193428656403
10.33,206.19752420464383,-0.0004974450479493373,-4.24995266705857e-05,0.0008733507758265836,0.0005145357634672324,0.0005145357634672324,3.917243597220732e-05,0.00020100753749570892,0.01746701551653167
10.34,206.39752420449852,-0.0005050507287326072,-3.345342629222745e-05,0.0009356615900681489,0.0005214990290694553,0.0005214990290694553,3.0282262263645553e-05,0.00015662630160892231,0.01871323180136298
10.35,206.59752420441538,-0.0005107911798660417,-2.3878581200748408e-05,0.0009791624205287585,0.0005266197413582362,0.0005266197413582362,2.085603628340496e-05,0.00010954637883060715,0.01958324841057517
10.36,206.79752420437867,-0.0005145796956432184,-1.39665842840729e-05,0.0010031569782276493,0.0005298104801467714,0.0005298104801467715,1.1085693384910217e-05,6.0726571726018796e-05,0.02006313956455299
10.370000000000001,206.99752420436985,-0.0005163684534045473,-3.914017267888234e-06,0.0010073424728856914,0.0005310230597282866,0.0005310230597282866,1.0331263687255522e-06,1.0475862440910627e-05,0.020146849457713827
10.38,207.1975242043689,-0.0005161492066258932,6.080154162627021e-06,0.000991544475001025,0.0005302543035683882,0.0005302543035683882,-8.82602971788574e-06,-3.8827605553744816e-05,0.0198308895000205
10.39,207.39752420435605,-0.0005139533596924406,1.5819962091431573e-05,0.0009565338169219184,0.000527528266087151,0.000527528266087151,-1.8437149862040522e-05,-8.691046664933111e-05,0.019130676338438367
10.4,207.59752420431323,-0.000509850708587096,2.511761345861582e-05,0.0009031743275278182,0.0005229141394317503,0.0005229141394317503,-2.7612144460483783e-05,-0.0001328315809081014,0.018063486550556365
10.41,207.79752420422548,-0.0005039476249481604,3.379573747726881e-05,0.0008326854471272728,0.0005165177055712376,0.0005165177055712376,-3.617336008472777e-05,-0.00017570162336792645,0.016653708942545455
10.42,207.99752420408197,-0.0004963846252362344,4.169080347997608e-05,0.0007466146657746892,0.0005084791813381828,0.0005084791813381828,-4.406842608743503e-05,-0.00021525733862379331,0.014932293315493785
10.43,208.19752420387675,-0.0004873333598951132,4.865512499565182e-05,0.0006465830872938223,0.0004989744014827048,0.0004989744014827048,-5.092131818808298e-05,-0.00024961684692558785,0.012931661745876446
10.44,208.39752420360915,-0.00047699315664948206,5.456080434962649e-05,0.0005349249898156399,0.0004881966277334614,0.0004881966277334614,-5.672079033169847e-05,-0.00027872198538115775,0.010698499796312799
10.450000000000001,208.5975242032837,-0.00046558659624842686,5.930317032328896e-05,0.00041395146371583447,0.00047636794248670966,0.0004763679424867096,-6.136192656388319e-05,-0.0003020459533945489,0.00827902927431669
10.46,208.79752420290956,-0.00045335482803554486,6.280147963807253e-05,0.0002861364637284504,0.0004637290084252294,0.0004637290084252294,-6.476375033333601e-05,-0.00031918146158242775,0.0057227292745690075
10.47,208.99752420249976,-0.0004405526384320602,6.500029198373056e-05,0.00015406625440416596,0.00045053436468352106,0.000450534364683521,-6.696256267899404e-05,-0.00033030746974813504,0.003081325088083319
10.48,209.19752420207013,-0.0004274433565541052,6.586941723921628e-05,2.020501599394334e-05,0.0004370507937208045,0.00043705079372080455,-6.773972425025673e-05,-0.00033432811331407557,0.0004041003198788668
10.49,209.39752420163785,-0.00041429375632271484,6.540523949322544e-05,-0.00011259787383970237,0.00042354006313628995,0.00042354006313628995,-6.718789276311191e-05,-0.0003317040631841967,-0.0022519574767940476
10.5,209.59752420122015,-0.00040136856548006125,6.363143833315931e-05,-0.00024173189679324597,0.00041026648937649224,0.0004102664893764923,-6.533054581742304e-05,-0.0003225500641933503,-0.0048346379358649196
10.51,209.79752420083298,-0.00038892519787185663,6.059731124187964e-05,-0.00036468366828802396,0.00039748708464088715,0.0003974870846408872,-6.221678837660711e-05,-0.00030710907103662663,-0.00729367336576048
10.52,209.99752420048964,-0.00037720874336690386,5.637655719059751e-05,-0.0004790857886001077,0.00038544673470956045,0.00038544673470956045,-5.799603432532496e-05,-0.0002861257042795292,-0.009581715772002154
10.53,210.19752420019987,-0.00036644729913029356,5.106483461566785e-05,-0.0005829126251620576,0.00037437638681944046,0.00037437638681944046,-5.260841333950599e-05,-0.00025929830282933554,-0.011658252503241153
10.540000000000001,210.39752419996918,-0.0003568477784237841,4.4778456379679935e-05,-0.0006740591898218323,0.0003644788224716003,0.00036447882247160027,-4.624969373151438e-05,-0.00022760368043285592,-0.013481183796436645
10.55,210.59752419979836,-0.0003485918705023439,3.76526354558094e-05,-0.0007508490201472316,0.00035593539147464506,0.00035593539147464506,-3.9054921772207204e-05,-0.00019171525494628957,-0.015016980402944632
10.56,210.79752419968364,-0.0003418326460246225,2.9837845005658326e-05,-0.0008119055412254436,0.0003488988330046502,0.0003488988330046502,-3.1174411734395476e-05,-0.00015238307034193087,-0.01623811082450887
10.57,210.99752419961698,-0.0003366918130792059,2.1496697058233612e-05,-0.0008561764734673652,0.00034349068671358,0.00034349068671357994,-2.283326378697076e-05,-0.000110731412067718,-0.017123529469347303
10.58,211.19752419958687,-0.00033325766120459986,1.2799988253110814e-05,-0.0008830756206842058,0.00033980159432689497,0.0003398015943268949,-1.4073915398327916e-05,-6.697156104837064e-05,-0.017661512413684115
10.59,211.3975241995792,-0.0003315837663335022,3.9238992021221465e-06,-0.0008921120670015762,0.00033788172180057406,0.0003378817218005741,-5.138122422091218e-06,-2.231179489245035e-05,-0.017842241340031526
10.6,211.59752419957852,-0.0003316881409148236,-4.9529296155037085e-06,-0.0008832831273233045,0.00033774880143517367,0.0003377488014351736,3.7956122432352407e-06,2.2355549230527942e-05,-0.01766566254646609
10.61,211.79752419956918,-0.0003335531850176055,-1.36536039723041e-05,-0.0008569395589174927,0.0003393849597240479,0.0003393849597240479,1.2550525504403405e-05,6.61464771192575e-05,-0.017138791178349856
10.620000000000001,211.9975241995367,-0.0003371263855724121,-2.2006458631187233e-05,-0.0008137752587520194,0.00034273754458530797,0.000342737544585308,2.090338016328654e-05,0.00010794427626228578,-0.016275505175040388
10.63,212.19752419946872,-0.00034232173390693667,-2.984891700529421e-05,-0.000754912631498892,0.0003477224886246014,0.0003477224886246014,2.879753548533817e-05,0.00014746490231293686,-0.01509825262997784
10.64,212.39752419935604,-0.0003490218586740641,-3.703007937892347e-05,-0.00068156434582646,0.00035421960621346464,0.00035421960621346464,3.6027971982304484e-05,0.00018368205597365706,-0.0136312869165292
10.65,212.59752419919334,-0.0003570805493638943,-4.341309124361663e-05,-0.0005953254997076124,0.0003620824556331334,0.0003620824556331334,4.2457948692898765e-05,0.00021591056802082516,-0.011906509994152248
10.66,212.7975241989794,-0.0003663258999811819,-4.887825186746412e-05,-0.0004980309512515892,0.0003711389051038568,0.0003711389051038568,4.79678731088637e-05,0.00024355075459535705,-0.009960619025031784
10.67,212.9975241987172,-0.0003765639666293599,-5.332521824287269e-05,-0.0003917167166626313,0.0003811948960005492,0.0003811948960005492,5.2414839484272275e-05,0.0002658861463813669,-0.007834334333252627
10.68,213.19752419841356,-0.00038758285437271,-5.667522870670066e-05,-0.00027866223718243086,0.0003920401355391612,0.00039204013553916124,5.580751584302839e-05,0.00028295798057053354,-0.005573244743648617
10.69,213.3975241980786,-0.00039915717479317356,-5.887200764882519e-05,-0.00016108548706997083,0.0004034469126526972,0.00040344691265269714,5.804496110013501e-05,0.00029425927462720206,-0.0032217097413994164
10.700000000000001,213.59752419772488,-0.00041105255487216505,-5.988224611464671e-05,-4.1361300287428576e-05,0.0004151806635040379,0.0004151806635040379,5.9093960015917265e-05,0.0002996216067146267,-0.0008272260057485715
10.71,213.79752419736622,-0.0004230303412251053,-5.9696482190374617e-05,7.811581454987538e-05,0.00042700254836673684,0.00042700254836673684,5.894513999202849e-05,0.0002989957254438098,0.0015623162909975076
10.72,213.9975241970168,-0.000434852373243739,-5.832905903524384e-05,0.0001949792584171352,0.00043867431194596044,0.00043867431194596044,5.757771683689771e-05,0.0002922753273039482,0.003899585168342704
10.73,214.19752419668993,-0.00044628572395513167,-5.5817961905407185e-05,0.0003068671950790387,0.0004499643495365481,0.0004499643495365481,5.510183219609674e-05,0.0002800088044758492,0.0061373439015807735
10.74,214.39752419639706,-0.0004571073368535145,-5.22234702934064e-05,0.00041168173364537444,0.00046064768773267453,0.00046064768773267453,5.154090280309991e-05,0.00026231099089282626,0.008233634672907489
10.75,214.59752419614682,-0.0004671082800717482,-4.762640605879418e-05,0.0005074120015332782,0.0004705152371829691,0.0004705152371829691,4.69758278600367e-05,0.0002395842916720132,0.010148240030665565
10.76,214.79752419594453,-0.0004760977302625171,-4.2126700561912656e-05,0.0005922463072083184,0.0004793760207506836,0.0004793760207506836,4.150661244361557e-05,0.00021232682242558468,0.011844926144166368
10.77,214.99752419579175,-0.0004839065839410903,-3.5841232488159676e-05,0.0006646061000310445,0.0004870608568056906,0.0004870608568056906,3.522114436986259e-05,0.00018097633041736983,0.01329212200062089
10.78,215.19752419568624,-0.000490390623364837,-2.8901639534288266e-05,0.000723117446290248,0.0004934266188821255,0.0004934266188821255,2.8310612545716063e-05,0.00014648732891740158,0.01446234892580496
10.790000000000001,215.39752419562225,-0.0004954331965182832,-2.145126588883641e-05,0.0007668116305663141,0.000498355072932787,0.0004983550729327869,2.0887938050681973e-05,0.00010942324098273774,0.015336232611326281
10.8,215.59752419559086,-0.0004989472077658067,-1.3641927294213355e-05,0.0007949622497701621,0.0005017589933490402,0.0005017589933490402,1.3105000456555804e-05,7.054259221626942e-05,0.015899244995403242
10.81,215.79752419558102,-0.0005008765455738669,-5.631124377154105e-06,0.0008071576808225508,0.0005035821416736434,0.0005035821416736433,5.11936122818487e-06,3.0632627557660786e-05,0.016143153616451016
10.82,215.9975241955802,-0.0005011969029858343,2.4211309398403127e-06,0.000803306221211626,0.0005038001464558173,0.0005038001464558173,-2.9328940888095476e-06,-9.626468979489567e-06,0.016066124424232518
10.83,216.19752419557557,-0.000499915976286152,1.0355270162824795e-05,0.0007835873551738613,0.0005024216046190914,0.0005024216046190914,-1.0843048945079122e-05,-4.919102867920469e-05,0.015671747103477227
10.84,216.39752419555487,-0.0004970730587044434,1.8015575302280196e-05,0.0007485903334232691,0.0004994845037301151,0.0004994845037301151,-1.848049377233575e-05,-8.74076238243776e-05,0.014971806668465381
10.85,216.59752419550745,-0.000492737915038219,2.5253460528252228e-05,0.0006991515134415747,0.0004950585013187068,0.0004950585013187066,-2.569659005876626e-05,-0.00012353236528064423,0.013983030268831494
10.86,216.797524195425,-0.0004870090977520875,3.1930098413979034e-05,0.0006363852915578645,0.0004892420450983881,0.000489242045098388,-3.235246016788354e-05,-0.0001568698803884338,0.01272770583115729
10.870000000000001,216.99752419530233,-0.00048001172553906955,3.791907631561579e-05,0.0005616593835992077,0.0004821602005346417,0.00048216020053464166,-3.8341438069520286e-05,-0.000186885588342255,0.011233187671984154
10.88,217.1975241951374,-0.0004718947700565494,4.3108584952759795e-05,0.00047652613098801927,0.00047396268258851113,0.00047396268258851113,-4.351115223493591e-05,-0.00021281613434879444,0.009530522619760385
10.89,217.39752419493172,-0.00046282792150194817,4.7403700837226096e-05,0.0003828094454795707,0.00046481810388450563,0.00046481810388450563,-4.7787401336599494e-05,-0.00023428882564415242,0.007656188909591415
10.9,217.59752419469007,-0.00045299799351317636,5.072829885820453e-05,0.00028244471917995487,0.00045491318953164476,0.00045491318953164476,-5.1094016787256226e-05,-0.0002509209520409647,0.005648894383599098
10.91,217.79752419442,-0.00044260505142331016,5.302617591363158e-05,0.00017748058425271705,0.0004444479184110585,0.0004444479184110585,-5.337475404687841e-05,-0.0002624292910502815,0.0035496116850543408
10.92,217.99752419413124,-0.0004318583285686585,5.426197440634839e-05,7.003727084717308e-05,0.00043363147992985884,0.00043363147992985884,-5.461055253959522e-05,-0.0002687164478986775,0.0014007454169434616
10.93,218.19752419383497,-0.0004209720107179022,5.4421521921536506e-05,-3.7768403342671865e-05,0.00042267867331070494,0.0004226786733107049,-5.47537635337585e-05,-0.00026954203093568544,-0.0007553680668534373
10.94,218.39752419354275,-0.0004101609834545651,5.351208153780891e-05,-0.00014376633494948853,0.00041180349480814745,0.00041180349480814745,-5.3828752259120935e-05,-0.0002650257263475232,-0.0028753266989897707
10.950000000000001,218.59752419326583,-0.00039963653991648373,5.1562164012080906e-05,-0.0002458767904370584,0.00040121716449660665,0.00040121716449660665,-5.186399358819126e-05,-0.0002553077962959902,-0.004917535808741168
10.96,218.79752419301403,-0.00038960222376031693,4.862059217932199e-05,-0.00034211676528993445,0.00039112315468336345,0.00039112315468336345,-4.890827615873835e-05,-0.00024063014924685812,-0.006842335305798689
10.97,218.99752419279523,-0.0003802498763184139,4.4755341326983714e-05,-0.0004306383232839991,0.0003817132704456405,0.00038171327044564054,-4.504302530640007e-05,-0.00022139799382754396,-0.008612766465679982
10.98,219.19752419261468,-0.0003717559619451659,4.005187749544748e-05,-0.0005097905931519423,0.0003731644824254819,0.0003731644824254819,-4.0326078828087036e-05,-0.00019789874931618037,-0.010195811863038844
10.99,219.39752419247463,-0.00036427824999745465,3.461144042025849e-05,-0.0005780692187280348,0.00036563382601061904,0.00036563382601061904,-3.487279098378254e-05,-0.00017070761665880651,-0.011561384374560696
11.0,219.5975241923743,-0.0003579528438178545,2.8549021189999385e-05,-0.0006342274269310377,0.00035925734424351947,0.00035925734424351947,-2.879812325242117e-05,-0.00014039804281967063,-0.012684548538620754
11.01,219.79752419230988,-0.0003528916861057504,2.1990815487584457e-05,-0.0006772702326540749,0.0003541469209383865,0.0003541469209383865,-2.2228243086721262e-05,-0.00010759974622422244,-0.013545404653081499
11.02,219.99752419227505,-0.00034918057558156384,1.5071618925906401e-05,-0.0007064717380204069,0.0003503883248943809,0.0003503883248943809,-1.5309046525043206e-05,-7.304134937627221e-05,-0.014129434760408139
11.03,220.19752419226137,-0.00034687772742428047,7.931966409734155e-06,-0.0007214089727385707,0.0003480401891330376,0.0003480401891330376,-8.158266684475727e-06,-3.731093153104826e-05,-0.014428179454771414
11.040000000000001,220.39752419225908,-0.00034601290768580736,7.154121736321423e-07,-0.0007219002368787883,0.0003471316739560221,0.0003471316739560221,-9.311066190478317e-07,-1.1842163556789369e-06,-0.014438004737575767
11.05,220.59752419225782,-0.00034658709398908955,-6.4342317540658805e-06,-0.0007080746355656638,0.00034766370722049414,0.00034766370722049414,6.228646085243766e-06,3.461986749842377e-05,-0.014161492711313277
11.06,220.79752419224755,-0.0003485727251779277,-1.3375859890919364e-05,-0.0006803434322925877,0.0003496086791718867,0.0003496086791718867,1.3179909237327351e-05,6.939563297835563e-05,-0.013606868645851755
11.07,220.99752419221926,-0.0003519145211561665,-1.9973840547866736e-05,-0.0006393892177873513,0.0003529112850194126,0.00035291128501941266,1.977788989427472e-05,0.00010241856232156774,-0.012787784355747026
11.08,221.19752419216567,-0.0003565308496720306,-2.6100739560426186e-05,-0.0005861679948336062,0.00035749023736030493,0.00035749023736030493,2.5913972367936855e-05,0.00013314476421328732,-0.011723359896672125
11.09,221.39752419208176,-0.000362315613458384,-3.163966839282734e-05,-0.0005218322314834901,0.00036323893899702645,0.00036323893899702645,3.146165426538855e-05,0.00016094066071691303,-0.010436644629669803
11.1,221.5975241919651,-0.00036914056641897754,-3.6486407457892367e-05,-0.00044776248906659624,0.00037002910276134616,0.00037002910276134616,3.631673617520196e-05,0.00018528397190362324,-0.008955249781331925
11.11,221.79752419181605,-0.0003768580592329185,-4.055144327232268e-05,-0.0003655188286762879,0.00037771303922382217,0.00037771303922382217,4.0389723835480726e-05,0.00020572574956964184,-0.0073103765735257585
11.120000000000001,221.99752419163767,-0.00038530414915587347,-4.376159993284639e-05,-0.0002768082155273709,0.0003861267852594374,0.0003861267852594374,4.3599880496004436e-05,0.00022186067033261656,-0.005536164310547417
11.13,222.1975241914352,-0.0003943020076781721,-4.6061406893578135e-05,-0.00018346433347286265,0.00039509379696489307,0.00039509379696489307,4.590726663213458e-05,0.00023348727113032183,-0.003669286669457253
11.14,222.397524191216,-0.00040366556042889024,-4.741394854850368e-05,-8.736434171088482e-05,0.00040442758737311175,0.0004044275873731117,4.726703225315211e-05,0.00024037943713949166,-0.0017472868342176965
11.15,222.5975241909886,-0.00041320324462122595,-4.780134364270851e-05,9.562223333319436e-06,0.0004139365598001928,0.0004139365598001928,4.766131275471232e-05,0.00024244592937156355,0.00019124446666638872
11.16,222.7975241907621,-0.00042272185005895864,-4.722499587935373e-05,0.00010538789955523321,0.00042342747094807967,0.00042342747094807967,4.70915277063956e-05,0.0002396919132414588,0.002107757991104664
11.17,222.99752419054545,-0.0004320303612778227,-4.570538185268301e-05,0.00019822543679847327,0.0004327092885323809,0.0004327092885323809,4.557191367972489e-05,0.00023218666128394826,0.003964508735969465
11.18,223.19752419034677,-0.0004409437236736082,-4.3281525559310245e-05,0.00028625238872530506,0.00044159719283628606,0.00044159719283628606,4.315431253253093e-05,0.00022018753459101753,0.005725047774506101
11.19,223.39752419017267,-0.0004492864636555777,-4.000998311562216e-05,0.000367784317674334,0.00044991536975062146,0.00044991536975062146,3.9888732078522574e-05,0.00020394281409011908,0.00735568635348668
11.200000000000001,223.5975241900278,-0.00045689605918182566,-3.5963494420201525e-05,0.00044126846591955313,0.00045750126925805316,0.00045750126925805316,3.5847925958734205e-05,0.00018381464248625156,0.008825369318391063
11.21,223.79752418991438,-0.00046362603060359065,-3.122945322213348e-05,0.0005053262405179161,0.00046420838439063756,0.00046420838439063756,3.111930101500008e-05,0.0001602385889189068,0.01010652481035832
11.22,223.99752418983226,-0.0004693486886846439,-2.5908036895375193e-05,0.0005587788434319609,0.0004699090120302731,0.00046990901203027317,2.5797884688241797e-05,0.00013368851356151173,0.011175576868639217
11.23,224.19752418977887,-0.0004739574877767348,-2.0110152262589658e-05,0.0006006584795909933,0.00047449680038261823,0.00047449680038261834,2.000516246961908e-05,0.00010477078035192158,0.012013169591819866
11.24,224.39752418974945,-0.00047736894452721213,-1.3955083276162988e-05,0.0006302566537589077,0.0004778879850634162,0.0004778879850634162,1.385501395699859e-05,7.405394963562712e-05,0.012605133075178155
11.25,224.5975241897375,-0.00047952406074045867,-7.567998883496858e-06,0.0006471040648278256,0.00048002354478835873,0.0004800235447883587,7.472619431826816e-06,4.216333260701767e-05,0.012942081296556513
11.26,224.79752418973527,-0.0004803892552404968,-1.0774720976704047e-06,0.0006509883442989794,0.0004808698758346966,0.0004808698758346966,9.86562719755955e-07,9.74151235712674e-06,0.013019766885979589
11.27,224.99752418973446,-0.00047995678716444417,5.387098120474722e-06,0.0006419558088055398,0.0004804192258830611,0.0004804192258830611,-5.478007498389172e-06,-2.2585845233115247e-05,0.012839116176110797
11.28,225.1975241897268,-0.0004782446664272335,1.1698014406749802e-05,0.0006202996381397438,0.0004786897648372008,0.0004786897648372008,-1.1784663208106029e-05,-5.4136418392158136e-05,0.012405992762794875
11.290000000000001,225.3975241897048,-0.0004752960606602942,1.7731837662793835e-05,0.0005865774242707891,0.0004757244283910161,0.0004757244283910161,-1.781442556386735e-05,-8.431488353542659e-05,0.011731548485415782
11.3,225.59752418966212,-0.0004711781924418912,2.337183206981668e-05,0.0005415714820425735,0.0004715904200676743,0.0004715904200676743,-2.345054938992335e-05,-0.00011253684274894,0.010831429640851471
11.31,225.79752418959436,-0.00046598077685844504,2.8510168287737064e-05,0.00048628007250715773,0.00046637743634562686,0.00046637743634562686,-2.858519642521768e-05,-0.00013826220776263213,0.009725601450143154
11.32,225.9975241894991,-0.0004598140315734172,3.304997343443699e-05,0.00042189557910870623,0.00046019568543311006,0.00046019568543311006,-3.31250015719176e-05,-0.0001610230510052569,0.008437911582174124
11.33,226.1975241893762,-0.00045280630227430095,3.690710966214674e-05,0.0003497720862511854,0.00045317364505750857,0.0004531736450575085,-3.697862151636279e-05,-0.00018036137113123886,0.0069954417250237075
11.34,226.39752418922768,-0.0004451013563542718,4.001175538344516e-05,0.00027141824635609454,0.00044545489119232433,0.00044545489119232433,-4.0079915748797003e-05,-0.00019594502983206176,0.005428364927121891
11.35,226.59752418905765,-0.0004368553828152235,4.230968554087219e-05,0.00018844437410841744,0.00043719559711322684,0.00043719559711322684,-4.2374651488382675e-05,-0.0002075013014707811,0.003768887482168349
11.36,226.7975241888718,-0.0004282337798559553,4.376316009363828e-05,0.0001025369044145746,0.0004285611456617118,0.0004285611456617118,-4.382508133388468e-05,-0.00021483979521280626,0.002050738088291492
11.370000000000001,226.99752418867706,-0.00041940779317664075,4.43515140810134e-05,1.542427835468844e-05,0.00041972277473436003,0.00041972277473436003,-4.4413435321259796e-05,-0.00021786994885895537,0.0003084855670937688
11.38,227.19752418848094,-0.00041055107247924005,4.4071375178433085e-05,-7.116342338373123e-05,0.0004108542430069629,0.0004108542430069629,-4.4130394404272926e-05,-0.00021654342959129502,-0.0014232684676746246
11.39,227.39752418829104,-0.0004018362169139797,4.293659603217999e-05,-0.0001555112369277412,0.00040212799164931643,0.00040212799164931643,-4.299284925215103e-05,-0.00021094296634426198,-0.003110224738554824
11.4,227.5975241881144,-0.00039343136248927695,4.097784420813988e-05,-0.000235970919817364,0.000393712143691005,0.000393712143691005,-4.103146105265965e-05,-0.00020122018382638817,-0.00471941839634728
11.41,227.79752418795692,-0.00038549689450683653,3.8241804728023884e-05,-0.00031098691438768554,0.00038576707175932826,0.00038576707175932826,-3.8292908754034824e-05,-0.00018760687305258082,-0.0062197382877537104
11.42,227.99752418782307,-0.00037818234677588006,3.4790103159343336e-05,-0.0003791262604713552,0.0003784423032231764,0.0003784423032231764,-3.4841207185354275e-05,-0.00017042161289453962,-0.007582525209427104
11.43,228.19752418771537,-0.0003716235468021126,3.069791939453289e-05,-0.0004391105380995487,0.0003718737555246371,0.0003718737555246371,-3.074662836994154e-05,-0.00015001440429446134,-0.008782210761990974
11.44,228.39752418763445,-0.0003659400626064761,2.6052395173198574e-05,-0.0004898252513746633,0.0003661808663030153,0.00036618086630301524,-2.609882134266295e-05,-0.00012683229805028457,-0.009796505027493267
11.450000000000001,228.59752418757887,-0.00036123298606769057,2.0950818312892065e-05,-0.000530355016874172,0.00036146471672529514,0.0003614647167252952,-2.0995068663609044e-05,-0.00010136069615079226,-0.01060710033748344
11.46,228.79752418754532,-0.0003575831065862709,1.5498575169944038e-05,-0.000559994809048592,0.00035780608573153164,0.00035780608573153164,-1.5540751675676388e-05,-7.412569752106662e-05,-0.011199896180971839
11.47,228.997524187529,-0.000355049505738373,9.806987103018079e-06,-0.000578261911923166,0.00035526404958248796,0.0003552640495824879,-9.849163608750427e-06,-4.569317754792726e-05,-0.01156523823846332
11.48,229.19752418752395,-0.00035366859638724446,3.991030435636899e-06,-0.0005849072696075742,0.00035387509536715707,0.00035387509536715707,-4.031230287528642e-06,-1.661740048397164e-05,-0.011698145392151483
11.49,229.39752418752354,-0.00035345362225996745,-1.8329538654216571e-06,-0.0005799062611990456,0.0003536523592070955,0.0003536523592070955,1.794638027252723e-06,1.250971372833457e-05,-0.011598125223980913
11.5,229.59752418752106,-0.00035439461296069214,-7.54955705719081e-06,-0.0005634691693241735,0.00035458586186626806,0.000354585861866268,7.513036938483893e-06,4.1111043311082144e-05,-0.011269383386483471
11.51,229.79752418751016,-0.00035645880179751275,-1.3046598921268095e-05,-0.0005360306682715865,0.0003566428280197566,0.0003566428280197566,1.3011790360678635e-05,6.862538008359074e-05,-0.010720613365431729
11.52,229.9975241874854,-0.00035959149227938233,-1.8217317774041908e-05,-0.0004982390785326031,0.00035976855678950914,0.00035976855678950914,1.8182509213452447e-05,9.451023163515733e-05,-0.009964781570652063
11.53,230.19752418744264,-0.0003637173515691422,-2.296244852257272e-05,-0.00045094472438147933,0.0003638877765973475,0.00036388777659734754,2.292927130748639e-05,0.00011828523430340542,-0.009018894487629587
11.540000000000001,230.3975241873794,-0.00036874210222308403,-2.7192099202785438e-05,-0.00039517132929968435,0.00036890612119222266,0.00036890612119222266,2.716047687813773e-05,0.00013949144560261088,-0.007903426585993687
11.55,230.59752418729482,-0.0003745545662238516,-3.0827425188473786e-05,-0.0003321040990872645,0.0003747124052607464,0.0003747124052607464,3.079728488266706e-05,0.00015773354846594276,-0.00664208198174529
11.56,230.79752418718994,-0.0003810290264182131,-3.380210156663447e-05,-0.0002630613269445674,0.0003811809045247769,0.0003811809045247769,3.37733738221179e-05,0.00017267867815583726,-0.005261226538891347
11.57,230.99752418706743,-0.0003880278543789504,-3.606351671488438e-05,-0.00018946702538573412,0.0003881739869366144,0.0003881739869366144,3.603478897036781e-05,0.00018405568472120522,-0.0037893405077146823
11.58,231.19752418693136,-0.00039540434989353165,-3.757369638197152e-05,-0.00011282439216307933,0.00039554500284111875,0.00039554500284111875,3.754631499825558e-05,0.00019168702501968908,-0.0022564878432615866
11.59,231.3975241867869,-0.00040300573467980463,-3.8309901702392016e-05,-3.4677171514364336e-05,0.0004031411006628268,0.00040314110066282674,3.828380358061723e-05,0.00019545042890971442,-0.0006935434302872867
11.6,231.59752418663982,-0.000410676232407777,-3.8264920820778776e-05,4.34130382862933e-05,0.0004108064980501711,0.0004108064980501711,3.824004581838755e-05,0.00019530829407243944,0.000868260765725866
11.61,231.79752418649602,-0.0004182601806046356,-3.744707744631892e-05,0.00011990066916634767,0.00041838552665011497,0.0004183855266501151,3.7423368241053194e-05,0.0001913006964717671,0.0023980133833269536
11.620000000000001,231.99752418636115,-0.0004256051115384559,-3.587991781709088e-05,0.00019328662849661042,0.0004257257157428853,0.0004257257157428854,3.585620861182516e-05,0.00018353830021655465,0.0038657325699322084
11.63,232.19752418624,-0.0004325647411921115,-3.360161032252736e-05,0.00026214533359410365,0.0004326808230366075,0.0004326808230366075,3.357901227798062e-05,0.00017222186962026915,0.005242906671882073
11.64,232.39752418613634,-0.000439001808717919,-3.0664038701104275e-05,0.00032515893819936366,0.0004391135271941669,0.0004391135271941669,3.064249974159942e-05,0.00015760363397993878,0.006503178763987273
11.65,232.59752418605245,-0.0004447907056579777,-2.7131633131085907e-05,0.0003811355806513011,0.00044489821478808044,0.0004448982147880805,2.7111103621216044e-05,0.00014000450025396103,0.007622711613026021
11.66,232.7975241859891,-0.0004498198509719947,-2.3079986455231733e-05,0.00042903408740117594,0.00044992329992498336,0.0004499232999249834,2.3060419084063916e-05,0.00011980132841956941,0.008580681748023518
11.67,232.99752418594537,-0.00045399376645854277,-1.859425110480011e-05,0.00046798314806813945,0.0004540933019372987,0.00045409330193729876,1.8574683733632292e-05,9.741435168753445e-05,0.00935966296136279
11.68,233.1975241859189,-0.00045723481418218125,-1.37673711704614e-05,0.000497295128874475,0.0004573306173263449,0.000457330617326345,1.3748720849729172e-05,7.33169104219093e-05,0.0099459025774895
11.69,233.39752418590604,-0.00045948456530158806,-8.6981583723365e-06,0.0005164834674469883,0.00045957676732792907,0.000459576767327929,8.680382120643641e-06,4.79976782764975e-05,0.010329669348939766
11.700000000000001,233.59752418590213,-0.0004607047718236156,-3.4892708565558933e-06,0.0005252647637260291,0.0004607934998475186,0.0004607934998475186,3.4723277100034645e-06,2.1969573548492505e-05,0.010505295274520583
11.71,233.79752418590184,-0.0004608779308573758,1.754846414046196e-06,0.0005235643586042217,0.00046096330798913615,0.00046096330798913615,-1.7709954982272124e-06,-4.2453444112447e-06,0.010471287172084435
11.72,233.99752418589972,-0.00046000743340857006,6.93004649466579e-06,0.0005115158206784847,0.0004600895807234942,0.0004600895807234942,-6.946195578846806e-06,-3.0130082086999085e-05,0.010230316413569696
11.73,234.1975241858906,-0.0004581172986014893,1.1934531986458759e-05,0.0004894548168600994,0.00045819636559495146,0.00045819636559495146,-1.1949924224720505e-05,-5.5167657467653015e-05,0.009789096337201987
11.74,234.39752418586986,-0.00045525150301361416,1.6670855921055926e-05,0.0004579151060038443,0.0004553275979796779,0.0004553275979796779,-1.6685526784357906e-05,-7.887435794199275e-05,0.009158302120076886
11.75,234.597524185834,-0.00045147291822531714,2.1047816904778923e-05,0.0004176114408596019,0.0004515461460732199,0.0004515461460732199,-2.106180020018939e-05,-0.00010079353954021475,0.008352228817192038
11.76,234.79752418578073,-0.00044686188550271673,2.498219730008881e-05,0.00036942526425289706,0.00044693234783625983,0.0004469323478362599,-2.4995525250831853e-05,-0.00012050830277579665,0.007388505285057941
11.77,234.99752418570915,-0.00044151445873484037,2.8400334606216276e-05,0.0003143856685303245,0.0004415822554782358,0.00044158225547823583,-2.8413662556959323e-05,-0.00013765249023001426,0.00628771337060649
11.78,235.19752418561987,-0.00043554035346792913,3.123948247640358e-05,0.00025364637669794536,0.0004356056080008436,0.0004356056080008436,-3.125218579646612e-05,-0.00015190487290232216,0.005072927533958907
11.790000000000001,235.3975241855149,-0.00042906064583118816,3.344895538331927e-05,0.00018846548172317564,0.0004291234475296132,0.00042912344752961325,-3.346106334661792e-05,-0.00016301408225779347,0.0037693096344635127
11.8,235.5975241853974,-0.00042220526596341935,3.49910231567906e-05,0.000120175713273117,0.00042226570140957507,0.0004222657014095751,-3.5002563667115744e-05,-0.00017079016132148296,0.00240351426546234
11.81,235.79752418527153,-0.0004151103409472433,3.5841527928248146e-05,5.015863920161017e-05,0.0004151684939953149,0.0004151684939953149,-3.585252757755066e-05,-0.00017511095294780015,0.0010031727840322034
11.82,235.9975241851421,-0.00040791544082934196,3.599023296098827e-05,-2.018315204298864e-05,0.00040797139394755446,0.00040797139394755446,-3.600123261029078e-05,-0.00017592644911197837,-0.0004036630408597728
11.83,236.19752418501412,-0.00040076078308472055,3.544088742693944e-05,-8.945504061968083e-05,0.0004008146380991112,0.0004008146380991112,-3.545137156449755e-05,-0.00017324871144149665,-0.0017891008123936164
11.84,236.39752418489243,-0.0003937844515853161,3.421102419631649e-05,-0.0001562947987350321,0.00039383628225842817,0.00039383628225842817,-3.4221016982359566e-05,-0.00016716672208921354,-0.003125895974700642
11.85,236.59752418478135,-0.0003871196822423214,3.233148631429118e-05,-0.00021940241180666548,0.00038716956003117923,0.00038716956003117923,-3.234101077595498e-05,-0.00015783335827946308,-0.004388048236133309
11.86,236.79752418468433,-0.0003808922712484779,2.984568410646633e-05,-0.0002775641507027997,0.00038094026535861943,0.0003809402653586194,-2.9854762192971073e-05,-0.00014546440831126917,-0.005551283014055994
11.870000000000001,236.9975241846038,-0.00037521815568128625,2.680861590814919e-05,-0.00032967577763068215,0.00037526433417412754,0.0003752643341741275,-2.6817693994653934e-05,-0.0001303358266315284,-0.0065935155526136435
11.88,237.19752418454078,-0.00037020121264815745,2.328566449337661e-05,-0.00037476420545374726,0.0003702456595614828,0.00037024565956148274,-2.3294317124210664e-05,-0.00011276912902543849,-0.007495284109074945
11.89,237.39752418449507,-0.00036593131872381763,1.9351208078189178e-05,-0.00041200294423354684,0.00036597409493453433,0.00036597409493453433,-1.9359455192069874e-05,-9.313753501100402e-05,-0.008240058884670937
11.9,237.5975241844652,-0.00036248270334603497,1.5087066189599955e-05,-0.0004407296744607692,0.000362523867827977,0.000362523867827977,-1.509492679421162e-05,-7.184939529277832e-05,-0.008814593489215384
11.91,237.7975241844485,-0.00035991262829558363,1.0580804473146373e-05,-0.0004604569091449727,0.0003599522381644012,0.0003599522381644012,-1.0588296680112315e-05,-4.934196101891756e-05,-0.009209138182899455
11.92,237.9975241844415,-0.0003582604159794508,5.923946317506527e-06,-0.00047087997724125965,0.00035829852740687523,0.00035829852740687523,-5.931438524472469e-06,-2.6074207348293593e-05,-0.009417599544825192
11.93,238.19752418444003,-0.00035754684236751876,1.210119695554154e-06,-0.0004718820069366721,0.0003575835247105267,0.0003575835247105267,-1.2172607709518304e-06,-2.510468607653885e-06,-0.009437640138733442
11.94,238.3975241844397,-0.00035777390334020025,-3.4668128198485157e-06,-0.0004635323293489283,0.00035780920684082745,0.00035780920684082745,3.460006419738322e-06,2.0878124167099887e-05,-0.009270646586978565
11.950000000000001,238.59752418443625,-0.00035892495363792096,-8.014611091628488e-06,-0.0004460854831385271,0.0003589589269677604,0.0003589589269677604,8.008123681463863e-06,4.363020767699692e-05,-0.008921709662770541
11.96,238.7975241844257,-0.00036096521403142484,-1.2344471690138153e-05,-0.0004199736788707094,0.0003609979043284747,0.0003609979043284747,1.2338288319766871e-05,6.53014206421191e-05,-0.008399473577414189
11.97,238.99752418440485,-0.0003638426329010135,-1.6372753184394693e-05,-0.00038579654762534925,0.00036387408652398923,0.00036387408652398923,1.636656981402341e-05,8.547158993535695e-05,-0.007715930952506985
11.98,239.1975241843715,-0.000367489081737283,-2.002258566081793e-05,-0.0003443082466983607,0.00036751935592715067,0.00036751935592715067,2.0016692082636893e-05,0.00010375865397245597,-0.0068861649339672145
11.99,239.39752418432448,-0.00037182185788967395,-2.3225324917799736e-05,-0.0002963993065954156,0.0003718509941113067,0.0003718509941113067,2.321970754789717e-05,0.00011981704768059891,-0.005927986131908312
12.0,239.59752418426382,-0.0003767454603356043,-2.5921830142105703e-05,-0.0002430794770745651,0.000376773498758012,0.000376773498758012,2.591647603772363e-05,0.00013335011517619827,-0.004861589541491302
