t_s,x_m,y_m,heading_rad,yaw_rate_radps,signed_error_m,distance_error_m,heading_error_rad,curvature_command_pm,lateral_accel_mps2
0.0,0.0,0.0,0.0,0.0,3.152737647920627e-06,3.1527376479212332e-06,6.200881182970891e-07,4.3009159604847726e-07,0.0
0.01,0.19999999999999998,5.705881840909798e-11,8.544773102560447e-10,1.703276837988788e-07,3.2766982127616277e-06,3.2766982127616277e-06,6.192336409868329e-07,4.4683775885297077e-07,3.4065536759775763e-06
0.02,0.39999999999999997,4.5643259996448055e-10,3.428581834000357e-09,3.4391457829257857e-07,3.404889974708477e-06,3.4048899747084766e-06,6.471496169234866e-07,4.6385705088835684e-07,6.878291565851572e-06
0.03,0.5999999999999999,1.5453206137723115e-09,7.75512455400208e-09,5.208043132079178e-07,3.5371156556009836e-06,3.537115655600983e-06,6.748123657524878e-07,4.81156417165435e-07,1.0416086264158356e-05
0.04,0.7999999999999999,3.6775285871803145e-09,1.386736221415137e-08,7.010424047537933e-07,3.673175056638975e-06,3.673175056638975e-06,7.022623470962907e-07,4.987430841846622e-07,1.4020848095075865e-05
0.05,0.9999999999999999,7.213559769314681e-09,2.179901655612822e-08,8.846763297437045e-07,3.8128649673189173e-06,3.8128649673189177e-06,6.943306927543139e-07,5.166245542677111e-07,1.7693526594874092e-05
0.06,1.1999999999999997,1.2520709914829577e-08,3.1584294278671756e-08,1.0717555960057017e-06,3.957826256842518e-06,3.957826256842518e-06,7.197579040674589e-07,5.350605845533745e-07,2.1435111920114033e-05
0.07,1.4,1.997319975866688e-08,4.325840830902524e-08,1.2624316017663447e-06,4.106183791725276e-06,4.106183791725276e-06,7.450276904204185e-07,5.53831899070757e-07,2.5248632035326893e-05
0.08,1.5999999999999996,2.99524139245566e-08,5.6857634874421726e-08,1.4567659082638545e-06,4.257737842301204e-06,4.257737842301204e-06,7.701889138157585e-07,5.72948394709897e-07,2.913531816527709e-05
0.09,1.7999999999999992,4.284705474754481e-08,7.241887936166967e-08,1.6548227771733173e-06,4.412285826965189e-06,4.412285826965189e-06,7.952939843105998e-07,5.924203053562865e-07,3.309645554346635e-05
0.1,1.9999999999999987,5.905327083314074e-08,8.997970372278923e-08,1.856669250593593e-06,4.569622183614032e-06,4.569622183614032e-06,7.777331599494802e-07,6.122581938388472e-07,3.713338501187186e-05
0.11,2.1999999999999975,7.897479117597914e-08,1.0957835465657477e-07,2.062375226261561e-06,4.7317764149910865e-06,4.7317764149910865e-06,8.008004039438455e-07,6.327782642329056e-07,4.124750452523122e-05
0.12,2.399999999999996,1.0302310549427629e-07,1.3125439910895796e-07,2.2721344430499567e-06,4.896518421210272e-06,4.896518421210272e-06,8.238881516089092e-07,6.53716286353441e-07,4.544268886099913e-05
0.13,2.599999999999994,1.316177742946351e-07,1.550487972143077e-07,2.486032161380634e-06,5.063648747143349e-06,5.063648747143349e-06,8.470585994046796e-07,6.750857015429252e-07,4.972064322761268e-05
0.14,2.7999999999999914,1.6518663658861136e-07,1.8100337994608844e-07,2.7041572765342426e-06,5.232965070339741e-06,5.23296507033974e-06,8.703781400099533e-07,6.969003495130413e-07,5.408314553068485e-05
0.15,2.999999999999987,2.041659877241307e-07,2.091608858958267e-07,2.9266024044399823e-06,5.404262023195408e-06,5.404262023195407e-06,8.422206340602152e-07,7.191744574327728e-07,5.853204808879965e-05
0.16,3.1999999999999824,2.4900076465647233e-07,2.3956499887977446e-07,3.1534639614451963e-06,5.580042939842882e-06,5.580042939842882e-06,8.635134690209198e-07,7.422925737246114e-07,6.306927922890393e-05
0.17,3.399999999999976,3.0014478789770843e-07,2.722611212951475e-07,3.384988746104295e-06,5.757650445836581e-06,5.75765044583658e-06,8.850562509733204e-07,7.659359436760145e-07,6.76997749220859e-05
0.18,3.5999999999999672,3.580611613126865e-07,3.0729646572794747e-07,3.6212924347091002e-06,5.936888131644935e-06,5.936888131644936e-06,9.069267542411236e-07,7.901222419951465e-07,7.2425848694182e-05
0.19,3.7999999999999567,4.2322254853727176e-07,3.447194251511291e-07,3.8624954126607956e-06,6.117556584676086e-06,6.117556584676087e-06,9.292077200659721e-07,8.148696104266506e-07,7.724990825321591e-05
0.2,3.9999999999999436,4.961114137955695e-07,3.845796204757831e-07,4.108722866182148e-06,6.299453148461183e-06,6.299453148461183e-06,8.893475247413181e-07,8.401966434259679e-07,8.217445732364297e-05
0.21,4.1999999999999265,5.77220272316588e-07,4.2692794898187e-07,4.360104866540361e-06,6.4856576356870455e-06,6.4856576356870455e-06,9.096387797552764e-07,8.665706206045403e-07,8.720209733080721e-05
0.22,4.399999999999906,6.670520099862183e-07,4.718175241011568e-07,4.616953964543604e-06,6.672997181913318e-06,6.6729971819133185e-06,9.304687922966393e-07,8.936066387859108e-07,9.233907929087208e-05
0.23,4.5999999999998815,7.661203947904367e-07,5.193037890257656e-07,4.8794240902087514e-06,6.861281163931614e-06,6.861281163931614e-06,9.519335628086921e-07,9.213274128291315e-07,9.758848180417502e-05
0.24,4.7999999999998515,8.749504392760965e-07,5.6944375608546e-07,5.147675121221014e-06,7.050315658412224e-06,7.050315658412224e-06,9.741349677526813e-07,9.497562024337467e-07,0.0001029535024244203
0.25,4.999999999999816,9.940787203589546e-07,6.222960667159604e-07,5.421872980933513e-06,7.239903122096959e-06,7.239903122096958e-06,9.212826571221809e-07,9.789167937515451e-07,0.00010843745961867026
0.26,5.199999999999774,1.1240537112202687e-06,6.779210523609856e-07,5.702189727144081e-06,7.433823558180213e-06,7.433823558180213e-06,9.415560823664736e-07,1.0093766020248859e-06,0.00011404379454288162
0.27,5.399999999999724,1.26543619752361e-06,7.363818752533606e-07,5.989018722169286e-06,7.628281051251758e-06,7.628281051251758e-06,9.627256090103873e-07,1.0406704651569075e-06,0.00011978037444338572
0.28,5.599999999999666,1.4187999264206237e-06,7.977446680207317e-07,6.282561322697307e-06,7.82309339776857e-06,7.823093397768572e-06,9.84908601865737e-07,1.0728270894389774e-06,0.00012565122645394615
0.29,5.799999999999596,1.5847320754178725e-06,8.620776138872702e-07,6.5830262667398194e-06,8.018074589804954e-06,8.018074589804954e-06,1.0082293971531757e-06,1.105875815290546e-06,0.00013166052533479639
0.3,5.999999999999516,1.763833669912635e-06,9.294510210135163e-07,6.890629778603546e-06,8.213034397518226e-06,8.213034397518228e-06,9.408559900269296e-07,1.1398465940432204e-06,0.00013781259557207092
0.31,6.199999999999423,1.956720015697857e-06,9.999373978293833e-07,7.2055956625891e-06,8.412602190784144e-06,8.412602190784146e-06,9.623332974340979e-07,1.175428039085354e-06,0.000144111913251782
0.32,6.399999999999316,2.1640212339282424e-06,1.0736128366669905e-06,7.528416000548028e-06,8.612227943404303e-06,8.612227943404301e-06,9.85143403927249e-07,1.2120576083925648e-06,0.00015056832001096056
0.33,6.599999999999192,2.3863830784120527e-06,1.1505571841742103e-06,7.859350348890616e-06,8.811740321185102e-06,8.811740321185102e-06,1.0094287978977713e-06,1.2497711282760143e-06,0.0001571870069778123
0.34,6.79999999999905,2.6244675348747663e-06,1.2308529279568757e-06,8.198667312635691e-06,9.01096342165245e-06,9.01096342165245e-06,1.0353402644742849e-06,1.288605162867413e-06,0.00016397334625271382
0.35000000000000003,6.999999999998889,2.878953358237142e-06,1.3145852876318607e-06,8.546644658432687e-06,9.209716236776205e-06,9.209716236776205e-06,9.516079047992997e-07,1.3285969851676717e-06,0.00017093289316865372
0.36,7.199999999998703,3.1505366282123266e-06,1.4018423069416328e-06,8.90356941388021e-06,9.413657488290184e-06,9.413657488290186e-06,9.757803005173234e-07,1.3705819036442475e-06,0.00017807138827760418
0.37,7.399999999998494,3.439931429203204e-06,1.4927165309274583e-06,9.270053727366258e-06,9.617323467949459e-06,9.617323467949459e-06,1.0018144709405025e-06,1.4138792305016048e-06,0.00018540107454732515
0.38,7.599999999998257,3.7478708724041287e-06,1.5873052129605687e-06,9.64642805550068e-06,9.820555901992826e-06,9.820555901992826e-06,1.0298825576483815e-06,1.4585332581294635e-06,0.0001929285611100136
0.39,7.79999999999799,4.075107853824408e-06,1.6857089661490034e-06,1.0033033852375596e-05,1.0023190863922955e-05,1.0023190863922955e-05,1.0601665891097154e-06,1.5045891384819162e-06,0.00020066067704751193
0.4,7.999999999997688,4.422415737274228e-06,1.788031873927704e-06,1.0430223692210963e-05,1.0225058091524673e-05,1.0225058091524671e-05,9.578436813310149e-07,1.5520928473081342e-06,0.00020860447384421924
0.41000000000000003,8.199999999997349,4.79058905958569e-06,1.894381601791817e-06,1.0838361375405991e-05,1.0433062949041299e-05,1.04330629490413e-05,9.865092973708644e-07,1.602057260366827e-06,0.00021676722750811983
0.42,8.399999999996968,5.180444386451963e-06,2.004871429415794e-06,1.1258204624304764e-05,1.0640633904729618e-05,1.064063390472962e-05,1.0176734879276555e-06,1.6536583654242146e-06,0.00022516409248609528
0.43,8.599999999996543,5.592821582878273e-06,2.119620501335346e-06,1.1690169826635347e-05,1.0847627602890094e-05,1.0847627602890093e-05,1.0515435272465455e-06,1.7069505335703055e-06,0.00023380339653270694
0.44,8.799999999996068,6.028584763615903e-06,2.2387521926217496e-06,1.2134686657490663e-05,1.1053893561352118e-05,1.105389356135212e-05,1.0883385057566294e-06,1.7619891397306092e-06,0.00024269373314981325
0.45,8.99999999999554,6.4886231526017146e-06,2.3623942424299307e-06,1.2592198213766544e-05,1.1259273312041539e-05,1.1259273312041539e-05,9.646964559484482e-07,1.8188305187824675e-06,0.0002518439642753309
0.46,9.19999999999495,6.973851969234998e-06,2.490678888790384e-06,1.3063161128558626e-05,1.1472181340953985e-05,1.1472181340953985e-05,1.0000053389758652e-06,1.8787025013864401e-06,0.0002612632225711725
0.47000000000000003,9.399999999994296,7.485213497017441e-06,2.623745330076251e-06,1.3548509246541469e-05,1.1684702262747903e-05,1.1684702262747903e-05,1.0385762579012196e-06,1.9406072293966905e-06,0.0002709701849308294
0.48,9.599999999993571,8.02367865439301e-06,2.7617400278643613e-06,1.404876274272392e-05,1.189670909215807e-05,1.1896709092158071e-05,1.0806582521129462e-06,2.0046110915683747e-06,0.00028097525485447844
0.49,9.79999999999277,8.590248177653137e-06,2.9048147257059364e-06,1.4564457783668122e-05,1.2108065773653168e-05,1.2108065773653168e-05,1.126514529688386e-06,2.0707816527786593e-06,0.00029128915567336246
0.5,9.999999999991882,9.185953693373081e-06,3.0531266097902113e-06,1.5096146676611037e-05,1.2318626109011167e-05,1.2318626109011169e-05,9.782026456041109e-07,2.1391876004710402e-06,0.00030192293353222075
0.51,10.199999999990903,9.811858823122087e-06,3.2068384709780655e-06,1.5644397994423745e-05,1.2538630951402417e-05,1.2538630951402417e-05,1.0227113897869848e-06,2.2113170044172655e-06,0.0003128879598884749
0.52,10.399999999989824,1.0469060508860164e-05,3.366121685776773e-06,1.621035836659324e-05,1.2758534286446483e-05,1.2758534286446483e-05,1.0713951659459661e-06,2.2859611700850232e-06,0.0003242071673318648
0.53,10.599999999988635,1.1158690946518811e-05,3.5311565817324096e-06,1.6794673042715976e-05,1.2978226477848541e-05,1.297822647784854e-05,1.1245528573170633e-06,2.3632008418592794e-06,0.0003358934608543195
0.54,10.799999999987326,1.1881919049220269e-05,3.7021300352076326e-06,1.7398006472509244e-05,1.3197586310675323e-05,1.3197586310675323e-05,1.1825003585845433e-06,2.4431181472358074e-06,0.00034796012945018486
0.55,10.99999999998589,1.2639951776297089e-05,3.879235664223486e-06,1.802104247337186e-05,1.3416479662355082e-05,1.3416479662355082e-05,1.0053947295686899e-06,2.5257965317175185e-06,0.0003604208494674372
0.56,11.199999999984314,1.3434035501037872e-05,4.0626740228308225e-06,1.8664484368844197e-05,1.3647357379259415e-05,1.3647357379259415e-05,1.062133185503024e-06,2.6130391581099078e-06,0.00037328968737688394
0.5700000000000001,11.399999999982585,1.4265457645419148e-05,4.252656210853734e-06,1.932973565604234e-05,1.387869459088432e-05,1.387869459088432e-05,1.1241370932404292e-06,2.7033816720823852e-06,0.0003865947131208468
0.58,11.59999999998069,1.5135549051298492e-05,4.449404314387185e-06,2.0017592117808383e-05,1.4110399446770068e-05,1.4110399446770068e-05,1.1917649994498854e-06,2.79692199875078e-06,0.00040035184235616764
0.59,11.79999999997862,1.604568578124805e-05,4.653148492855245e-06,2.0728872560372577e-05,1.4342365334822042e-05,1.434236533482204e-05,1.2653959263012172e-06,2.8937596961646366e-06,0.00041457745120745157
0.6,11.999999999976357,1.6997290756307587e-05,4.864127210202092e-06,2.1464419004144738e-05,1.457446924359015e-05,1.457446924359015e-05,1.05441720895437e-06,2.9939958763929567e-06,0.00042928838008289474
0.61,12.199999999973883,1.7991835440154923e-05,5.082587467815223e-06,2.222509683947566e-05,1.4821836109111185e-05,1.4821836109111185e-05,1.1269702792104867e-06,3.0998152451864045e-06,0.0004445019367895132
0.62,12.399999999971184,1.9030841846232928e-05,5.30878917544839e-06,2.301261952228389e-05,1.507053956788467e-05,1.507053956788467e-05,1.2060906748316847e-06,3.20944348025845e-06,0.00046025239044567777
0.63,12.59999999996824,2.0115885436631783e-05,5.543005682100296e-06,2.382796390108346e-05,1.5320505386793994e-05,1.5320505386793994e-05,1.2922085611768818e-06,3.322999106480416e-06,0.0004765592780216692
0.64,12.799999999965031,2.124859732933445e-05,5.785520243695225e-06,2.467213442048577e-05,1.5571640582186193e-05,1.5571640582186193e-05,1.3857787894524693e-06,3.4406025841378455e-06,0.0004934426884097154
0.65,12.999999999961538,2.2430666307271602e-05,6.036626300147859e-06,2.554616334123564e-05,1.5823831410871624e-05,1.5823831410871628e-05,1.1346727329998352e-06,3.5623762134750055e-06,0.0005109232668247129
0.66,13.199999999957736,2.3663840882995416e-05,6.296627754416959e-06,2.6451110918087443e-05,1.6095438556485616e-05,1.6095438556485616e-05,1.2272808525843143e-06,3.690966742805976e-06,0.0005290222183617489
0.67,13.3999999999536,2.494993175400682e-05,6.565844265069758e-06,2.738906459390424e-05,1.6369621430409673e-05,1.6369621430409673e-05,1.3280111659731873e-06,3.8242240885342405e-06,0.0005477812918780847
0.68,13.599999999949105,2.62908153378719e-05,6.8446118860997515e-06,2.836121898725795e-05,1.664632258021031e-05,1.664632258021031e-05,1.4373800203221657e-06,3.962291517405772e-06,0.000567224379745159
0.6900000000000001,13.799999999944221,2.768843646865642e-05,7.133278783649548e-06,2.9368801799120666e-05,1.6925460852418725e-05,1.6925460852418725e-05,1.5559335587813995e-06,4.1053145986091566e-06,0.0005873760359824134
0.7000000000000001,13.999999999938918,2.914481085252406e-05,7.4322055681229126e-06,3.04130740696176e-05,1.720692893702431e-05,1.7206928937024312e-05,1.2570067743080348e-06,4.253441088484698e-06,0.000608261481392352
0.71,14.19999999993316,3.066202758999676e-05,7.741765628609784e-06,3.1495330384037717e-05,1.7513003202017658e-05,1.7513003202017658e-05,1.3746893842516384e-06,4.4098772979107536e-06,0.0006299066076807543
0.72,14.399999999926917,3.224225217078295e-05,8.062351541537916e-06,3.261810947734576e-05,1.782330701911176e-05,1.782330701911176e-05,1.5023527741822758e-06,4.572017680911298e-06,0.0006523621895469151
0.73,14.599999999920147,3.388773077610211e-05,8.394375841970183e-06,3.3782867948845746e-05,1.8137798149946006e-05,1.8137798149946006e-05,1.6406172052181708e-06,4.740035267471362e-06,0.0006756573589769149
0.74,14.79999999991281,3.560079356407879e-05,8.738265830033223e-06,3.499110207970821e-05,1.845640455721659e-05,1.8456404557216585e-05,1.7901389364740774e-06,4.914105835924191e-06,0.0006998220415941642
0.75,14.99999999990486,3.738385766253862e-05,9.094463969254473e-06,3.6244348135635385e-05,1.8779021412034456e-05,1.8779021412034456e-05,1.4339407972528269e-06,5.094407773856248e-06,0.0007248869627127077
0.76,15.199999999896251,3.923943024175389e-05,9.463428287619439e-06,3.7544182608447953e-05,1.9132664093721406e-05,1.9132664093721403e-05,1.5826480177963676e-06,5.284825091027975e-06,0.0007508836521689591
0.77,15.399999999886932,4.1170112158907e-05,9.845640137920053e-06,3.889368894425792e-05,1.949266604830928e-05,1.9492666048309285e-05,1.7435602399201886e-06,5.4822002369569975e-06,0.0007778737788851584
0.78,15.599999999876845,4.3178603185829605e-05,1.024160512789931e-05,4.029463905908221e-05,1.9858997891961458e-05,1.9858997891961458e-05,1.917423202350739e-06,5.686742094028657e-06,0.0008058927811816441
0.79,15.799999999865932,4.526770600377593e-05,1.0651846823437743e-05,4.174885250561681e-05,2.0231592974142837e-05,2.0231592974142837e-05,2.105026193697601e-06,5.898662835012784e-06,0.0008349770501123361
0.8,15.99999999985413,4.7440329842807506e-05,1.107690722672526e-05,4.325819683304689e-05,2.0610343738495334e-05,2.0610343738495334e-05,1.6799657904100838e-06,6.11817775539635e-06,0.0008651639366609378
0.81,16.199999999841367,4.969949421714744e-05,1.1517347257662228e-05,4.482458787333149e-05,2.102800173007429e-05,2.1028001730074294e-05,1.8667645734763592e-06,6.349991668257902e-06,0.0008964917574666299
0.8200000000000001,16.39999999982757,5.2048333352294296e-05,1.1973756151365216e-05,4.645176675322868e-05,2.1454696666744223e-05,2.1454696666744223e-05,2.0684337193776556e-06,6.59027808399264e-06,0.0009290353350645736
0.8300000000000001,16.599999999812663,5.44901025294329e-05,1.2446752580372865e-05,4.814188512881044e-05,2.1890408803162883e-05,2.1890408803162886e-05,2.2858706884586666e-06,6.8392891218337825e-06,0.0009628377025762088
0.84,16.799999999796555,5.7028182935086916e-05,1.293697702093987e-05,4.989715189640992e-05,2.233507202117295e-05,2.2335072021172953e-05,2.5200256549619327e-06,7.097280850310968e-06,0.0009979430379281984
0.85,16.999999999779156,5.9666086079246684e-05,1.3445092327599761e-05,5.171983362321453e-05,2.2788569412116643e-05,2.2788569412116643e-05,2.011910348302041e-06,7.364513085306727e-06,0.0010343966724642906
0.86,17.199999999760365,6.240745832881026e-05,1.397178431158957e-05,5.36122548893576e-05,2.3290596549227136e-05,2.3290596549227136e-05,2.245212624423625e-06,7.646684780979902e-06,0.001072245097787152
0.87,17.399999999740075,6.525608627814469e-05,1.451777312133382e-05,5.5578951182261063e-05,2.3804971983350185e-05,2.3804971983350185e-05,2.4965837937246383e-06,7.939158882418145e-06,0.0011115790236452213
0.88,17.59999999971817,6.82159044415212e-05,1.5083814596999487e-05,5.762253178389699e-05,2.4331681464602763e-05,2.4331681464602763e-05,2.767104941090049e-06,8.24223969967645e-06,0.00115245063567794
0.89,17.799999999694528,7.129100113358978e-05,1.567069101695882e-05,5.9745674823848905e-05,2.487065330312424e-05,2.487065330312424e-05,3.057920996202122e-06,8.556236292804851e-06,0.0011949134964769782
0.9,17.99999999966901,7.448562382604135e-05,1.627921178886335e-05,6.195112779716179e-05,2.542175301316825e-05,2.5421753013168255e-05,2.4494002242975912e-06,8.88146222885276e-06,0.0012390225559432357
0.91,18.199999999641477,7.780418464296683e-05,1.691021414536216e-05,6.424170797570528e-05,2.6033083449735504e-05,2.6033083449735508e-05,2.739242126637579e-06,9.224820542419345e-06,0.0012848341595141056
0.92,18.39999999961177,8.125126686937329e-05,1.7564576926453578e-05,6.662291063049019e-05,2.6660810078854547e-05,2.6660810078854544e-05,3.0509966932768543e-06,9.58069209265445e-06,0.0013324582126098038
0.93,18.59999999957972,8.483163427161364e-05,1.8243222215229695e-05,6.909789688999973e-05,2.7304918999027564e-05,2.7304918999027564e-05,3.385967400962718e-06,9.949444234190343e-06,0.0013819579377999946
0.9400000000000001,18.799999999545143,8.855023822155428e-05,1.894710412188717e-05,7.166991077036092e-05,2.7965325450119047e-05,2.7965325450119047e-05,3.7455350770657328e-06,1.0331450044008458e-05,0.0014333982154072185
0.9500000000000001,18.999999999507853,9.241222418509305e-05,1.9677209615738658e-05,7.434227980026134e-05,2.864186732612948e-05,2.864186732612948e-05,3.015429583214247e-06,1.0727088029427134e-05,0.0014868455960052268
0.96,19.199999999467632,9.642293837766132e-05,2.0434559362831168e-05,7.711841551784713e-05,2.9392827543311237e-05,2.9392827543311233e-05,3.3738126937330087e-06,1.114471954614911e-05,0.0015423683103569425
0.97,19.39999999942426,0.00010058793564608111,2.122022441748647e-05,8.000497322699617e-05,3.01650926152622e-05,3.0165092615262204e-05,3.7587338446815215e-06,1.1577535657081824e-05,0.0016000994645399235
0.98,19.599999999377488,0.00010491299075587628,2.2035328198407085e-05,8.300577992798768e-05,3.095864274841523e-05,3.095864274841524e-05,4.171765989246324e-06,1.2025979912320082e-05,0.0016601155985597536
0.99,19.799999999327056,0.00010940410701676963,2.2881032895352654e-05,8.612476249902458e-05,3.177337104869423e-05,3.1773371048694234e-05,4.614575811563974e-06,1.2490502764034732e-05,0.0017224952499804915
1.0,19.99999999927268,0.00011406752413702525,2.3758540471710188e-05,8.93659484519234e-05,3.2609075669396766e-05,3.2609075669396766e-05,3.737068235206441e-06,1.2971561216236918e-05,0.001787318969038468
1.01,20.199999999214057,0.00011890972627900927,2.4669093673850375e-05,9.27334665341378e-05,3.3536367465153404e-05,3.3536367465153404e-05,4.178376028361243e-06,1.3479282792901444e-05,0.0018546693306827561
1.02,20.399999999150854,0.00012393745159930628,2.5613996246171893e-05,9.623537450665535e-05,3.449088426060253e-05,3.449088426060253e-05,4.651794645294349e-06,1.4005417246521416e-05,0.001924707490133107
1.03,20.59999999908272,0.0001291577059131582,2.6594615319210443e-05,9.987630325918681e-05,3.547259293111947e-05,3.547259293111946e-05,5.15922366823348e-06,1.4550500247971932e-05,0.0019975260651837363
1.04,20.79999999900927,0.00013457777313315042,2.7612364936616878e-05,0.00010366100412356272,3.6481353615629297e-05,3.6481353615629297e-05,5.702676271562971e-06,1.5115075800004155e-05,0.0020732200824712544
1.05,20.99999999893009,0.00014020522477258332,2.866870726416728e-05,0.00010759434978846359,3.7516910217084896e-05,3.7516910217084896e-05,4.6463339440125685e-06,1.5699695818425895e-05,0.0021518869957692717
1.06,21.19999999884474,0.00014604792969149887,2.9765153806997426e-05,0.00011168133503017366,3.866480392650475e-05,3.866480392650475e-05,5.187839358117495e-06,1.631662668850976e-05,0.0022336267006034735
1.07,21.399999998752733,0.00015211406563994976,3.0903289891878e-05,0.00011593171353581642,3.984703769889356e-05,3.9847037698893554e-05,5.768177227723643e-06,1.6955872328165383e-05,0.0023186342707163287
1.08,21.59999999865356,0.00015841213579618232,3.208477755400267e-05,0.00012035108714283323,4.1063556314562074e-05,4.1063556314562074e-05,6.38964310662583e-06,1.7618079801441866e-05,0.0024070217428566647
1.09,21.799999998546653,0.00016495098139600266,3.3311335576015374e-05,0.00012494520301938457,4.2314174096947316e-05,4.2314174096947316e-05,7.054670226193166e-06,1.830390623497242e-05,0.002498904060387691
1.1,21.99999999843142,0.00017173979322796814,3.4584740946872515e-05,0.00012971995477165926,4.3598563424110486e-05,4.3598563424110486e-05,5.781264855336025e-06,1.9014018319436762e-05,0.002594399095433185
1.11,22.19999999830721,0.0001787881234213852,3.5906830330677775e-05,0.00013468138333182344,4.502034892665802e-05,4.5020348926658027e-05,6.443748189960324e-06,1.9763272406697473e-05,0.0026936276666364688
1.12,22.399999998173318,0.00018610589941018245,3.7279529716379905e-05,0.0001398412935230982,4.648500816966397e-05,4.648500816966397e-05,7.1531790509950905e-06,2.0539557920629117e-05,0.002796825870461964
1.1300000000000001,22.599999998028995,0.00019370344394592403,3.8704857908022794e-05,0.00014520646030806406,4.7992453597134114e-05,4.7992453597134114e-05,7.912333063502005e-06,2.1343656623452126e-05,0.0029041292061612813
1.1400000000000001,22.799999997873424,0.00020159149037471627,4.0184902339427e-05,0.0001507838340946365,4.9542438554381837e-05,4.9542438554381837e-05,8.724152711160049e-06,2.217636243194916e-05,0.00301567668189273
1.1500000000000001,22.999999997705725,0.0002097811965390566,4.172182083536282e-05,0.00015658054207554452,5.113454339785238e-05,5.113454339785238e-05,7.187234215224232e-06,2.3038480828242248e-05,0.0031316108415108904
1.16,23.199999997524948,0.00021828415903316954,4.331784338481441e-05,0.00016260388930793804,5.289429648220694e-05,5.289429648220694e-05,7.995734578841684e-06,2.3948004010304877e-05,0.003252077786158761
1.17,23.39999999733008,0.00022711243009263874,4.4975308047376983e-05,0.00016886816158693486,5.470714867927223e-05,5.470714867927223e-05,8.86098778379155e-06,2.4890260676452623e-05,0.0033773632317386972
1.18,23.599999997120012,0.00023627854180960234,4.6696665173529425e-05,0.00017538155160521103,5.657296819157797e-05,5.657296819157796e-05,9.786351474868074e-06,2.5866195443401093e-05,0.0035076310321042205
1.19,23.799999996893554,0.0002457955246099571,4.8484448103544164e-05,0.000182152463922542,5.8491429548001436e-05,5.849142954800143e-05,1.0775385514795852e-05,2.6876767607078752e-05,0.00364304927845084
1.2,23.99999999664942,0.0002556769240637254,5.0341275294275635e-05,0.00018918951658391056,6.046199681384756e-05,6.046199681384756e-05,8.918558324064382e-06,2.792295045391534e-05,0.0037837903316782114
1.21,24.19999999638623,0.0002659368181222964,5.2269852460600824e-05,0.00019650154243282633,6.263673055744776e-05,6.263673055744776e-05,9.903286675259889e-06,2.902653239543143e-05,0.003930030848656526
1.22,24.39999999610248,0.00027658983754487654,5.427301605617004e-05,0.00020410582819986047,6.4876813981854e-05,6.4876813981854e-05,1.0956623402670938e-05,3.0169741383902046e-05,0.004082116563997209
1.23,24.59999999579656,0.00028765119519569916,5.635373837641348e-05,0.00021201228011293442,6.71820572537008e-05,6.718205725370078e-05,1.208263171945198e-05,3.135371887309151e-05,0.004240245602258688
1.24,24.799999995466727,0.00029913670839002527,5.851509206275314e-05,0.00022023106028949173,6.955203513351735e-05,6.955203513351735e-05,1.3285619884218994e-05,3.257962403727056e-05,0.004404621205789835
1.25,24.999999995111104,0.0003110628192198841,6.076025267128475e-05,0.00022877258868733675,7.198606668592193e-05,7.198606668592193e-05,1.1040459275687383e-05,3.384863298030527e-05,0.0045754517737467346
1.26,25.199999994727662,0.0003234466153953829,6.309250125920295e-05,0.00023764754470362247,7.466835211156636e-05,7.466835211156636e-05,1.2237906966240446e-05,3.5187128905468155e-05,0.0047529508940724495
1.27,25.399999994314214,0.0003363058549467855,6.55152770332076e-05,0.00024687684471780047,7.74306702535635e-05,7.74306702535635e-05,1.3518305183385834e-05,3.657358565445512e-05,0.00493753689435601
1.28,25.599999993868394,0.0003496590016675142,6.803218351929338e-05,0.000256472466007411,8.027275728660755e-05,8.027275728660755e-05,1.4886572379127093e-05,3.800938248323502e-05,0.00512944932014822
1.29,25.799999993387654,0.00036352525213698584,7.064694556666139e-05,0.00026644669490596897,8.319406360936463e-05,8.319406360936463e-05,1.6347923906423546e-05,3.9495920024332015e-05,0.005328933898119379
1.3,25.999999992869242,0.00037792456029509355,7.336341245004778e-05,0.000276812129148929,8.61937293333161e-05,8.61937293333161e-05,1.3631457023037152e-05,4.103461940453576e-05,0.00553624258297858
1.31,26.199999992310186,0.00039287766263936707,7.618556099352616e-05,0.0002875816798237866,8.949488727982197e-05,8.949488727982197e-05,1.5085740847550091e-05,4.265742391181729e-05,0.005751633596475732
1.32,26.399999991707283,0.00040840610809538496,7.911755931229566e-05,0.0002987806527509745,9.289369064155197e-05,9.289369064155198e-05,1.6640332784265683e-05,4.433826301343436e-05,0.00597561305501949
1.33,26.59999999105707,0.0004245323008910117,8.216377427076753e-05,0.0003104235280394045,9.638978315814082e-05,9.638978315814082e-05,1.8301187773146573e-05,4.607880308040639e-05,0.00620847056078809
1.34,26.799999990355815,0.0004412795332320991,8.532871940667118e-05,0.0003225251589997598,9.998246199845375e-05,9.998246199845375e-05,2.0074620425899212e-05,4.788073624473352e-05,0.006450503179995196
1.35,26.99999998959948,0.0004586720150112907,8.861705867717957e-05,0.0003351007749566365,0.0001036706481636363,0.0001036706481636363,1.6786281155390824e-05,4.974577946383745e-05,0.0067020154991327295
1.36,27.199999988783713,0.00047673490426872054,9.203361023101778e-05,0.00034816598363449503,0.000107724635715398,0.000107724635715398,1.8550774498619105e-05,5.1712602302437636e-05,0.006963319672689901
1.37,27.399999987903815,0.0004954943433085888,9.558342356984942e-05,0.0003617513978778068,0.00011189741772111641,0.0001118974177211164,2.0436589536565445e-05,5.3749634353755176e-05,0.007235027957556137
1.3800000000000001,27.599999986954717,0.0005149775105568284,9.92717885608254e-05,0.00037587452163735695,0.00011618852417224244,0.00011618852417224246,2.2450937126196552e-05,5.585888836597653e-05,0.007517490432747139
1.3900000000000001,27.799999985930942,0.0005352126600676252,0.00010310417237061421,0.00039055330936416994,0.00012059706511397684,0.00012059706511397684,2.4601463749892468e-05,5.8042408091134715e-05,0.007811066187283399
1.4000000000000001,27.999999984826577,0.0005562291574349412,0.00010708622398724963,0.000405806169367353,0.00012512169493168084,0.00012512169493168084,2.0619412133257047e-05,6.030226738673014e-05,0.00811612338734706
1.41,28.199999983635237,0.0005780575166116226,0.00011122377877343814,0.00042165196674966756,0.00013008983570163263,0.00013008983570163263,2.275872216907556e-05,6.26852700868404e-05,0.00843303933499335
1.42,28.399999982350042,0.0006007294435722706,0.00011552295185565499,0.00043812772861997004,0.0001352021961601237,0.0001352021961601237,2.5044799141564933e-05,6.515319114219886e-05,0.008762554572399401
1.43,28.599999980963553,0.0006242778990270174,0.0001199901490103346,0.0004552546107674904,0.0001404581679235838,0.0001404581679235838,2.7486375360498327e-05,6.77084607539084e-05,0.009105092215349808
1.44,28.799999979467735,0.0006487371461790682,0.0001246319902984197,0.00047305431249288355,0.00014585663410906043,0.00014585663410906043,3.0092710654804842e-05,7.035354637472003e-05,0.009461086249857672
1.45,28.999999977853925,0.0006741427941264417,0.0001294553155204941,0.0004915490805986228,0.0001513959262832692,0.0001513959262832692,2.526938543273046e-05,7.309095203581728e-05,0.009830981611972456
1.46,29.19999997611276,0.0007005318423586101,0.00013446718971008522,0.0005107617130337675,0.00015747266534865955,0.00015747266534865958,2.7861748919944408e-05,7.597731443001595e-05,0.010215234260675351
1.47,29.39999997423414,0.0007279427335321672,0.00013967501613754442,0.0005307369859508555,0.00016372422730561,0.00016372422730560998,3.063169513475297e-05,7.896635903501857e-05,0.010614739719017111
1.48,29.59999997220716,0.0007564154292977063,0.00014508654945169874,0.0005515004629365543,0.00017014983695667527,0.00017014983695667527,3.358979908909247e-05,8.206101854218703e-05,0.011030009258731087
1.49,29.799999970020043,0.0007859914680185353,0.0001507098032243161,0.0005730783628081945,0.0001767481037496859,0.00017674810374968594,3.674727439952427e-05,8.526427030870198e-05,0.01146156725616389
1.5,29.99999996766007,0.0008167140172120579,0.00015655305652606253,0.0005954975643281824,0.00018351696995875987,0.0001835169699587599,3.0904021097777816e-05,8.857913627597586e-05,0.01190995128656365
1.51,30.19999996511352,0.0008486279273110178,0.00016262486054897325,0.0006187856107927514,0.00019093687249697525,0.00019093687249697522,3.4044206435929306e-05,9.207413318451906e-05,0.012375712215855029
1.52,30.399999962365573,0.0008817797954368535,0.00016893417530647878,0.000642996634551548,0.0001985684776844625,0.0001985684776844625,3.739929693692459e-05,9.569325337124044e-05,0.01285993269103096
1.53,30.59999995940023,0.0009162180570563956,0.0001754903854858878,0.0006681615155412262,0.00020641081071136495,0.00020641081071136495,4.098209875425397e-05,9.944003345799292e-05,0.013363230310824523
1.54,30.799999956200217,0.0009519930557179866,0.00018230318853269004,0.0006943119228308189,0.00021446215250758472,0.00021446215250758472,4.480619091854897e-05,0.00010331806348521123,0.013886238456616379
1.55,30.999999952746883,0.0009891571063940716,0.0001893826025696188,0.0007214803201510459,0.0002227199775054328,0.00022271997750543282,3.77267768816202e-05,0.00010733098811120221,0.014429606403020918
1.56,31.199999949020093,0.001027764560413251,0.00019673897437284,0.0007496999717890845,0.00023176623669804477,0.00023176623669804477,4.1529598429079594e-05,0.00011156166854132798,0.01499399943578169
1.57,31.39999994499811,0.0010678718824955718,0.00020438314468014656,0.0007790362985910026,0.00024106869266400692,0.0002410686926640069,4.5592528366285e-05,0.00011594233332872902,0.015580725971820052
1.58,31.599999940657472,0.0011095377615041324,0.00021232646729531086,0.0008095265866921656,0.0002506261332597212,0.0002506261332597212,4.993107349028942e-05,0.00012047724359247635,0.016190531733843314
1.59,31.79999993597283,0.0011528231946664686,0.00022058067364528577,0.0008412090714292064,0.0002604364466365886,0.0002604364466365886,5.456167565313837e-05,0.00012517072413635678,0.016824181428584127
1.6,31.999999930916832,0.0011977915640504913,0.00022915788230445147,0.0008741229437654178,0.00027049654672895194,0.00027049654672895194,4.598446699397268e-05,0.0001300271671972815,0.017482458875308356
1.61,32.19999992545994,0.0012445087149521477,0.00023807060858992488,0.0009083083580733836,0.0002815113230835231,0.0002815113230835232,5.058903966694868e-05,0.00013514674081428784,0.018166167161467673
1.62,32.39999991957027,0.001293043048907178,0.00024733196438092933,0.0009438443428170898,0.0002928360333686052,0.00029283603336860523,5.550846614113118e-05,0.0001404474631102232,0.018876886856341795
1.6300000000000001,32.5999999132134,0.0013434656574544666,0.00025695568111477575,0.0009807758945934862,0.00030446918492495716,0.00030446918492495716,6.076152100180799e-05,0.00014593446235480658,0.019615517891869723
1.6400000000000001,32.79999990635216,0.0013958504237980669,0.0002669559459134371,0.0010191491499380863,0.0003164081980453299,0.0003164081980453299,6.636810963057705e-05,0.00015161294244460684,0.020382982998761727
1.6500000000000001,32.99999989894642,0.0014502741150864522,0.00027734741301994637,0.0010590113927029104,0.00032864931718613947,0.00032864931718613947,5.597664252406775e-05,0.000157488191501277,0.02118022785405821
1.6600000000000001,33.19999989095285,0.0015068164769875033,0.0002881452153249243,0.0011004110646934654,0.00034204630035126343,0.0003420463003512634,6.155153128446257e-05,0.00016368123894592963,0.022008221293869305
1.67,33.39999988232469,0.0015655603459231939,0.0002993652057781841,0.0011434435793653162,0.00035581818009059016,0.00035581818009059016,6.750756910860802e-05,0.00017009294826728503,0.022868871587306324
1.68,33.59999987301146,0.0016265918105326921,0.0003110239850282293,0.0011881632001721398,0.00036996313415606664,0.00036996313415606664,7.386748299467038e-05,0.00017672948272076173,0.023763264003442797
1.69,33.799999862958636,0.0016900003343046732,0.0003231387032124937,0.0012346255568919159,0.0003844780276366625,0.00038447802763666244,8.065536682089208e-05,0.00018359709493286116,0.024692511137838317
1.7,33.999999852107365,0.0017558788668440642,0.00033572707366241603,0.0012828876539652157,0.0003993583078983903,0.00039935830789839026,6.806699637096975e-05,0.00019070214448261,0.02565775307930431
1.71,34.19999984039411,0.001824323957890393,0.0003488073867259972,0.0013330078856310973,0.00041563797604568964,0.0004156379760456896,7.481644705975706e-05,0.00019819077779504858,0.026660157712621944
1.72,34.39999982775031,0.0018954358926465285,0.0003623988012469139,0.0013851013677072834,0.0004323711419681019,0.0004323711419681019,8.202731660502549e-05,0.00020594316622144263,0.027702027354145668
1.73,34.5999998141019,0.00196931888653688,0.00037652137772422765,0.0014392334812412331,0.0004495555986739925,0.00044955559867399257,8.972711020616532e-05,0.00021396670406019963,0.028784669624824663
1.74,34.79999979936896,0.0020460812330115956,0.0003911958386632383,0.0014954712409872917,0.0004671875550719656,0.00046718755507196553,9.794498438344296e-05,0.00022226889057766765,0.029909424819745834
1.75,34.99999978346519,0.0021258354375843125,0.00040644358495880935,0.0015538833046272167,0.00048526151296930594,0.00048526151296930594,8.269723808787191e-05,0.0002308573639467122,0.031077666092544334
1.76,35.199999766297445,0.0022086983551602036,0.00042228671243740927,0.001614539995248702,0.0005050296672954261,0.0005050296672954261,9.086871429254598e-05,0.00023990846845214092,0.032290799904974035
1.77,35.39999974776517,0.0022947913530579674,0.00043874836351979107,0.0016775800804647947,0.000525346496804223,0.0005253464968042231,9.959877990658799e-05,0.00024927744102970815,0.03355160160929589
1.78,35.59999972775984,0.0023842405457185378,0.00045585276691252104,0.001743082250091218,0.0005462093487751137,0.0005462093487751137,0.00010892071340714676,0.0002589731339650085,0.034861645001824364
1.79,35.79999970616426,0.0024771769726621377,0.00047362494799066943,0.0018111271415209248,0.0005676136602357335,0.0005676136602357334,0.00011886978686877236,0.0002690045218756484,0.036222542830418494
1.8,35.999999682851936,0.0025737367597723523,0.0004920907483231583,0.0018817973496062068,0.0005895528163004599,0.0005895528163004599,0.00010040398653628354,0.00027938076509052427,0.037635946992124136
1.81,36.19999965768634,0.002674061284503436,0.0005112768454218658,0.0019551774614450014,0.000613543093312459,0.000613543093312459,0.00011029728277442375,0.0002903144508092074,0.039103549228900025
1.82,36.39999963052012,0.0027782973720352493,0.0005312111766211251,0.002031434579370166,0.000638197376463752,0.000638197376463752,0.0001208667682046561,0.00030163080611330723,0.040628691587403315
1.83,36.599999601194206,0.0028865975778151172,0.0005519229864520263,0.0021106632821536867,0.0006635125014964219,0.0006635125014964219,0.00013215269221470314,0.00031334040087734445,0.04221326564307373
1.84,36.79999956953688,0.0029991204015426863,0.0005734424768377614,0.0021929604617331546,0.0006894830026279642,0.0006894830026279643,0.00014419770903271588,0.00032545394612652133,0.04385920923466309
1.85,36.9999995353628,0.003116030480963979,0.0005958008302759271,0.002278425333307432,0.0007161009536411859,0.0007161009536411858,0.00012183935559455022,0.00033798240996452285,0.045568506666148645
1.86,37.19999949847192,0.003237498790327207,0.0006190302333510987,0.0023671594911428982,0.0007452021707392145,0.0007452021707392145,0.0001338176113029946,0.0003511817832175189,0.04734318982285796
1.87,37.39999945864838,0.003363702876068654,0.0006431643870839868,0.0024593638969641297,0.0007751072368110842,0.0007751072368110843,0.00014661433535158774,0.0003648412288144397,0.0491872779392826
1.8800000000000001,37.59999941565917,0.0034948271964744112,0.0006682385632726433,0.0025551520361125927,0.000805812407662896,0.000805812407662896,0.000160278187307578,0.0003789733265509642,0.05110304072225186
1.8900000000000001,37.79999936925277,0.0036310633785782464,0.0006942891822879783,0.0026546401287023086,0.0008373111691112499,0.0008373111691112498,0.00017486072479567117,0.00039359081697169497,0.05309280257404617
1.9000000000000001,37.99999931915772,0.003772610450612515,0.000721353840469188,0.002757947139128567,0.0008695940665316454,0.0008695940665316453,0.0001477960666144614,0.00040870681048663646,0.05515894278257134
1.9100000000000001,38.19999926508111,0.003919675079975157,0.000749471338028784,0.0028651948682040297,0.0009048834432069088,0.0009048834432069089,0.00016229906947410667,0.0004246291364910161,0.05730389736408059
1.92,38.39999920670685,0.004072471855919308,0.0007786822926630371,0.0029766246135319264,0.0009411463366293231,0.000941146336629323,0.0001777926118026186,0.0004411036986107167,0.05953249227063853
1.93,38.5999991436938,0.004231223697203065,0.0008090292062528166,0.003092372265796654,0.0009783783558350127,0.0009783783558350125,0.00019433548987150958,0.0004581454087902065,0.061847445315933086
1.94,38.79999907567377,0.004396162159904537,0.0008405559557129636,0.0032125769303924427,0.00101657178035865,0.0010165717803586498,0.0002119899881569509,0.0004757693588670047,0.06425153860784885
1.95,38.99999900224943,0.004567527715643046,0.0008733078251774523,0.003337380935010267,0.001055715392166695,0.001055715392166695,0.00017923811869246218,0.000493991194049309,0.06674761870020535
1.96,39.1999989229921,0.004745570036294092,0.0009073315390016652,0.003466929984981565,0.0010984989174101939,0.0010984989174101939,0.00019679836069490286,0.0005131804468863671,0.0693385996996313
1.97,39.39999883743925,0.004930548332334333,0.0009426759982830501,0.0036015132451733423,0.001142461933936704,0.001142461933936704,0.00021555714529067664,0.0005330312508649227,0.07203026490346684
1.98,39.59999874509174,0.005122731841090886,0.000979392359367854,0.003741293023349704,0.0011875993458226473,0.0011875993458226473,0.00023558547182834543,0.0005535611946828248,0.07482586046699408
1.99,39.79999864541096,0.005322400194682675,0.0010175334205009044,0.003886435378956733,0.001233902061405137,0.001233902061405137,0.0002569585320024352,0.0005747880635493804,0.07772870757913466
2.0,39.99999853781577,0.005529843752147961,0.0010571536593601664,0.004037110126657961,0.0012813568567831988,0.0012813568567831988,0.0002173382931431732,0.0005967305011028046,0.08074220253315922
2.0100000000000002,40.19999842167925,0.005745363939169534,0.0010983092719413562,0.004193491101936709,0.001333218352026002,0.001333218352026002,0.00023860032941318103,0.0006198311716059711,0.08386982203873418
2.02,40.39999829632507,0.005969273651979452,0.0011410590547826283,0.004355924004896548,0.0013865095344708128,0.0013865095344708128,0.00026131220197796374,0.0006437224316243978,0.08711848009793097
2.0300000000000002,40.599998161023564,0.006201897840684142,0.0011854644966730176,0.004524602093765534,0.001441224565135823,0.001441224565135823,0.0002855595793826546,0.0006684248988494374,0.09049204187531068
2.04,40.79999801498742,0.006443573947785153,0.0012315890407480583,0.004699722965155222,0.0014973528189173365,0.0014973528189173365,0.00031143315968290043,0.0006939593982788904,0.09399445930310445
2.05,40.999997857367376,0.006694652303376748,0.0012794981278545347,0.00488148855025382,0.001554878836638887,0.001554878836638887,0.00026352407257642404,0.0007203481277849933,0.09762977100507639
2.06,41.1999976872474,0.006955496529166153,0.0013292592421931951,0.005070105572690503,0.0016177396031132937,0.0016177396031132937,0.00028926783103289675,0.0007481199595816755,0.10140211145381006
2.07,41.3999975036395,0.0072264840191126,0.0013809429653938929,0.005265986110121771,0.0016823341475374555,0.0016823341475374555,0.00031676480598591796,0.0007768337985653251,0.10531972220243543
2.08,41.59999730547793,0.00750800663421007,0.001434623082590289,0.005469359395155116,0.0017486558876896807,0.0017486558876896807,0.00034611826785538183,0.0008065136257962564,0.10938718790310233
2.09,41.799997091613065,0.007800471223241843,0.0014903756961148792,0.005680459618424431,0.0018166925218277893,0.0018166925218277893,0.0003774375074683056,0.0008371836295641475,0.11360919236848863
2.1,41.99999686080504,0.008104300091157375,0.0015482792749984722,0.005899525912482912,0.0018864261763009947,0.0018864261763009947,0.0003195339285847127,0.0008688702456749309,0.11799051824965824
2.11,42.19999661171681,0.008419931477601703,0.0016084147083636642,0.006126803144022493,0.001962617527719782,0.0019626175277197818,0.0003507027265273186,0.000902203264429511,0.12253606288044985
2.12,42.39999634290672,0.008747820126655445,0.0016708665609011248,0.006362780744719384,0.002040912477508253,0.002040912477508253,0.0003839906865930507,0.0009366546558123005,0.1272556148943877
2.13,42.59999605281992,0.009088438111264573,0.0017357231939449302,0.006607729340956686,0.0021213037649079653,0.002121303764907965,0.00041952215280546785,0.0009722520397336172,0.13215458681913372
2.14,42.79999573977972,0.009442275448906929,0.0018030757030832725,0.006861925138573457,0.002203777313490829,0.002203777313490829,0.00045742865582818707,0.0010090232249002431,0.13723850277146915
2.15,42.99999540197821,0.009809840653982998,0.0018730179737738402,0.00712564988715241,0.002288312770672455,0.002288312770672455,0.0003874863851376193,0.0010469997591392994,0.1425129977430482
2.16,43.1999950374664,0.010191661301762363,0.0019456467436592165,0.007399192251037387,0.0023806642484250893,0.002380664248425089,0.00042522052194978274,0.0010869285116889868,0.14798384502074774
2.17,43.399994644143305,0.0105882847005544,0.0020210630921804677,0.00768313095867047,0.0024755693672364396,0.0024755693672364396,0.00046551476227779144,0.0011281791543840147,0.1536626191734094
2.18,43.59999421974377,0.011000278865460959,0.002099372576280163,0.007977783652224697,0.0025730203571841795,0.0025730203571841795,0.0005085186097840877,0.0011707830998264064,0.15955567304449392
2.19,43.79999376182577,0.011428233242269954,0.0021806839601775365,0.008283474124360502,0.002673001354208722,0.002673001354208722,0.0005543901175193455,0.0012147719018604328,0.16566948248721003
2.2,43.9999932677571,0.011872759354991342,0.002265109276543033,0.008600532252373694,0.0027754896863783486,0.0027754896863783486,0.0004699648011538492,0.001260183394551166,0.17201064504747388
2.21,44.19999273470099,0.012334491466371172,0.002352763899217326,0.008929296364845563,0.002887436345128589,0.0028874363451285895,0.0005156417046059264,0.001307898678017529,0.17858592729691125
2.22,44.39999215960058,0.01281408736633433,0.0024437683022294613,0.009270447030028316,0.003002484669926991,0.0030024846699269916,0.0005644093114635963,0.0013571679384332385,0.1854089406005663
2.23,44.599991539161216,0.013312229515555586,0.002538248208005486,0.00962435439384955,0.0031206267130528555,0.0031206267130528555,0.0006164470580330476,0.0014080263212435987,0.192487087876991
2.24,44.7999908698324,0.013829625890838757,0.0026363330734863054,0.009991395191385364,0.003241844954083295,0.0032418449540832944,0.0006719445075135467,0.0014605090214473817,0.1998279038277073
2.25,44.999990147788495,0.014367010738487973,0.002738156155463039,0.010371952636010838,0.003366114967735937,0.003366114967735937,0.0005701214255368131,0.001514661823903807,0.20743905272021676
2.2600000000000002,45.199989368908284,0.014925145342025034,0.002843854595755741,0.010766420484986971,0.0035018278085208045,0.0035018278085208045,0.000625403413432602,0.0015715173126626806,0.21532840969973943
2.27,45.39998852875249,0.015504818940479947,0.0029535714861116755,0.011175593629340161,0.0036413100935821204,0.0036413100935821204,0.000684413531716479,0.0016301874462914295,0.22351187258680322
2.2800000000000002,45.59998762253867,0.016106850061928295,0.0030674560239250487,0.011599899532230002,0.0037845542713267548,0.0037845542713267548,0.0007473666698326518,0.0016907106996258841,0.23199799064460003
2.29,45.79998664511518,0.016732087502417115,0.0031856617151981162,0.012039772429534206,0.003931541525208888,0.003931541525208887,0.0008144896477908459,0.0017531254410212652,0.2407954485906841
2.3000000000000003,45.999985590933825,0.017381411194255493,0.0033083464413840775,0.012495653153570804,0.004082246950496505,0.004082246950496506,0.0006918049216048847,0.0018174878828130813,0.24991306307141609
2.31,46.19998445402043,0.018055733089863083,0.0034356725601473984,0.01296799606916938,0.004246791356444492,0.004246791356444492,0.00075869566625216,0.0018849979146503507,0.2593599213833876
2.32,46.39998322794301,0.018755998222002464,0.003567809311526531,0.013457721732271237,0.0044159194152433145,0.004415919415243314,0.0008300786995035277,0.001954609579730201,0.26915443464542477
2.33,46.599981905775884,0.019483186245199152,0.0037049329716371377,0.013965318243942123,0.004589624898021312,0.004589624898021312,0.000906210664601032,0.002026363759175337,0.2793063648788425
2.34,46.799980480062686,0.020238312557332366,0.003847224730339076,0.014491280230208363,0.004767888398950805,0.004767888398950804,0.0009873621635472772,0.0021003009812089186,0.2898256046041673
2.35,46.99997894277748,0.021022429288568845,0.003994870755136762,0.015036108573096578,0.004950687011374914,0.004950687011374913,0.0008397161387495907,0.0021764917012142247,0.3007221714619316
2.36,47.19997728528306,0.021836626306798057,0.004148062312574961,0.015600322138705852,0.005150214869966766,0.0051502148699667655,0.0009206268289172767,0.0022563150541918472,0.31200644277411704
2.37,47.39997549828578,0.022682032428612324,0.004306998546290503,0.016184975692951527,0.005355319659202647,0.005355319659202646,0.001006943460767273,0.002338547651982276,0.3236995138590305
2.38,47.59997357178472,0.023559817181450376,0.004471886612256377,0.016790618621812668,0.005565997897560007,0.005565997897560006,0.0010989714918997924,0.002423231111732869,0.33581237243625334
2.39,47.79997149501962,0.02447119207147414,0.004642939188413396,0.0174178059141918,0.005782230800578323,0.005782230800578322,0.0011970325670405116,0.00251040632927056,0.348356118283836
2.4,47.99996925641577,0.025417411693003097,0.00482037452870972,0.018067097765307353,0.006004001953207398,0.006004001953207398,0.0010195972267441874,0.0026001639845875187,0.36134195530614704
2.41,48.19996684352547,0.026399774855015972,0.005004416613554764,0.018739079189452296,0.006245983937253977,0.006245983937253977,0.0011174231091812198,0.0026940668210381907,0.3747815837890459
2.42,48.39996424296428,0.027419625945858575,0.005195298320141784,0.01943494250469351,0.006494755001329921,0.006494755001329922,0.0012217436208963222,0.002790696518443205,0.3886988500938702
2.43,48.59996144033985,0.02847835691978842,0.005393261512579858,0.02015529472719467,0.006750316517141489,0.006750316517141489,0.0013329207416989568,0.002890092735963446,0.4031058945438934
2.44,48.799958420178726,0.0295774087057033,0.005598554143632879,0.02090074655947398,0.007012652236250819,0.007012652236250818,0.0014513350057029258,0.002992293885888983,0.4180149311894796
2.45,48.9999551658495,0.03071827242763903,0.005811430288739787,0.021671911823615785,0.007281760073085015,0.007281760073085015,0.0012384588605960185,0.003097420251808212,0.4334382364723157
2.46,49.19995165948079,0.031902490642454547,0.006032150339556697,0.022469439822705224,0.007575265113697474,0.007575265113697474,0.0013566661455822002,0.0032072097075983314,0.44938879645410446
2.47,49.39994788187248,0.03313165885201871,0.0062609845689629755,0.023294655246932028,0.007877038508266493,0.007877038508266494,0.0014826596439402673,0.003320036333120584,0.46589310493864056
2.48,49.599943812396646,0.03440742770308243,0.006498213134879799,0.024148212648346584,0.008187089484514772,0.008187089484514772,0.0016168659482670607,0.0034359338037382482,0.4829642529669317
2.49,49.79993942889611,0.03573150451765222,0.00674412274263184,0.025030766954337834,0.008505407186642605,0.008505407186642604,0.0017597325919760064,0.0035549338318482584,0.5006153390867567
2.5,49.999934707577815,0.03710565460135133,0.006999006644763385,0.025942972682814015,0.008832017208228477,0.008832017208228475,0.0015048486898444607,0.0036772007888463925,0.5188594536562803
2.5100000000000002,50.199929622899624,0.03853170256869324,0.007263164900542358,0.02688553648679466,0.009188046177598908,0.009188046177598908,0.00164757045906624,0.0038046193285885105,0.5377107297358932
2.52,50.399924147447614,0.040011533982921836,0.007536908309874906,0.027859897399564938,0.009554147827487966,0.009554147827487966,0.0017996020299273607,0.003935352115163946,0.5571979479912987
2.5300000000000002,50.599918251800084,0.0415470977361758,0.007820558269754814,0.028866738325870736,0.009930343367281007,0.009930343367281005,0.001961442575806254,0.004069421186178947,0.5773347665174147
2.54,50.79991190438825,0.043140407662604394,0.00811444298216864,0.029906737375514632,0.010316631384702865,0.010316631384702865,0.002133614409396231,0.004206845687881847,0.5981347475102926
2.5500000000000003,50.99990507135054,0.044793543892165076,0.008418897400878339,0.03098056681324801,0.010713087541197224,0.010713087541197224,0.0018291599906865314,0.00434785580485402,0.6196113362649602
2.56,51.199897716377826,0.046508654220899275,0.008734263592828171,0.03208897675128992,0.011144966955907568,0.011144966955907568,0.0020012973475165736,0.004494426117655808,0.6417795350257983
2.57,51.3998898005464,0.048287955839803075,0.009060894974535997,0.03323348443493655,0.011589116895325881,0.011589116895325883,0.002184528370215027,0.004644518229443871,0.6646696886987311
2.58,51.5998812821335,0.05013373783158048,0.009399155934503595,0.03441476980677895,0.012045575982099028,0.012045575982099026,0.0023794317848820096,0.004798135053282627,0.6882953961355789
2.59,51.79987211642909,0.05204836280102503,0.009749417598902863,0.035633500499293425,0.012514357702230616,0.012514357702230616,0.0025866111312265374,0.0049552754759690735,0.7126700099858685
2.6,51.99986225553931,0.05403426820640742,0.010112057701698499,0.03689033048408983,0.012995624929886781,0.012995624929886781,0.0022239710284309012,0.005116266701309677,0.7378066096817966
2.61,52.19985164817844,0.056093967707290464,0.010487461101674584,0.03818603036466149,0.013519463058873084,0.013519463058873082,0.002431291688174672,0.00528307858544987,0.7637206072932299
2.62,52.399840239444686,0.05823005291914742,0.010876024200679882,0.03952213560083089,0.014058242023210859,0.014058242023210859,0.0026517739467075783,0.005453502580152405,0.7904427120166179
2.63,52.599827970574374,0.06044519592282555,0.011278154214837455,0.04089927660457666,0.014612024630725175,0.014612024630725173,0.002886080640833873,0.0056275131650872145,0.8179855320915331
2.64,52.79981477869188,0.06274215081296136,0.011694264551065106,0.042318061198156294,0.015180846177110446,0.015180846177110444,0.003134900052718133,0.0058050795067309344,0.8463612239631259
2.65,52.99980059654928,0.06512375490750494,0.012124774572866112,0.04377907295724661,0.015765017860565996,0.015765017860565996,0.0027043900309171275,0.005986668031952411,0.8755814591449322
2.66,53.1997853522517,0.06759292997489208,0.01257011034819594,0.045283068619367976,0.01640021834635733,0.01640021834635733,0.0029536100482356192,0.006174103693551705,0.9056613723873596
2.67,53.39976896896195,0.07015268392052182,0.01303070906290796,0.046831512667364565,0.017053589966113024,0.017053589966113027,0.0032183570001828917,0.006365065842800718,0.9366302533472913
2.68,53.599751364579674,0.07280611315603333,0.013507017791697036,0.04842492154690676,0.017725227522409983,0.017725227522409983,0.0034993777859977557,0.006559489781442118,0.9684984309381351
2.69,53.799732451415885,0.07555640392660501,0.013999488593874478,0.05006377585512867,0.018415196182178416,0.018415196182178413,0.0037974435745544016,0.006757304184395816,1.0012755171025733
2.7,53.99971213585566,0.07840683326264741,0.014508578145278193,0.05174851842607962,0.01912405525014654,0.01912405525014654,0.0032883540231506865,0.006959167133645225,1.0349703685215925
2.71,54.19969031800339,0.08136076995279533,0.015034748813530244,0.05347984394303355,0.01989386979542347,0.01989386979542347,0.003587178382225799,0.00716657085946426,1.0695968788606711
2.72,54.399666891302495,0.08442167603258492,0.01557847280874163,0.05525902429639655,0.020685736577308246,0.020685736577308246,0.003904185966672002,0.007377172752702008,1.105180485927931
2.73,54.59964174212676,0.08759310880599178,0.01614023027944228,0.05708637845607599,0.021499790295189294,0.021499790295189298,0.004240199842265691,0.007590857680102052,1.1417275691215198
2.74,54.799614749367706,0.09087872176949274,0.016720504303436804,0.05896217348012783,0.02233613420659783,0.02233613420659783,0.00459606328158307,0.0078075027500975405,1.1792434696025567
2.75,54.999585784008715,0.09428226513169977,0.017319780358428842,0.06088662247018271,0.023195737350372937,0.023195737350372937,0.0039967872265910314,0.008028014916686546,1.217732449403654
2.7600000000000002,55.19955470867929,0.09780758636152212,0.01793854783384538,0.06286029348602432,0.024127815824931512,0.024127815824931516,0.004353870522266483,0.008253327743369333,1.2572058697204862
2.77,55.39952137717848,0.1014586313103846,0.018577303598023696,0.06488411305501535,0.025086561657698597,0.025086561657698597,0.00473204421043837,0.008481199146552635,1.297682261100307
2.7800000000000002,55.59948563397042,0.1052394456250341,0.01923654923811445,0.06695810143345497,0.026072155400175222,0.026072155400175222,0.00513218721059891,0.008711453336434914,1.3391620286690995
2.79,55.79944731367696,0.10915417504602998,0.01991678619257153,0.0690822088591147,0.027084744622253496,0.027084744622253496,0.005555190251623918,0.00894390609570179,1.381644177182294
2.8000000000000003,55.99940624055744,0.11320706528663743,0.020618515041179192,0.07125631360018017,0.02812596742592916,0.02812596742592916,0.004853461403016255,0.009179762292091493,1.4251262720036033
2.81,56.1993622279667,0.11740246195144485,0.021342237552246755,0.07348077349488157,0.029252826767926312,0.029252826767926312,0.005278230143234595,0.009419160963407376,1.4696154698976314
2.82,56.399315077778226,0.12174481108460805,0.022088459313150517,0.07575599435843691,0.030411758627132145,0.030411758627132142,0.005727154108226623,0.009660106903980798,1.5151198871687384
2.83,56.59926457978414,0.1262386596716948,0.02285768596516502,0.07808158381600032,0.03160298968608455,0.03160298968608455,0.0062011292578343265,0.009902356566410437,1.5616316763200064
2.84,56.79921051109563,0.13088865506157113,0.02365041878092971,0.08045706081103503,0.03282671211379152,0.03282671211379152,0.006701048812755784,0.010145658068546783,1.6091412162207006
2.85,56.999152635532326,0.13569954397296405,0.024467153769882698,0.08288185406054786,0.03408564417454303,0.034085644174543024,0.0058843138238027955,0.010391532445247516,1.6576370812109573
2.86,57.1990907029905,0.14067617155451426,0.025308384307272017,0.08535600596386814,0.03544492251005601,0.035444922510056015,0.006386567534120792,0.010639130823082755,1.7071201192773628
2.87,57.39902444877406,0.14582348111753016,0.026174602501642198,0.08787922190436097,0.03684246534012914,0.03684246534012914,0.006916026889383774,0.010886853944495803,1.7575844380872194
2.88,57.59895359291447,0.15114651341012644,0.02706629436733921,0.09045057975076518,0.038278533994847146,0.03827853399484715,0.007473540067766296,0.01113438879525307,1.8090115950153036
2.89,57.798877839496555,0.1566504049050035,0.027983936167122195,0.09306905166930053,0.03975335320657471,0.039753353206574714,0.008059929735776534,0.011381415108916874,1.8613810333860106
2.9,57.998796875977895,0.16234038569974424,0.028927993351229912,0.09573350334465175,0.041271362893833784,0.04127136289383378,0.007115872551668817,0.011629725910880165,1.914670066893035
2.91,58.19871037249135,0.16822177748244135,0.029898923701690547,0.09844353300808265,0.042905649973856576,0.042905649973856576,0.007705055018691689,0.011877409432673125,1.9688706601616528
2.92,58.398617981111485,0.1742999921842931,0.030897177224580977,0.10119798973537093,0.044585069690221246,0.04458506969022125,0.008324197111942587,0.012123378768514527,2.0239597947074186
2.93,58.598519335131236,0.18058052973672606,0.031923190371673064,0.10399531494859268,0.04630988580560482,0.046309885805604814,0.008974000123458267,0.012367256977523326,2.0799062989718538
2.94,58.79841404835202,0.18706897499380834,0.03297738341490217,0.1068338316531437,0.04808032193983634,0.04808032193983634,0.009655106821451646,0.012608661992441754,2.1366766330628737
2.95,58.99830171437684,0.19377099431872064,0.034060159263779095,0.10971174475236666,0.04990352004605803,0.049903520046058025,0.008572330972574718,0.012849517277441267,2.194234895047333
2.96,59.198181905895076,0.20069233223697228,0.03517190687657719,0.11262805643774687,0.05185946214704525,0.05185946214704525,0.009256343241099798,0.013086979197704128,2.2525611287549374
2.97,59.39805417393943,0.20783880873877789,0.03631299968305973,0.11558066250386356,0.05386779664245602,0.05386779664245602,0.009972347968006272,0.013320511080979817,2.3116132500772713
2.98,59.59791804718199,0.21521631531033633,0.0374837892137357,0.11856728787490343,0.05592872494457795,0.05592872494457794,0.01072075874728639,0.01354968562660884,2.3713457574980685
2.99,59.797773031255566,0.22283081032539923,0.038684603625422136,0.12158553330217423,0.05804240214152552,0.05804240214152551,0.011501886052093187,0.013774459277441347,2.4317106660434846
3.0,59.997618608089404,0.23068831422115846,0.03991574723424586,0.1246330297955032,0.06022012975182352,0.06022012975182352,0.010270742443269464,0.013995462836756364,2.492660595910064
3.0100000000000002,60.197454235250454,0.23879490476887552,0.04117750215499768,0.12770770508870224,0.0625464092557543,0.06254640925575432,0.011054167933392778,0.01421048932346005,2.554154101774045
3.02,60.39727934529007,0.2471567124672171,0.042470125600975406,0.1308066539261307,0.06493219126208057,0.06493219126208057,0.011870303986814976,0.014419080812690277,2.616133078522614
3.0300000000000002,60.597093345148224,0.25577991487898055,0.0437938451117445,0.13392684722966874,0.06737750394613554,0.06737750394613552,0.012719090358705769,0.014620780525537126,2.678536944593375
3.04,60.79689561559987,0.2646707304828346,0.045148857329489624,0.1370651350043932,0.0698823192137599,0.0698823192137599,0.013600307806980488,0.01481575435820213,2.7413027000878643
3.0500000000000003,60.996685510735524,0.2738354123624625,0.04653532803894796,0.14021849532875755,0.07246418735813115,0.07246418735813114,0.012213837097522155,0.015003400671884224,2.804369906575151
3.06,61.196462357468924,0.28328024196326984,0.04795339191053272,0.14338372785434159,0.07520790383207243,0.07520790383207243,0.013095496876717662,0.0151824140855869,2.867674557086832
3.0700000000000003,61.39622545509485,0.29301152249899326,0.04940314933564118,0.14655717863835957,0.07801719761521911,0.0780171976152191,0.01400850237501821,0.015352329535909632,2.9311435727671915
3.08,61.595974074920385,0.30303557165487854,0.05088466360525605,0.14973508191349355,0.08089175438831897,0.08089175438831897,0.01495209266679462,0.015512686891210818,2.994701638269871
3.09,61.795707459960326,0.3133587139532953,0.05239795981260694,0.15291356425527597,0.0838311893916816,0.08383118939168159,0.01592528393483731,0.01566348128339391,3.058271285105519
3.1,61.99542482469352,0.3239872729619693,0.05394302469178026,0.15608882701028703,0.08686215258629323,0.08686215258629323,0.014380219055663994,0.015803616507458203,3.1217765402057407
3.11,62.19512535487986,0.33492756344442953,0.055519805189806565,0.15925671261721758,0.09006313507435833,0.09006313507435833,0.01535007096563426,0.01593243772108061,3.1851342523443513
3.12,62.394808207467904,0.34618588299699204,0.05712820579010482,0.16241288650505345,0.09333343155445872,0.09333343155445872,0.016346912475527796,0.016049501583615514,3.248257730101069
3.13,62.59447251059416,0.357768503300676,0.058768087180165754,0.16555292435837765,0.09667215180833123,0.09667215180833123,0.01736903280209999,0.01615437322237356,3.311058487167553
3.14,62.79411736367144,0.3696816611668635,0.06043926537984689,0.16867231724796497,0.10007831785473711,0.10007831785473711,0.018414433943241486,0.016246412420368818,3.3734463449592993
3.15,62.99374183757149,0.38193154938645474,0.062141510495674776,0.1717663919844566,0.10359131473585349,0.10359131473585349,0.0167121888274136,0.016325010803222583,3.4353278396891316
3.16,63.19334497491467,0.3945243072842936,0.06387454515782408,0.17483032698144718,0.10727402936630606,0.10727402936630605,0.017747781075756423,0.01638976382635762,3.4966065396289436
3.17,63.392925790472034,0.40746601100243707,0.06563804345584322,0.17785923591595182,0.1110257143555452,0.1110257143555452,0.018802064040228324,0.016440278769039,3.5571847183190366
3.18,63.59248327167929,0.4207626636317705,0.06743163032121074,0.18084817369283251,0.11484461365733044,0.11484461365733045,0.019872142689386252,0.016475878936887397,3.61696347385665
3.19,63.79201637926841,0.43442018519130576,0.0692548803812715,0.18379202514746582,0.1187288664541013,0.11872886645410131,0.020954783358245965,0.01649571874501321,3.6758405029493164
3.2,63.99152404803468,0.4484444022888986,0.07110731593989615,0.18668544152822197,0.12273479334737236,0.12273479334737236,0.019102347799621323,0.016499835354869135,3.7337088305644395
3.21,64.19100518774681,0.4628410374616284,0.07298840641859575,0.1895231947127703,0.1268978519897601,0.1268978519897601,0.02016531520121978,0.01648789888496696,3.7904638942554056
3.22,64.39045868417847,0.4776156985977852,0.0748975688216161,0.1923000294607165,0.13112334676190596,0.13112334676190596,0.021233912933650706,0.016459594075531714,3.84600058921433
3.23,64.58988340026985,0.4927738683643014,0.0768341674964997,0.19501066974116188,0.13540833687029824,0.1354083368702982,0.022303899707821526,0.01641356874500375,3.9002133948232376
3.24,64.78927817743741,0.5083208934633368,0.0787975118681595,0.19764940849584392,0.13974976602498101,0.13974976602498101,0.023370674809967282,0.016349808102343176,3.9529881699168783
3.25,64.98864183706587,0.5242619733558913,0.08078685482845982,0.20021064581618042,0.1442250192982568,0.1442250192982568,0.021381331849666965,0.01626849995984726,4.004212916323608
3.2600000000000002,65.18797318214308,0.540602149059874,0.08280139419958867,0.20268896705786177,0.1488288658999982,0.1488288658999982,0.022414741256144077,0.01616941290158122,4.053779341157235
3.27,65.38727099902107,0.5573462922488716,0.08484027373540161,0.20507897314686824,0.15348014662792145,0.15348014662792148,0.023435526074366844,0.016052332643047163,4.101579462937365
3.2800000000000002,65.58653405931987,0.5744990944552257,0.0869025833096142,0.20737528705566205,0.15817443785974392,0.15817443785974392,0.024438081905541004,0.01591493420204388,4.147505741113241
3.29,65.78576112200426,0.5920650560521031,0.08898735494068263,0.2095717174743426,0.16290720331739258,0.16290720331739258,0.025416473644708254,0.015758847539323523,4.191434349486852
3.3000000000000003,65.98495093569076,0.6100484744356519,0.09109356258728589,0.21166284119686565,0.16777974277586757,0.16777974277586755,0.023310265998104998,0.015583983688088731,4.233256823937313
3.31,66.18410224104973,0.6284534330021053,0.09322012633801205,0.21364330717064867,0.17273383742564286,0.17273383742564288,0.024237888407394565,0.015390229226457714,4.2728661434129735
3.3200000000000003,66.38321377333298,0.6472837905153634,0.09536591307714046,0.21550782538297508,0.177709793353391,0.177709793353391,0.025129684229755284,0.015176852177626621,4.310156507659501
3.33,66.58228426505451,0.6665431705393619,0.0975297358600724,0.2172509206881617,0.18270149325557516,0.1827014932555752,0.025978888201534184,0.014942370504379989,4.345018413763234
3.34,66.78131244886684,0.6862349505084148,0.09971035059022261,0.21886663942961315,0.1877027297547572,0.1877027297547572,0.026778496360463463,0.014688582496218438,4.377332788592263
3.35,66.980297060641,0.7063622504030034,0.10190645779857797,0.22034985801138993,0.1928384998936167,0.1928384998936167,0.0245823891521081,0.01441548612140699,4.406997160227799
3.36,67.17923684261125,0.7269279224285674,0.10411670728509011,0.22169555348692835,0.19799006889669787,0.19799006889669787,0.025311049319415233,0.014123100442808333,4.433911069738567
3.37,67.37813054662732,0.7479345411638024,0.10633969915708097,0.22289880992007008,0.20312586962841922,0.20312586962841922,0.025976922221284532,0.013810052679950042,4.4579761984014015
3.38,67.57697693755165,0.7693843937625559,0.10857398212349455,0.22395426505922283,0.20823803492259257,0.20823803492259257,0.026572548612609288,0.013476223231603994,4.4790853011844565
3.39,67.77577479686113,0.7912794696472787,0.11081805156581173,0.22485661546723018,0.21332773749799813,0.21332773749799813,0.0243284791702921,0.01312318082154728,4.497132309344604
3.4,67.97452292637797,0.8136214504048411,0.11307035347460305,0.22560128397826634,0.218511038594556,0.21851103859455598,0.02483808928285262,0.012751063098791147,4.512025679565327
3.41,68.1732201520264,0.8364117007425758,0.11532928879693345,0.22618383857312213,0.22363793914081234,0.22363793914081234,0.025263946670403034,0.01236002999521677,4.523676771462442
3.42,68.37186532766158,0.8596512599559375,0.11759321491767939,0.22659999832971683,0.22869896985324933,0.22869896985324933,0.025598546690258725,0.011948160304846168,4.531999966594337
3.43,68.57045733901494,0.8833408334489558,0.11986044302082552,0.22684480624536316,0.2336846616014231,0.2336846616014231,0.025834463378468734,0.011516711617929916,4.536896124907263
3.44,68.76899510783184,0.9074807836379718,0.12212923771123776,0.2269139015117105,0.23862418296528565,0.23862418296528565,0.023565668688056485,0.011066928597306786,4.53827803023421
3.45,68.96747759603097,0.9320711216456323,0.12439782289170032,0.22680350258970824,0.24355105194731452,0.24355105194731452,0.023695824871002774,0.0105990906289721,4.536070051794165
3.46,69.16590380983591,0.9571115000493945,0.12666438558031737,0.2265100134640629,0.24836126474886597,0.24836126474886594,0.023714732835533242,0.010113499569998734,4.530200269281258
3.47,69.36427280392631,0.9826012061581946,0.12892707779196627,0.2260300288687647,0.25304404206957654,0.25304404206957654,0.02361559139871292,0.009607891058988105,4.520600577375294
3.48,69.56258368565521,1.0085391553546699,0.1311840133284494,0.2253593142193936,0.2575886826187477,0.2575886826187476,0.023391919547654683,0.00908463667443771,4.507186284387872
3.49,69.7608356194221,1.0349238837709707,0.13343326877806888,0.22449465798992982,0.26204162794710606,0.2620416279471061,0.0211426640980352,0.008544697424450538,4.489893159798596
3.5,69.95902783094301,1.0617535422187867,0.13567289084215534,0.22343329283153704,0.26636759815738525,0.2663675981573852,0.02079799700767246,0.007988488622635955,4.468665856630741
3.5100000000000002,70.15715961142554,1.089025891139947,0.13790089964856805,0.22217267066776605,0.270507210457316,0.270507210457316,0.02031902108866171,0.00741644690133628,4.443453413355321
3.52,70.3552303216943,1.1167382960888528,0.14011529096499087,0.22071046679545483,0.2744489528019135,0.2744489528019135,0.019700596357083267,0.006826208740369657,4.414209335909097
3.5300000000000002,70.55323939631424,1.1448877233068326,0.14231403284732036,0.21904346652694381,0.27818147145529803,0.2781814714552981,0.018938138086787213,0.006220856237484843,4.380869330538876
3.54,70.75118634780911,1.1734707346396411,0.14449506764721873,0.21716973942214093,0.2817504931348714,0.2817504931348714,0.016757103286888838,0.005601180173942887,4.343394788442819
3.5500000000000003,70.949070770653,1.202483483991487,0.1466563201747827,0.2150877064365902,0.2850824606482942,0.2850824606482942,0.015866417377890404,0.004967717878517346,4.301754128731804
3.56,71.14689234508808,1.2319217147582588,0.14879570067405,0.21279603258946247,0.2881528720139762,0.2881528720139762,0.014826486219616354,0.004321025376467586,4.25592065178925
3.5700000000000003,71.34465084081413,1.2617807577894335,0.15091110727653698,0.21029362953507563,0.2909502447140623,0.29095024471406233,0.0136346915120997,0.0036588573185397572,4.205872590701513
3.58,71.5423461205948,1.292055529474585,0.1530004228775051,0.20757854126055528,0.29346773198356313,0.29346773198356313,0.011545375911131583,0.002984594327758565,4.151570825211105
3.59,71.73997814388206,1.322740529227708,0.15506151772278767,0.2046501893010935,0.2957145190516421,0.2957145190516421,0.010228056496747712,0.002298981219812448,4.09300378602187
3.6,71.93754697010417,1.3538298386056047,0.1570922578107829,0.20150830161302807,0.2976352388025363,0.2976352388025363,0.008758012628335532,0.001602656115510482,4.030166032260562
3.61,72.13505276169803,1.385317121363542,0.1590905077142518,0.19815286425229447,0.2992190033645576,0.2992190033645576,0.007134921970130742,0.0008962718787604233,3.9630572850458896
3.62,72.33249578693196,1.4171956240294301,0.16105413316496678,0.1945841221023687,0.3004552655718529,0.3004552655718529,0.005359267912272481,0.00017785056868501419,3.891682442047374
3.63,72.52987642256254,1.4494581766315626,0.16298099838956767,0.19080153188064092,0.30133379921736003,0.30133379921736,0.0034324026876715874,-0.0005492565631561465,3.816030637612818
3.64,72.72719515642655,1.482097192902208,0.16486896889387964,0.18680588824675454,0.30183080794859746,0.30183080794859746,0.0015443865071018137,-0.0012842603338324373,3.7361177649350905
3.65,72.92445258961153,1.5151046720643535,0.16671591961928112,0.18259828266241865,0.3019305541079924,0.3019305541079924,-0.0004906270775804078,-0.0020264485731121555,3.651965653248373
3.66,73.12164943829535,1.5484722015100916,0.1685197377282381,0.17818006701525976,0.30162399339746976,0.30162399339746976,-0.002669696240168218,-0.0027750992854927332,3.5636013403051954
3.67,73.31878653530285,1.582190959977193,0.17027832520221314,0.17355285235311266,0.3009025135271116,0.30090251352711156,-0.004989072312649667,-0.0035318555114035475,3.4710570470622533
3.68,73.51586483142376,1.6162517208954965,0.17198959670882805,0.16871756713532143,0.29973277281737143,0.29973277281737143,-0.00670034381926457,-0.004293597294333321,3.3743513427064284
3.69,73.71288539658889,1.650644855289199,0.17365148230658933,0.16367635702206557,0.2981020658192335,0.2981020658192335,-0.009106098027027804,-0.005059455005833803,3.2735271404413115
3.7,73.90984942057078,1.6853603361178973,0.17526193502518272,0.15843166958254523,0.2960145758614559,0.29601457586145596,-0.011640256850897451,-0.005828672236092324,3.1686333916509044
3.71,74.10675821329457,1.720387743452998,0.17681893362963685,0.15298620347920008,0.2934641144366229,0.2934641144366229,-0.014296800270704707,-0.00660048813801146,3.059724069584002
3.72,74.30361320481207,1.755716270118814,0.1783204851151292,0.14734290525301072,0.2904450197153661,0.2904450197153661,-0.017069015348273264,-0.007376216171023439,2.9468581050602145
3.73,74.50041594498356,1.7913347275017624,0.17976462304005364,0.14150414293475258,0.28688601786285645,0.28688601786285645,-0.01851315327319769,-0.008153045930588425,2.8300828586950515
3.74,74.69716810296137,1.8272315509819934,0.18114940999140403,0.13547335065981633,0.2828230494820293,0.2828230494820293,-0.021334322547044537,-0.008930043929869758,2.7094670131963268
3.75,74.89387146617445,1.8633948066210255,0.18247294441098186,0.12925426424871286,0.2782618330270398,0.2782618330270397,-0.024253924239822533,-0.009706439761124489,2.5850852849742574
3.7600000000000002,75.09052793889225,1.8998121986124856,0.18373336325828468,0.12285085064965734,0.273199954790311,0.27319995479031106,-0.027263478885358572,-0.01048146392891659,2.4570170129931466
3.77,75.28713954042468,1.9364710771497955,0.1849288442970108,0.11626730300063852,0.26762733525086124,0.26762733525086124,-0.028458959924084707,-0.011256156448981149,2.3253460600127704
3.7800000000000002,75.48370840300537,1.9733584464420684,0.18605760473947242,0.10950731953612276,0.2614517926536624,0.2614517926536624,-0.0314827807222754,-0.012028001221778328,2.190146390722455
3.79,75.68023676944838,2.0104609723973526,0.18711790341177462,0.10257552170280712,0.2547585165995434,0.2547585165995434,-0.03457645118652672,-0.012796054576378791,2.0515104340561425
3.8000000000000003,75.87672699031403,2.0477649913846516,0.1881080467702331,0.09547681315533849,0.24754888008203615,0.24754888008203613,-0.03773025640938241,-0.013559560410729721,1.9095362631067698
3.81,76.07318152065625,2.0852565196691972,0.18902639132277033,0.08821629988597228,0.23982492861620094,0.23982492861620094,-0.040934185951954194,-0.01431776841488429,1.7643259977194456
3.8200000000000003,76.26960291641234,2.122921263204857,0.18987134562068492,0.08079928392418922,0.2315547187314014,0.2315547187314014,-0.041779140249868785,-0.01507152659252291,1.6159856784837845
3.83,76.46599383048435,2.160744627539981,0.19064136902412712,0.07323062648029577,0.22267846177387035,0.22267846177387035,-0.04494802287153729,-0.015818544801729922,1.4646125296059154
3.84,76.66235700859988,2.198711727413327,0.19133497357235518,0.06551599946314782,0.21328833157408242,0.2132883315740824,-0.048144893861443466,-0.0165579393173291,1.3103199892629562
3.85,76.85869528471858,2.2368073972838083,0.1919507292160136,0.057661312448899146,0.20339047390633952,0.20339047390633955,-0.05135930137669739,-0.017288992918485797,1.153226248977983
3.86,77.05501157605917,2.2750162024291662,0.19248726583939738,0.04967264203473745,0.1929917100570911,0.1929917100570911,-0.054580760815079954,-0.01801099828663272,0.993452840694749
3.87,77.25130887780884,2.3133224503338985,0.19294327489439783,0.04155622461008327,0.1820340936949389,0.1820340936949389,-0.05503676987008041,-0.018724695984254833,0.8311244922016654
3.88,77.44759025756699,2.3517102021467293,0.19331750810599818,0.03331787979318078,0.17050747042705797,0.17050747042705794,-0.05817304988470634,-0.019427937619791683,0.6663575958636156
3.89,77.64385884960828,2.3901632838326026,0.19360877908554378,0.024964162786172733,0.15849857099626463,0.15849857099626466,-0.06129436999236051,-0.02011996727733723,0.49928325572345467
3.9,77.84011784875403,2.4286652981565044,0.19381596784703273,0.016501798352260094,0.14601825117829892,0.14601825117829892,-0.06439056860941053,-0.020800126402872182,0.3300359670452019
3.91,78.03637050393738,2.4671996371231995,0.19393802229245088,0.007937638900274727,0.13307798645122035,0.13307798645122035,-0.06745168343557509,-0.021467794288573736,0.15875277800549453
3.92,78.23262011152298,2.505749494631969,0.19397395940035783,-0.0007213530309684597,0.11959285153579946,0.11959285153579946,-0.06748762054348204,-0.022123602203013536,-0.014427060619369193
3.93,78.42887000843521,2.5442978791505646,0.19392286382890359,-0.00946860276926561,0.10561156565072093,0.10561156565072093,-0.07041690457927777,-0.02276554451140337,-0.1893720553853122
3.94,78.62512356517055,2.582827626101601,0.19378388931451573,-0.01829687154505106,0.09120613110333564,0.09120613110333563,-0.07329111988798202,-0.02339302099290297,-0.36593743090102115
3.95,78.82138417850847,2.621321410993424,0.19355626245472096,-0.027198826222622922,0.07639163195208269,0.07639163195208268,-0.07610124538111816,-0.024005446424602818,-0.5439765244524585
3.96,79.01765526401665,2.6597617628951262,0.19323928361263565,-0.036167047108293195,0.0611836633339832,0.061183663333983195,-0.07883862960117603,-0.024602405736850907,-0.7233409421658639
3.97,79.21394024841148,2.6981310780430814,0.19283232743589804,-0.04519409704955854,0.04547133620195013,0.04547133620195013,-0.07843167342443844,-0.02518415742620863,-0.9038819409911708
3.98,79.4102425618267,2.736411633404029,0.1923348416913258,-0.05427278853089733,0.029365425488252078,0.02936542548825208,-0.0809975354663125,-0.025749106759015823,-1.0854557706179466
3.99,79.60656563003415,2.7745856000716196,0.1917463484752185,-0.06339544480228926,0.01291657822622195,0.01291657822622195,-0.0834741000060342,-0.026296735121751957,-1.2679088960457852
4.0,79.80291286649131,2.8126350572392003,0.1910664469191399,-0.07255433573883263,-0.00385669756105975,0.0038566975610597495,-0.08585406352662911,-0.026826540461810103,-1.4510867147766526
4.01,79.9992876643013,2.850542006422991,0.1902948136854626,-0.08174168545620186,-0.020935525722708383,0.020935525722708386,-0.08813058862221693,-0.0273383251565416,-1.6348337091240372
4.0200000000000005,80.19569338814293,2.888288385750264,0.18943120281559545,-0.09094979377908494,-0.038454336029120934,0.038454336029120934,-0.08726697775234976,-0.027831997436107443,-1.8189958755816988
4.03,80.39213336622454,2.925856084144121,0.18847544477011308,-0.10017107666256296,-0.05624194962934155,0.05624194962934155,-0.08934155803820759,-0.028306363690347214,-2.003421533251259
4.04,80.58861088227204,2.9632269554629964,0.18742744746805048,-0.1093976275345764,-0.0742731884264537,0.07427318842645368,-0.09130037484661195,-0.028760993376495972,-2.187952550691528
4.05,80.78512916748348,3.0003828330609705,0.1862871979641244,-0.11862152587732239,-0.09252710397956672,0.09252710397956672,-0.09313812446382494,-0.02919547338462164,-2.372430517546448
4.0600000000000005,80.98169139252342,3.037305544511891,0.185054762552171,-0.127834844407265,-0.11100662397600948,0.11100662397600948,-0.09190568905187152,-0.029609816309383103,-2.5566968881453
4.07,81.17830065960953,3.0739769263380023,0.1837302859863699,-0.13702981779941584,-0.1297937710150607,0.12979377101506073,-0.09352552022035535,-0.030003629215950376,-2.7405963559883166
4.08,81.3749599947442,3.1103788385794866,0.1823139906834256,-0.14619867887990715,-0.1487351219962895,0.1487351219962895,-0.09501537693758608,-0.030376090775597265,-2.923973577598143
4.09,81.57167234007048,3.14649317942598,0.1808061775919773,-0.15533348900724925,-0.16780838698169975,0.16780838698169978,-0.09637150268447615,-0.03072686173862546,-3.106669780144985
4.1,81.76844054633506,3.182301900127541,0.17920722693247967,-0.1644263323837039,-0.18699120034138478,0.1869912003413848,-0.09759061926683477,-0.03105562067174734,-3.288526647674078
4.11,81.96526736551736,3.2177870199888887,0.17751759793563782,-0.17346932265871998,-0.2063116893992839,0.2063116893992839,-0.09590099026999291,-0.03136256961042444,-3.4693864531743994
4.12,82.16215544367091,3.252930641311615,0.17573782751086847,-0.1824548096533508,-0.22578748028390924,0.22578748028390927,-0.096890146042845,-0.0316470817874257,-3.6490961930670163
4.13,82.3591073140257,3.2877149641250702,0.17386852955465346,-0.19137504645589082,-0.2452996548975487,0.2452996548975487,-0.09773774070529044,-0.03190866652301739,-3.827500929117816
4.14,82.55612539030705,3.322122301060829,0.1719103956378892,-0.20022224523156898,-0.26482533172321665,0.26482533172321665,-0.09844193648899859,-0.032147076943874774,-4.00444490463138
4.15,82.75321196029111,3.35613509237805,0.16986419492667357,-0.2089886745866885,-0.284341690081882,0.284341690081882,-0.09900132132712311,-0.032362084095467,-4.17977349173377
4.16,82.95036917964283,3.389735920995041,0.16773077358790264,-0.2176666655473332,-0.30389875265714583,0.30389875265714583,-0.09686789998835219,-0.03255405112603468,-4.353333310946664
4.17,83.1475990660744,3.4229075274130962,0.16551105299492214,-0.2262488448117858,-0.32345675567679133,0.3234567556767914,-0.097195171482918,-0.03272219384367404,-4.524976896235716
4.18,83.34490349386633,3.455632824377928,0.1632060290796361,-0.23472767451868307,-0.3429309793409988,0.34293097934099875,-0.09737701178565625,-0.03286630433889097,-4.694553490373662
4.19,83.54228418869077,3.4878949117326177,0.16081677281683665,-0.24309568372864146,-0.3622988171678107,0.3622988171678107,-0.09741325475215828,-0.032986228099533686,-4.861913674572829
4.2,83.73974272278161,3.519677091303122,0.15834442945554666,-0.25134548824587466,-0.38153784186139195,0.38153784186139195,-0.09730408781116848,-0.03308193537330059,-5.026909764917493
4.21,83.9372805104863,3.550962881699452,0.1557902174123347,-0.2594698383087707,-0.4007150784041125,0.4007150784041125,-0.0947498757679565,-0.03315359935686352,-5.189396766175413
4.22,84.13489880422776,3.5817360329373678,0.1531554265371229,-0.26746169630109223,-0.419744431681975,0.419744431681975,-0.09441524181670534,-0.03320067623344369,-5.349233926021845
4.23,84.33259869089146,3.6119805408571763,0.15044141743732117,-0.27531394859486713,-0.4385721511495237,0.4385721511495237,-0.09393791642548757,-0.0332230856566411,-5.506278971897343
4.24,84.53038108860343,3.641680661631295,0.14764962130960257,-0.2830195906020861,-0.4571766426726531,0.4571766426726531,-0.09331910203354597,-0.03322076519371868,-5.660391812041722
4.25,84.72824674393551,3.6708209262081457,0.14478153882474434,-0.29057173170985684,-0.47553659285418476,0.4755365928541847,-0.09256027780342006,-0.033193874980123335,-5.811434634197137
4.26,84.92619622956187,3.6993861545944053,0.14183873855701595,-0.2979636811664491,-0.4937304064933814,0.4937304064933814,-0.08961747753569169,-0.03314239689841883,-5.959273623328983
4.2700000000000005,85.12422994238771,3.727361469882398,0.1388228553595614,-0.30518887353090846,-0.5116388038865963,0.5116388038865964,-0.0886472975513025,-0.03306607209639536,-6.103777470618169
4.28,85.32234810214119,3.754732312121581,0.1357355896020164,-0.3122407708543763,-0.5292339198822144,0.5292339198822144,-0.08754252155957576,-0.032964912190074906,-6.244815417087526
4.29,85.52055075041838,3.7814844521485567,0.13257870636096838,-0.31911296924830995,-0.5464957867807194,0.5464957867807194,-0.08630541318361536,-0.03283894679449344,-6.382259384966199
4.3,85.71883775020264,3.807604005261189,0.1293540340569124,-0.32579920335799506,-0.5634152626524153,0.5634152626524153,-0.08308074087955936,-0.03268848742485074,-6.515984067159901
4.3100000000000005,85.91720878587233,3.8330774446547995,0.12606346252261327,-0.33229345525933796,-0.5800452517725786,0.5800452517725786,-0.0816478692595234,-0.03251341641864486,-6.645869105186759
4.32,86.11566336370903,3.857891614527446,0.1227089414060411,-0.3385897795936513,-0.5962779763299376,0.5962779763299375,-0.0800897396151562,-0.032313706096247834,-6.771795591873025
4.33,86.31420081288215,3.8820337430323657,0.11929247927315195,-0.3446823377663718,-0.6120951673275774,0.6120951673275774,-0.07840923947614517,-0.032089460328195325,-6.8936467553274365
4.34,86.51282028691082,3.9054914550671334,0.11581614228949819,-0.3505654479303421,-0.6274789896432249,0.6274789896432249,-0.0766094130881034,-0.03184080113804481,-7.0113089586068424
4.3500000000000005,86.71152076561182,3.9282527848142736,0.11228205263225945,-0.3562335890710834,-0.6424344274850659,0.6424344274850659,-0.07307532343086466,-0.03156816055235087,-7.124671781421668
4.36,86.91030105753663,3.9503061879646606,0.10869238628200034,-0.36168152059150527,-0.6569797629463786,0.6569797629463786,-0.07110378091502823,-0.03127139716029193,-7.233630411830106
4.37,87.10915980290096,3.971640553533984,0.1050493713856176,-0.3669040496628563,-0.6710350606050692,0.6710350606050692,-0.06902164251059725,-0.03095067004998682,-7.338080993257126
4.38,87.30809547697349,3.9922452154942483,0.10135528718639181,-0.3718961492843992,-0.684584531748106,0.684584531748106,-0.06683239066657817,-0.03060617587039866,-7.437922985687983
4.39,87.50710639392693,4.012109964129213,0.0976124623075564,-0.37665296987488756,-0.6976128865462449,0.6976128865462449,-0.06453961077481467,-0.03023816887175861,-7.533059397497751
4.4,87.70619071114902,4.03122505704524,0.09382327288128825,-0.3811698585710555,-0.7101344404402681,0.7101344404402682,-0.06075042134854651,-0.029847060421315956,-7.62339717142111
4.41,87.90534643400683,4.049581229780699,0.089990140288921,-0.3854424175548471,-0.7221448482161613,0.7221448482161613,-0.058313847237136736,-0.02943286217206922,-7.708848351096941
4.42,88.10457142105405,4.067169705976532,0.08611552942995179,-0.3894663407057361,-0.7335860852865399,0.7335860852865399,-0.0557836445728241,-0.028995845493346967,-7.789326814114722
4.43,88.30386338965192,4.08398220726387,0.08220194729818928,-0.3932375146395496,-0.7444451827266412,0.7444451827266413,-0.05316368390083208,-0.028536300053513666,-7.864750292790992
4.44,88.50321992199797,4.100010962779591,0.07825194103717978,-0.39675202213893684,-0.7547097248487338,0.7547097248487339,-0.050457895903270066,-0.02805460501706417,-7.935040442778737
4.45,88.70263847155044,4.115248718253528,0.07426809582022213,-0.400006173711847,-0.764399660480203,0.764399660480203,-0.04647405068631241,-0.02755115665563993,-8.00012347423694
4.46,88.90211636983437,4.129688744615802,0.07025303256174673,-0.4029965098571519,-0.7734977228386958,0.7734977228386958,-0.04365519932810827,-0.027026139720750197,-8.059930197143037
4.47,89.10165083360752,4.143324846132782,0.06620940606048827,-0.40571971274293483,-0.7819627375705814,0.7819627375705814,-0.04076118241948558,-0.026479918033381896,-8.114394254858697
4.48,89.3012389723601,4.1561513681584605,0.06213990324110263,-0.408172674317517,-0.7897848165885144,0.7897848165885144,-0.03779609267854016,-0.025912873465821853,-8.16345348635034
4.49,89.50087779613236,4.168163204432039,0.058047241041341666,-0.4103524993043236,-0.7969546676443021,0.796954667644302,-0.034764049644408664,-0.025325490081575558,-8.207049986086473
4.5,89.70056422363072,4.17935580387656,0.05393416410240968,-0.41225654145908963,-0.8034953161834623,0.8034953161834623,-0.030650972705476683,-0.024718193920767666,-8.245130829181793
4.51,89.90029509062062,4.189725176852448,0.04980344241865676,-0.41388237565989067,-0.8093837700554684,0.8093837700554682,-0.02753847127501068,-0.02409131283057941,-8.277647513197813
4.5200000000000005,90.1000671585691,4.199267900899828,0.045657869343403434,-0.41522775464161643,-0.8145917223567304,0.8145917223567304,-0.024370103019367484,-0.023445300784709043,-8.304555092832329
4.53,90.29987712350953,4.207981126015712,0.04150025957746194,-0.4162906554236169,-0.8191125494606059,0.819112549460606,-0.021150051130554758,-0.02278062909209991,-8.325813108472337
4.54,90.49972162510588,4.215862579413067,0.03733344691412854,-0.4170692817337899,-0.8229402529965508,0.8229402529965508,-0.017882499863189592,-0.022097871110082556,-8.341385634675797
4.55,90.69959725589105,4.222910569726914,0.033160281791877126,-0.4175620999333199,-0.8260993849200233,0.8260993849200233,-0.013709334740938179,-0.021397510752846606,-8.351241998666397
4.5600000000000005,90.89950057065282,4.229123990628742,0.028983628871814316,-0.4177677983943335,-0.8285660932340546,0.8285660932340546,-0.010394976517022418,-0.020679994485615447,-8.35535596788667
4.57,91.09942809593677,4.234502323894856,0.024806364914026515,-0.4176852682730039,-0.8303220080996372,0.8303220080996373,-0.007044347369058769,-0.019945861493085422,-8.353705365460078
4.58,91.29937633963776,4.239045641954408,0.020631376585672215,-0.4173136362135293,-0.8313638755705083,0.8313638755705084,-0.0036616158556769182,-0.019195666953860328,-8.346272724270586
4.59,91.49934180065215,4.24275460987759,0.016461558097720208,-0.41665226601916927,-0.8316890819141801,0.8316890819141801,-0.0002509315092411208,-0.018430060120571475,-8.333045320383386
4.6000000000000005,91.69932097856258,4.245630486778896,0.012299808670016815,-0.41570079121199155,-0.8313229351573881,0.8313229351573881,0.003910817918462272,-0.017649596316928647,-8.314015824239831
4.61,91.89931038332561,4.247675126605269,0.008149030047503964,-0.41445907249373715,-0.8302436610226746,0.8302436610226746,0.007334357689498564,-0.01685481935680498,-8.289181449874743
4.62,92.09930654493147,4.2488909783583,0.004012124273854491,-0.41292718868916006,-0.8284407856193536,0.8284407856193535,0.010774721568697,-0.01604634536933554,-8.2585437737832
4.63,92.29930602300635,4.249281085769401,-0.00010800861176004165,-0.4111054610656651,-0.8259144505559199,0.8259144505559199,0.01422784111446601,-0.015224804412508128,-8.222109221313302
4.64,92.49930541632874,4.248849086399824,-0.00420847300268569,-0.4089944540488169,-0.8226654373784027,0.8226654373784028,0.017689682918149954,-0.014390908548603046,-8.179889080976338
4.65,92.69930137223004,4.2475992101494535,-0.008286380295134232,-0.4065950028833614,-0.8187195689088387,0.8187195689088387,0.021767590210598497,-0.013545285854180581,-8.13190005766723
4.66,92.89929059584999,4.245536277153015,-0.012338851402614034,-0.4039081750100739,-0.8140586403473609,0.8140586403473608,0.025208722761663117,-0.012688557481617948,-8.078163500201478
4.67,93.09926985921791,4.242665695111943,-0.016363019041070417,-0.4009352627258082,-0.8086787014759256,0.8086787014759256,0.028647760541978703,-0.011821404581295592,-8.018705254516163
4.68,93.29923601013188,4.238993456082102,-0.020356030074308588,-0.39767780249185,-0.8025832365901467,0.8025832365901466,0.03208080662783259,-0.010944519430635336,-7.953556049836999
4.69,93.49918598080819,4.234526132698812,-0.024315047953490647,-0.3941375745057403,-0.795776354318389,0.7957763543183891,0.03550401224706172,-0.010058662790884743,-7.8827514901148055
4.7,93.69911679627373,4.229270873831057,-0.02823725526634389,-0.3903166249963876,-0.7882844523285741,0.7882844523285742,0.03942621955991496,-0.009164527132250066,-7.806332499927752
4.71,93.89902558247404,4.2232353996518,-0.03211985623537384,-0.38621723391122764,-0.7800934034269024,0.7800934034269023,0.04279618019496987,-0.008262790846003563,-7.724344678224552
4.72,94.09890957407211,4.216427996169667,-0.03596007900386019,-0.3818419047126563,-0.7712048570550467,0.7712048570550468,0.046145985046193036,-0.007354184651533394,-7.636838094253125
4.73,94.29876612191413,4.208857509247412,-0.03975517795276589,-0.37719338067545843,-0.7616255116137556,0.7616255116137556,0.04947196993325023,-0.006439446941994341,-7.5438676135091685
4.74,94.49859270013822,4.200533338096363,-0.04350243609028326,-0.37227464317722136,-0.7513626595333518,0.7513626595333518,0.052770529864199126,-0.0055193714085009634,-7.445492863544427
4.75,94.69838691290357,4.191465428245231,-0.047199167519073965,-0.3670889288830403,-0.7404434541451823,0.7404434541451822,0.05646726129298983,-0.00459469937757465,-7.341778577660806
4.76,94.89814650071732,4.1816642639772,-0.050842719859748885,-0.36163970395272027,-0.7288577566957349,0.7288577566957349,0.059681673384782946,-0.0036661456624940366,-7.232794079054406
4.7700000000000005,95.09786934634039,4.171140860276796,-0.05443047647034388,-0.355930648996528,-0.7166121534431229,0.7166121534431229,0.06285901938866285,-0.002734472187157352,-7.1186129799305595
4.78,95.29755348025482,4.159906754318277,-0.057959858663116565,-0.3499656734858455,-0.7037163583259033,0.7037163583259034,0.06599592131009241,-0.001800444623022901,-6.99931346971691
4.79,95.49719708567481,4.147973996490417,-0.06142832797787049,-0.3437489127055468,-0.690180635601444,0.690180635601444,0.06908906977280274,-0.000864872267572289,-6.874978254110936
4.8,95.69679850308505,4.135355140960875,-0.06483338850433049,-0.33728474055965574,-0.6760330703868539,0.6760330703868539,0.07249413029926273,7.147495910286177e-05,-6.745694811193115
4.8100000000000005,95.89635623429099,4.122063235779061,-0.06817258916639879,-0.330577749251878,-0.6612671148406741,0.6612671148406741,0.07547442634792532,0.001007867264707492,-6.61155498503756
4.82,96.09586894596957,4.108111812555224,-0.07144352580374227,-0.323632729071308,-0.64589375120729,0.64589375120729,0.07840215847945474,0.0019435317542837052,-6.472654581426161
4.83,96.29533547271129,4.093514875752947,-0.07464384321860448,-0.31645468153987016,-0.6299254485987598,0.6299254485987597,0.08127428170421427,0.002877695936057482,-6.329093630797403
4.84,96.49475481954296,4.078286891593566,-0.07777123726634852,-0.3090488150699591,-0.6133755711460764,0.6133755711460764,0.08440167575195831,0.0038095530265122306,-6.180976301399182
4.8500000000000005,96.69412616392327,4.062442776578358,-0.08082345697193911,-0.30142055444817295,-0.5962720334511953,0.5962720334511952,0.08714004740090799,0.004738327265562419,-6.028411088963459
4.86,96.89344885720358,4.045997885630251,-0.08379830661055435,-0.29357552426471756,-0.5786125657484673,0.5786125657484674,0.08981475579988138,0.005663295257018229,-5.871510485294351
4.87,97.09272242555132,4.028967999889215,-0.08669364758174246,-0.2855195242195341,-0.560411637299593,0.5604116372995931,0.09242304714385191,0.006583693914936755,-5.710390484390682
4.88,97.29194657033541,4.011369314202212,-0.08950740022197624,-0.27725854137309186,-0.541684160237595,0.541684160237595,0.09496224991655611,0.007498764651068877,-5.545170827461837
4.89,97.49112116797215,3.9932184243076074,-0.09223754565071114,-0.2687987446551946,-0.5224470782806293,0.5224470782806292,0.097692395345291,0.008407720882227986,-5.375974893103892
4.9,97.69024626923172,3.974532313720576,-0.09488212762663095,-0.26014649235046355,-0.502725719465861,0.502725719465861,0.1000743579495916,0.009309804410114988,-5.202929847009271
4.91,97.88932209800666,3.9553283403216604,-0.09743925436599202,-0.25130831710769547,-0.48252397943342157,0.48252397943342157,0.10238024837570127,0.010204318446643644,-5.02616634215391
4.92,98.08834904954841,3.935624222679905,-0.09990710014693993,-0.24229089816714225,-0.46185848810168,0.46185848810167995,0.10460771453049023,0.011090529644012566,-4.845817963342845
4.93,98.28732768818044,3.9154380261527026,-0.10228390683349563,-0.23310107293642593,-0.440746247630438,0.440746247630438,0.106754492218011,0.011967712921140072,-4.6620214587285185
4.94,98.48625874449485,3.8947881487617977,-0.10456798542509392,-0.223745830584773,-0.4192072412843117,0.4192072412843117,0.1090385708096093,0.012835117681066707,-4.47491661169546
4.95,98.68514311204096,3.8736933068507247,-0.10675771760981652,-0.21423231914290122,-0.397264627354832,0.397264627354832,0.11100813812574012,0.013692026057581668,-4.284646382858025
4.96,98.88398184351566,3.852172520524024,-0.1088515572722001,-0.2045678293951015,-0.37492745667186717,0.37492745667186717,0.11289120937718874,0.014537785665056294,-4.09135658790203
4.97,99.08277614646941,3.830245098898529,-0.1108480317764981,-0.1947597661204831,-0.3522141424363499,0.3522141424363499,0.1146858623499795,0.015371710716601008,-3.895195322409662
4.98,99.28152737854572,3.807930625207456,-0.11274574316166484,-0.1848156590635088,-0.32914339393161973,0.32914339393161973,0.11639026688120759,0.016193126918884262,-3.696313181270176
4.99,99.48023704226763,3.7852489417548725,-0.11454336935576008,-0.17474315590776476,-0.30573766063467356,0.3057376606346735,0.11818789307530281,0.017001332090094797,-3.4948631181552954
5.0,99.67890677938804,3.7622201347229627,-0.11623966539903254,-0.16455003098518206,-0.2820182722139122,0.2820182722139121,0.11969898141074382,0.01779567024833377,-3.291000619703641
5.01,99.87753836481963,3.7388645188288088,-0.11783346460603498,-0.1542441644718438,-0.2579984615911308,0.2579984615911308,0.12111527250196304,0.018575547606034838,-3.084883289436876
5.0200000000000005,100.0761337001668,3.7152026218625838,-0.11932367948998827,-0.1438335156615228,-0.23369802609174117,0.23369802609174117,0.1224352946060278,0.01934034072601229,-2.876670313230456
5.03,100.27469480688359,3.691255169143711,-0.12070930260500431,-0.13332613314108596,-0.20913697937961115,0.20913697937961118,0.12365767065341046,0.02008944021498564,-2.6665226628217193
5.04,100.47322381907779,3.6670430678897725,-0.12198940740224624,-0.12273014746060804,-0.18433964761377816,0.1843396476137782,0.12493777545065239,0.0208222001392128,-2.454602949212161
5.05,100.67172297598307,3.642587391496753,-0.12316314911401414,-0.1120537839813873,-0.15932580313729783,0.15932580313729783,0.1259548601648115,0.021538046896795653,-2.241075679627746
5.0600000000000005,100.87019461412096,3.6179093637220596,-0.12422976554873523,-0.10130533235322628,-0.13411193002110247,0.1341119300211025,0.12687106737458614,0.022236454968304727,-2.0261066470645255
5.07,101.06864115918096,3.5930303428086274,-0.12518857763193525,-0.09049312619950454,-0.10871879769876559,0.10871879769876559,0.1276853884311334,0.02291687453891189,-1.809862523990091
5.08,101.26706511764758,3.567971805578953,-0.1260389898898751,-0.07962555186806028,-0.08316731023429028,0.08316731023429028,0.12839691040202225,0.023578771673031646,-1.5925110373612057
5.09,101.46546906819853,3.542755331491022,-0.12678049094000976,-0.06871104109857851,-0.057483085934268346,0.057483085934268346,0.1291384114521569,0.024221559037570794,-1.3742208219715701
5.1000000000000005,101.66385565289977,3.517402586650171,-0.1274126540464844,-0.057758091270600234,-0.03168453233474185,0.03168453233474185,0.12963697907544902,0.02484476571810538,-1.1551618254120046
5.11,101.86222756822208,3.4919353077619038,-0.12793513753871955,-0.04677521799888805,-0.005790506814706673,0.005790506814706673,0.13003086689718757,0.02544793903946723,-0.935504359977761
5.12,102.0605875559133,3.4663752860774646,-0.12834768495571547,-0.03577094754910955,0.020177666738656192,0.020177666738656192,0.1303195338454812,0.02603061056017052,-0.7154189509821909
5.13,102.25893839375586,3.4407443513488163,-0.12865012518282662,-0.024753822870819273,0.046198612211363524,0.046198612211363524,0.13050253402461123,0.02659232889120029,-0.49507645741638545
5.14,102.45728288623665,3.4150643557826266,-0.12884237258306444,-0.013732396513863715,0.07224597859962457,0.07224597859962457,0.13069478142484905,0.027132561698396254,-0.2746479302772743
5.15,102.65562385515615,3.389357157982661,-0.12892442725296313,-0.0027152624947071238,0.09830262295564082,0.09830262295564082,0.13066157097927147,0.02765096230681785,-0.054305249894142475
5.16,102.85396413020203,3.3636446068579677,-0.12889637506427115,0.008289018050635831,0.12434812785771454,0.12434812785771455,0.130522171888292,0.028147150181269037,0.16578036101271662
5.17,103.05230653952616,3.337948525572374,-0.12875838740568443,0.019271902805969743,0.1503610327253717,0.15036103272537168,0.13027650707891172,0.028620742900136505,0.38543805611939486
5.18,103.25065390035255,3.3122906955332305,-0.12851072100026534,0.03022486715518593,0.17631990689139027,0.17631990689139027,0.12992459257098124,0.029071373558058642,0.6044973431037186
5.19,103.44900900964366,3.286692840407614,-0.1281537176993735,0.04113940997662652,0.20219818498803024,0.20219818498803027,0.12956758927008935,0.02949856170102455,0.8227881995325304
5.2,103.64737463485085,3.261176610150761,-0.12768780447564615,0.05200700820958137,0.22797999198822982,0.22797999198822985,0.12900062355988193,0.029902102938750556,1.0401401641916272
5.21,103.84575350477343,3.2357635650176584,-0.12711349309174402,0.06281922661727707,0.2536440903073274,0.2536440903073274,0.12832822866787116,0.030281685216806447,1.2563845323455414
5.22,104.04414830056756,3.2104751596661854,-0.12643137944473626,0.07356767340998388,0.27916929634581616,0.2791692963458162,0.12755078018223395,0.030637014394653255,1.4713534681996776
5.23,104.2425616469286,3.185332727324402,-0.12564214310035565,0.08424400647908481,0.30453381693499915,0.3045338169349992,0.12676154383785335,0.030967778945485067,1.6848801295816962
5.24,104.44099610347115,3.160357464006497,-0.12474654683566481,0.09483992552789688,0.3297135005037582,0.3297135005037582,0.12577314696804462,0.031273627875645735,1.8967985105579377
5.25,104.63945415633025,3.135570412757305,-0.12374543630349992,0.10534715561382511,0.354691690038197,0.35469169003819706,0.12468156105478873,0.03155443545907668,2.106943112276502
5.26,104.83793821000884,3.110992447924717,-0.12263973933390213,0.11575753585825992,0.37944771010207445,0.37944771010207445,0.12348750990747326,0.03180997856607101,2.3151507171651984
5.2700000000000005,105.03645057950754,3.086644259552925,-0.12143046499832331,0.12606297861353155,0.4039610602273711,0.4039610602273711,0.12219180313625455,0.0320400520740316,2.521259572270631
5.28,105.23499348275632,3.06254633786869,-0.12011870284881636,0.13625547514413,0.4282101331972541,0.4282101331972541,0.12088004098674761,0.03224438559863787,2.7251095028826002
5.29,105.43356903336856,3.038718957841141,-0.11870562226640932,0.1463270682187708,0.4521731675776788,0.4521731675776788,0.11938225438691348,0.032422781243599576,2.9265413643754163
5.3,105.63217923373522,3.01518216378605,-0.11719247180716558,0.15626987979772286,0.4758333739004805,0.4758333739004805,0.1177859327270005,0.0325751832716279,3.1253975959544573
5.3100000000000005,105.8308259684852,2.991955754057017,-0.11558057813570256,0.16607616576344886,0.49917107761578056,0.4991710776157805,0.116092214383833,0.032701457597155856,3.321523315268977
5.32,106.0295109983391,2.969059265891236,-0.11387134485493097,0.17573828224076776,0.5221668566335727,0.5221668566335727,0.11430231758308299,0.032801488161689825,3.5147656448153555
5.33,106.22823595437124,2.946511960382848,-0.11206625147777309,0.18524869075112765,0.5447998050818222,0.5447998050818224,0.1124972242059251,0.032875027694765656,3.7049738150225533
5.34,106.42700233269377,2.924332807560157,-0.11016685264434999,0.19459990416218742,0.5670505319308774,0.5670505319308774,0.11051814013940087,0.03292206019724021,3.8919980832437484
5.3500000000000005,106.62581148957453,2.902540471525972,-0.10817477715414524,0.2037845772606749,0.5889027952986341,0.5889027952986341,0.10844717695666083,0.032942588595442496,4.075691545213498
5.36,106.82466463701469,2.8811532957645665,-0.10609172652331283,0.2127955114371868,0.610338305027954,0.610338305027954,0.10628585715595068,0.03293656782036275,4.255910228743736
5.37,107.02356283880225,2.8601892886444054,-0.1039194736285545,0.22162563277581496,0.6313390977570476,0.6313390977570476,0.10403577593721071,0.032903970887305144,4.432512655516299
5.38,107.22250700704949,2.8396661090918087,-0.1016598614366434,0.23026799674691453,0.6518854148368524,0.6518854148368524,0.10177616374529962,0.0328445528042059,4.60535993493829
5.39,107.42149789922159,2.8196010524065254,-0.09931480215653662,0.23871569930838304,0.6719603164298067,0.6719603164298067,0.09935354026669466,0.03275851311654113,4.774313986167661
5.4,107.62053611565986,2.80001103616346,-0.09688627595534385,0.24696205215261485,0.6915487043398749,0.6915487043398749,0.09684753784518582,0.03264590040604722,4.939241043052297
5.41,107.81962209762565,2.780912586385158,-0.09437632912233838,0.2550005186490225,0.7106340374340219,0.7106340374340219,0.09426002681368219,0.03250675887192565,5.10001037298045
5.42,108.01875612586747,2.762321823959806,-0.0917870725759596,0.2628247091050349,0.7292001714196998,0.7292001714197,0.09159294194332175,0.03234111583424817,5.256494182100698
5.43,108.21793831971175,2.7442544512781795,-0.08912068044256434,0.2704283711719434,0.7472288763958185,0.7472288763958185,0.08892654980992648,0.032148811392589176,5.408567423438868
5.44,108.41716863667703,2.726725739054064,-0.08637938906858833,0.27780531298102795,0.7647058134699124,0.7647058134699124,0.08610698926607274,0.0319301922755073,5.5561062596205595
5.45,108.61644687260987,2.709750513294404,-0.08356549541521845,0.2849496025844908,0.7816175497944127,0.7816175497944126,0.08321420792016754,0.0316853741967746,5.6989920516898165
5.46,108.81577266236117,2.6933431426318535,-0.08068135494396646,0.2918554713206964,0.7979496328083183,0.7979496328083183,0.08025038221581444,0.031414491232512665,5.837109426413928
5.47,109.01514548099416,2.6775175259646424,-0.07772937996354765,0.29851731785286356,0.8136880711389043,0.8136880711389043,0.0772177437154172,0.031117589402361708,5.970346357057271
5.48,109.21456464551723,2.66228708037074,-0.07471203814819793,0.30492966998310966,0.8288164846706672,0.8288164846706672,0.07420040190006748,0.030794679816795543,6.098593399662193
5.49,109.4140293171323,2.6476647292480084,-0.07163185132846944,0.31108716827037064,0.8433233207519716,0.8433233207519716,0.07103839040863454,0.030446184896446713,6.221743365407413
5.5,109.61353850399522,2.633662890706414,-0.06849139355769795,0.31698472668740607,0.8571972675183259,0.8571972675183259,0.06781476143719381,0.030072310745924844,6.339694533748121
5.51,109.81309106449245,2.620293466397264,-0.06529328883478805,0.3226174415399559,0.8704262678997674,0.8704262678997675,0.0645319506968568,0.029673281998170417,6.452348830799118
5.5200000000000005,110.01268571101863,2.6075678307201695,-0.06204020926218421,0.32798059519401723,0.8829987830262135,0.8829987830262134,0.06119243868861309,0.02924915271120357,6.559611903880345
5.53,110.21232101423934,2.5954968203662703,-0.05873487354263893,0.33306958483940785,0.8949005441270622,0.8949005441270621,0.05788710296906781,0.028800117051910653,6.661391696788157
5.54,110.41199540782286,2.5840907241294584,-0.055380045564019986,0.337879975702934,0.9061229738236753,0.9061229738236753,0.054443920812731174,0.02832667263466222,6.75759951405868
5.55,110.61170719363263,2.5733592730794563,-0.05197853213276476,0.3424076178942882,0.9166572769075505,0.9166572769075506,0.05095193200038494,0.027829116265885634,6.848152357885764
5.5600000000000005,110.81145454737269,2.5633116312490403,-0.048533180552301894,0.3466485612397175,0.9264940575410328,0.9264940575410329,0.04741377981480421,0.027307763283817912,6.93297122479435
5.57,111.01123552466294,2.5539563867694652,-0.0450468766089084,0.35059905866645746,0.9356244859952025,0.9356244859952026,0.04383214103278127,0.026762669177472755,7.011981173329149
5.58,111.2110480675223,2.5453015434019997,-0.04152254307712444,0.3542554592738784,0.9440366036325255,0.9440366036325255,0.040307807500997314,0.026194211590497247,7.0851091854775685
5.59,111.41089001123623,2.5373545123734766,-0.03796313812755124,0.3576143340109307,0.951724975096754,0.951724975096754,0.036650319043315456,0.025602967808530063,7.152286680218614
5.6000000000000005,111.61075909159588,2.5301221046797098,-0.03437165273375709,0.3606725503467551,0.9586836601201714,0.9586836601201714,0.032957781163041204,0.02498932448033901,7.213451006935102
5.61,111.81065295248962,2.523610523977409,-0.03075110811527666,0.36342719090192965,0.9649061397345621,0.9649061397345621,0.029232988442049367,0.024353686453670025,7.268543818038593
5.62,112.01056915381854,2.5178253599883096,-0.027104553571310613,0.3658755563954654,0.9703864981460022,0.9703864981460023,0.025478756747289787,0.023696109712512195,7.317511127909308
5.63,112.21050517970788,2.512771582350724,-0.023435065014507005,0.36801502316686285,0.975115213891778,0.9751152138917781,0.021809268190486175,0.023017138286100264,7.360300463337257
5.64,112.41045844698708,2.508453534799268,-0.01974574325265217,0.3698432349575931,0.9790901226030347,0.9790901226030347,0.018008599526343837,0.022317440300912338,7.396864699151862
5.65,112.61042631391892,2.5048749299008373,-0.016039711094665392,0.3713581467619851,0.9823084178121282,0.9823084178121282,0.01418730225288077,0.02159748934806183,7.427162935239702
5.66,112.81040608915045,2.5020388444455985,-0.012320110655480361,0.37255794162283956,0.9847666144833251,0.9847666144833253,0.010348261765714637,0.020857776376906906,7.451158832456791
5.67,113.01039504085304,2.4999477154014205,-0.00859010106372584,0.3734410329900931,0.9864618554437323,0.9864618554437323,0.006494371705257821,0.02009836385618099,7.468820659801862
5.68,113.21039040602078,2.4986033363523323,-0.004852857031820245,0.37400589046875415,0.9873870956889842,0.9873870956889842,0.0027571276733522262,0.019319922379114396,7.480117809375083
5.69,113.41038939989765,2.498006854272522,-0.0011115670918173163,0.37425127954039455,0.9875435332586202,0.9875435332586202,-0.0011127579371472988,0.018523230245290154,7.485025590807891
5.7,113.61038922550738,2.498158766912185,0.002630569547950598,0.37417629835897465,0.9869317071165944,0.9869317071165943,-0.004988490060097741,0.017708842268601185,7.483525967179493
5.71,113.81038708325316,2.4990589208934777,0.006370345852545384,0.3737802826572254,0.9855512575509974,0.9855512575509974,-0.008867156651743494,0.016877329140151016,7.475605653144508
5.72,114.010380180553,2.5007065104033512,0.01010454934415304,0.37306280733007036,0.9834024638769026,0.9834024638769026,-0.01274585117000395,0.01602877312185193,7.461256146601407
5.73,114.2103657414794,2.5031000763876174,0.013829963499570138,0.3720234882679774,0.9804806846289277,0.9804806846289277,-0.016471265325421047,0.015163905821341576,7.4404697653595475
5.74,114.41034101637541,2.5062375060679134,0.01754336944616237,0.3706622387033294,0.9767905554806859,0.9767905554806858,-0.020335080496959715,0.014283643940076774,7.413244774066588
5.75,114.61030329141482,2.5101160330790595,0.02124154927348081,0.36897933662472315,0.9723360903830656,0.9723360903830656,-0.02418991732188697,0.013388614471240725,7.379586732494463
5.76,114.81024989806977,2.5147322383589588,0.02492128906901595,0.3669753028221491,0.967120075792901,0.967120075792901,-0.02803290418505547,0.012479458104031239,7.339506056442982
5.7700000000000005,115.01017822245396,2.520082051648425,0.02857938134930356,0.3646509015031867,0.9611459342202551,0.961145934220255,-0.03186118924523161,0.01155629635095631,7.293018030063734
5.78,115.21008571451198,2.5261607534876385,0.03221262643845335,0.36200692986526956,0.9544112083073821,0.9544112083073821,-0.0354944343343814,0.010619831728974854,7.240138597305391
5.79,115.40996989703201,2.5329629775020353,0.035817833949073265,0.3590444475356196,0.9469240779391296,0.9469240779391296,-0.039277149960784546,0.00967115573284543,7.180888950712392
5.8,115.60982837444581,2.540482713259173,0.03939182615329232,0.35576492542031957,0.9386920562125198,0.9386920562125199,-0.04303634987283506,0.008710955089680237,7.115298508406392
5.8100000000000005,115.80965884137646,2.5487133099095383,0.042931441250529424,0.3521700772617177,0.9297210240384525,0.9297210240384525,-0.046769271824010805,0.007739927376135693,7.043401545234353
5.82,116.00945909090707,2.557647480430324,0.04643353579328735,0.348261859126656,0.9200174812784174,0.9200174812784174,-0.050473187898275984,0.006758255382019654,6.96523718253312
5.83,116.20922702254657,2.5672773063397454,0.049894986063583696,0.3440422607388711,0.9095807431917382,0.9095807431917382,-0.05393463816857232,0.005766505355926366,6.880845214777422
5.84,116.40896064987726,2.5775942426479403,0.053312689168005536,0.33951345667239796,0.8984227497984741,0.8984227497984741,-0.057563109683929144,0.0047659850054580675,6.790269133447959
5.8500000000000005,116.60865810785054,2.5885891232669906,0.05668356634093194,0.3346780963287285,0.8865543988186918,0.8865543988186917,-0.061154151725447324,0.0037574253764949823,6.693561926574571
5.86,116.8083176596848,2.600252167229342,0.06000456649996651,0.32953906616125733,0.873984542499536,0.8739845424995359,-0.06470518088351682,0.0027415649870509615,6.590781323225147
5.87,117.00793770334825,2.612572985485649,0.06327266860775538,0.3240994879405,0.8607226214500383,0.8607226214500382,-0.06821366261746462,0.001718665668241504,6.481989758809999
5.88,117.2075167776105,2.6255405881283256,0.06648488305473188,0.31836252531384357,0.8467690621008416,0.8467690621008416,-0.07142587706444112,0.0006890488966541631,6.367250506276871
5.89,117.40705356765878,2.639143391782476,0.06963825219222528,0.31233140659751846,0.8321400010734171,0.8321400010734171,-0.07483048251518591,-0.0003457214980408961,6.246628131950369
5.9,117.6065469102539,2.6533692272865976,0.07272985344094975,0.30600991550085316,0.8168494228807492,0.8168494228807492,-0.07818470313552961,-0.001384887605471334,6.120198310017063
5.91,117.80599579836807,2.6682053482046797,0.0757568031886167,0.2994020609633307,0.800908960824272,0.8009089608242721,-0.08148620275072614,-0.0024276877338343357,5.988041219266615
5.92,118.0053993853009,2.6836384398832096,0.07871625902737699,0.29251207419227643,0.7843307936982609,0.7843307936982609,-0.08473270821670402,-0.0034737781569593213,5.850241483845529
5.93,118.20475698826797,2.6996546288747156,0.08160542112403264,0.2853442387361814,0.7671154769274608,0.7671154769274607,-0.08762187031335968,-0.00452316680659978,5.706884774723628
5.94,118.40406809147078,2.716239492446063,0.08442153203959915,0.27790275018240834,0.7492841457069902,0.7492841457069902,-0.09073812246856802,-0.005574006090900801,5.558055003648167
5.95,118.60333234863911,2.73337806816713,0.08716187954486156,0.2701924527355232,0.730853333297744,0.730853333297744,-0.09379231803047135,-0.006625529414699396,5.403849054710465
5.96,118.80254958496937,2.751054864357237,0.08982380089446433,0.26221839827043797,0.7118372034567566,0.7118372034567566,-0.0967824335701768,-0.007676970140198126,5.24436796540876
5.97,119.00171979847138,2.76925387103745,0.09240468488306926,0.25398584223714893,0.692250411910594,0.692250411910594,-0.09970652206459578,-0.008727929043789742,5.079716844742979
5.98,119.20084316073199,2.7879585711803907,0.09490197313093028,0.24550009412391074,0.6720922569529075,0.6720922569529075,-0.1022038103124568,-0.009778769978089536,4.910001882478215
5.99,119.39992001711812,2.807151951949792,0.09731315910287824,0.23676621418877908,0.6513902163450266,0.6513902163450266,-0.10497390089781049,-0.010827361429819013,4.735324283775581
6.0,119.59895088643118,2.8268165158032015,0.09963579059840452,0.227790006625799,0.6301625245096577,0.6301625245096577,-0.10767185324538038,-0.011872945533868386,4.55580013251598
6.01,119.79793645991069,2.846934292483709,0.10186747438804729,0.21857746083296622,0.6084255734247351,0.6084255734247351,-0.11029601730636626,-0.012914767905929339,4.371549216659324
6.0200000000000005,119.99687759962009,2.8674868514794754,0.1040058780401185,0.2091347463664517,0.5861961847178957,0.5861961847178957,-0.11284483156515257,-0.01395244618608328,4.182694927329035
6.03,120.19577533623784,2.8884553147047516,0.10604873096527533,0.1994680620417049,0.5634705156314672,0.5634705156314672,-0.11488768449030938,-0.014986628134788285,3.9893612408340977
6.04,120.3946308662928,2.909820369060555,0.10799382265963299,0.18958322739907435,0.540284475182143,0.540284475182143,-0.11726191643354886,-0.016014944428590205,3.7916645479814868
6.05,120.59344554887241,2.931562278681089,0.1098390049438302,0.17948688505924398,0.5166567611358782,0.5166567611358782,-0.11955579692431455,-0.01703666117770765,3.5897377011848794
6.0600000000000005,120.79222090167721,2.9536608981014063,0.11158219686290012,0.1691858367500206,0.492605649412239,0.492605649412239,-0.12176810290523296,-0.01805105107214019,3.3837167350004123
6.07,120.99095859647542,2.9760956858579903,0.11322138624846362,0.1586870375500377,0.46814773699865675,0.46814773699865675,-0.12340729229079647,-0.019057882960870465,3.1737407510007545
6.08,121.18966045399762,2.9988457182279022,0.1147546302512694,0.1479973963600781,0.44327967543968455,0.44327967543968455,-0.12543095421086545,-0.020057877884651017,2.9599479272015623
6.09,121.38832843832779,3.021889702714652,0.11618005299225104,0.1371233997242546,0.4180427405954599,0.4180427405954599,-0.12736901728582212,-0.021048540890946058,2.742467994485092
6.1000000000000005,121.58696465082271,3.045205991144129,0.11749584777023699,0.12607239381190372,0.39245641532847064,0.3924564153284706,-0.129220624323761,-0.02202917408888576,2.5214478762380743
6.11,121.7855713234188,3.0687725937031525,0.11870028200252784,0.11485185571176788,0.3665404828022629,0.366540482802263,-0.13098502350343613,-0.022999088730238912,2.2970371142353576
6.12,121.98415081140041,3.0925671933770955,0.11979169850292196,0.1034693872188843,0.3403082422669565,0.3403082422669565,-0.13207644000383023,-0.023958411344359727,2.069387744377686
6.13,122.18270558568706,3.1165671604325453,0.12076851509665086,0.09193238949368279,0.3137617288834954,0.3137617288834954,-0.13363838645569995,-0.02490755796553688,1.8386477898736557
6.140000000000001,122.38123822471556,3.140749566479024,0.12162922205879467,0.08024795238317974,0.2869437568613371,0.2869437568613371,-0.13511043197425893,-0.025844102316228596,1.6049590476635947
6.15,122.57975140592414,3.1650911982369423,0.12237238467898816,0.06842398621630155,0.25987499358509636,0.25987499358509636,-0.13649221718169413,-0.026767390819809434,1.368479724326031
6.16,122.77824789670942,3.1895685722392715,0.12299664786285232,0.0564685035206497,0.23257632937413297,0.232576329374133,-0.1377834937054038,-0.027676781074878483,1.129370070412994
6.17,122.97673054494537,3.2141579498918715,0.12350073712162658,0.04438961257315002,0.20505481454738705,0.20505481454738708,-0.13828758296417806,-0.028573032921524383,0.8877922514630004
6.18,123.1752022691404,3.238835352468457,0.12388345673427081,0.03219496017925206,0.17732152608659094,0.1773215260865909,-0.13936684447127334,-0.029455708343980085,0.6438992035850412
6.19,123.37366604832914,3.2635765754685138,0.12414368755841175,0.019892215193377367,0.14941883112780593,0.14941883112780593,-0.14035431414689084,-0.030322731402030307,0.3978443038675473
6.2,123.57212491164131,3.2883572030175934,0.12428039050276148,0.007489716743866065,0.12136816881809305,0.12136816881809304,-0.14125015123275678,-0.031173497619764894,0.1497943348773213
6.21,123.77058192747054,3.313152623136581,0.12429261023986675,-0.005004121778250176,0.09319112135077476,0.09319112135077476,-0.1420546277848345,-0.03200741530774374,-0.10008243556500353
6.22,123.96904019234103,3.337938043310926,0.12417947591595556,-0.017580819253525018,0.06488477700612122,0.0648847770061212,-0.1419414934609233,-0.032826198028976586,-0.35161638507050036
6.23,124.16750281956367,3.362688505860226,0.12394019724157143,-0.030232741116348286,0.036474271653628314,0.036474271653628314,-0.14252884959636333,-0.03362787406757152,-0.6046548223269657
6.24,124.36597292780036,3.3873789023964638,0.12357406343179547,-0.04295162312382469,0.007998908393207792,0.007998908393207792,-0.14302501048273442,-0.03441107252958282,-0.8590324624764938
6.25,124.56445362936874,3.4119839889496193,0.12308044824679601,-0.0557288217656586,-0.020519523344619994,0.020519523344619994,-0.1434306566937032,-0.03517524008270436,-1.114576435313172
6.26,124.76294801831195,3.436478401815142,0.12245881212255058,-0.0685556455502492,-0.04905917235877973,0.04905917235877974,-0.14374657844658653,-0.035920073687005394,-1.371112911004984
6.2700000000000005,124.96145915833411,3.460836673579745,0.12170870214862842,-0.081423455077208,-0.07763746472241866,0.07763746472241866,-0.14299646847266437,-0.03664784440654969,-1.62846910154416
6.28,125.15999007070414,3.4850332487559355,0.1208297464383949,-0.09432468141936054,-0.10620863931624226,0.10620863931624226,-0.14309471758204098,-0.037355043794235814,-1.886493628387211
6.29,125.35854372223196,3.509042498422971,0.11982165501296378,-0.1072505160861923,-0.13473979056686144,0.13473979056686142,-0.1431048464098968,-0.03804115537840009,-2.145010321723846
6.3,125.55712301306369,3.5328387362045213,0.1186842261294394,-0.12019212047050322,-0.1632092011814719,0.16320920118147186,-0.14302803669200187,-0.03870567742223272,-2.4038424094100646
6.3100000000000005,125.75573076443484,3.55639623475178,0.11741734654981742,-0.13314063228015338,-0.19159517370241072,0.19159517370241072,-0.1428655701908201,-0.03934974145577018,-2.6628126456030676
6.32,125.95436970649045,3.579689242120623,0.11602098853061629,-0.14608781282405886,-0.2199351016865805,0.2199351016865805,-0.14146921217161898,-0.03997295967223156,-2.921756256481177
6.33,126.15304246628017,3.602691997397975,0.11449520666732949,-0.15902543296637756,-0.2481543077157983,0.2481543077157983,-0.14109303990096794,-0.04057314381351603,-3.1805086593275513
6.34,126.35175155585807,3.625378746424116,0.11284014137683941,-0.17194455991080349,-0.27623041518590685,0.27623041518590685,-0.14063418651074913,-0.041149827842197124,-3.4388911982160697
6.3500000000000005,126.55049936041632,3.6477237585363027,0.11105602244252924,-0.1848362531790631,-0.30414219364959355,0.30414219364959355,-0.14009428583988642,-0.041702561622249196,-3.696725063581262
6.36,126.7492881265707,3.669701343654731,0.10914316905874831,-0.19769157106040056,-0.3318821827816436,0.3318821827816436,-0.13818143245610548,-0.04223410369457804,-3.9538314212080112
6.37,126.9481199509065,3.691285869058933,0.1071019834682281,-0.21050284135719102,-0.35947312961570077,0.3594731296157007,-0.1374338683253558,-0.04274085269218388,-4.210056827143821
6.38,127.14699676890292,3.712451775023016,0.10493295102850188,-0.22326111755461175,-0.3868422764366125,0.3868422764366125,-0.13660924408028613,-0.04322228578922941,-4.465222351092235
6.390000000000001,127.34592034398821,3.7331735918556235,0.10263664671224942,-0.23595742323779978,-0.4139691137685038,0.4139691137685038,-0.13570949824499118,-0.04367798788436538,-4.719148464755996
6.4,127.54489225685752,3.7534259575277495,0.10021373518930839,-0.24858279534566347,-0.4408332945065868,0.44083329450658687,-0.134736631709122,-0.04410921116285331,-4.971655906913269
6.41,127.7439138951621,3.773183635207602,0.09766496738200785,-0.26112894419620336,-0.4674486381558183,0.4674486381558182,-0.13218786390182147,-0.044515316657045625,-5.222578883924067
6.42,127.94298644366076,3.7924215300719455,0.09499117755548607,-0.2735874912059777,-0.4938106418944716,0.4938106418944716,-0.1310189064305064,-0.04489437529592677,-5.471749824119554
6.43,128.14211087476247,3.8111147063614657,0.09219328676096486,-0.2859494597353056,-0.5198562293622427,0.5198562293622427,-0.12978189212793698,-0.045246006841387076,-5.718989194706112
6.44,128.34128793942665,3.8292384054036757,0.08927230567978484,-0.2982059003095016,-0.5455660653742448,0.5455660653742448,-0.12847903488117962,-0.04557022599977975,-5.9641180061900325
6.45,128.54051815852895,3.8467680638936605,0.08622933356980567,-0.3103480464894548,-0.5709210516390365,0.5709210516390365,-0.12711257336681422,-0.045868738507509846,-6.206960929789096
6.46,128.7398018147806,3.863679331799149,0.08306555309360514,-0.3223679809400573,-0.5959632804932342,0.5959632804932342,-0.12394879289061371,-0.046138554975593216,-6.447359618801146
6.47,128.93913894524746,3.879948089580148,0.07978223123974944,-0.3342567592225828,-0.6206493464204568,0.6206493464204567,-0.12240143303063257,-0.0463793312633809,-6.685135184451656
6.48,129.13852933433233,3.8955504666392073,0.07638072423639668,-0.3460054777212309,-0.6449314900063926,0.6449314900063926,-0.12079631749948654,-0.04659074095948727,-6.920109554424618
6.49,129.33797250732937,3.91046286020173,0.07286247711190076,-0.35760527985603363,-0.6687918753073416,0.6687918753073416,-0.11913577028925379,-0.04677438580133948,-7.152105597120673
6.5,129.53746772462978,3.924661954008534,0.06922901939840609,-0.36904811874957966,-0.6922129725392192,0.6922129725392193,-0.11742208744084673,-0.04692834908080174,-7.380962374991594
6.51,129.7370139766367,3.9381247362716003,0.06548196410546943,-0.3803253477960266,-0.7152731476243662,0.7152731476243662,-0.11367503214791005,-0.04705174974159929,-7.6065069559205325
6.5200000000000005,129.9366099793021,3.9508285183695437,0.0616230116002045,-0.39142814268213777,-0.7378760088339793,0.7378760088339793,-0.1117985694084634,-0.04714430065651412,-7.828562853642755
6.53,130.13625417033435,3.9627509541035573,0.0576539501867258,-0.4023477401177856,-0.7599959383554565,0.7599959383554564,-0.10987521120805005,-0.04720664227730863,-8.046954802355712
6.54,130.335944706144,3.9738700589280773,0.053576653659125124,-0.41307580397350735,-0.7816168647880685,0.7816168647880685,-0.10790717293518175,-0.047238445330408226,-8.261516079470146
6.55,130.5356794595703,3.984164228713095,0.04939307899888476,-0.4236040327851895,-0.8027422000956111,0.8027422000956111,-0.10372359827494136,-0.04723827250163112,-8.47208065570379
6.5600000000000005,130.7354560183713,3.9936122585772416,0.04510526823304794,-0.4339237202541696,-0.8234381070483278,0.8234381070483279,-0.10160876924488156,-0.047205880602282486,-8.678474405083392
6.57,130.93527168447307,4.0021933623364365,0.04071535006994208,-0.44402623616887044,-0.843596052232213,0.843596052232213,-0.09945553479036143,-0.047141259352829076,-8.880524723377409
6.58,131.13512347403105,4.009887192032404,0.03622553868313545,-0.4539031171363884,-0.863201515740836,0.8632015157408359,-0.09726588032751188,-0.047044998956346985,-9.078062342727769
6.59,131.33500811833485,4.016673857170235,0.0316381308668244,-0.46354630108630474,-0.8822403835169177,0.8822403835169177,-0.09504164893150277,-0.04691548930692068,-9.270926021726094
6.6000000000000005,131.53492206556513,4.022533943603494,0.026955506433900905,-0.4729472479432273,-0.900755451946588,0.9007554519465879,-0.09035902449857927,-0.046752538031346394,-9.458944958864546
6.61,131.73486148338404,4.027448532955723,0.02218013013186378,-0.4820975105516912,-0.9187552236581229,0.9187552236581229,-0.08800914742584363,-0.04655597067865379,-9.641950211033825
6.62,131.93482226239584,4.031399222092595,0.017314550687240506,-0.4909887399339058,-0.9361553759310897,0.9361553759310897,-0.08563043219924465,-0.046326166984996156,-9.819774798678116
6.63,132.13480002049445,4.034368142359688,0.012361398732542796,-0.49961290281850845,-0.9529434101613816,0.9529434101613817,-0.08322427233209324,-0.04606216254137668,-9.992258056370169
6.640000000000001,132.33479010810248,4.036337978457721,0.007323386351020646,-0.507961743072016,-0.9691072829876012,0.9691072829876012,-0.08079184549991127,-0.045763687539973064,-10.159234861440321
6.65,132.53478761429662,4.037291987490073,0.002203307903159644,-0.5160270611922828,-0.9847390123561338,0.9847390123561338,-0.07567176705205027,-0.04543062867552464,-10.320541223845655
6.66,132.7347873738316,4.037214017950187,-0.002995960844938389,-0.5238007751662962,-0.9997691214627786,0.9997691214627786,-0.07313482800442637,-0.04506289056420764,-10.476015503325923
6.67,132.9347839750654,4.036088528454718,-0.008271463920379064,-0.5312749252410975,-1.0141477300299047,1.0141477300299047,-0.0705762175476444,-0.04466007266286216,-10.625498504821952
6.68,133.13477176878246,4.033900606218,-0.013620165747661287,-0.5384415506516775,-1.0278644005071882,1.0278644005071882,-0.06799644191798185,-0.044222010845943995,-10.768831013033552
6.69,133.3347448779122,4.030635985379687,-0.019038951608356527,-0.5452927832686658,-1.0409136598143938,1.0409136598143935,-0.0625776560572866,-0.043748666645019606,-10.905855665373316
6.7,133.53469720813618,4.026281065065672,-0.024524628807908316,-0.5518208955275697,-1.0534326475889848,1.0534326475889848,-0.059910046099592836,-0.043239934810412654,-11.036417910551394
6.71,133.73462245937398,4.020822927077142,-0.03007392793464418,-0.5580182711982627,-1.0652663941610536,1.0652663941610536,-0.057224685811195344,-0.0426951217387242,-11.160365423965255
6.72,133.93451413813648,4.014249353289588,-0.035683502793155804,-0.5638771701767288,-1.076405977211024,1.0764059772110242,-0.054521262972858746,-0.04211462446730254,-11.277543403534576
6.73,134.13436557074075,4.00654884291944,-0.041349931344678695,-0.5693901628606052,-1.0868429930015777,1.0868429930015777,-0.051799142155622535,-0.04149849701445585,-11.387803257212104
6.74,134.3341699173571,3.9977106291850997,-0.047069718099775115,-0.5745499881561943,-1.0966277817934655,1.0966277817934655,-0.046079355400526115,-0.040846815989787615,-11.490999763123886
6.75,134.53392018686398,3.98772469538651,-0.05283929583156757,-0.579349559088524,-1.1058016020022774,1.1058016020022776,-0.04328777678986921,-0.04015868068047559,-11.58699118177048
6.76,134.73360925249233,3.976581790554739,-0.05865502535794862,-0.5837815723079518,-1.1142538123592376,1.1142538123592376,-0.04047886137395686,-0.03943448568019265,-11.675631446159036
6.7700000000000005,134.93322986825564,3.964273444998156,-0.06451319597275773,-0.5878390253504117,-1.1219774089992751,1.1219774089992751,-0.03765102909048796,-0.03867475898645902,-11.756780507008234
6.78,135.13277468611244,3.9507919851522724,-0.07041002868978385,-0.5915152635109426,-1.1289659484545442,1.1289659484545442,-0.034802354702726954,-0.03787969509759934,-11.830305270218853
6.79,135.3322362738105,3.936130547529831,-0.07634167902324042,-0.5948038408830689,-1.135332717307794,1.1353327173077938,-0.02887070436927039,-0.03704913942389453,-11.896076817661378
6.8,135.5316071333838,3.9202830919731717,-0.08230423836146189,-0.5976983779761835,-1.141003097796231,1.141003097796231,-0.0259680101077224,-0.03618198654442198,-11.95396755952367
6.8100000000000005,135.73087972029245,3.9032444145560627,-0.08829373273541792,-0.6001921838460412,-1.1459225296677855,1.1459225296677855,-0.02304357348959539,-0.03527995156464001,-12.003843676920825
6.82,135.9300464631907,3.8850101602953795,-0.09430612533874741,-0.602279379265238,-1.1500858346706246,1.1500858346706246,-0.020094528672712192,-0.03434337148116757,-12.04558758530476
6.83,136.1290997841825,3.865576834481008,-0.10033732182636207,-0.6039543348824754,-1.1535017286517038,1.1535017286517038,-0.014063332185097532,-0.033372615513240785,-12.079086697649508
6.84,136.32803211953274,3.8449418129882655,-0.10638317285240126,-0.6052116790356931,-1.1563075005449006,1.1563075005449004,-0.01107184422120329,-0.032366642326401796,-12.104233580713862
6.8500000000000005,136.52683594081557,3.823103351928457,-0.1124394738191334,-0.6060457340327904,-1.158342754506276,1.158342754506276,-0.008053295607398564,-0.03132613074326314,-12.120914680655808
6.86,136.72550377651083,3.8000605971465644,-0.1185019652645468,-0.6064512034392686,-1.1596034407829445,1.1596034407829445,-0.005003993985080765,-0.03025254680339829,-12.129024068785373
6.87,136.9240282339171,3.775813592734072,-0.12456633820104625,-0.6064234762876288,-1.1600861226999069,1.1600861226999069,-0.0019200006558277999,-0.02914643127007988,-12.128469525752577
6.88,137.1224020212548,3.750363288053219,-0.13062823906375157,-0.6059582470702499,-1.1598638555899117,1.1598638555899117,0.004141900206877519,-0.02800836302521785,-12.119164941404998
6.890000000000001,137.32061796993116,3.723711543674853,-0.13668327281048565,-0.6050515247868696,-1.1589417767495358,1.1589417767495358,0.0072578735728617005,-0.02683651608772276,-12.101030495737392
6.9,137.51866905695923,3.6958611366644454,-0.14272700125778232,-0.6036986743273651,-1.1572285446595947,1.1572285446595947,0.010412592164600804,-0.02563346877972303,-12.073973486547303
6.91,137.7165484275756,3.6668157658995355,-0.1487549454539507,-0.6018961734469174,-1.154721772493907,1.154721772493907,0.013610487232657122,-0.024400323256382396,-12.037923468938347
6.92,137.9142494177505,3.6365800556204184,-0.1547625937644277,-0.5996410061285162,-1.1514197149603569,1.1514197149603569,0.01685608874011027,-0.023137852139806344,-11.992820122570325
6.93,138.111765576538,3.6051595574978075,-0.16074540622907516,-0.5969305220551436,-1.147450030819789,1.147450030819789,0.022838901204757733,-0.021846808624417638,-11.938610441102872
6.94,138.3090906882425,3.572560751621255,-0.16669881814425552,-0.5937624216745505,-1.142695029486831,1.1426950294868308,0.026107390304941025,-0.02052514464329331,-11.87524843349101
6.95,138.50621879440388,3.53879104685821,-0.17261823797027415,-0.5901336398798304,-1.1371323352317715,1.1371323352317715,0.029428158259360678,-0.019176655035174697,-11.802672797596607
6.96,138.70314421566707,3.5038587813015405,-0.17849905136017902,-0.5860426751140904,-1.1307612505472917,1.1307612505472917,0.032805705207589186,-0.01780231301885429,-11.720853502281807
6.97,138.89986157307862,3.467773220506749,-0.18433663103413453,-0.5814884409737209,-1.1236171227712366,1.1236171227712366,0.0386432848815447,-0.016403134298947415,-11.629768819474418
6.98,139.0963658088382,3.4305445542910884,-0.19012634097412345,-0.5764702748133225,-1.1157550495120925,1.1157550495120925,0.04203413560330732,-0.014979994149535096,-11.529405496266449
6.99,139.29265220649253,3.3921838925060093,-0.1958635403404342,-0.5709878737405149,-1.1070726305509233,1.107072630550923,0.04548574997958524,-0.0135312710450178,-11.419757474810297
7.0,139.48871641058284,3.3527032602181115,-0.20154358207298229,-0.5650402986934258,-1.097570312211187,1.097570312211187,0.04900212984773264,-0.012061003192093434,-11.300805973868515
7.01,139.68455444580775,3.3121155929070913,-0.20716181783718707,-0.5586282284418534,-1.0872492090040642,1.0872492090040642,0.052586993819991795,-0.010570396980333078,-11.17256456883707
7.0200000000000005,139.88016273518917,3.270434729466317,-0.21271360841551404,-0.551752806077333,-1.0761811566756825,1.0761811566756827,0.058138784398318766,-0.009060697003445254,-11.03505612154666
7.03,140.07553811730003,3.2276754038175017,-0.21819432838046754,-0.544415644948804,-1.0643199041794706,1.0643199041794706,0.06172444400754143,-0.007533183288868255,-10.88831289897608
7.04,140.27067786255427,3.1838532355412874,-0.22359937082085118,-0.536618833383584,-1.0516297037889526,1.0516297037889526,0.06538035064969186,-0.005986140495712375,-10.73237666767168
7.05,140.46557968858085,3.1389847199424703,-0.2289241460933689,-0.5283637390368334,-1.0381130661049376,1.0381130661049376,0.06910905864900768,-0.004423996387939949,-10.567274780736668
7.0600000000000005,140.66024177480668,3.093087218337051,-0.23416408689220458,-0.5196534559943381,-1.023778127157745,1.0237781271577449,0.07434899944784337,-0.0028481531511450756,-10.393069119886762
7.07,140.85466277564697,3.0461789462061066,-0.2393146593308114,-0.5104915723775825,-1.0086884229743367,1.0086884229743367,0.0780631895639572,-0.0012600413889779223,-10.20983144755165
7.08,141.04884183240478,2.998278960071373,-0.24437136788965455,-0.5008821718154873,-0.9927647357820122,0.9927647357820121,0.0818492345307224,0.00033888207743503374,-10.017643436309747
7.09,141.24277858391025,2.9494071435297493,-0.2493297603741491,-0.4908298340155242,-0.9760113517433103,0.9760113517433103,0.08570808219986212,0.001949698837068768,-9.816596680310484
7.1000000000000005,141.43647317593204,2.8995841928146047,-0.25418542778302344,-0.48033861966294794,-0.9584332671363482,0.9584332671363482,0.08964004350346191,0.0035686184538077166,-9.606772393258959
7.11,141.6299262694994,2.8488316026018548,-0.2589340088490681,-0.46941401014933554,-0.9400545618810044,0.9400545618810044,0.09438862456950656,0.005193754398131713,-9.38828020298671
7.12,141.8231390476052,2.7971716501723227,-0.2635712003225186,-0.4580621254431819,-0.920871067913801,0.920871067913801,0.09828194743295596,0.006823557825323428,-9.161242508863639
7.13,142.0161132203399,2.7446273784084996,-0.26809276262249904,-0.4462895777130917,-0.9008613370641221,0.9008613370641221,0.10224272113442828,0.008456468444414276,-8.925791554261833
7.140000000000001,142.20885102852844,2.6912225781065895,-0.27249452473287133,-0.4341034661145811,-0.8800326945822423,0.8800326945822423,0.10626923219117237,0.010092967927795436,-8.682069322291623
7.15,142.40135524592662,2.6369817699576084,-0.2767723849668904,-0.42151055847542496,-0.8583931984201906,0.8583931984201905,0.11035902956590893,0.01173002957936805,-8.4302111695085
7.16,142.5936291801282,2.5819301868312396,-0.2809223146570345,-0.40851868726338963,-0.8359516114439549,0.8359516114439549,0.11450895925605305,0.013365367063140942,-8.170373745267792
7.17,142.78567667176597,2.5260937549635933,-0.2849403672247479,-0.3951364353027065,-0.8126985158541077,0.8126985158541077,0.11852696614750867,0.01499739589022652,-7.90272870605413
7.18,142.9775020919897,2.4694990741353395,-0.28882268421508506,-0.3813728429659417,-0.7886423865870678,0.7886423865870678,0.12259725453070079,0.01662453643139822,-7.627456859318834
7.19,143.16911033833705,2.412173397349527,-0.29256549981708785,-0.3672373971893764,-0.7637942504054582,0.7637942504054582,0.12671522937797028,0.018246890411113284,-7.344747943787528
7.2,143.3605068290865,2.3541446103581003,-0.29616514194466,-0.352739356769787,-0.7381595515893262,0.7381595515893262,0.1303148715055424,0.019861992949610763,-7.05478713539574
7.21,143.55169749625895,2.2954412115944405,-0.2996180350769947,-0.33788877332527345,-0.7117206996617016,0.7117206996617016,0.13432846085745845,0.021467404489226377,-6.7577754665054695
7.22,143.74268877695016,2.2360922914485704,-0.30292070805772225,-0.322696465568128,-0.6845077272788229,0.6845077272788229,0.13837490926908558,0.023061588996815603,-6.453929311362559
7.23,143.93348760293884,2.1761275107321216,-0.3060697998945895,-0.3071736462956667,-0.6565351914540788,0.6565351914540789,0.14244761300092398,0.02464303043572673,-6.143472925913334
7.24,144.12410138872644,2.1155770788361012,-0.30906206362143424,-0.2913319066676867,-0.6278184479337926,0.6278184479337927,0.14653932606876027,0.026211764408760146,-5.826638133353734
7.25,144.31453801813228,2.0544717319266703,-0.31189436696153267,-0.275182594223986,-0.5983325441481205,0.5983325441481206,0.1493716294088587,0.02776548952217457,-5.50365188447972
7.26,144.50480582963039,1.992842711680193,-0.31456369455858757,-0.2587377432210066,-0.5680924185146167,0.5680924185146166,0.15331152362448086,0.029301940720956928,-5.174754864420132
7.2700000000000005,144.69491360014737,1.9307217435810404,-0.3170671547034837,-0.24201004664283082,-0.5371413026821789,0.537141302682179,0.1572512673814104,0.030819703274427016,-4.840200932856616
7.28,144.88487052729783,1.8681410146350232,-0.31940198416675986,-0.22501250640650794,-0.5054985283042077,0.5054985283042077,0.16118206342953006,0.03231739422604335,-4.500250128130158
7.29,145.07468621023713,1.8051331509515964,-0.3215655511941248,-0.20775841466136097,-0.47318419547856383,0.4731841954785639,0.16509466334429612,0.033795298200806685,-4.155168293227219
7.3,145.26437062928585,1.7417311955299042,-0.32355535506690847,-0.19026068763547124,-0.4401159245968792,0.44011592459687926,0.1670844672170798,0.03525083135462981,-3.8052137527094247
7.3100000000000005,145.45393412453615,1.6779685867178193,-0.3253690280790759,-0.17253300906928346,-0.4064021812863209,0.4064021812863209,0.17079309520297184,0.03668222400281696,-3.450660181385669
7.32,145.6433873731127,1.613879136195678,-0.3270043415185906,-0.1545894925891276,-0.3720674094527787,0.3720674094527787,0.1744616723279114,0.03808823525935,-3.091789851782552
7.33,145.83274136518025,1.5494970066010172,-0.32845920887298874,-0.1364444637765916,-0.33713581720073876,0.3371358172007387,0.17808009045713813,0.03946771452481455,-2.728889275531832
7.34,146.0220073788826,1.4848566891638626,-0.32973168774850103,-0.11811242021564158,-0.3015795137270331,0.3015795137270331,0.17935256933265042,0.04082128771641032,-2.362248404312832
7.3500000000000005,146.2111969543889,1.4199929816663013,-0.3308199780435256,-0.09960732453902726,-0.2653940457758856,0.2653940457758856,0.18272633028082338,0.04214587014338077,-1.9921464907805453
7.36,146.40032186725983,1.3549409671286405,-0.33172242402424434,-0.08094408452023777,-0.22867671536512932,0.2286767153651293,0.18602751762494835,0.04344038173858079,-1.6188816904047554
7.37,146.58939410072202,1.2897359917992364,-0.3324375196994913,-0.06213774047431188,-0.19145569451115949,0.19145569451115949,0.18924575809155406,0.04470378387094237,-1.2427548094862375
7.38,146.7784258171074,1.2244136429779675,-0.332963910050679,-0.04320344622355998,-0.15375972791762274,0.1537597279176227,0.19237067458334253,0.04593579775398153,-0.8640689244711997
7.390000000000001,146.9674293286549,1.159009727007728,-0.33330039064598715,-0.024156165931349807,-0.11548631036835455,0.11548631036835455,0.19270715517865067,0.04713568409369449,-0.48312331862699615
7.4,147.15641706785908,1.0935602477200692,-0.33344590667751917,-0.005010860230808378,-0.07677047959607833,0.07677047959607833,0.19553746392006438,0.04830147599857703,-0.10021720461616757
7.41,147.3454015573368,1.0281013849966745,-0.3333995553652592,0.014217027544102125,-0.0376614981766015,0.03766149817660149,0.1982530246291554,0.04943230197535589,0.28434055088204246
7.42,147.5343953791002,0.9626694728701132,-0.3331605885598665,0.03351201472345863,0.0018084835196688603,0.0018084835196688603,0.20084396718150102,0.050527331156320805,0.6702402944691727
7.43,147.7234111434534,0.8973009775277189,-0.3327284130514152,0.052858596169083935,0.041668574102284,0.04166857410228401,0.2004117916730497,0.05158718735725518,1.0571719233816788
7.44,147.9124614577072,0.83203247551243,-0.3321025879017769,0.07224182081271072,0.08192942174103161,0.08192942174103161,0.20267483129727068,0.052609709975123514,1.4448364162542142
7.45,148.10155889491878,0.7669006324505252,-0.33128282449085866,0.09164617798092327,0.12245748405674155,0.12245748405674156,0.20479397754017303,0.05359407145466861,1.8329235596184654
7.46,148.2907159623696,0.701942181204432,-0.3302689894086548,0.1110561363983825,0.16321785316991536,0.16321785316991536,0.20676036534704778,0.05453959942412944,2.22112272796765
7.47,148.4799450699798,0.6371938997501077,-0.3290611043509111,0.13045620605254646,0.20417540949062046,0.20417540949062046,0.2085655070440154,0.05544641479882565,2.6091241210509293
7.48,148.66925849885757,0.5726925890751761,-0.32765934413454617,0.14983125153934826,0.24545275892519275,0.24545275892519275,0.20716374682765043,0.056313705680413446,2.9966250307869653
7.49,148.8586683701604,0.5084750513444102,-0.32606403504004433,0.1691661156225095,0.28687332874222693,0.28687332874222693,0.2086060202946377,0.05714026104674607,3.38332231245019
7.5,149.04818661419878,0.4445780678580654,-0.3242756558205612,0.18844546160224124,0.3283856737637065,0.3283856737637065,0.20987182723517034,0.05792555309276933,3.768909232044825
7.51,149.2378249397824,0.3810383765253499,-0.3222948381213617,0.20765404744094945,0.36995285841954684,0.36995285841954684,0.21095417290620652,0.05866940728522658,4.153080948818989
7.5200000000000005,149.427594804002,0.31789264914710735,-0.32012236484074424,0.22677686379380668,0.4116221146463996,0.4116221146463996,0.20878169962558904,0.05937189903535998,4.535537275876134
7.53,149.61750738262037,0.2551774687547556,-0.31775916732965576,0.24579922838577323,0.4533630665793495,0.4533630665793495,0.20948336751988772,0.06003164122817024,4.915984567715465
7.54,149.80757354113604,0.19292930694120278,-0.31520632505913243,0.2647062003359942,0.49504673043021874,0.49504673043021874,0.20999018960340013,0.06064823363774643,5.294124006719883
7.55,149.99780380640027,0.13118450055865774,-0.31246506621998404,0.28348297611279544,0.5366351542708065,0.5366351542708064,0.21029687954185727,0.061221345300772785,5.669659522255909
7.5600000000000005,150.18820833897018,0.06997922806994569,-0.3095367662253391,0.30211491424381637,0.5781018037028962,0.5781018037028962,0.20736857954721233,0.06175161110316072,6.042298284876328
7.57,150.3787969063597,0.009349485796263261,-0.30642294418726657,0.3205879146089351,0.619558921194166,0.619558921194166,0.20728487698294537,0.06223760515165936,6.4117582921787015
7.58,150.5695788573272,-0.05066893574299845,-0.30312526165124654,0.3388875915975582,0.6608045881890693,0.6608045881890693,0.20699377989597884,0.06267903766558529,6.777751831951164
7.59,150.7605630970155,-0.11004047621065269,-0.29964552316556353,0.3569997296924258,0.7018006120987696,0.7018006120987695,0.206491801545748,0.0630756431199926,7.139994593848517
7.6000000000000005,150.951758063117,-0.16872983025885563,-0.29598567454907965,0.37491028970745677,0.7425090782951509,0.7425090782951509,0.20577601080956304,0.0634279911073886,7.498205794149135
7.61,151.14317170320925,-0.22670197252720803,-0.29214779948628433,0.392605736024821,0.7830015481515784,0.7830015481515785,0.20193813574676775,0.06373510748413315,7.85211472049642
7.62,151.33481145338678,-0.2839221826277678,-0.28813411760862484,0.4100724152631547,0.8231850139075056,0.8231850139075055,0.20083034459802696,0.06399666224109352,8.201448305263094
7.63,151.52668421806248,-0.3403560707357895,-0.28394698438072113,0.4272968137037841,0.8629634205048449,0.8629634205048449,0.1995068768846496,0.06421248246398972,8.545936274075682
7.640000000000001,151.71879635104597,-0.3959696036467867,-0.2795888894055063,0.4442656167389521,0.9022994552962679,0.9022994552962679,0.1979665631719258,0.06438300498983475,8.885312334779043
7.65,151.9111536380246,-0.45072913107158086,-0.27506245324148487,0.4609659464068426,0.9411934528450997,0.9411934528450998,0.19344012700790436,0.06450768876499115,9.219318928136852
7.66,152.1037612805528,-0.5046014119740927,-0.27037042502245373,0.4773849654747762,0.9796889983528317,0.9796889983528316,0.19151672569936534,0.06458617374227546,9.547699309495524
7.67,152.29662388147875,-0.5575536413572866,-0.2655156816946469,0.49350994831607214,1.017626178670064,1.017626178670064,0.18937856171238138,0.06461837049825676,9.870198966321443
7.68,152.48974543185824,-0.609553477493368,-0.2605012263741043,0.5093283858742891,1.0549689334029557,1.0549689334029557,0.18702610810847164,0.06460461569663861,10.186567717485781
7.69,152.68312929945893,-0.6605690693774766,-0.2553301853559608,0.5248281501166593,1.0916817104697543,1.0916817104697543,0.18446030920052,0.06454472234995534,10.496563002333186
7.7,152.87677821893953,-0.7105690842135634,-0.25000580538241635,0.539997279109552,1.1278438246212277,1.127843824621228,0.17913592922697552,0.06443832775549362,10.79994558219104
7.71,153.0706942836706,-0.7595227351608099,-0.24453145234734067,0.5548239041415975,1.1633302382781339,1.1633302382781339,0.17620820859989708,0.06428542272267819,11.09647808283195
7.72,153.264878939201,-0.8073998094369426,-0.23891060967097866,0.5692963878779442,1.198075795110441,1.198075795110441,0.17307385339892734,0.06408626361703366,11.385927757558886
7.73,153.45933297844934,-0.8541706965653206,-0.23314687548157925,0.5834034249459606,1.2320468992653837,1.2320468992653837,0.16973522377092054,0.06384098287373012,11.668068498919213
7.74,153.65405653868171,-0.8998064165788199,-0.22724395957496782,0.5971339862822292,1.265251429424949,1.265251429424949,0.16383230786430908,0.06354922921202823,11.942679725644584
7.75,153.84904910026674,-0.9442786482501639,-0.22120568163991314,0.6104771220969306,1.2977032703988618,1.2977032703988618,0.1601567928526621,0.06321107674920289,12.209542441938613
7.76,154.04430948717288,-0.9875597575315476,-0.2150359696281158,0.6234221287730165,1.3292761163096327,1.329276116309633,0.15628680449164636,0.06282671644831476,12.46844257546033
7.7700000000000005,154.23983586926178,-1.0296228259981777,-0.208738857084792,0.6359585902656966,1.3599388922844062,1.3599388922844065,0.15222592161434173,0.062396594706161934,12.71917180531393
7.78,154.4356257664143,-1.0704416791137732,-0.202318479794041,0.6480764735666588,1.3896612449927224,1.3896612449927224,0.1479780502062506,0.06192038030585351,12.961529471333176
7.79,154.63167605449433,-1.109990914237415,-0.19577907353143742,0.6597658131637926,1.4185038877839766,1.4185038877839764,0.14143864394364702,0.0613982398433823,13.195316263275851
7.8,154.82798297307966,-1.1482459286404905,-0.1891249724067551,0.6710169068517804,1.4463676230352682,1.4463676230352684,0.13689330231836466,0.060830364459090555,13.420338137035607
7.8100000000000005,155.02454213498814,-1.1851829473303297,-0.18236060620829078,0.6818203202384896,1.4731969964584872,1.4731969964584872,0.13217411653077546,0.060217374695362605,13.636406404769792
7.82,155.22134853761042,-1.220779050505125,-0.175490496898231,0.6921670514965146,1.49896481698983,1.49896481698983,0.12728594893720893,0.05955911911796927,13.843341029930292
7.83,155.41839657604768,-1.2550122004723914,-0.16851925586368255,0.7020482170746049,1.52366326781489,1.5236632678148898,0.12031470790266047,0.058855820729040255,14.040964341492097
7.84,155.6156800579714,-1.2878612682865231,-0.16145158200175705,0.7114551976423694,1.5473305488084557,1.5473305488084557,0.11516623435069104,0.05810778172928132,14.229103952847389
7.8500000000000005,155.81319222019727,-1.319306059953421,-0.15429225894626172,0.7203796642230929,1.569852795622193,1.569852795622193,0.10986400882858474,0.0573155379226451,14.407593284461857
7.86,156.01092574695795,-1.349327342035678,-0.14704615172890048,0.7288136649574279,1.5912064851224024,1.5912064851224021,0.1044136614925459,0.056479406304554586,14.576273299148559
7.87,156.20887278984617,-1.377906866510135,-0.13971820348027222,0.7367495309819928,1.6113690414186912,1.6113690414186912,0.09882101298514168,0.0555995916723031,14.734990619639856
7.88,156.40702498936167,-1.4050273949334453,-0.13231343285093336,0.7441798263922358,1.6303652829958455,1.6303652829958453,0.09141624235580281,0.05467652562852596,14.883596527844716
7.890000000000001,156.60537349800236,-1.4306727219290438,-0.12483693125434783,0.7510974334504766,1.6481669531176433,1.6481669531176433,0.08561555691782348,0.053710690034685024,15.021948669009532
7.9,156.80390900485838,-1.45482769784048,-0.11729385961697585,0.7574955661896062,1.66470924068317,1.66470924068317,0.07968988089659439,0.05270287233692873,15.149911323792125
7.91,157.0026217616573,-1.4774782504133814,-0.10968944448640582,0.7633678848632373,1.6799737985993064,1.6799737985993064,0.0736455785835071,0.051653282450891354,15.267357697264746
7.92,157.20150161019782,-1.4986114053765016,-0.10202897476087504,0.7687082583925318,1.69394334379932,1.6939433437993199,0.06748914032576953,0.050562500283649836,15.374165167850634
7.930000000000001,157.40053801107047,-1.518215306101061,-0.09431779888824685,0.7735109067607366,1.7066622344603601,1.7066622344603601,0.05977796445314134,0.049431145138847936,15.470218135214733
7.94,157.59972007360318,-1.5362792321774748,-0.08656132131199538,0.7777704096637724,1.7180658570129332,1.7180658570129335,0.05347069192096941,0.04825999547384695,15.555408193275449
7.95,157.7990365869561,-1.552793616786925,-0.07876499859361139,0.7814817624165428,1.728123523125299,1.7281235231252992,0.047070046752218576,0.04704976648358206,15.629635248330855
7.96,157.9984760522809,-1.5677500627589198,-0.0709343354233869,0.7846403426695262,1.736822654136868,1.7368226541368683,0.040582867829701406,0.04580104457539303,15.692806853390524
7.97,158.19802671584537,-1.5811413573205249,-0.06307488109090537,0.78724185183472,1.7441520554330203,1.7441523177640454,0.03272341349721987,0.04451461748285153,15.744837036694399
7.98,158.39767660302178,-1.5929614855657632,-0.05519222587960562,0.7892823884052623,1.7501662001203746,1.7501662001203746,0.0261334106566055,0.04319131648159512,15.785647768105246
7.99,158.59741355304456,-1.603205642531838,-0.047291997048911516,0.7907584573365118,1.7547859343896162,1.7547859343896164,0.019476383627535152,0.04183216847087165,15.815169146730238
8.0,158.797225254436,-1.6118702437939625,-0.03937985442133016,0.7916670394696974,1.7580036768354022,1.758003676835402,0.012759386725848032,0.040437991515244846,15.833340789393947
8.01,158.99709928099145,-1.6189529344899452,-0.03146148608576775,0.7920054994046702,1.7598130678349453,1.7598130678349453,0.00598950964157308,0.03900968072109581,15.840109988093404
8.02,159.19702312820667,-1.624452596846984,-0.023542604445002453,0.7917716084115777,1.760219041276374,1.760219041276374,-0.0019293719991922177,0.03754824655737646,15.835432168231554
8.03,159.3969842500343,-1.6283693561832404,-0.015628941960184,0.790963582064891,1.7592522595675653,1.7592522595675653,-0.008739794488529361,0.03605474415253357,15.81927164129782
8.040000000000001,159.59697009585548,-1.6307045853133355,-0.007726246663198263,0.7895800891319352,1.7568610092647439,1.7568610092647439,-0.015583101145263803,0.03453041498758348,15.791601782638704
8.05,159.7969681475474,-1.631460907306416,0.00015972270046985156,0.7876203163996321,1.753044153164811,1.753044153164811,-0.022452141056581713,0.03297628127384686,15.752406327992643
8.06,159.99696595652605,-1.6306421965395896,0.008023201364852049,0.7850838715804063,1.7478018139164904,1.7478018139164904,-0.029339768949871923,0.03139349366790562,15.701677431608125
8.07,160.19695118063953,-1.6282535781451284,0.015858422966119202,0.781970825845034,1.7411510624859967,1.741151062485997,-0.03717499055113908,0.029783282892220077,15.63941651690068
8.08,160.39691162079228,-1.6243014258291097,0.02365962429019742,0.7782817363537653,1.7331090484090945,1.7331090484090947,-0.044040054411905394,0.02814692137607595,15.565634727075306
8.09,160.59683525717813,-1.6187933580297178,0.03142105016724654,0.7740176531500972,1.7236456759350356,1.7236456759350356,-0.05090370894266018,0.026485833297131813,15.480353063001944
8.1,160.79671028499928,-1.6117382324012826,0.03913695865301479,0.7691801694974132,1.712766341271925,1.712766341271925,-0.05775888584877083,0.02480128100866079,15.383603389948263
8.11,160.99652514954784,-1.6031461386042085,0.046801626085574054,0.7637713470357588,1.7004776955827619,1.7004776955827616,-0.06459855825400292,0.02309462057696055,15.275426940715175
8.120000000000001,161.1962685805324,-1.5930283895036688,0.054409351908743714,0.7577937436202051,1.6868069160995027,1.6868069160995027,-0.0722062840771726,0.021367279084186057,15.155874872404102
8.13,161.39592962553237,-1.5813975107922313,0.06195446372603271,0.7512504316193014,1.6717630921756672,1.6717630921756672,-0.07896085930372827,0.01962071790143182,15.025008632386028
8.14,161.5954976824652,-1.5682672290395063,0.0694313224627953,0.7441450013063488,1.6553341190299626,1.6553341190299626,-0.08568038852588616,0.017856505075026084,14.882900026126975
8.15,161.79496253095252,-1.5536524581894833,0.0768343277057616,0.7364815928504265,1.6375317909162994,1.6375317909162994,-0.09235804810219238,0.0160761246990975,14.72963185700853
8.16,161.99431436247428,-1.5375692845223057,0.08415792298058111,0.7282648521804264,1.6183691081589806,1.6183691081589806,-0.09898708758436435,0.01428108336197706,14.565297043608528
8.17,162.19354380920961,-1.5200349501781096,0.09139660080387048,0.7194999298786383,1.5978824037359318,1.5978824037359318,-0.10622576540765372,0.01247295884016905,14.389998597572767
8.18,162.3926419714656,-1.501067835305,0.09854490782104873,0.7101924993803493,1.5760750727158321,1.576075072715832,-0.11270914267672005,0.010653351749135695,14.203849987606986
8.19,162.59160044359828,-1.4806874388625626,0.10559745002830369,0.7003487556654936,1.5529507091645576,1.5529507091645576,-0.11912524817569115,0.008823924040827625,14.006975113309872
8.2,162.7904113383351,-1.4589143581291113,0.11254889805808924,0.6899754292222535,1.5285271541934682,1.528527154193468,-0.12546765084793848,0.0069863222769449155,13.799508584445071
8.21,162.98906730941258,-1.4357702669592087,0.11939399245043701,0.6790797693483364,1.5028233658312613,1.5028233658312615,-0.13173002118056643,0.005142141072556269,13.581595386966727
8.22,163.18756157245383,-1.4112778928798155,0.12612754868630596,0.667669513305621,1.475884286495997,1.475884286495997,-0.13846357741643536,0.0032930453006750687,13.35339026611242
8.23,163.3858879240195,-1.3854609931267277,0.13274446215834232,0.6557529044818182,1.4477083391597654,1.4477083391597656,-0.14452304987772793,0.001440708436880345,13.115058089636364
8.24,163.58404075876555,-1.3583443296715616,0.13923971319894732,0.6433386857753604,1.4183131661584967,1.4183131661584967,-0.15048513654369833,-0.0004131738696271099,12.866773715507207
8.25,163.78201508465096,-1.329953643304365,0.1456083720698189,0.6304360984857663,1.3877221175386427,1.3877221175386425,-0.15634393301016364,-0.002266877115414321,12.608721969715326
8.26,163.9798065361439,-1.3003156268366378,0.15184560395377875,0.617054883871681,1.355962447585434,1.355962447585434,-0.1625811648941235,-0.004118786794339916,12.34109767743362
8.27,164.17741138538423,-1.269457897501599,0.15794667368616402,0.6032052296891744,1.3230783990161985,1.3230783990161985,-0.1681947310777289,-0.005967224954160452,12.064104593783489
8.28,164.37482655127533,-1.237408968675681,0.1639069503014985,0.5888977864768414,1.2890722626046487,1.2890722626046485,-0.17368895114705957,-0.007810520239864461,11.777955729536828
8.290000000000001,164.57204960647692,-1.2041982209786726,0.1697219116022406,0.574143655779411,1.253971337570923,1.253971337570923,-0.17905842194204286,-0.009647008610512854,11.48287311558822
8.3,164.76907878227962,-1.1698558728219564,0.1753871486095082,0.5589543783206707,1.2178038024163838,1.2178038024163835,-0.18429788396911678,-0.01147498113491015,11.179087566413415
8.31,164.9659129713498,-1.1344129504738927,0.18089837000043357,0.5433419430848561,1.180608373006545,1.180608373006545,-0.18980910536004217,-0.013292871604140263,10.866838861697122
8.32,165.1625517283397,-1.0979012577057465,0.1862514062626841,0.527318721918699,1.142416145943797,1.1424161459437967,-0.19475526159729195,-0.015099063773450543,10.54637443837398
8.33,165.35899526837747,-1.0603533451431977,0.1914422135844638,0.5108974817657594,1.103245024011792,1.103245024011792,-0.1995572926676107,-0.01689196215466699,10.21794963531519
8.34,165.55524446344793,-1.0218024793764493,0.19646687772499621,0.494091368622828,1.063126518914097,1.063126518914097,-0.20421052193789946,-0.01866999455658809,9.88182737245656
8.35,165.75130083668338,-0.9822826118898982,0.2013216177211179,0.47691389080794955,1.0220928663350015,1.0220928663350015,-0.2087104342062568,-0.020431562952495014,9.538277816158992
8.36,165.94716655459155,-0.9418283478716414,0.20600278952582757,0.45937892201753233,0.9801925039270593,0.9801925039270593,-0.21339160601096646,-0.022175202753833882,9.187578440350647
8.370000000000001,166.14284441725326,-0.9004749149536322,0.21050688936066897,0.4415006412463146,0.937445094070918,0.937445094070918,-0.21755677851000477,-0.023899427886305835,8.830012824926293
8.38,166.33833784654067,-0.8582581319840321,0.2148305567810701,0.4232935352509902,0.8938817539522499,0.8938817539522498,-0.22155673903534892,-0.02560278183125698,8.465870705019805
8.39,166.53365087240326,-0.8152143778735597,0.2189705776646763,0.4047723807512752,0.8495374013740727,0.8495374013740726,-0.2253876196057144,-0.02728384197357616,8.095447615025504
8.4,166.72878811727435,-0.7713805605594789,0.2229238870148161,0.38595222526156536,0.8044522912700744,0.8044522912700744,-0.2293409289558542,-0.028941175900726826,7.719044505231308
8.41,166.9237547786589,-0.7267940861280682,0.22668757166101378,0.36684838560887956,0.7586683320603836,0.7586683320603836,-0.23280941138374975,-0.030573483404625606,7.336967712177591
8.42,167.11855660996622,-0.6814928281272185,0.23025887266270798,0.3474763902436412,0.7122100033479285,0.7122100033479285,-0.23609884441816187,-0.032179452804867566,6.949527804872824
8.43,167.31319989966866,-0.6355150971439331,0.23363518742725628,0.3278519795925978,0.6651143810006821,0.6651143810006821,-0.23920604553141245,-0.03375781199680289,6.557039591851956
8.44,167.50769144885976,-0.5888996106656115,0.23681407173001495,0.30799108618835963,0.6174189780377826,0.6174189780377826,-0.24212801373707277,-0.03530732184740215,6.159821723767193
8.45,167.70203854729232,-0.5416854632455328,0.23979324155080853,0.28790981780781194,0.5691727528823435,0.5691727528823435,-0.2451071835578663,-0.03682676915609492,5.758196356156239
8.46,167.8962489479798,-0.49391209698965427,0.24257057475744404,0.26762444373210065,0.5204045741979804,0.5204045741979805,-0.24763926389893628,-0.03831503972432543,5.352488874642013
8.47,168.0903308404502,-0.4456192723814501,0.24514411250801782,0.24715135234122323,0.47115032643645277,0.4711503264364527,-0.24997869940190495,-0.039771027528423895,4.943027046824465
8.48,168.28429282275047,-0.3968470394808569,0.24751206041383464,0.2265070455182204,0.42144904844895176,0.42144904844895176,-0.25212320405007205,-0.04119366928110004,4.530140910364408
8.49,168.47814387229414,-0.34763570949527506,0.24967278957825542,0.20570811947693915,0.37134436977818497,0.37134436977818497,-0.25428393321449283,-0.04258192703663486,4.114162389538783
8.5,168.67189331564848,-0.29802582671957156,0.2516248374802884,0.18477125285821958,0.3208785768864081,0.3208785768864081,-0.2560227254913185,-0.043934826638062106,3.6954250571643916
8.51,168.8655507973593,-0.2480581408382474,0.25336690866393974,0.16371317983569242,0.2700834462837909,0.2700834462837909,-0.25756127689033925,-0.045251450322542755,3.2742635967138485
8.52,169.05912624791782,-0.19777357959525851,0.2548978751759849,0.14255066668258543,0.2189990606999572,0.21899906069995717,-0.25889802653897387,-0.04653090548677332,2.8510133336517085
8.53,169.25262985097416,-0.14721322182994825,0.2562167768337906,0.12130050117226507,0.16766567461958962,0.16766567461958962,-0.26003159952754834,-0.04777234153177476,2.4260100234453015
8.540000000000001,169.44607200990006,-0.09641827085911409,0.25732282135472945,0.09997947551767458,0.11613314750659649,0.11613314750659649,-0.26113764404848716,-0.04897492143642166,1.9995895103534918
8.55,169.63946331380347,-0.045430028183296146,0.25821538437315805,0.07860438090624913,0.06443222908787945,0.06443222908787945,-0.2618533693909862,-0.050137906595946836,1.5720876181249825
8.56,169.83281450309872,0.005710132508937392,0.2588940092347382,0.057191968544710564,0.012602980319459002,0.012602980319459002,-0.26236326724392656,-0.05126056942905479,1.1438393708942112
8.57,170.02613643474257,0.05696079103834395,0.25935840657869963,0.03575894608516626,-0.03931386607383732,0.03931386607383732,-0.2626666841596995,-0.05234222080160771,0.7151789217033253
8.58,170.21944004723943,0.10828050616667137,0.25960845383023645,0.014321963261450032,-0.09127280120398754,0.09127280120398754,-0.2629167314112363,-0.0533821961953193,0.28643926522900065
8.59,170.4127363255182,0.1596278407953361,0.25964419457817267,-0.007102396712549645,-0.1432344089612221,0.1432344089612221,-0.2627988898442112,-0.054379886223910566,-0.14204793425099288
8.6,170.60603626578308,0.2109613869645192,0.259465837806838,-0.02849763765944413,-0.19516205294527872,0.1951620529452787,-0.26247401542053106,-0.055334725724916205,-0.5699527531888826
8.61,170.79935084044294,0.2622397906742432,0.259073756946488,-0.04984736622871011,-0.24701495189404346,0.24701495189404346,-0.2619421625503112,-0.056246172776598255,-0.9969473245742022
8.620000000000001,170.9926909632222,0.3134217765538164,0.25846848880907636,-0.07113529906452966,-0.2987513043485869,0.2987513043485869,-0.2613368944128996,-0.057113715015066714,-1.4227059812905931
8.63,171.18606745455085,0.3644661724171961,0.25765073244051157,-0.09234527233342625,-0.35032549379017236,0.3503254937901724,-0.2603858065182085,-0.05793686609358619,-1.846905446668525
8.64,171.3794910073314,0.41533193374124666,0.25662134788561636,-0.11346124966106981,-0.40170375933524055,0.40170375933524055,-0.2592292390716806,-0.05871520147172719,-2.269224993221396
8.65,171.57297215317848,0.46597816809894865,0.25538135480340557,-0.13446734408533864,-0.45284568608440706,0.45284568608440706,-0.25786793265786384,-0.05944830904612362,-2.689346881706773
8.66,171.76652122922889,0.5163641595671253,0.25393193096309696,-0.15534782002317032,-0.503711026004013,0.503711026004013,-0.25630279822870594,-0.06013580637709096,-3.1069564004634067
8.67,171.96014834561316,0.566449393145088,0.2522744106864241,-0.17608710202066044,-0.5542551825791047,0.5542551825791046,-0.25464527795203307,-0.06077732214520382,-3.521742040413209
8.68,172.15386335367717,0.6161935792184119,0.2504102832401586,-0.19666977598621055,-0.6044416746119747,0.6044416746119747,-0.2526707875990701,-0.06137254802916681,-3.933395519724211
8.69,172.3476758150405,0.6655566781002724,0.24834119111335598,-0.21708061094427145,-0.6542326316741359,0.6542326316741359,-0.2504964364601064,-0.061921185039069515,-4.3416122188854285
8.700000000000001,172.54159497158025,0.7144989246627977,0.24606892818584544,-0.23730455910488205,-0.7035886806376296,0.7035886806376295,-0.24812378543333963,-0.06242295856679718,-4.746091182097641
8.71,172.7356297164213,0.7629808530871054,0.24359543786613302,-0.2573267618921755,-0.752469220127109,0.7524692201271089,-0.2456502951136272,-0.0628776068051661,-5.14653523784351
8.72,172.92978856601212,0.8109633217582654,0.24092281119262177,-0.2771325512672189,-0.8008334968578703,0.8008334968578703,-0.2428819286275128,-0.0632849119643128,-5.542651025344378
8.73,173.1240796333614,0.8584075383276759,0.2380532848597208,-0.29670746338714155,-0.848647080402377,0.8486470804023771,-0.23992109806330397,-0.06364467492595666,-5.934149267742831
8.74,173.31851060251165,0.9052750849507352,0.23498923915907288,-0.31603724195622784,-0.8958718827403802,0.8958718827403802,-0.23676998050951856,-0.06395671411481445,-6.320744839124557
8.75,173.51308870432058,0.9515279437130526,0.23173319588984675,-0.33510784106370084,-0.9424702105590766,0.9424702105590766,-0.23343090366122657,-0.06422086191339017,-6.702156821274016
8.76,173.70782069361616,0.9971285222588723,0.22828781624805622,-0.3539054265454753,-0.9884013212424066,0.9884013212424066,-0.22998552401943603,-0.06443698120848103,-7.078108530909506
8.77,173.9027128277891,1.0420396796311286,0.22465589866952357,-0.3724163838718018,-1.033631327407125,1.033631327407125,-0.22627442574274967,-0.0646049599316946,-7.448327677436036
8.78,174.09777084688423,1.0862247523210238,0.22084037660559655,-0.39062732371662506,-1.0781247952665076,1.0781247952665074,-0.2223833988060275,-0.06472469933486831,-7.8125464743325015
8.790000000000001,174.2929999552487,1.1296475805231014,0.21684431626701803,-0.40852508277341937,-1.1218458403084186,1.1218458403084186,-0.2183153403430737,-0.0647961162463791,-8.170501655468387
8.8,174.48840480478898,1.1722725345939868,0.21267091435523913,-0.42609672544841265,-1.1647581933955753,1.164758193395575,-0.2141419384312948,-0.06481914851384775,-8.521934508968252
8.81,174.68398947988663,1.2140645417084595,0.20832349576614798,-0.4433295476757689,-1.2068253525795316,1.2068253525795316,-0.20972586702290857,-0.06479376454831448,-8.866590953515377
8.82,174.87975748401766,1.2549891126976296,0.20380551123707105,-0.46021108443694025,-1.2480160404072114,1.2480160404072116,-0.20514242083842557,-0.06471994414384066,-9.204221688738805
8.83,175.07571172811913,1.2950123690469415,0.19912053495743073,-0.4767291095351953,-1.2882966132642801,1.28829661326428,-0.20039502690993408,-0.06459768537327619,-9.534582190703906
8.84,175.27185452073937,1.3341010700353055,0.1942722621679358,-0.49287163810551543,-1.3276340625459349,1.327634062545935,-0.195487239999132,-0.06442700088303364,-9.857432762110308
8.85,175.4681875600045,1.372222639992017,0.18926450674228368,-0.5086269276074241,-1.3659941445972201,1.3659941445972203,-0.19047948457347988,-0.06420793986452544,-10.172538552148483
8.86,175.66471192743003,1.4093451956423348,0.18410119871538147,-0.5239834874994294,-1.403346193498085,1.403346193498085,-0.1852594318589552,-0.06394056294831969,-10.479669749988588
8.870000000000001,175.86142808360304,1.4454375735011706,0.1787863817656614,-0.5389300787793211,-1.4396604497525525,1.4396604497525525,-0.17989051166535797,-0.06362495212296923,-10.778601575586421
8.88,176.0583358657538,1.4804693572796968,0.1733242106822462,-0.5534557174616779,-1.4749066967482203,1.47490669674822,-0.17437675662611613,-0.06326120383764691,-11.069114349233558
8.89,176.2554344872315,1.5144109052653756,0.16771894881137875,-0.5675496752550012,-1.5090554902660784,1.5090554902660782,-0.16872231350750308,-0.06284945219985155,-11.350993505100025
8.9,176.45272253889334,1.5472333776317524,0.16197496545006926,-0.5812014894123223,-1.5420758979433873,1.542075897943387,-0.1629783301461936,-0.06238984848524205,-11.624029788246446
8.91,176.65019799241293,1.578908763623103,0.15609673318291883,-0.5944009642721177,-1.5739424374195639,1.5739424374195636,-0.1570532080873845,-0.06188256746754751,-11.888019285442354
8.92,176.84785820550744,1.609409908563151,0.150088825191112,-0.6071381752755226,-1.6046283177171243,1.6046283177171243,-0.1510005955986149,-0.06132780529396857,-12.142763505510452
8.93,177.04569992907736,1.6387105406343443,0.14395591252585715,-0.6194034720625998,-1.634107438075914,1.6341074380759137,-0.1448250624329408,-0.06072579027614895,-12.388069441251996
8.94,177.24371931624762,1.666785297370928,0.1377027613297331,-0.6311874857808109,-1.6623542927186508,1.6623542927186508,-0.13857191123681675,-0.060076780151773757,-12.623749715616217
8.950000000000001,177.44191193329408,1.6936097518022635,0.1313342299911163,-0.6424811351642905,-1.6893432563675845,1.6893432563675845,-0.1321627467416965,-0.059381058192314234,-12.84962270328581
8.96,177.64027277243306,1.719160438181953,0.1248552662461577,-0.6532756309512985,-1.7150528991025318,1.7150528991025316,-0.12564504496859327,-0.05863893679031269,-13.06551261902597
8.97,177.83879626644642,1.743414877239295,0.11827090422988558,-0.6635624816348789,-1.7394608904347328,1.7394608904347328,-0.11902375207453968,-0.05785075662983847,-13.271249632697577
8.98,178.0374763051077,1.766351600887418,0.11158626147203254,-0.6733334987711077,-1.7625459095799294,1.7625459095799294,-0.11230390165790304,-0.05701690042887632,-13.466669975422153
8.99,178.23630625337069,1.7879501763203995,0.10480653581299915,-0.682580807624591,-1.7842871677999783,1.784287167799978,-0.10552417599886962,-0.056137779282703505,-13.651616152491819
9.0,178.43527897127532,1.808191229426296,0.09793700224155319,-0.69129685219478,-1.8046648301537662,1.8046648301537662,-0.09862107792021992,-0.05521383947112381,-13.8259370438956
9.01,178.63438683551988,1.8270564674480065,0.09098300966924112,-0.699474402838605,-1.8236620075073484,1.8236620075073484,-0.09163508761406691,-0.054245560625860036,-13.9894880567721
9.02,178.83362176264254,1.8445287008231201,0.08394997763297112,-0.7071065630164085,-1.8412616388446805,1.8412616388446805,-0.0845715517611674,-0.0532334648582294,-14.14213126032817
9.03,179.03297523374985,1.8605918641339583,0.07684339291267268,-0.7141867795191029,-1.8574477858925789,1.8574477858925789,-0.07743588764753212,-0.052178113573371106,-14.283735590382058
9.040000000000001,179.23243832072393,1.875231036096457,0.06966880605402868,-0.7207088512311667,-1.8722051361074534,1.8722051361074534,-0.07026130078888812,-0.05108010635044763,-14.414177024623333
9.05,179.43200171383444,1.8884324585191676,0.062431827806679,-0.7266669372766459,-1.8855197813937292,1.8855197813937292,-0.06299660128699866,-0.04994008405175633,-14.533338745532918
9.06,179.6316557506765,1.9001835541666796,0.05513812547558354,-0.7320555662351571,-1.897380182942333,1.8973801829423331,-0.05567647261900992,-0.048758726005954746,-14.641111324703143
9.07,179.8313904463488,1.9104729434632828,0.047793419186749814,-0.7368696440598711,-1.9077750722479183,1.9077750722479183,-0.04830657461347977,-0.04753676281737505,-14.737392881197422
9.08,180.03119552478296,1.9192904599752414,0.040403478049111985,-0.7411044669115451,-1.916694392573635,1.9166943925736348,-0.04089261887215866,-0.04627496533410145,-14.822089338230901
9.09,180.2310604511286,1.926627164608501,0.03297411621126336,-0.744755729369488,-1.9241288584198815,1.9241288584198815,-0.03346325703431004,-0.044974149186383726,-14.89511458738976
9.1,180.43097446509498,1.9324753584660288,0.02551118882787821,-0.7478195342772708,-1.9300707158570507,1.9300707158570507,-0.025977437315808604,-0.0436351751080182,-14.956390685545415
9.11,180.63092661514474,1.936828594312062,0.01802058792801605,-0.7502924025207534,-1.9345143407072034,1.9345143407072034,-0.018465014045867985,-0.04225894821663564,-15.005848050415068
9.120000000000001,180.8309057934316,1.9396816865942101,0.010508238188045482,-0.7521712823274691,-1.93745464314179,1.9374546431417898,-0.010931862021831235,-0.04084642539899705,-15.043425646549382
9.13,181.0309007713697,1.941030719978329,0.002980092597832054,-0.7534535613066408,-1.938887802192727,1.938887802192727,-0.003383886667865439,-0.0393986071861263,-15.069071226132815
9.14,181.23090023571936,1.9408730563531964,-0.004557871976149446,-0.754137075033128,-1.9388108971759674,1.9388108971759674,0.00415407790611606,-0.0379165408808555,-15.08274150066256
9.15,181.43089282507023,1.9392073402699974,-0.012099659318889715,-0.7542201166999893,-1.9372225321429295,1.9372225321429297,0.011714767850866815,-0.036401319954059805,-15.084402333999787
9.16,181.6308671666004,1.936033502786325,-0.01963925848929359,-0.7537014463408052,-1.9341233183544815,1.9341233183544815,0.0192723857144068,-0.03485408313302229,-15.074028926816103
9.17,181.83081191298837,1.9313527636897325,-0.02717064853212329,-0.7525802995083544,-1.929514557701449,1.929514557701449,0.026820951785513903,-0.03327601902835783,-15.051605990167086
9.18,182.03071577935185,1.925167632081243,-0.034687803285058785,-0.7508563976138263,-1.9233988400560036,1.9233988400560036,0.03435447922951477,-0.0316683591267809,-15.017127952276525
9.19,182.23056758008772,1.917481905303274,-0.04218469627420174,-0.7485299552862524,-1.9157797291164909,1.915779729116491,0.04185137221865772,-0.030032379325404687,-14.970599105725048
9.200000000000001,182.43035626548496,1.9083006662048367,-0.049655305685492236,-0.7456016881938352,-1.9066622797943047,1.9066622797943047,0.049337588483375654,-0.028369398740170967,-14.912033763876703
9.21,182.6300709579835,1.8976302787425623,-0.057093619411187936,-0.742072820238512,-1.8960534193789027,1.896053419378903,0.056790778980665875,-0.026680776980561257,-14.84145640477024
9.22,182.8297009879522,1.8854783819222052,-0.06449364016217299,-0.7379450895287661,-1.883960856837948,1.8839608568379482,0.06420498051391611,-0.02496791835943306,-14.758901790575322
9.23,183.02923592885904,1.871853882091599,-0.0718493906477523,-0.7332207559013805,-1.87039356719643,1.87039356719643,0.07157424829845387,-0.023232264128332868,-14.664415118027609
9.24,183.22866563170916,1.8567669436002057,-0.07915491881449645,-0.7279026052192251,-1.8553615008323718,1.8553615008323718,0.07887977646519802,-0.021475292867832962,-14.558052104384503
9.25,183.427980258628,1.8402289778488148,-0.0864043031284117,-0.7219939537385276,-1.838876088725808,1.8388760887258082,0.0861420455876261,-0.019698518517320705,-14.439879074770552
9.26,183.6271703154693,1.8222526307586095,-0.09359165789643459,-0.71549865160941,-1.8209504251865785,1.8209504251865785,0.09334168222338815,-0.017903486764109557,-14.3099730321882
9.27,183.82622668333107,1.8028517686945904,-0.10071113861541031,-0.7084210848771022,-1.8015984357331825,1.8015984357331822,0.1004728700426084,-0.01609177703490941,-14.168421697542044
9.28,184.0251406488663,1.782041462884228,-0.10775694734484093,-0.7007661782322046,-1.7808352495345563,1.7808352495345563,0.10752983796538969,-0.014264996120645137,-14.015323564644092
9.290000000000001,184.2239039332793,1.7598379723761044,-0.11472333809419849,-0.6925393951817483,-1.7586769006048386,1.7586769006048384,0.11449622871474725,-0.01242477639181961,-13.850787903634966
9.3,184.42250871990308,1.7362587255899022,-0.12160462220837996,-0.6837467375101132,-1.7351409285724555,1.7351409285724555,0.1213881497241398,-0.010572773347272135,-13.674934750202263
9.31,184.62094768025943,1.7113223005139098,-0.1283951737429673,-0.6743947437798473,-1.7102462380308747,1.7102462380308747,0.12818884027072386,-0.00871066196917814,-13.487894875596947
9.32,184.81921399850756,1.6850484036106805,-0.13508943481739058,-0.6644904864186719,-1.6840125850317993,1.6840125850317993,0.1348927657504057,-0.006840135662306418,-13.289809728373438
9.33,185.01730139419445,1.6574578474955777,-0.14168192093714943,-0.6540415684440767,-1.6564608306638062,1.6564608306638062,0.14149446385952558,-0.004962902503139204,-13.080831368881533
9.34,185.21520414322617,1.6285725274559029,-0.14816722627615245,-0.6430561187673263,-1.6276126094024186,1.6276126094024186,0.14797976919852857,-0.00308068112368126,-12.861122375346525
9.35,185.4129170969865,1.5984153968817785,-0.15454002890438542,-0.6315427859603329,-1.597491114087448,1.597491114087448,0.1543613525558446,-0.0011951982124270644,-12.630855719206657
9.36,185.61043569953569,1.5670104416832606,-0.1607950959489025,-0.6195107311562695,-1.5661205292731708,1.566120529273171,0.16062478923763024,0.0006918149992417758,-12.390214623125392
9.370000000000001,185.80775600283113,1.5343826537702354,-0.16692728867754936,-0.6069696196992791,-1.5335258880755658,1.5335258880755658,0.16676495973891933,0.0025786257531137348,-12.139392393985581
9.38,186.00487467991775,1.5005580036735007,-0.17293156749401525,-0.5939296117651018,-1.4997332012296443,1.4997332012296443,0.17277684279306202,0.004463501485612335,-11.878592235302037
9.39,186.20178903604562,1.4655634123862906,-0.17880299683661394,-0.5804013524856596,-1.4647690778760585,1.4647690778760585,0.1786482721356607,0.006344715264481715,-11.608027049713192
9.4,186.39849701767858,1.4294267225059105,-0.1845367499684792,-0.5663959601161365,-1.4286617492437999,1.4286617492437999,0.18438927344410838,0.008220548047808175,-11.327919202322729
9.41,186.59499721936723,1.3921766687559987,-0.1901281136461242,-0.5519250135417233,-1.3914400201358872,1.3914400201358872,0.18998754589512698,0.010089291837209571,-11.038500270834465
9.42,186.79128888846736,1.3538428479695386,-0.1955724926580434,-0.5370005387830011,-1.3531335213320888,1.3531335213320888,0.19543851015710087,0.011949253461177138,-10.740010775660023
9.43,186.98737192769303,1.31445568861185,-0.20086541422219265,-0.521634994270232,-1.3137726340238352,1.3137726340238352,0.20073143172125013,0.01379875491402222,-10.43269988540464
9.44,187.1832468955021,1.2740464199214847,-0.20600253223700118,-0.5058412562750061,-1.2733884603439705,1.2733884603439705,0.2058748266008807,0.015636139016024588,-10.116825125500121
9.450000000000001,187.37891500431962,1.2326470407442123,-0.2109796313769034,-0.48963260238879086,-1.2320132990568622,1.2320132990568622,0.21085790865121637,0.017459771174132815,-9.792652047775817
9.46,187.5743781166127,1.1902902881340234,-0.21579263102079455,-0.47302269463135554,-1.189679915712649,1.1896799157126488,0.2156766110076881,0.019268042001196195,-9.460453892627111
9.47,187.76963873883884,1.1470096057920343,-0.2204375890080538,-0.45602556185635873,-1.14642178175901,1.14642178175901,0.22032700462332416,0.021059370538338333,-9.120511237127175
9.48,187.96470001329618,1.1028391124112429,-0.22491070521396014,-0.4386555812292109,-1.1022728593792734,1.1022728593792734,0.2248001208292305,0.02283220435295224,-8.773111624584217
9.49,188.1595657079129,1.057813569991391,-0.22920832494153665,-0.4209274600328772,-1.0572680402120909,1.0572680402120909,0.22910292160170406,0.024585023920265684,-8.418549200657544
9.5,188.3542402040188,1.0119683521836988,-0.23332694212455402,-0.4028562160987364,-1.0114428277377314,1.0114428277377312,0.2332264771625101,0.02631634398559629,-8.057124321974728
9.51,188.54872848214973,0.9653394127217823,-0.23726320233408046,-0.3844571580854452,-0.9648331988457817,0.9648331988457818,0.2371674444419839,0.02802471535110513,-7.6891431617089046
9.52,188.7430361059418,0.9179632539905753,-0.24101390558622926,-0.3657458654407058,-0.9174756468202285,0.9174756468202286,0.2409181476941327,0.029708727183920126,-7.314917308814116
9.53,188.93716920417825,0.8698768957803766,-0.24457600894692905,-0.3467381678457384,-0.8694070392199793,0.8694070392199793,0.24448473764508794,0.031367006539345654,-6.934763356914768
9.540000000000001,189.13113445105813,0.8211178442683578,-0.24794662893412844,-0.3274501252555994,-0.820665130896824,0.820665130896824,0.24785963406465536,0.032998221632926844,-6.5490025051119884
9.55,189.3249390447602,0.771724061264277,-0.25112304371588307,-0.3078980070389198,-0.7712879028919963,0.7712879028919964,0.2510401249599846,0.03460108233409541,-6.157960140778396
9.56,189.5185906843822,0.721733933752572,-0.2541026951009371,-0.28809827133517385,-0.7213137609040543,0.7213137609040543,0.25402366151872047,0.03617434115606692,-5.761965426703477
9.57,189.7120975453378,0.6711862437581168,-0.25688319032295576,-0.26806754442871,-0.6707813646078562,0.6707813646078562,0.25680415674073914,0.03771679423297372,-5.3613508885742
9.58,189.90546825330043,0.6201201385574605,-0.2594623036186086,-0.24782260014421512,-0.6197299667975539,0.6197299667975539,0.25938697321038323,0.0392272806584008,-4.956452002884302
9.59,190.09871185678452,0.5685751012524128,-0.2618379776029677,-0.22738033991213705,-0.5681991384829469,0.5681991384829469,0.2617661768910207,0.040704684337813976,-4.547606798242741
9.6,190.2918377984593,0.5165909217173296,-0.26400832444385985,-0.20675777249522745,-0.5162286850270805,0.5162286850270805,0.26393988807376395,0.042147933681769965,-4.135155449904549
9.61,190.48485588529306,0.46420766792707835,-0.2659716268361083,-0.18597199423802294,-0.4638586408167143,0.46385864081671424,0.2659031904660125,0.043556001905860224,-3.7194398847604586
9.620000000000001,190.67777625762758,0.4114656576678259,-0.26772633877963475,-0.16504016958862328,-0.4111292634584995,0.4111292634584995,0.26766110914017593,0.04492790644960048,-3.3008033917724653
9.63,190.87060935728576,0.3584054306282677,-0.2692710861658676,-0.14397951223631775,-0.3580812463925613,0.3580812463925613,0.2692089130267317,0.04626270871625326,-2.879590244726355
9.64,191.06336589481597,0.30506772086414113,-0.27060466717792003,-0.12280726672571197,-0.3047553364602382,0.3047553364602382,0.2705454073443017,0.047559514225884884,-2.4561453345142397
9.65,191.2560568159785,0.2514934296250831,-0.27172605250842846,-0.10154069037434159,-0.25119244736886726,0.25119244736886726,0.27166956949178006,0.04881747182438176,-2.030813807486832
9.66,191.44869326758075,0.19772359852896976,-0.2726343853999365,-0.08019703586157327,-0.1974334970464229,0.1974334970464229,0.27257790238328816,0.05003577344700869,-1.6039407172314655
9.67,191.6412865627679,0.14379938306551382,-0.27332898151336693,-0.05879353425590943,-0.143519785994143,0.143519785994143,0.27327514521753576,0.051213652154167864,-1.1758706851181886
9.68,191.83384814587663,0.08976202640762893,-0.2738093286323551,-0.03734737915626646,-0.08949258470357008,0.08949258470357009,0.2737580150543914,0.052350382497134994,-0.7469475831253292
9.69,192.02638955695895,0.035652833505793624,-0.27407508620984383,-0.015875711002435438,-0.03539320841164647,0.03539320841164647,0.27402617715479327,0.05344527921023079,-0.3175142200487088
9.700000000000001,192.21892239608337,-0.018486854561457135,-0.27412608476193995,0.005604397785852477,0.018737062991626603,0.018737062991626606,0.2740771757068894,0.05449769637751608,0.11208795571704955
9.71,192.41145828751965,-0.07261568600987825,-0.27396232511629304,0.027075957045564664,0.07285684767522256,0.07285684767522256,0.2739157079253215,0.05550702589719296,0.5415191409112933
9.72,192.60400884391336,-0.12669232357565155,-0.27358397752257296,0.048522072217001236,0.12692473623427264,0.12692473623427267,0.2735395448138056,0.05647269648943845,0.9704414443400247
9.73,192.79658563055418,-0.1806754695775062,-0.272991380632778,0.06992595703318616,0.18089942248825966,0.18089942248825966,0.27294903005425736,0.0573941728233517,1.3985191406637232
9.74,192.9892001298416,-0.2345238908482924,-0.27218504035764407,0.09127094561225847,0.23473968637528153,0.23473968637528153,0.27214268977912337,0.05827095421165771,1.8254189122451694
9.75,193.18186370605008,-0.2881964435697226,-0.2711656286059247,0.11254050379348234,0.2884044405800908,0.2884044405800908,0.27112526260012254,0.05910257339594532,2.2508100758696465
9.76,193.37458757049342,-0.3416520980442913,-0.2699339819138502,0.13371823976771102,0.34185255121196867,0.34185255121196867,0.26989550749318963,0.05988859481920406,2.6743647953542204
9.77,193.56738274718714,-0.39484996343828077,-0.2684910999727704,0.15478791381323248,0.3950431203985804,0.3950431203985804,0.26845442850565077,0.06062861408171334,3.0957582762646494
9.78,193.76026003910482,-0.44774931252937883,-0.26683814406148665,0.17573344762334983,0.447935414020019,0.447935414020019,0.2668031910683215,0.06132225646735394,3.5146689524669967
9.790000000000001,193.95322999512274,-0.5003096064912735,-0.26497643538916266,0.1965389328656473,0.5004889630722545,0.5004889630722545,0.2649414823959975,0.06196917602818926,3.930778657312946
9.8,194.1463028777444,-0.552490519746265,-0.2629074533553129,0.21718863920922302,0.5526633674882101,0.5526633674882101,0.2628741383141047,0.06256905359425641,4.34377278418446
9.81,194.3394886316949,-0.6042519649155113,-0.2606328337342668,0.23766702140483287,0.6044185163779298,0.6044185163779298,0.26060107989527936,0.06312159652679133,4.753340428096657
9.82,194.5327968534712,-0.6555541178945327,-0.2581543667900285,0.2579587261270722,0.6557145798864915,0.6557145798864915,0.258124100999137,0.06362653736649862,5.159174522541444
9.83,194.72623676193288,-0.7063574430793571,-0.2554739953260783,0.27804859814577065,0.706512050436229,0.706512050436229,0.2554437295351868,0.06408363302864414,5.5609719629154135
9.84,194.9198171700143,-0.756622718765949,-0.25259381267567266,0.29792168605641656,0.7567717081226633,0.7567717081226633,0.25256496520597044,0.06449266332198417,5.958433721128332
9.85,195.11354645763717,-0.8063110627428003,-0.24951606063835188,0.3175632473105681,0.8064546170088257,0.8064546170088258,0.24948856502964498,0.06485343057949061,6.351264946211362
9.86,195.3074325458978,-0.8553839580936502,-0.24624312736737666,0.33695875300041334,0.855522255357379,0.855522255357379,0.246216920273189,0.0651657588121142,6.739175060008266
9.870000000000001,195.50148287260222,-0.9038032792238062,-0.2427775452114752,0.35609389221346016,0.9039364928253004,0.9039364928253004,0.24275256625321304,0.06542949311463227,7.1218778442692035
9.88,195.6957043692172,-0.9515313181198982,-0.2391219885146596,0.3749545760656813,0.9516596802558454,0.9516596802558454,0.23909700955639743,0.06564449872754012,7.499091521313625
9.89,195.89010343930332,-0.9985308108493495,-0.2352792713779687,0.39352694128331495,0.9986544811160466,0.9986544811160466,0.23525546300591213,0.06581066076756271,7.870538825666299
9.9,196.0846859384917,-1.0447649643017847,-0.23125234538629064,0.41179735360698333,1.044884096376832,1.0448840963768322,0.23122965274709167,0.06592788390710884,8.235947072139666
9.91,196.2794571560629,-1.0901974831707744,-0.22704429730211598,0.429752411001477,1.0903122267130534,1.0903122267130534,0.2270226681124998,0.06599609210611726,8.59504822002954
9.92,196.4744217981827,-1.1347925971699084,-0.2226583467280452,0.44737894669578177,1.1349031237745437,1.1349031237745437,0.222636717538429,0.06601522824538772,8.947578933915635
9.93,196.6695839728457,-1.1785150884730122,-0.21809784373992636,0.4646640320176986,1.1786215657860009,1.1786215657860009,0.21807722816630662,0.06598525408552175,9.293280640353972
9.94,196.86494717657334,-1.2213303193640919,-0.21336626649200982,0.4815949791560737,1.221432880219692,1.221432880219692,0.21334661703573782,0.06590615048494503,9.631899583121474
9.950000000000001,197.0605142829096,-1.2632042600782436,-0.20846721879432095,0.4981593439546781,1.2633030338850086,1.2633030338850089,0.20844849018230782,0.06577791751526853,9.963186879093563
9.96,197.2562875327522,-1.3041035168102657,-0.20340442766214675,0.5143449286964366,1.3041986295880754,1.3041986295880754,0.20338657674260865,0.06560057467281998,10.286898573928731
9.97,197.4522685265545,-1.3439953598635321,-0.1981817408375278,0.5301397849163261,1.344086974194035,1.344086974194035,0.1981638899179897,0.06537416111586138,10.60279569832652
9.98,197.64845821842684,-1.382847751907187,-0.19280312428243804,0.5455322162524906,1.3829359882798604,1.3829359882798604,0.19278610992552297,0.06509873641067375,10.910644325049812
9.99,197.84485691216298,-1.4206293763057996,-0.1872726596422501,0.5605107815363837,1.42071434672946,1.4207143467294598,0.18725644264531408,0.06477438103239662,11.210215630727674
10.0,198.04146425921175,-1.4573096654812345,-0.18159454167761183,0.5750642980200652,1.457391479049467,1.457391479049467,0.18157908467493591,0.0644011971275993,11.501285960401304
10.01,198.23827925860928,-1.4928588292625453,-0.17577307566285566,0.589181844841592,1.4929376006565591,1.4929376006565591,0.17575761866017975,0.06397930901188191,11.78363689683184
10.02,198.43530025888236,-1.527247883175867,-0.1698126747491094,0.6028527666188517,1.5273237434560363,1.5273237434560363,0.16979794212584057,0.06350886439820318,12.057055332377033
10.03,198.63252496192777,-1.5604486766227064,-0.16371785728938565,0.6160666774586849,1.5605217227771848,1.5605217227771848,0.1637038150995149,0.06299003525079405,12.321333549173698
10.040000000000001,198.82995042886776,-1.5924339208914509,-0.15749324412228038,0.628813465224796,1.5925042473848767,1.5925042473848767,0.15747986001044925,0.062423018931589754,12.57626930449592
10.05,199.02757308787557,-1.6231772169436418,-0.15114355581114441,0.6410832961751595,1.6232449157387643,1.6232449157387643,0.15113079893812728,0.06180803907599417,12.82166592350319
10.06,199.22538874396074,-1.652653082913702,-0.14467360983559044,0.6528666198544486,1.6527182581972206,1.6527182581972206,0.1446608529625733,0.06114534701945751,13.057332397088972
10.07,199.4233925906963,-1.6808369812579895,-0.13808831773173857,0.6641541744545274,1.6808997343036434,1.6808997343036434,0.13807615870340834,0.060435223012206614,13.283083489090547
10.08,199.62157922386604,-1.707705345486764,-0.13139268217697073,0.6749369925498738,1.7077657580643395,1.7077657580643397,0.1313810929765929,0.05967797754457623,13.498739850997477
10.09,199.81994265700294,-1.7332356064104337,-0.12459179401526833,0.685206407244299,1.733293758110916,1.733293758110916,0.12458074793896293,0.058873952609808586,13.704128144885981
10.1,200.01847633878475,-1.7574062178297558,-0.11769082921918479,0.6949540586960549,1.7574621860850541,1.7574621860850541,0.11768030081441828,0.05802352305627605,13.899081173921097
10.11,200.21717317224585,-1.780196681598309,-0.11069504578452839,0.704171901049252,1.7802505578916556,1.7802505578916556,0.11068451737976187,0.05712709808042896,14.083438020985039
10.120000000000001,200.41602553575953,-1.8015875719845702,-0.10360978055345232,0.712852209819275,1.8016394366066446,1.8016394366066444,0.10359974556040513,0.05618512256347131,14.2570441963855
10.13,200.61502530573767,-1.8215605592602366,-0.09644044596177487,0.7209875896613082,1.8216104810234979,1.8216104810234979,0.09643088125745913,0.05519807852315278,14.419751793226164
10.14,200.81416388099,-1.840098432441315,-0.08919252670648903,0.7285709825599971,1.8401464782712573,1.8401464782712573,0.08918341025147615,0.05416648625912424,14.571419651199943
10.15,201.01343220867773,-1.857185121108584,-0.08187157632992624,0.7355956763105207,1.8572313560629483,1.8572313560629485,0.08186288711758381,0.05309090589569708,14.711913526210413
10.16,201.2128208117916,-1.872805716234886,-0.07448321371688045,0.7420553134427075,1.8728502186587497,1.8728502186587497,0.07447452450453802,0.051971938593582144,14.84110626885415
10.17,201.41231981807798,-1.8869464899476245,-0.0670331195009714,0.7479439004483218,1.8869893249881944,1.8869893249881944,0.06702483750906499,0.05081022778611231,14.958878008966437
10.18,201.6119189903306,-1.899594914156391,-0.05952703237719562,0.7532558173152147,1.8996361395636039,1.8996361395636039,0.05951913852176458,0.049606460301495535,15.065116346304295
10.19,201.81160775796087,-1.9107396779776018,-0.05197074531785335,0.7579858273171279,1.9107793498672483,1.9107793498672483,0.05196322140924634,0.04836136736211194,15.159716546342558
10.200000000000001,202.0113752497532,-1.9203707038904374,-0.04437010168956325,0.7621290870053955,1.9204088767634577,1.9204088767634577,0.0443629303905301,0.047075725647647705,15.24258174010791
10.21,202.211210327707,-1.9284791625612114,-0.03673099126924725,0.7656811564238222,1.928515902356922,1.928515902356922,0.0367238199702141,0.04575035809501989,15.313623128476443
10.22,202.41110162186257,-1.9350574862765388,-0.0290593461573785,0.7686380094380922,1.935092846740195,1.935092846740195,0.029052510943135223,0.04438613464385852,15.372760188761845
10.23,202.61103756600247,-1.9400993809292855,-0.021361136587493848,0.770996044155866,1.9401334103611108,1.9401334103611105,0.02135462170764357,0.042983972753882715,15.41992088311732
10.24,202.81100643411594,-1.9435998365054017,-0.01364236663150575,0.7727520933454425,1.9436325817943911,1.9436325817943911,0.013636157073758724,0.04154483785574279,15.45504186690885
10.25,203.01099637751048,-1.9455551360241774,-0.005909069800968184,0.7739034348266641,1.945586642667553,1.9455866426675528,0.005903151256549027,0.040069743661833974,15.478068696533283
10.26,203.21099546245006,-1.9459628628892598,0.0018326954551518143,0.7744478017791574,1.9459931858291601,1.9459931858291601,-0.0018386139995709707,0.03855975224387703,15.488956035583147
10.27,203.41099170819675,-1.9448219066128902,0.00957685035491514,0.7743833928771813,1.9448510905243563,1.9448510905243566,-0.009582491524228978,0.03701597398090309,15.487667857543626
10.28,203.6109731253299,-1.9421324668812563,0.017317300488090003,0.7737088822031924,1.942160552005192,1.942160552005192,-0.017322677281394097,0.03543956723699861,15.474177644063849
10.290000000000001,203.8109277542142,-1.937896055934571,0.02504794061834333,0.7724234288374875,1.9379230812993693,1.9379230812993695,-0.025053065425551663,0.0338317379380516,15.44846857674975
10.3,204.0108437034862,-1.9321154992414709,0.03276265957952821,0.770526686090338,1.9321415026823763,1.932141502682376,-0.032767544209922,0.03219373894321459,15.410533721806761
10.31,204.21070918842815,-1.9247949344534518,0.04045534526214062,0.7680188103023988,1.924819961625422,1.924819961625422,-0.04046022989253441,0.030526869176993654,15.360376206047977
10.32,204.4105125690963,-1.9159398086313957,0.04811988968516794,0.7649004691271414,1.9159638965845882,1.9159638965845882,-0.04812454539460699,0.02883247259263858,15.298009382542828
10.33,204.61024238807119,-1.9055568737426472,0.055750194147886546,0.7611728492387594,1.905580055867911,1.905580055867911,-0.05575463166473826,0.027111936879312033,15.223456984775188
10.34,204.8098874076977,-1.8936541804336362,0.06334017445540278,0.7568376633754514,1.893676489087189,1.8936764890871889,-0.06334440400526355,0.025366692010449596,15.136753267509029
10.35,205.00943664668353,-1.880241070089589,0.0708837662110432,0.7518971566683502,1.880262536611883,1.880262536611883,-0.07088779754029859,0.023598208616966286,15.037943133367005
10.36,205.20887941592645,-1.8653281651993974,0.07837493016817325,0.7463541122008764,1.865348827702342,1.865348827702342,-0.07837896149742864,0.02180799611857791,14.927082244017528
10.370000000000001,205.4082053534422,-1.8489273580501606,0.08580765763334616,0.7402118557179631,1.8489472468960224,1.8489472468960224,-0.08581150003162615,0.019997600691058277,14.804237114359262
10.38,205.60740445826858,-1.8310517977822884,0.09317597591203108,0.7334742594370164,1.8310709405682613,1.8310709405682613,-0.09317963823361906,0.018168603037328968,14.669485188740328
10.39,205.80646712322388,-1.8117158758421807,0.10047395378765718,0.7261457449006956,1.811734299289768,1.811734299289768,-0.10047744447188495,0.01632261596350088,14.522914898013912
10.4,206.00538416640177,-1.7909352098755893,0.10769570702407325,0.7182312848132637,1.7909529398485315,1.7909529398485315,-0.10769903411477164,0.014461281870910527,14.364625696265275
10.41,206.20414686128944,-1.768726626110409,0.11483540388121233,0.7097364038473496,1.7687436947819608,1.7687436947819608,-0.1148387309719107,0.012586270030580805,14.194728076946992
10.42,206.40274696540058,-1.745108140283116,0.12188727063332758,0.7006671783553513,1.7451245720124493,1.745124572012449,-0.12189044179735616,0.010699273741010094,14.013343567107025
10.43,206.6011767473203,-1.720098937168145,0.12884559707872412,0.6910302349609622,1.7201147546818072,1.7201147546818072,-0.12884861962364147,0.008802007382966251,13.820604699219244
10.44,206.7994290120652,-1.6937193487742215,0.13570474202969468,0.6808327480122075,1.6937345740641554,1.6937345740641552,-0.13570762292059385,0.006896203285513087,13.61665496024415
10.450000000000001,206.99749712466794,-1.6659908312759422,0.14245913877101354,0.6700824358437755,1.6660054859533684,1.6660054859533684,-0.14246201966191271,0.004983608629450231,13.40164871687551
10.46,207.19537503190287,-1.6369359407528123,0.149103300475267,0.6587875558870486,1.636950051744946,1.6369500517449458,-0.14910604635082225,0.003065982189737124,13.175751117740973
10.47,207.39305728207646,-1.6065783078111837,0.1556318255633098,0.6469568985868578,1.6065918944028523,1.6065918944028523,-0.1556344427510804,0.0011450910451194594,12.939137971737155
10.48,207.59053904281333,-1.5749426111675804,0.16203940299794464,0.6345997801356359,1.5749556920182284,1.5749556920182284,-0.1620418975289465,-0.0007772927369377974,12.691995602712717
10.49,207.78781611677746,-1.5420545502740692,0.16832081749908456,0.621726034038581,1.5420671434325033,1.5420671434325033,-0.16832319512169203,-0.002699395480488718,12.43452068077162
10.5,207.98488495527548,-1.507940817068234,0.17447095466868803,0.6083460015071785,1.5079529416714388,1.5079529416714388,-0.1744733322912955,-0.004619445221722031,12.16692003014357
10.51,208.18174266969763,-1.4726290669315405,0.18048480601398648,0.5944705207278929,1.472640743733353,1.472640743733353,-0.1804870722071789,-0.006535675035901781,11.889410414557858
10.52,208.37838704076037,-1.4361478889405634,0.18635747385785492,0.5801109150257954,1.4361591337443018,1.4361591337443018,-0.186359633843837,-0.008446326333467667,11.602218300515908
10.53,208.57481652552343,-1.3985267754956816,0.19208417612544623,0.5652789799572258,1.3985376035885304,1.3985376035885304,-0.19208623488168683,-0.010349652089438702,11.305579599144515
10.540000000000001,208.77103026216204,-1.359796091411416,0.19766025099661919,0.5499869693791037,1.3598065175774723,1.359806517577472,-0.19766221326731448,-0.012243920022512816,10.999739387582075
10.55,208.96702807248448,-1.3199870425516682,0.2030811614141225,0.5342475805350921,1.3199970841170414,1.3199970841170414,-0.20308312368481776,-0.014127415670433588,10.684951610701843
10.56,209.1628104621935,-1.2791316440914802,0.2083424994380219,0.51807393821912,1.2791413164517613,1.2791413164517613,-0.20834436974503295,-0.01599844534669823,10.3614787643824
10.57,209.35837861889794,-1.2372626884851639,0.21343999043745165,0.5014795780815813,1.2372720045730132,1.2372720045730132,-0.21344177309072154,-0.017855339000813732,10.029591561631626
10.58,209.5537344078902,-1.1944137132179025,0.21836949711140846,0.4844784291333423,1.194422685543641,1.194422685543641,-0.21837119621889273,-0.019696452933665263,9.689568582666846
10.59,209.74888036571286,-1.1506189684151074,0.22312702333092804,0.46708479552083726,1.1506276091669516,1.1506276091669516,-0.2231287224384123,-0.021520172378220584,9.341695910416746
10.6,209.94381969154566,-1.1059133843803677,0.2277087177956957,0.44931333764001385,1.1059217093434848,1.1059217093434848,-0.22771033727283044,-0.02332491392669854,8.986266752800278
10.61,210.1385562364519,-1.0603325391290528,0.23211087749885043,0.4311790526630252,1.0603405592371735,1.0603405592371735,-0.23211242107757427,-0.02510912776383677,8.623581053260503
10.620000000000001,210.33309449053078,-1.0139126259804685,0.23632995099455395,0.41269725456608186,1.0139203518148145,1.0139203518148145,-0.23633142223190579,-0.02687129975261742,8.253945091321636
10.63,210.52743956802857,-0.9666904212670472,0.24036254146367508,0.39388355372679285,0.9666978630657895,0.9666978630657895,-0.24036394374999148,-0.02860995332654566,7.877671074535857
10.64,210.7215971904697,-0.9187032522141342,0.24420540957372194,0.37475383617608116,0.9187104217483465,0.9187104217483465,-0.24420681186003834,-0.030323651204964715,7.495076723521623
10.65,210.91557366787325,-0.8699889650392391,0.24785547612993913,0.3553242425816612,0.8699958734444508,0.8699958734444507,-0.24785681269666787,-0.032010996917974474,7.1064848516332235
10.66,211.1093758781278,-0.8205858933141704,0.2513098245153016,0.3356111470437468,0.8205925495411666,0.8205925495411666,-0.2513110984424468,-0.03367063611666858,6.712222940874936
10.67,211.30301124460243,-0.7705328266283363,0.254565702917968,0.3156311357917469,0.7705392393430601,0.7705392393430601,-0.25456691714118795,-0.03530125771091233,6.312622715834938
10.68,211.49648771207697,-0.719868979586026,0.25762052634555677,0.2954009858522047,0.7198751573771679,0.7198751573771679,-0.25762174056877674,-0.03690159480182713,5.908019717044094
10.69,211.68981372107888,-0.668633961165043,0.2604718784263682,0.2749376437698513,0.6686399150168494,0.6686399150168493,-0.2604730357437405,-0.03847042543845277,5.498752875397026
10.700000000000001,211.882998180719,-0.6168677444585952,0.2631175129984277,0.2542582044503487,0.6168734819484184,0.6168734819484183,-0.26311861607689563,-0.040006573170171054,5.085164089006974
10.71,212.0760504401216,-0.5646106368169987,0.2655553554879588,0.23337989020321848,0.5646161652866702,0.5646161652866702,-0.26555640686947873,-0.04150890741240912,4.6675978040643695
10.72,212.2689802585481,-0.511903250400228,0.26778350407964463,0.2123200300548835,0.5119085769623444,0.5119085769623444,-0.26778450618704125,-0.042976343643863345,4.24640060109767
10.73,212.4617977743159,-0.45878647314745236,0.26980023068167913,0.1910960393932695,0.4587916064857367,0.4587916064857367,-0.26980123278907575,-0.04440784342092362,3.82192078786539
10.74,212.65451347261714,-0.4053014401643412,0.2716039816892595,0.16972540000973976,0.40530638763754573,0.40530638763754573,-0.2716049368318102,-0.04580241425357098,3.3945080001947954
10.75,212.847138152344,-0.35148950552426766,0.2731933785507265,0.1482256405853777,0.3514942733617556,0.3514942733617556,-0.2731942889294851,-0.04715910928723047,2.964512811707554
10.76,213.03968289202828,-0.2973922144748803,0.2745672181411387,0.1266143176896615,0.2973968087168669,0.2973968087168669,-0.2745680858540024,-0.04847702686130831,2.53228635379323
10.77,213.23215901500538,-0.24305127603717758,0.2757244729485975,0.10490899733022105,0.24305570326517678,0.2430557032651768,-0.27572534066146115,-0.049755309924824825,2.098179946604421
10.78,213.42457805391248,-0.18850853598017764,0.27666429107906354,0.08312723709935937,0.18851280334317477,0.18851280334317472,-0.27666511812561223,-0.05099314533127888,1.6625447419871875
10.790000000000001,213.61695171463248,-0.13380595015054744,0.2773859960858134,0.0612865689533449,0.13381006294469636,0.13381006294469636,-0.2773867843719121,-0.05218976301971449,1.225731379066898
10.8,213.80929183979435,-0.07898555813324945,0.27788908663002554,0.039404482657035264,0.07898952149884259,0.07898952149884259,-0.2778898379722239,-0.05334443507852835,0.7880896531407053
10.81,214.00161037194172,-0.024089457216048486,0.27817323597931864,0.017498409927038123,0.024093276141334205,0.02409327614133421,-0.27817395210902796,-0.05445647473222134,0.34996819854076244
10.82,214.19391931647974,0.030840223371576027,0.27823829135130856,-0.004414290709829818,-0.03083654216442477,0.03083654216442477,-0.2782390074810179,-0.05552523523956699,-0.08828581419659635
10.83,214.38623070451084,0.08576134797714836,0.27808427310944345,-0.026316348321925934,-0.0857577999176787,0.08575779991767869,-0.27808495567693375,-0.056550108746634464,-0.5263269664385186
10.84,214.5785565556683,0.1406317998352179,0.27771137381849476,-0.048190593238681884,-0.14062838053814344,0.14062838053814344,-0.2777120243966935,-0.057530525052667314,-0.9638118647736377
10.85,214.77090884105584,0.19540950620385053,0.27711995716719867,-0.07001996995715615,-0.19540621140945935,0.19540621140945935,-0.2771205772553169,-0.05846595035570961,-1.400399399143123
10.86,214.9632994463994,0.2500524633637739,0.27631055676560606,-0.0917875492962543,-0.25004928786850067,0.25004928786850067,-0.27631117685372436,-0.059355885959854304,-1.835750985925086
10.870000000000001,215.15574013551694,0.30451876151697793,0.275283874824666,-0.11347653979831952,-0.3045157008259001,0.3045157008259001,-0.27528446585165456,-0.06019986697620096,-2.2695307959663906
10.88,215.34824251420858,0.35876660962170237,0.2740407807255074,-0.13507029839048224,-0.35876365998348786,0.35876365998348786,-0.27404134405334557,-0.0609974610033349,-2.7014059678096447
10.89,215.5408179946691,0.4127543602007371,0.2725823094857864,-0.1565523403123736,-0.4127515179680131,0.4127515179680131,-0.27258284641262404,-0.06174826681771951,-3.1310468062474723
10.9,215.73347776052157,0.4664405341590181,0.27090966013034584,-0.17790634832857985,-0.46643779537048524,0.46643779537048524,-0.2709101970571835,-0.062451913081345733,-3.558126966571597
10.91,215.9262327325689,0.5197838456458505,0.26902419397323274,-0.1991161812468914,-0.5197812059179687,0.5197812059179687,-0.26902470573638165,-0.06310805708056368,-3.9823236249378278
10.92,216.11909353535813,0.5727432269955149,0.2669274328178845,-0.2201658817684198,-0.5727406831103018,0.5727406831103019,-0.26692792059666676,-0.06371638349903586,-4.4033176353683965
10.93,216.31207046464908,0.6252778537783492,0.264621057082032,-0.24103968369632855,-0.6252754026042381,0.6252754026042381,-0.2646215220005021,-0.06427660323244909,-4.8207936739265715
10.94,216.50517345587662,0.677347169992304,0.2621069038535862,-0.26172201853241606,-0.6773448084826171,0.6773448084826171,-0.2621073469831167,-0.06478845226567281,-5.234440370648321
10.950000000000001,216.69841205369298,0.7289109134225764,0.2593869648834446,-0.282197521498406,-0.7289086375426136,0.7289086375426136,-0.2593874080129751,-0.06525169061452919,-5.64395042996812
10.96,216.89179538267373,0.7799291411941376,0.2564633845207876,-0.30245103701890313,-0.7799269480632657,0.7799269480632656,-0.2564638068825415,-0.0656661013439855,-6.0490207403780625
10.97,217.0853321192679,0.830362255539152,0.25333845759603585,-0.3224676237069932,-0.8303601424616937,0.8303601424616937,-0.253338860163318,-0.06603148965616198,-6.4493524741398645
10.98,217.2790304650694,0.8801710297976818,0.2500146272562634,-0.34223255888991255,-0.8801689941491311,0.8801689941491311,-0.25001501095676276,-0.06634768207469599,-6.8446511777982515
10.99,217.47289812148426,0.9293166346668669,0.24649448275742206,-0.3617313427221077,-0.9293146734054291,0.9293146734054291,-0.24649486645792143,-0.06661452571968926,-7.234626854442155
11.0,217.66694226586398,0.9777606647098278,0.24278075721728443,-0.3809497019297076,-0.9777587749011771,0.9777587749011771,-0.24278112293521348,-0.06683188768910497,-7.618994038594153
11.01,217.86116952917303,1.0254651651316549,0.23887632533254327,-0.3998735932358667,-1.0254633444499768,1.0254633444499766,-0.2388766739106765,-0.06699965453056161,-7.997471864717333
11.02,218.05558597525348,1.072392658825712,0.2347842010630471,-0.4184892065090984,-1.0723909050052776,1.0723909050052776,-0.23478453330465934,-0.06711773183169442,-8.369784130181968
11.03,218.2501970817475,1.1185061736892221,0.23050753528567905,-0.43678296768703945,-1.1185044845236296,1.1185044845236298,-0.23050785195640036,-0.06718604391737633,-8.73565935374079
11.040000000000001,218.4450077227338,1.1637692702027143,0.2260496134198893,-0.4547415415224147,-1.1637676427279458,1.1637676427279458,-0.2260499300906106,-0.06720453367122521,-9.094830830448293
11.05,218.6400221531301,1.208146069263381,0.2214138530263992,-0.472351834203924,-1.2081445014658871,1.2081445014658871,-0.22141415485597532,-0.06717316245815155,-9.44703668407848
11.06,218.83524399491068,1.251601280258007,0.21660380138010274,-0.48960099589459116,-1.251599770178415,1.2515997701784147,-0.21660408906408216,-0.06709191017544444,-9.792019917891823
11.07,219.03067622518242,1.294100229356267,0.21162313301774321,-0.5064764232400494,-1.2940987750858028,1.2940987750858028,-0.21162340721907588,-0.06696077541733686,-10.129528464800988
11.08,219.22632116615958,1.3356088880008778,0.20647564726042528,-0.5229657618923477,-1.3356074873765158,1.3356074873765158,-0.20647592146175792,-0.066779775765544,-10.459315237846953
11.09,219.4221804770727,1.3760939015663403,0.20116526571056317,-0.5390569090988405,-1.3760925524342138,1.376092552434214,-0.2011655270611267,-0.06654894818506223,-10.78113818197681
11.1,219.61825514804235,1.4155226181535263,0.19569602972241087,-0.5547380163965602,-1.415521318817181,1.4155213188171807,-0.1956962788244733,-0.06626834954216713,-11.094760327931203
11.11,219.8145454959438,1.4538631174829102,0.1900720978448871,-0.5699974924583789,-1.4538618662893636,1.4538618662893639,-0.19007233527248624,-0.06593805723225189,-11.399949849167578
11.120000000000001,220.01105116228385,1.4910842398448851,0.18429774323497303,-0.5848240061314557,-1.4910830351842403,1.4910830351842403,-0.18429796953524777,-0.0655581699213671,-11.696480122629113
11.13,220.2077711131058,1.5271556150613457,0.17837735103955923,-0.5992064897091743,-1.5271544549184788,1.5271544549184788,-0.17837757733983398,-0.06512880838606531,-11.984129794183486
11.14,220.4047036409341,1.5620476914087789,0.17231541574321949,-0.6131341424709205,-1.5620465741910394,1.5620465741910396,-0.1723156314376649,-0.06465011645521763,-12.26268284941841
11.15,220.6018463687634,1.5957317644490023,0.16611653847907754,-0.626596434524723,-1.5957306887243148,1.5957306887243146,-0.16611674406474636,-0.0641222620455542,-12.53192869049446
11.16,220.79919625609327,1.6281800057102522,0.15978542429956671,-0.6395831109839225,-1.6281789700838691,1.6281789700838691,-0.1597856202502203,-0.06354543828571392,-12.79166221967845
11.17,220.99674960700222,1.6593654911577538,0.15332687940360556,-0.6520841965062852,-1.659364494242078,1.659364494242078,-0.15332707535425916,-0.06291986471849882,-13.041683930125705
11.18,221.1945020802507,1.68926222938979,0.14674580831644474,-0.6640900002193626,-1.6892612694376408,1.6892612694376408,-0.14674599508363723,-0.06224578857197919,-13.281800004387252
11.19,221.39244870139555,1.7178451894924096,0.14004721101822415,-0.6755911210517126,-1.7178442652633346,1.7178442652633348,-0.1400473890323516,-0.06152348609530671,-13.511822421034251
11.200000000000001,221.59058387689342,1.7450903284833506,0.13323618001709242,-0.6865784534875756,-1.745089438769411,1.745089438769411,-0.1332363496883751,-0.06075326394515861,-13.731569069751512
11.21,221.78890141016348,1.7709746182735095,0.12631789736260277,-0.6970431937566592,-1.7709737618990242,1.7709737618990242,-0.1263180590820396,-0.05993546061770761,-13.940863875133186
11.22,221.98739451957536,1.7954760720725162,0.11929763159496891,-0.706976846468474,-1.795475247798224,1.7954752477982243,-0.11929779331440575,-0.05907044790410799,-14.13953692936948
11.23,222.18605585832,1.8185737701633131,0.11218073462575699,-0.7163712316916929,-1.818572976606273,1.818572976606273,-0.11218088876601842,-0.05815863236948346,-14.327424633833859
11.24,222.3848775361163,1.8402478849697266,0.10497263854554283,-0.7252184924790575,-1.8402471210847628,1.8402471210847626,-0.10497278546183818,-0.05720045683596012,-14.504369849581149
11.25,222.58385114269976,1.8604797053402276,0.09767885235412241,-0.7335111028306002,-1.8604789701103812,1.8604789701103812,-0.09767899238501042,-0.05619640186153095,-14.670222056612003
11.26,222.78296777303274,1.8792516599708688,0.09030495860894305,-0.7412418760848534,-1.8792509524071446,1.8792509524071443,-0.090305092077116,-0.05514698719559773,-14.824837521697066
11.27,222.98221805417026,1.896547339890564,0.08285660998756429,-0.7484039737203345,-1.8965466589204103,1.8965466589204103,-0.08285674345573725,-0.05405277320139327,-14.96807947440669
11.28,223.18159217370848,1.912351519932515,0.07533952576015226,-0.7549909145460673,-1.9123508644365765,1.9123508644365768,-0.07533965297317904,-0.05291436223122604,-15.099818290921345
11.290000000000001,223.3810799097373,1.9266501791166943,0.06775948816824817,-0.7609965842547528,-1.9266495482166992,1.9266495482166992,-0.06775960941928526,-0.05173239993855563,-15.219931685095055
11.3,223.5806706622124,1.9394305198698212,0.06012233870635413,-0.7664152453063865,-1.9394299127119958,1.9394299127119956,-0.06012245427481559,-0.05050757651694658,-15.32830490612773
11.31,223.7803534856562,1.950680986011353,0.052433974303189586,-0.7712415471068356,-1.950680401766163,1.950680401766163,-0.05243408445539671,-0.04924062784325885,-15.424830942136712
11.32,223.98011712309133,1.9603912794363976,0.04470034339991537,-0.7754705364375902,-1.9603907171956132,1.9603907171956134,-0.044700453552122495,-0.047932336519957076,-15.509410728751805
11.33,224.17995004110495,1.9685523754294862,0.036927441923018806,-0.7790976680917795,-1.9685518342717634,1.9685518342717634,-0.036927546912811776,-0.046583532797937824,-15.58195336183559
11.34,224.37984046593712,1.9751565365464772,0.0291213091500631,-0.7821188156650428,-1.975156015736333,1.975156015736333,-0.02912140921938226,-0.04519509536820118,-15.642376313300856
11.35,224.57977642048132,1.9801973250057043,0.0212880234670271,-0.7845302824462509,-1.9801968238288747,1.980196823828875,-0.02128811884647877,-0.04376795200977041,-15.690605648925018
11.36,224.77974576208038,1.9836696135337273,0.013433698016532483,-0.7863288123491694,-1.983669131296899,1.983669131296899,-0.013433788925910397,-0.04230308007893516,-15.726576246983388
11.370000000000001,224.97973622099755,1.9855695946156888,0.005564476236866792,-0.7875116008214147,-1.9855691305598688,1.9855691305598688,-0.005564567146244707,-0.04080150683272311,-15.750232016428294
11.38,225.17973543943756,1.985894788105313,-0.002313472707635057,-0.7880763056654999,-1.9858943414655217,1.985894341465522,0.0023133860588337007,-0.03926430957351551,-15.761526113309998
11.39,225.3797310109903,1.984644047154967,-0.010193958603646119,-0.7880210577028837,-1.984643617317728,1.984643617317728,0.010193876015745045,-0.0376926156069956,-15.760421154057674
11.4,225.57971052036535,1.9818175624319032,-0.01807077497138638,-0.787344471210201,-1.9818171488020269,1.981817148802027,0.018070696254066276,-0.03608760200470474,-15.74688942420402
11.41,225.77966158328468,1.9774168645928176,-0.025937703950022584,-0.7860456540548102,-1.9774164665931269,1.9774164665931269,0.025937628921885104,-0.03445049516324442,-15.720913081096203
11.42,225.9795718863972,1.971444824995093,-0.03378852128253955,-0.7841242174550738,-1.9714444419943,1.9714444419943,0.033788446254402076,-0.03278257015732239,-15.682484349101475
11.43,226.17942922707905,1.963905654629583,-0.04161700139595942,-0.7815802852911627,-1.9639052859927904,1.9639052859927904,0.0416169298841052,-0.031085149880936545,-15.631605705823254
11.44,226.37922155298142,1.9548049012664246,-0.049416922572037794,-0.7784145028913804,-1.9548045464840675,1.9548045464840678,0.04941685441167244,-0.029359603975312152,-15.568290057827607
11.450000000000001,226.57893700118785,1.9441494448121464,-0.05718207220282181,-0.774628045219939,-1.94414910339031,1.9441491033903098,0.0571820072368743,-0.02760734754298593,-15.492560904398779
11.46,226.7785639368437,1.931947490883203,-0.06490625212471093,-0.7702226243933549,-1.9319471623433513,1.9319471623433513,0.06490619020347069,-0.02582983964736491,-15.404452487867097
11.47,226.97809099112078,1.9182085626079164,-0.07258328402396791,-0.7652004964537866,-1.9182082464230275,1.9182082464230275,0.07258322210272766,-0.02402858160315654,-15.304009929075733
11.48,227.17750709838182,1.902943490675746,-0.08020701490587992,-0.759564467331225,-1.902943186323822,1.902943186323822,0.0802069558866541,-0.02220511506053048,-15.1912893466245
11.49,227.3768015324123,1.8861644016595522,-0.08777132261915013,-0.7533178979288965,-1.886164108719098,1.8861641087190977,0.08777126636593018,-0.020361019889474738,-15.06635795857793
11.5,227.57596394158887,1.8678847046432416,-0.09527012142643343,-0.7464647082701196,-1.8678844227060447,1.867884422706045,0.09527006780958891,-0.018497911873563394,-14.929294165402391
11.51,227.77498438285826,1.8481190761936999,-0.10269736761134687,-0.7390093806497179,-1.8481188048645703,1.8481188048645703,0.10269731650732086,-0.016617440219560974,-14.780187612994357
11.52,227.9738533544034,1.8268834437222154,-0.11004706511173364,-0.7309569617367686,-1.8268831825560907,1.826883182556091,0.11004701400770762,-0.014721284897434466,-14.619139234735371
11.53,228.17256182687905,1.8041949672866389,-0.11731327116846067,-0.7223130635822882,-1.804194715862023,1.804194715862023,0.11731322245948526,-0.012811153821570985,-14.446261271645763
11.540000000000001,228.3711012731042,1.7800720198912374,-0.12449010197859439,-0.71308386349065,-1.7800717778608242,1.7800717778608242,0.12449005555242493,-0.010888779887335501,-14.261677269813
11.55,228.56946369610353,1.7545341663466023,-0.13157173834140928,-0.7032761027199543,-1.7545339333742562,1.7545339333742564,0.13157169409105857,-0.00895591787953372,-14.065522054399086
11.56,228.767641655398,1.7276021407568278,-0.1385524312854,-0.6928970839837862,-1.7276019165173402,1.7276019165173402,0.13855238910889428,-0.007014341266741243,-13.857941679675726
11.57,228.96562829144946,1.6992978227058617,-0.14542650766417775,-0.6819546677329272,-1.6992976068167587,1.6992976068167587,0.14542646548767202,-0.005065838901109795,-13.639093354658545
11.58,229.16341734817306,1.669644212218812,-0.15218837570900265,-0.6704572672037213,-1.6696440043487408,1.6696440043487408,0.15218833550915079,-0.0031122116410226084,-13.409145344074426
11.59,229.36100319343765,1.6386654035776271,-0.15883253052558086,-0.658413842226974,-1.6386652034413463,1.6386652034413463,0.1588324922097427,-0.0011552689153274827,-13.168276844539479
11.6,229.5583808374831,1.606386558073537,-0.16535355952273947,-0.6458338917987877,-1.6063863653951107,1.6063863653951107,0.16535352300262077,0.0008031747508910932,-12.916677835975754
11.61,229.755545949191,1.5728338757810927,-0.17174614776064548,-0.6327274454226193,-1.5728336902936675,1.5728336902936675,0.1717461129520849,0.0027613032301484867,-12.654548908452385
11.620000000000001,229.95249487015442,1.5380345664405104,-0.17800508320636507,-0.6191050532391206,-1.5380343878085936,1.5380343878085936,0.1780050483978045,0.004717302286121987,-12.382101064782411
11.63,230.14922462650017,1.5020168195363583,-0.18412526188475564,-0.6049777749678907,-1.5020166475088843,1.5020166475088845,0.18412522870754056,0.006669363046710699,-12.099555499357814
11.64,230.34573293842723,1.4648097736611891,-0.1901016929129847,-0.5903571676927484,-1.4648096080044595,1.4648096080044597,0.19010166129066006,0.008615685437783432,-11.807143353854968
11.65,230.54201822743258,1.4264434852530452,-0.19592950340728194,-0.5752552725290406,-1.4264433257410412,1.4264433257410412,0.19592947326697613,0.010554481558397924,-11.505105450580812
11.66,230.73807962120546,1.386948896795065,-0.20160394325098865,-0.5596846002182682,-1.3869487431924112,1.3869487431924112,0.20160391311068285,0.012483978978941221,-11.193692004365364
11.67,230.93391695618004,1.346357804564486,-0.20712038971343077,-0.5436581157018076,-1.3463576566046354,1.3463576566046354,0.20712036098568626,0.01440242394567138,-10.87316231403615
11.68,231.12953077774532,1.3047028260166764,-0.21247435190969496,-0.5271892217310107,-1.3047026835019746,1.3047026835019746,0.21247432452831125,0.016308084473661635,-10.543784434620214
11.69,231.32492233811985,1.2620173668876635,-0.21766147509198897,-0.5102917415769581,-1.262017229626908,1.262017229626908,0.21766144899386722,0.01819925331337831,-10.205834831539162
11.700000000000001,231.52009359190785,1.21833558809594,-0.22267754476392407,-0.49297990090773547,-1.2183354559042108,1.2183354559042108,0.2226775198889217,0.020074250776393437,-9.85959801815471
11.71,231.71504718936131,1.1736923725212072,-0.22751849060975232,-0.47526830890552174,-1.1736922451789493,1.1736922451789495,0.2275184657347499,0.021931427406520786,-9.505366178110435
11.72,231.90978646738188,1.1281232917339268,-0.23218039023135234,-0.45717193869971356,-1.1281231690495304,1.1281231690495304,0.23218036652214707,0.023769166486120916,-9.143438773994271
11.73,232.1043154383029,1.0816645727457692,-0.2366594726865019,-0.4387061071949663,-1.0816644545575889,1.0816644545575889,0.23665945008845735,0.025585886365737495,-8.774122143899326
11.74,232.29863877650115,1.034353064846363,-0.24095212182281073,-0.4198864543760539,-1.0343529509979976,1.0343529509979976,0.2409521002838512,0.027380042609188776,-8.397729087521078
11.75,232.49276180289394,0.9862262065871391,-0.2450548794024952,-0.4007289221730096,-0.9862260969199818,0.9862260969199818,0.2450548578635357,0.029150129946818284,-8.014578443460191
11.76,232.68669046738506,0.9373219929679668,-0.2489644480140233,-0.3812497329712264,-0.9373218872893766,0.9373218872893766,0.24896442748451342,0.03089468403078159,-7.6249946594245275
11.77,232.88043132932893,0.88767894287699,-0.2526776937675078,-0.361465367851945,-0.8876788410503116,0.8876788410503116,0.25267767420013665,0.03261228298959929,-7.2293073570389
11.78,233.07399153608898,0.8373360668285815,-0.2561916487715778,-0.3413925446479656,-0.8373359687215136,0.8373359687215136,0.25619163012125706,0.03430154877819818,-6.827850892959312
11.790000000000001,233.26737879977162,0.7863328350386911,-0.25950351339030514,-0.32104819589922945,-0.7863327405231675,0.7863327405231675,0.25950349561405345,0.03596114832330506,-6.420963917984589
11.8,233.46060137222247,0.7347091458711945,-0.26261065827959856,-0.30044944679132096,-0.734709054790444,0.734709054790444,0.26261064050334687,0.037589794464590896,-6.0089889358264195
11.81,233.65366801837658,0.6825052946828786,-0.2655106262033097,-0.2796135931580627,-0.6825052069061077,0.6825052069061077,0.2655106092601631,0.039186246693535744,-5.592271863161255
11.82,233.84658798805816,0.6297619430892374,-0.26820113363007697,-0.2585580796271142,-0.6297618585044409,0.629761858504441,0.2682011174809928,0.04074931169410403,-5.171161592542283
11.83,234.03937098632977,0.5765200886672038,-0.2706800721127251,-0.23730047798417667,-0.5765200071658785,0.5765200071658785,0.27068005672048684,0.04227784368922617,-4.746009559683533
11.84,234.23202714249385,0.5228210351054929,-0.27294550945276663,-0.2158584658284035,-0.5228209565695771,0.5228209565695771,0.2729454940605284,0.04377074459965499,-4.31716931656807
11.85,234.42456697785283,0.46870636280766603,-0.2749956906532625,-0.19424980558755017,-0.468706287109441,0.468706287109441,0.2749956759823992,0.045226964021987184,-3.8849961117510032
11.86,234.61700137233623,0.41421789994771063,-0.2768290386639623,-0.1724923239573561,-0.4142178269922179,0.41421782699221793,0.2768290246806669,0.04664549903452447,-3.449846479147122
11.870000000000001,234.80934153010537,0.3593976939728133,-0.27844415492326674,-0.15060389182493453,-0.35939762366798067,0.3593976236679807,0.278444141595316,0.04802539383992236,-3.0120778364986904
11.88,235.00159894424795,0.30428798354321474,-0.2798398197021269,-0.12860240473124568,-0.3042879157997807,0.3042879157997807,0.27983980699880684,0.04936573925451718,-2.572048094624914
11.89,235.1937853606763,0.2489311708942646,-0.28101499225552645,-0.10650576392264018,-0.24893110559223613,0.24893110559223613,0.28101497955220645,0.050665672055312,-2.1301152784528035
11.9,235.38591274134322,0.1933697946018798,-0.28196881078765595,-0.08433185803625681,-0.19336973165959043,0.19336973165959045,0.28196879867969266,0.05192437419553424,-1.6866371607251363
11.91,235.57799322689075,0.13764650272836007,-0.28270059223732064,-0.06209854545871418,-0.13764644206751667,0.1376464420675167,0.2827005806968103,0.05314107190153422,-1.2419709091742837
11.92,235.77003909884658,0.08180402632217196,-0.2832098318904812,-0.0398236373917798,-0.08180396786679757,0.08180396786679757,0.2832098208908319,0.05431503466240406,-0.796472747835596
11.93,235.96206274148327,0.025885153242086935,-0.283496202827141,-0.017524881653499042,-0.025885096898905276,0.02588509689890528,0.2834961918274917,0.055445574125468966,-0.35049763306998083
11.94,236.15407660345454,-0.030067297726690194,-0.28355955521004794,0.0047800527625019296,0.030067352037215007,0.030067352037215007,0.2835595447259104,0.056532042910130795,0.09560105525003859
11.950000000000001,236.34609315932244,-0.08601050249911815,-0.2833999154228798,0.027073590352221524,0.0860105548437305,0.08601055484373049,0.28339990543009375,0.05757383335344796,0.5414718070444304
11.96,236.53812487108755,-0.1419016570962056,-0.2830174850657268,0.04933826297929424,0.14190170753974093,0.14190170753974093,0.2830174755412652,0.05857037620013798,0.9867652595858847
11.97,236.73018414983457,-0.19769800286844744,-0.2824126398157747,0.07155672295944468,0.19769805148272154,0.19769805148272152,0.2824126302913131,0.05952113924997261,1.4311344591888937
11.98,236.92228331760197,-0.25335685157577537,-0.28158592816113076,0.09371175535014534,0.2533568984373113,0.2533568984373113,0.28158591908304426,0.06042562597535787,1.8742351070029066
11.99,237.11443456958483,-0.30883561036395457,-0.2805380700157205,0.11578628944946749,0.3088356555298116,0.3088356555298116,0.28053806136308973,0.061283374121729205,2.31572578898935
12.0,237.30664993677655,-0.3640918066773347,-0.2792699552231187,0.13776340951295502,0.36409185020299567,0.36409185020299567,0.27926994697600477,0.062093954303264524,2.7552681902591
