t_s,x_m,y_m,heading_rad,yaw_rate_radps,signed_error_m,distance_error_m,heading_error_rad,curvature_command_pm,lateral_accel_mps2
0.0,0.0,0.0,0.0,0.0,3.152737647920627e-06,3.1527376479212332e-06,6.200881182970891e-07,3.415714356277508e-07,0.0
0.01,0.19999999999999998,4.531514379328161e-11,6.786113568761735e-10,1.3527135153734798e-07,3.2767099564362436e-06,3.2767099564362436e-06,6.194095069402128e-07,3.4247185303446886e-07,2.70542703074696e-06
0.02,0.39999999999999997,3.6084606590990606e-10,2.6982877132444515e-09,2.6822074003839895e-07,3.404985561242532e-06,3.4049855612425314e-06,6.478799110442425e-07,3.5798981113454657e-07,5.3644148007679795e-06
0.03,0.5999999999999999,1.214438465965457e-09,6.065081250156867e-09,4.046830774183927e-07,3.5374465377487898e-06,3.53744653774879e-06,6.76502409056333e-07,3.736256699056544e-07,8.093661548367855e-06
0.04,0.7999999999999999,2.879021067875832e-09,1.0814006728964203e-08,5.446354944230399e-07,3.6739735641582793e-06,3.6739735641582797e-06,7.053157025814779e-07,3.893975869323217e-07,1.0892709888460796e-05
0.05,0.9999999999999999,5.634505239178395e-09,1.6979888564508272e-08,6.880627655248804e-07,3.814444021849053e-06,3.814444021849053e-06,6.991498207459338e-07,3.8771935059145744e-07,1.376125531049761e-05
0.06,1.1999999999999997,9.765419001772079e-09,2.456246131597078e-08,8.279853602585383e-07,3.9605815477555745e-06,3.9605815477555745e-06,7.267797370301599e-07,4.029956839926357e-07,1.6559707205170766e-05
0.07,1.4,1.5553868416411418e-08,3.3560710571396924e-08,9.711871353447404e-07,4.11060312306753e-06,4.11060312306753e-06,7.547253881580466e-07,4.1846872530969864e-07,1.942374270689481e-05
0.08,1.5999999999999996,2.328627230892884e-08,4.400749319763992e-08,1.1176810602161338e-06,4.264403983916829e-06,4.264403983916829e-06,7.830390554925403e-07,4.3416356758543846e-07,2.2353621204322676e-05
0.09,1.7999999999999994,3.325563709093985e-08,5.593584432072382e-08,1.2674897850041414e-06,4.421877244621792e-06,4.421877244621791e-06,8.117770193515457e-07,4.501072821219908e-07,2.5349795700082826e-05
0.1,1.9999999999999991,4.576160229060975e-08,6.937907710145671e-08,1.420646232291472e-06,4.5829138521565576e-06,4.5829138521565576e-06,7.983337865708129e-07,4.44996031806972e-07,2.841292464582944e-05
0.11,2.1999999999999984,6.110767646340473e-08,8.4328505612735e-08,1.5687457879917041e-06,4.749643529703653e-06,4.749643529703654e-06,8.260502529876853e-07,4.6052156179087916e-07,3.137491575983408e-05
0.12,2.3999999999999972,7.959281322074732e-08,1.0077506305275422e-07,1.7200612978280172e-06,4.9199487134837914e-06,4.919948713483792e-06,8.543674876651129e-07,4.7638323096739437e-07,3.4401225956560345e-05
0.13,2.599999999999996,1.0151967756449225e-07,1.1875125731964978e-07,1.874662201681184e-06,5.09374684387348e-06,5.09374684387348e-06,8.833561392993375e-07,4.926155380884035e-07,3.749324403362368e-05
0.14,2.7999999999999945,1.2719750963221858e-07,1.382903523522588e-07,2.0326302268513274e-06,5.2709541972961166e-06,5.270954197296116e-06,9.130911676037831e-07,5.092551257748527e-07,4.065260453702655e-05
0.15,2.999999999999992,1.5694228839570284e-07,1.5942649404301848e-07,2.194059993779749e-06,5.451485722523815e-06,5.451485722523815e-06,8.919550259130234e-07,5.004923701817498e-07,4.388119987559498e-05
0.16,3.199999999999989,1.9107349192123818e-07,1.8214348824948632e-07,2.348822953439513e-06,5.6379702125780864e-06,5.6379702125780864e-06,9.209349796512082e-07,5.16847191951385e-07,4.6976459068790264e-05
0.17,3.3999999999999853,2.2990400039311582e-07,2.0642523108558618e-07,2.5069983445478675e-06,5.827891233341137e-06,5.827891233341137e-06,9.508921411828816e-07,5.337249829248522e-07,5.013996689095735e-05
0.18,3.59999999999998,2.7375022271349633e-07,2.3230654688658813e-07,2.668725706115804e-06,6.021199070244078e-06,6.021199070244078e-06,9.81916673082483e-07,5.511703272436822e-07,5.3374514122316084e-05
0.19,3.799999999999974,3.229356771798264e-07,2.5982373009333227e-07,2.8341594705997887e-06,6.217843456033472e-06,6.217843456033472e-06,1.0141034151237688e-06,5.692301421222192e-07,5.668318941199577e-05
0.2,3.9999999999999667,3.7779130061012524e-07,2.8901469734241133e-07,3.0034695929505183e-06,6.417773261646561e-06,6.417773261646561e-06,9.849124478746899e-07,5.566339565538105e-07,6.0069391859010366e-05
0.21,4.199999999999957,4.386516334281599e-07,3.198569218500687e-07,3.1644387265567275e-06,6.624226274575389e-06,6.624226274575389e-06,1.0167098068870778e-06,5.745971661892929e-07,6.328877453113455e-05
0.22,4.399999999999945,5.058426956385575e-07,3.523285356639761e-07,3.32933436540463e-06,6.834206496260875e-06,6.834206496260875e-06,1.04995778073382e-06,5.933209553295188e-07,6.658668730809259e-05
0.23,4.599999999999932,5.796943664655389e-07,3.864699248592627e-07,3.4983799691458645e-06,7.047707192256386e-06,7.047707192256385e-06,1.0847674269751947e-06,6.128607854101612e-07,6.996759938291728e-05
0.24,4.7999999999999154,6.60544831683604e-07,4.223237980969201e-07,3.6718165368346137e-06,7.264721266004558e-06,7.264721266004558e-06,1.1212549257412212e-06,6.332746755306562e-07,7.343633073669227e-05
0.25,4.999999999999896,7.487410658970793e-07,4.599353653569182e-07,3.84990327252688e-06,7.485240776558666e-06,7.485240776558665e-06,1.0836433584812232e-06,6.166740870061982e-07,7.69980654505376e-05
0.26,5.199999999999873,8.446343166448213e-07,4.992771284885632e-07,4.01788938106607e-06,7.713242952755455e-06,7.713242952755457e-06,1.120200006238896e-06,6.372324326470025e-07,8.03577876213214e-05
0.27,5.399999999999847,9.485655192267655e-07,5.403229094760943e-07,4.190690792149809e-06,7.945151729548353e-06,7.945151729548353e-06,1.1587845747876534e-06,6.588438046893102e-07,8.381381584299618e-05
0.28,5.599999999999815,1.0608804002766292e-06,5.831224750915059e-07,4.368629182794709e-06,8.181012923912264e-06,8.181012923912263e-06,1.1995307947949627e-06,6.81575526636604e-07,8.737258365589418e-05
0.29,5.799999999999777,1.1819349682573384e-06,6.277289106764844e-07,4.552046522279393e-06,8.420871696965121e-06,8.420871696965121e-06,1.2425781003639615e-06,7.054977671516319e-07,9.104093044558785e-05
0.3,5.999999999999734,1.3120961977100834e-06,6.74198826701836e-07,4.741305797089343e-06,8.664771869720397e-06,8.664771869720397e-06,1.1961081843386098e-06,6.847018108665089e-07,9.482611594178685e-05
0.31,6.199999999999686,1.4517366552926496e-06,7.225012190702414e-07,4.9185817366991355e-06,8.917585551188897e-06,8.917585551188897e-06,1.2397694761932396e-06,7.090605936085088e-07,9.837163473398271e-05
0.32,6.39999999999963,1.601216922956615e-06,7.726071552394567e-07,5.101994101804109e-06,9.175032254375382e-06,9.175032254375384e-06,1.286149085354783e-06,7.348248652211453e-07,0.00010203988203608217
0.33,6.599999999999566,1.7609039916442045e-06,8.245801822239687e-07,5.291977993923543e-06,9.437219407952298e-06,9.437219407952298e-06,1.3354057998480129e-06,7.620750940035294e-07,0.00010583955987847087
0.34,6.799999999999494,1.931178004591346e-06,8.784883147009744e-07,5.488991766570944e-06,9.704252951935091e-06,9.704252951935093e-06,1.3877048777301863e-06,7.908949683844441e-07,0.00010977983533141887
0.35000000000000003,6.999999999999412,2.1124331743851744e-06,9.34404271618087e-07,5.693517840090496e-06,9.976236420627388e-06,9.976236420627388e-06,1.3317889208130734e-06,7.656568246128106e-07,0.00011387035680180993
0.36,7.199999999999318,2.305071356685911e-06,9.922950308705023e-07,5.883999051430788e-06,1.025912275981567e-05,1.025912275981567e-05,1.3853275765884537e-06,7.952550158923835e-07,0.00011767998102861576
0.37,7.399999999999213,2.509480835216474e-06,1.0521304841809452e-06,6.082430151166856e-06,1.054777406193509e-05,1.0547774061935088e-05,1.4424005176870155e-06,8.266779994628587e-07,0.00012164860302333713
0.38,7.599999999999096,2.726058688031714e-06,1.1139929660936303e-06,6.28937638712663e-06,1.0842368086363937e-05,1.0842368086363937e-05,1.5031948045153199e-06,8.600210831212993e-07,0.0001257875277425326
0.39,7.799999999998965,2.955219034237843e-06,1.177970596832394e-06,6.505429558897622e-06,1.1143079683507978e-05,1.1143079683507978e-05,1.5679049584263246e-06,8.953832760482421e-07,0.00013010859117795244
0.4,7.999999999998819,3.197394217995042e-06,1.2441575525343887e-06,6.73120895791293e-06,1.1450079610802343e-05,1.1450079610802341e-05,1.50171800272433e-06,8.653597974701885e-07,0.00013462417915825859
0.41000000000000003,8.199999999998656,3.453027091506807e-06,1.3125202254079628e-06,6.940627531153858e-06,1.1770624917118404e-05,1.1770624917118404e-05,1.5683706737547188e-06,9.018915860485434e-07,0.00013881255062307715
0.42,8.399999999998474,3.7225453755739295e-06,1.3830288599930368e-06,7.160366896403125e-06,1.2098532915605548e-05,1.2098532915605548e-05,1.6395160573504131e-06,9.40743357831262e-07,0.0001432073379280625
0.43,8.599999999998273,4.006388822653904e-06,1.4557902481645843e-06,7.391141463192535e-06,1.243406036311197e-05,1.2434060363111968e-05,1.7153737804173072e-06,9.820274938397732e-07,0.0001478228292638507
0.44,8.79999999999805,4.305019268159046e-06,1.5309184781969556e-06,7.633696000663703e-06,1.277745905680603e-05,1.277745905680603e-05,1.7961722201814235e-06,1.025860700658772e-06,0.00015267392001327407
0.45,8.999999999997804,4.618922120468455e-06,1.6085352439378956e-06,7.888806749445332e-06,1.3128974344171985e-05,1.3128974344171987e-05,1.7185554544404835e-06,9.905674706619616e-07,0.00015777613498890665
0.46,9.199999999997534,4.948597062205e-06,1.6886076570787615e-06,8.124888911428386e-06,1.3497436247980661e-05,1.3497436247980663e-05,1.8020765706874877e-06,1.0360126478235504e-06,0.00016249777822856772
0.47000000000000003,9.399999999997235,5.2945270317801735e-06,1.771107727672733e-06,8.374293829369864e-06,1.3875388727981243e-05,1.3875388727981245e-05,1.8912138603047376e-06,1.0843608174321812e-06,0.00016748587658739727
0.48,9.599999999996905,5.657211180196601e-06,1.8561731273130877e-06,8.637907357062026e-06,1.4263176566349819e-05,1.4263176566349819e-05,1.98622515266422e-06,1.135744341995608e-06,0.0001727581471412405
0.49,9.799999999996544,6.037177090313288e-06,1.9439505611022696e-06,8.916650226281906e-06,1.4661136860987494e-05,1.4661136860987494e-05,2.087378694292053e-06,1.1903007157559013e-06,0.00017833300452563814
0.5,9.999999999996149,6.434982618874885e-06,2.03459612316246e-06,9.211479388463886e-06,1.5069597183504215e-05,1.5069597183504215e-05,1.9967331322318623e-06,1.1490625379509733e-06,0.00018422958776927772
0.51,10.199999999995716,6.851204662378965e-06,2.1280787602358123e-06,9.484139129497571e-06,1.5499285112139415e-05,1.549928511213941e-05,2.101471100529238e-06,1.2057284013860132e-06,0.00018968278258995144
0.52,10.399999999995243,7.286401602066973e-06,2.2243734895694413e-06,9.773841031384719e-06,1.5941193193232393e-05,1.5941193193232393e-05,2.2131433621532977e-06,1.2659836130089728e-06,0.00019547682062769436
0.53,10.599999999994726,7.741153261692338e-06,2.32365617093812e-06,1.0081669113850951e-05,1.6395764162666333e-05,1.639576416266633e-05,2.332053268111353e-06,1.3299842756823399e-06,0.000201633382277019
0.54,10.799999999994162,8.216075734502153e-06,2.4261137067657304e-06,1.0408747752468665e-05,1.686342962538309e-05,1.686342962538309e-05,2.4585166870264456e-06,1.3978926397670536e-06,0.00020817495504937332
0.55,10.999999999993548,8.71182363267071e-06,2.5319444538883593e-06,1.075624331413023e-05,1.7344607805972e-05,1.7344607805972e-05,2.3526859399038166e-06,1.3497890480116283e-06,0.0002151248662826046
0.56,11.19999999999288,9.229076489028321e-06,2.6411200685676336e-06,1.1077807703976335e-05,1.785231639125764e-05,1.785231639125764e-05,2.483687139766213e-06,1.420366733795683e-06,0.0002215561540795267
0.5700000000000001,11.399999999992152,9.768493262974085e-06,2.7536196030516993e-06,1.1420955328526477e-05,1.8375658973315825e-05,1.8375658973315825e-05,2.623173701042464e-06,1.4953434402543902e-06,0.00022841910657052952
0.58,11.59999999999136,1.0330760762138265e-05,2.869665485362013e-06,1.1787000940007599e-05,1.891518773591403e-05,1.891518773591403e-05,2.7715038284750576e-06,1.5749037915966691e-06,0.000235740018800152
0.59,11.7999999999905,1.0916611610279954e-05,2.9894935272382698e-06,1.2177306372893754e-05,1.9471439505770618e-05,1.9471439505770615e-05,2.929050891918192e-06,1.6592398410168023e-06,0.00024354612745787507
0.6,11.99999999998957,1.152682697178619e-05,3.113353405043288e-06,1.2593282553690438e-05,2.0044933028093937e-05,2.0044933028093937e-05,2.805191014113174e-06,1.6030448373375262e-06,0.00025186565107380873
0.61,12.19999999998856,1.2162220070521617e-05,3.241220078482084e-06,1.2978767141747857e-05,2.065145147872324e-05,2.065145147872324e-05,2.968337668543626e-06,1.6906833490590454e-06,0.00025957534283495715
0.62,12.399999999987466,1.2823581058194177e-05,3.3730774193999455e-06,1.3391325799535751e-05,2.127780035589776e-05,2.127780035589776e-05,3.1418024308801293e-06,1.7836792189990423e-06,0.00026782651599071503
0.63,12.599999999986283,1.3511735673520929e-05,3.5092041226884893e-06,1.383254408055828e-05,2.192465514987389e-05,2.192465514987389e-05,3.326010120588688e-06,1.882251611793083e-06,0.0002766508816111656
0.64,12.799999999985001,1.4227566998309087e-05,3.6498950166924597e-06,1.4304062937267574e-05,2.2592670913174216e-05,2.259267091317422e-05,3.5214040164552345e-06,1.9866287173593593e-06,0.00028608125874535147
0.65,12.999999999983615,1.4972018740375481e-05,3.7954616296268924e-06,1.4807581198342453e-05,2.328247897773427e-05,2.328247897773427e-05,3.375837403520802e-06,1.9207434915377435e-06,0.00029615162396684903
0.66,13.199999999982117,1.5746075242511865e-05,3.945882510972099e-06,1.5275036832267137e-05,2.401320419692849e-05,2.4013204196928486e-05,3.5780260960291745e-06,2.029145089983872e-06,0.00030550073664534276
0.67,13.399999999980498,1.6550694657040666e-05,4.101146878241083e-06,1.5776166133722718e-05,2.4768858527326464e-05,2.4768858527326468e-05,3.792708552801862e-06,2.1440428616741955e-06,0.0003155233226744544
0.68,13.599999999978749,1.738687999327113e-05,4.26160102924319e-06,1.6312874976388183e-05,2.5550257924751213e-05,2.5550257924751213e-05,4.020390877178726e-06,2.265698017836875e-06,0.00032625749952776365
0.6900000000000001,13.799999999976862,1.825570544795978e-05,4.4276106501584715e-06,1.688713494169237e-05,2.63581918730429e-05,2.63581918730429e-05,4.261601692272476e-06,2.394382764866667e-06,0.00033774269883384743
0.7000000000000001,13.999999999974825,1.9158320349715127e-05,4.599561487932457e-06,1.750098637209107e-05,2.7193419439768242e-05,2.7193419439768246e-05,4.0896508544984906e-06,2.3167596216469277e-06,0.0003500197274418214
0.71,14.199999999972626,2.009592490057047e-05,4.77743564556943e-06,1.8071941905475884e-05,2.807910589136465e-05,2.8079105891364653e-05,4.3390193672919925e-06,2.4503007425596427e-06,0.00036143883810951766
0.72,14.399999999970255,2.106968916760319e-05,4.961227952317041e-06,1.868447758900452e-05,2.8995870022194973e-05,2.8995870022194973e-05,4.603476363403151e-06,2.5916968819235252e-06,0.0003736895517800904
0.73,14.599999999967698,2.2080839127069623e-05,5.1513656850702e-06,1.9340880876267614e-05,2.994468979886118e-05,2.9944689798861175e-05,4.8836273621181535e-06,2.7412605790476885e-06,0.00038681761752535227
0.74,14.799999999964943,2.3130688524348783e-05,5.348299388963978e-06,2.0043517700099137e-05,3.092650959680433e-05,3.092650959680433e-05,5.180105377543323e-06,2.8993177847397046e-06,0.00040087035400198273
0.75,14.999999999961972,2.4220643607328313e-05,5.5525036810152355e-06,2.0794836229892502e-05,3.194223546711651e-05,3.194223546711651e-05,4.975901085492065e-06,2.8073728974171974e-06,0.00041589672459785005
0.76,15.19999999995877,2.535217368547928e-05,5.763963854913599e-06,2.1494865041062654e-05,3.301992064983938e-05,3.301992064983938e-05,5.282112450502207e-06,2.9712554317494976e-06,0.00042989730082125305
0.77,15.399999999955321,2.652671292544548e-05,5.982680369288702e-06,2.224593418501225e-05,3.4136065281579994e-05,3.4136065281579994e-05,5.60652000855154e-06,3.14462065709157e-06,0.000444918683700245
0.78,15.599999999951606,2.774576455512443e-05,6.209177396870132e-06,2.305078839268602e-05,3.529183652243485e-05,3.529183652243485e-05,5.949850933379917e-06,3.3278438319143073e-06,0.0004610157678537204
0.79,15.799999999947605,2.9010939413268067e-05,6.444007030583016e-06,2.3912266658025977e-05,3.648835956436978e-05,3.648835956436978e-05,6.3128659865523275e-06,3.5213165889198618e-06,0.00047824533316051954
0.8,15.999999999943295,3.0323961629331893e-05,6.68775024934545e-06,2.4833306856069055e-05,3.7726711951715685e-05,3.7726711951715685e-05,6.069122767789894e-06,3.411828503412104e-06,0.0004966661371213811
0.81,16.19999999993865,3.168663289435915e-05,6.940394853396093e-06,2.569274904933261e-05,3.9040863052551245e-05,3.904086305255125e-05,6.443716977742494e-06,3.6122671193967595e-06,0.0005138549809866523
0.8200000000000001,16.39999999993365,3.3100713412945064e-05,7.201946723336365e-06,2.661455215721077e-05,4.040231660571498e-05,4.040231660571498e-05,6.840243147406508e-06,3.824144739760404e-06,0.0005322910431442155
0.8300000000000001,16.59999999992827,3.456804810309588e-05,7.473045999838323e-06,2.7602011500111018e-05,4.181246322904103e-05,4.181246322904102e-05,7.259577268993209e-06,4.047913266787015e-06,0.0005520402300022203
0.84,16.79999999992247,3.6090613244366036e-05,7.754366347241282e-06,2.865853611201989e-05,4.3272641711338894e-05,4.3272641711338894e-05,7.70263632866052e-06,4.2840445814436486e-06,0.0005731707222403978
0.85,16.99999999991623,3.7670523298201474e-05,8.046616119084007e-06,2.97876544009119e-05,4.4784132192653014e-05,4.478413219265302e-05,7.410386556817795e-06,4.153034600335428e-06,0.000595753088018238
0.86,17.19999999990951,3.9309987554216936e-05,8.349784629072094e-06,3.08425312210699e-05,4.6388067323201976e-05,4.6388067323201976e-05,7.867212306941102e-06,4.397486826702571e-06,0.000616850624421398
0.87,17.399999999902278,4.101116582236048e-05,8.663882780701234e-06,3.197332964849265e-05,4.80498924383848e-05,4.804989243838481e-05,8.350474134357225e-06,4.65573599156246e-06,0.0006394665929698531
0.88,17.599999999894486,4.2776321279347844e-05,8.989689659082282e-06,3.318401028835554e-05,4.977126462587022e-05,4.977126462587023e-05,8.861229879007254e-06,4.928327585762329e-06,0.0006636802057671109
0.89,17.799999999886097,4.4607876925618514e-05,9.32802464568938e-06,3.447867134944628e-05,5.155377751000365e-05,5.155377751000365e-05,9.400587367471562e-06,5.215831458835817e-06,0.0006895734269889256
0.9,17.999999999877065,4.650842378453081e-05,9.679748829121212e-06,3.586155556611695e-05,5.339895305366873e-05,5.339895305366874e-05,9.04886318403973e-06,5.058421122556552e-06,0.000717231111322339
0.91,18.19999999986734,4.84806683081062e-05,1.0044851751249183e-05,3.715471817088363e-05,5.5356599783373293e-05,5.5356599783373293e-05,9.604604520750557e-06,5.355868258209012e-06,0.0007430943634176726
0.92,18.399999999856867,5.052725746204958e-05,1.042334878910151e-05,3.854007139846258e-05,5.73848194847022e-05,5.73848194847022e-05,1.0192224830628922e-05,5.669960610161483e-06,0.0007708014279692516
0.93,18.59999999984559,5.2650963856862426e-05,1.0816185760603212e-05,4.002238169952377e-05,5.9485589412002e-05,5.948558941200199e-05,1.0813003855589201e-05,6.00135782191462e-06,0.0008004476339904755
0.9400000000000001,18.799999999833446,5.485475408897708e-05,1.1224356985238418e-05,4.160658237901921e-05,6.166080958056277e-05,6.166080958056277e-05,1.1468282213714487e-05,6.3507492026628715e-06,0.0008321316475803842
0.9500000000000001,18.999999999820368,5.7141798610751694e-05,1.1648906994956256e-05,4.3297782040648686e-05,6.391229289848129e-05,6.391229289848129e-05,1.1043732203996648e-05,6.160989030983137e-06,0.0008659556408129737
0.96,19.19999999980628,5.951540794098507e-05,1.2089824000294916e-05,4.4880343642364595e-05,6.630035797758983e-05,6.630035797758983e-05,1.171854805626926e-05,6.522277607910528e-06,0.0008976068728472919
0.97,19.399999999791106,6.197882066717393e-05,1.2547127199315165e-05,4.657464828748831e-05,6.87742075912878e-05,6.87742075912878e-05,1.2431831062852826e-05,6.9036576073392915e-06,0.0009314929657497663
0.98,19.599999999774763,6.45354276953304e-05,1.3021962838568418e-05,4.838644005191753e-05,7.133620580550665e-05,7.133620580550667e-05,1.3185131349084992e-05,7.305927732597562e-06,0.0009677288010383505
0.99,19.79999999975716,6.718885499271165e-05,1.3515535621578246e-05,5.0321665578936896e-05,7.398862306862062e-05,7.398862306862062e-05,1.3980073085338383e-05,7.729922773355398e-06,0.001006433311578738
1.0,19.999999999738193,6.994297548522542e-05,1.4029110786085806e-05,5.2386484359263936e-05,7.673362431731695e-05,7.673362431731693e-05,1.346649792083082e-05,7.50058520358858e-06,0.0010477296871852788
1.01,20.199999999717758,7.280183170732855e-05,1.4562673393587288e-05,5.431959322569641e-05,7.964426203217966e-05,7.964426203217967e-05,1.428479630862433e-05,7.938840774633962e-06,0.0010863918645139282
1.02,20.39999999969574,7.576937887873715e-05,1.5116245758113513e-05,5.638798480649755e-05,8.26589569756017e-05,8.26589569756017e-05,1.5149545133352728e-05,8.401362136432381e-06,0.0011277596961299509
1.03,20.599999999672015,7.884975655545541e-05,1.5691215477929617e-05,5.8598590221438296e-05,8.578054228217173e-05,8.578054228217173e-05,1.6062623509514306e-05,8.889117177578871e-06,0.001171971804428766
1.04,20.79999999964645,8.204738882669026e-05,1.628904069692064e-05,6.09585866544878e-05,8.90117379141656e-05,8.90117379141656e-05,1.702600051125921e-05,9.40311763477126e-06,0.001219171733089756
1.05,20.999999999618897,8.536699867422448e-05,1.6911252627904803e-05,6.347540984642798e-05,9.235513630795912e-05,9.235513630795911e-05,1.6403788580275046e-05,9.125445653217113e-06,0.0012695081969285595
1.06,21.1999999995892,8.88135141983859e-05,1.7557831117800407e-05,6.583243112792362e-05,9.589921941067677e-05,9.589921941067677e-05,1.7395162047314513e-05,9.656573217764025e-06,0.0013166486225584723
1.07,21.399999999557185,9.239175726980336e-05,1.8228800890710337e-05,6.835312086920936e-05,9.956934605838325e-05,9.956934605838324e-05,1.8442666228891303e-05,1.0217026575029484e-05,0.0013670624173841872
1.08,21.599999999522677,9.610677261842478e-05,1.8925840635483186e-05,7.104585200967547e-05,0.00010336891947964381,0.00010336891947964382,1.9548580025145315e-05,1.0807979207369095e-05,0.0014209170401935094
1.09,21.79999999948548,9.996394918504842e-05,1.965071427001806e-05,7.391929642355335e-05,0.00010730120629285279,0.00010730120629285278,2.071529153219048e-05,1.1430657829023768e-05,0.001478385928471067
1.1,21.99999999944537,0.00010396903747114685,2.0405274006675383e-05,7.698244008184822e-05,0.0001113693191666475,0.0001113693191666475,1.9960731795533156e-05,1.1094059089433053e-05,0.0015396488016369643
1.11,22.199999999402124,0.00010812803587391725,2.1189492165499215e-05,7.985162739997378e-05,0.0001156804364571292,0.00011568043645712922,2.1161086355138883e-05,1.1737347542140733e-05,0.0015970325479994756
1.12,22.39999999935549,0.00011244681340639348,2.2003395224612023e-05,8.291876029860446e-05,0.00012014409415326879,0.00012014409415326879,2.2429313542762972e-05,1.2416097712914174e-05,0.0016583752059720893
1.1300000000000001,22.599999999305204,0.00011693150838575847,2.2849013429542042e-05,8.619396297391009e-05,0.0001247643891333741,0.0001247643891333741,2.3768177541982757e-05,1.313173266232512e-05,0.0017238792594782017
1.1400000000000001,22.799999999250975,0.00012158867542413191,2.372848008931719e-05,8.968772271928985e-05,0.0001295452534766536,0.0001295452534766536,2.518057496126986e-05,1.3885740015401467e-05,0.001793754454385797
1.1500000000000001,22.999999999192486,0.0001264253064105244,2.4644035299640828e-05,9.341090830480316e-05,0.00013449043349940293,0.00013449043349940293,2.4265019750946222e-05,1.347741421046714e-05,0.0018682181660960632
1.16,23.19999999912939,0.0001314486927561557,2.559564128248661e-05,9.689866202329834e-05,0.00013972976272722787,0.00013972976272722787,2.5717936681169485e-05,1.425626596785702e-05,0.001937973240465967
1.17,23.399999999061333,0.00013666596824424472,2.6583325711436947e-05,0.00010062579955254049,0.00014515361048979768,0.00014515361048979768,2.7252970119731586e-05,1.507802116476377e-05,0.00201251599105081
1.18,23.59999999898792,0.000142084592051759,2.760954388270288e-05,0.00010460457167591414,0.0001507669179046714,0.0001507669179046714,2.887347276569462e-05,1.5944405561894023e-05,0.002092091433518283
1.19,23.799999998908724,0.00014771252681337825,2.867687581200364e-05,0.00010884767004207023,0.00015657442729177868,0.00015657442729177868,3.058295780633637e-05,1.6857223176085974e-05,0.0021769534008414045
1.2,23.99999999882328,0.00015355826401371848,2.97880307548993e-05,0.00011336824942671331,0.00016258065681337043,0.00016258065681337043,2.9471802863440718e-05,1.6361707999854064e-05,0.002267364988534266
1.21,24.199999998731084,0.00015963065705706518,3.0942957975836125e-05,0.00011760307818478129,0.00016894289156300273,0.00016894289156300276,3.123018116002459e-05,1.730451949564232e-05,0.0023520615636956257
1.22,24.399999998631603,0.00016593836736187225,3.2141685925606634e-05,0.0001221274300834972,0.00017552828409442644,0.00017552828409442641,3.308795353323434e-05,1.8299259607561436e-05,0.002442548601669944
1.23,24.599999998524265,0.00017249044956572639,3.3387184243666206e-05,0.00012695613729040263,0.00018234280280066812,0.00018234280280066812,3.5049185852199254e-05,1.9348020954106307e-05,0.002539122745808053
1.24,24.799999998408442,0.0001792965672455051,3.468257357524248e-05,0.0001321045670088926,0.00018939217618034636,0.00018939217618034636,3.711813837172965e-05,2.045299094766829e-05,0.002642091340177852
1.25,24.99999999828345,0.00018636702366259378,3.60311310568754e-05,0.0001375886484246941,0.00019668186214956423,0.00019668186214956423,3.576958089009673e-05,1.9851609066544006e-05,0.002751772968493882
1.26,25.19999999814854,0.00019371255949617648,3.743278979686947e-05,0.00014272597457132358,0.00020440240790036996,0.00020440240790036996,3.789761842857393e-05,2.0992833293290664e-05,0.002854519491426472
1.27,25.39999999800294,0.00020134368172852166,3.888757878168693e-05,0.00014821352991900493,0.00021239284334185292,0.00021239284334185292,4.0146003434906505e-05,2.219693015087178e-05,0.0029642705983800987
1.28,25.5999999978458,0.00020927137265568617,4.039909042388833e-05,0.00015406927869495083,0.00022066038614561816,0.00022066038614561816,4.2519665474532146e-05,2.3466436598722255e-05,0.0030813855738990167
1.29,25.7999999976762,0.0002175073512378703,4.197110003406178e-05,0.00016031183411409285,0.00022921196432902212,0.0002292119643290221,4.5023769439023156e-05,2.48040043628018e-05,0.003206236682281857
1.3,25.99999999749313,0.00022606411033893118,4.360757247424232e-05,0.0001669604909788525,0.00023805417911708515,0.00023805417911708515,4.3387296998842616e-05,2.407419029059216e-05,0.00333920981957705
1.31,26.199999997295503,0.0002349546716598178,4.530842108171531e-05,0.0001731884698801434,0.000247417878056603,0.000247417878056603,4.596288075936094e-05,2.5455619160246503e-05,0.003463769397602868
1.32,26.399999997082165,0.0002441917726380476,4.7073675342320046e-05,0.00017984020902303254,0.000257108025860689,0.000257108025860689,4.86842167542413e-05,2.691318863572754e-05,0.0035968041804606506
1.33,26.599999996851885,0.0002537887254548229,4.890768203462228e-05,0.0001869374710927191,0.00026713335831483025,0.0002671333583148302,5.1557280009291816e-05,2.844997358779421e-05,0.0037387494218543817
1.34,26.7999999966033,0.00026375973367331244,5.0815009511155346e-05,0.00019450280557477064,0.0002775022612296359,0.0002775022612296359,5.4588330321415043e-05,3.006918777300388e-05,0.003890056111495413
1.35,26.999999996334935,0.00027411993735345085,5.2800455764194826e-05,0.00020255958817789324,0.0002882227255062412,0.00028822272550624127,5.260288406837556e-05,2.9183669289250193e-05,0.0040511917635578645
1.36,27.19999999604518,0.00028488511614412505,5.486391022024873e-05,0.00021010614698148552,0.0002995744234699419,0.0002995744234699419,5.5720474509388164e-05,3.0855981489393504e-05,0.00420212293962971
1.37,27.399999995732347,0.00029607070418542547,5.7005403052733964e-05,0.00021816555391227245,0.00031132105641036085,0.00031132105641036085,5.9014610053680906e-05,3.262051559094406e-05,0.004363311078245449
1.3800000000000001,27.599999995394622,0.0003076928308335686,5.923019501862461e-05,0.0002267641762168688,0.0003234732033872218,0.00032347320338722174,6.249253066839734e-05,3.4480997368070885e-05,0.004535283524337376
1.3900000000000001,27.79999999503001,0.0003197687042827855,6.154381533024623e-05,0.00023592933454085393,0.00033604102030401035,0.00033604102030401035,6.616182079026044e-05,3.6441320598170325e-05,0.004718586690817078
1.4000000000000001,27.999999994636333,0.0003323166662257541,6.395207142833567e-05,0.00024568935058394317,0.00034903418556776495,0.00034903418556776495,6.3753564692171e-05,3.5367124201763154e-05,0.004913787011678864
1.41,28.199999994211225,0.0003453558321518829,6.645482401760832e-05,0.0002548306950861028,0.00036279151948971926,0.00036279151948971926,6.752767692490538e-05,3.739175365734988e-05,0.005096613901722056
1.42,28.399999993752225,0.00035890489790249764,6.9052104380038e-05,0.00026459283582418343,0.00037702674104353505,0.0003770267410435351,7.151564661718193e-05,3.952809071902632e-05,0.0052918567164836686
1.43,28.599999993256652,0.00037298340053025617,7.175028074337968e-05,0.0002750077193851106,0.000391752665500546,0.000391752665500546,7.572624362745324e-05,4.178064846873208e-05,0.005500154387702212
1.44,28.799999992721585,0.00038761218306675995,7.455604659408059e-05,0.0002861084470712016,0.0004069815961464359,0.000406981596146436,8.016865435914396e-05,4.415414314103634e-05,0.005722168941424032
1.45,28.999999992143817,0.0004028134607482968,7.747643251333845e-05,0.00029792933248910043,0.0004227252586246372,0.0004227252586246372,7.72482684398861e-05,4.285138680618942e-05,0.005958586649782009
1.46,29.19999999151988,0.00041861038525309996,8.051126480998518e-05,0.0003090002226182828,0.00043939412124077904,0.0004393941212407791,8.181767382004445e-05,4.5302778122430016e-05,0.006180004452365656
1.47,29.39999999084615,0.0004350255988863659,8.366057652344229e-05,0.0003208227104403406,0.00045664136053260847,0.00045664136053260847,8.66461347488551e-05,4.788948097975363e-05,0.0064164542088068115
1.48,29.599999990118697,0.0004520827620946398,8.69320777973781e-05,0.00033343550028437044,0.00047448250250216334,0.0004744825025021633,9.174427074341312e-05,5.061696039672819e-05,0.0066687100056874084
1.49,29.79999998933322,0.0004698071165257847,9.033387283152742e-05,0.0003468786943747631,0.0004929324533074446,0.0004929324533074447,9.712320479231293e-05,5.349092692923091e-05,0.006937573887495262
1.5,29.999999988485015,0.0004882255652613875,9.387447420959938e-05,0.00036119386239031156,0.0005120054200416458,0.0005120054200416458,9.358260341424098e-05,5.191135590753695e-05,0.007223877247806231
1.51,30.199999987568997,0.0005073661449237318,9.755366706035222e-05,0.00037460001905182067,0.0005321986527007743,0.0005321986527007744,9.911539992455033e-05,5.487968648928291e-05,0.007492000381036413
1.52,30.399999986579832,0.0005272562741803362,0.00010137148703611569,0.0003889162536960069,0.0005530919963905382,0.0005530919963905383,0.00010496198520728769,5.801191256754923e-05,0.007778325073920138
1.53,30.59999998551175,0.0005479246042403717,0.00010533727012924948,0.00040418945253675904,0.0005747042605506377,0.0005747042605506377,0.00011113521411089229,6.131464966095252e-05,0.008083789050735181
1.54,30.799999984358443,0.0005694017009642853,0.00010946082968000332,0.0004204681932996324,0.0005970535037895064,0.0005970535037895064,0.0001176485497712357,6.47948099235129e-05,0.008409363865992649
1.55,30.999999983113007,0.0005917201420530149,0.00011375247371293995,0.0004378028292031643,0.0006201569384932861,0.0006201569384932861,0.00011335690573829908,6.28800222540824e-05,0.008756056584063285
1.56,31.199999981767967,0.0006149138775636511,0.00011821193796747424,0.0004540359095957287,0.0006446169156312723,0.0006446169156312723,0.00012005663483444535,6.64744865735354e-05,0.009080718191914574
1.57,31.399999980315496,0.0006390161081853994,0.0001228392617279172,0.000471371056704257,0.0006699244624035315,0.0006699244624035314,0.00012713641131851437,7.02674502832925e-05,0.00942742113408514
1.58,31.59999997874712,0.0006640615269092648,0.00012764575055114978,0.0004898650591711089,0.0006961023625241781,0.000696102362524178,0.0001346117902344505,7.426691874246703e-05,0.009797301183422178
1.59,31.79999997705358,0.0006900871453115161,0.00013264328814379596,0.0005095767514828034,0.000723172489779269,0.000723172489779269,0.0001424990611546282,7.848125547510679e-05,0.010191535029656067
1.6,31.99999997522474,0.0007171324112634101,0.00013784435732901512,0.0005305671153024078,0.0007511556935132705,0.0007511556935132705,0.00013729799196940902,7.616055291983721e-05,0.010611342306048157
1.61,32.199999973249625,0.0007452384342901276,0.00014324863442253304,0.0005502227822833069,0.0007807815967398013,0.0007807815967398014,0.00014541101383434051,8.051332288456826e-05,0.011004455645666138
1.62,32.39999997111674,0.0007744454154761138,0.00014885616345060223,0.0005712130533809958,0.0008114336586291277,0.0008114336586291278,0.00015398426707145826,8.510647012202041e-05,0.011424261067619916
1.6300000000000001,32.59999996881366,0.0008047953628482048,0.00015468063544480659,0.0005936066974413953,0.0008431394700085536,0.0008431394700085536,0.00016303656667177713,8.99496780359741e-05,0.011872133948827907
1.6400000000000001,32.79999996632679,0.0008363330922367177,0.00016073644153226239,0.0006174749564808734,0.0008759255185150979,0.000875925518515098,0.00017258761401175174,9.505306219102685e-05,0.012349499129617468
1.6500000000000001,32.99999996364124,0.0008691063698086305,0.0001670386982802345,0.0006428916678613399,0.0009098170517430006,0.0009098170517430006,0.00016628535726377963,9.224084914931983e-05,0.0128578333572268
1.6600000000000001,33.19999996074091,0.0009031649737391199,0.0001735870102132347,0.0006666913836550675,0.0009456977910946939,0.0009456977910946939,0.00017610973639615215,9.751184610902301e-05,0.01333382767310135
1.67,33.399999957608934,0.0009385575811660332,0.0001803814271850972,0.0006921072881549509,0.0009828209302715715,0.0009828209302715715,0.0001864913477016949,0.00010307388315356317,0.013842145763099018
1.68,33.59999995422706,0.0009753350571740158,0.000187438528755123,0.0007192226382763246,0.001021219870534876,0.001021219870534876,0.00019745293926777668,0.0001089386683392371,0.014384452765526492
1.69,33.799999950575334,0.0010135516670171647,0.00019477574204208718,0.0007481236790380911,0.0010609266751559138,0.0010609266751559136,0.00020901832799129861,0.00011511843074720844,0.014962473580761823
1.7,33.999999946631924,0.0010532652486682861,0.00020241137234358456,0.0007788997907339798,0.0011019719069621707,0.0011019719069621707,0.00020138269768980123,0.00011171106791452233,0.015577995814679595
1.71,34.199999942373196,0.0010945360762677943,0.00021034493704437355,0.0008077170884982108,0.0011454258353862314,0.0011454258353862314,0.00021327889674138074,0.00011809370672455268,0.016154341769964217
1.72,34.39999993777439,0.00113742308967811,0.0002185764927097811,0.0008384914598572168,0.0011903839189748057,0.0011903839189748057,0.0002258496251421583,0.00012482865176082723,0.016769829197144336
1.73,34.59999993280873,0.0011819878779187934,0.0002271261156051109,0.0008713236747708882,0.0012368865770609385,0.0012368865770609385,0.00023912237232528207,0.00013193005193325042,0.017426473495417764
1.74,34.79999992744693,0.001228296147240506,0.00023601490779522448,0.0009063181111639612,0.0012849726056601014,0.0012849726056601014,0.0002531259152514568,0.00013941268368232942,0.018126362223279225
1.75,34.99999992165696,0.0012764179299521248,0.0002452650341125226,0.0009435829320022968,0.0013346789865814454,0.0013346789865814452,0.0002438757889341587,0.0001352846843328938,0.018871658640045936
1.76,35.19999991540412,0.001326426207853353,0.0002548759056412105,0.0009784750626780786,0.0013873017749534767,0.0013873017749534767,0.00025827952108874473,0.00014301277829390714,0.01956950125356157
1.77,35.39999990865209,0.0013783923459366727,0.0002648475860705775,0.0010157368131369074,0.0014417454577442268,0.0014417454577442268,0.00027349955735580156,0.00015116723325534306,0.020314736262738147
1.78,35.599999901361585,0.0014323909164397205,0.00027520438327393513,0.0010554901120323295,0.0014980589242942902,0.0014980589242942902,0.00028956909704573266,0.00015976513776580923,0.02110980224064659
1.79,35.799999893489634,0.0014885014765607268,0.00028597184624953344,0.0010978612411874566,0.0015562890937891696,0.0015562890937891696,0.00030652288860990836,0.0001688243352428459,0.021957224823749132
1.8,35.99999988498922,0.0015468088211077992,0.0002971768097195507,0.0011429810483445605,0.001616480694478758,0.001616480694478758,0.00029531792513989104,0.0001638237695147331,0.02285962096689121
1.81,36.19999987580947,0.0016074013153519202,0.00030881855441927783,0.0011852270667509995,0.0016802029919892793,0.0016802029919892793,0.0003127555737770118,0.0001731798168083987,0.02370454133501999
1.82,36.39999986589707,0.0016703653654448845,0.0003208971506954475,0.0012303418009220197,0.0017461293009887594,0.0017461293009887597,0.00033118079413033374,0.00018305169007505447,0.024606836018440395
1.83,36.59999985519439,0.0017357912598078263,0.00033344202554569857,0.0012784727272515395,0.0018143187239936624,0.0018143187239936624,0.00035063365312103093,0.00019346001380045208,0.02556945454503079
1.84,36.79999984363839,0.00180377532149393,0.00034648410705714905,0.0013297725697488194,0.001884827971577175,0.001884827971577175,0.00037115607881332824,0.00020442631912243587,0.026595451394976388
1.85,36.9999998311601,0.0018744202137391593,0.0003600558781625448,0.0013843995551870022,0.001957711113422778,0.0019577111134227777,0.00035758430770793247,0.000198369264988194,0.027687991103740043
1.86,37.19999981768488,0.0019478329210831345,0.00037415645890832866,0.0014355460996907123,0.0020348679148237416,0.0020348679148237416,0.0003786913857457646,0.0002096943720211197,0.028710921993814247
1.87,37.39999980313455,0.00202411805411164,0.0003887859243395529,0.0014901649176367116,0.0021146919130526293,0.0021146919130526293,0.0004009927980960217,0.00022164331817853714,0.029803298352734233
1.8800000000000001,37.59999978742454,0.0021033849217407976,0.0004039798916685543,0.0015484343102501238,0.002197254512839513,0.0021972545128395127,0.000424536858911667,0.00023424097458422862,0.030968686205002476
1.8900000000000001,37.799999770462385,0.0021857501367440724,0.000419775792820362,0.0016105388977802,0.0022826242137463254,0.0022826242137463254,0.00044937411426328747,0.000247513299269107,0.032210777955603995
1.9000000000000001,37.999999752146934,0.0022713379851156635,0.0004362129391546227,0.0016766699248193212,0.002370866341314226,0.0023708663413142257,0.0004329369679290268,0.00024017714737765565,0.033533398496386424
1.9100000000000001,38.199999732368696,0.0023602779815299433,0.00045329025154598426,0.0017385861589876604,0.002464280319527991,0.002464280319527991,0.0004584801559569064,0.00025388288117373314,0.03477172317975321
1.92,38.399999711012995,0.0024526967638819216,0.0004710078053649044,0.0018047042038193111,0.002560921170101908,0.002560921170101908,0.0004854670991007514,0.0002683427612513948,0.03609408407638622
1.93,38.59999968795582,0.002548726654402629,0.0004894086996117076,0.0018752395198262627,0.0026608750978095947,0.0026608750978095947,0.0005139559965126186,0.00028358674923440526,0.03750479039652525
1.94,38.79999966306157,0.002648508813123696,0.0005085382260144647,0.0019504151667145105,0.0027642247773206436,0.0027642247773206436,0.0005440077178554498,0.00029964610670093133,0.03900830333429021
1.95,38.99999963618188,0.00275219368414335,0.0005284439468487186,0.0020304621677263756,0.0028710490853477914,0.002871049085347791,0.0005241019970211959,0.00029076148936407585,0.04060924335452751
1.96,39.1999996071562,0.0028599380360924942,0.000549124534725417,0.0021054055877186093,0.0029841305236281324,0.0029841305236281324,0.0005550053649711511,0.00030734398772185685,0.042108111754372186
1.97,39.39999957581637,0.0029718951512213085,0.0005705800571747443,0.0021854321379086972,0.003101114656491994,0.003101114656491994,0.0005876530863989824,0.00032483768976441114,0.043708642758173946
1.98,39.59999954198054,0.003088225186666015,0.0005928626508762032,0.002270802026411544,0.0032221054668096966,0.0032221054668096966,0.0006221151803199963,0.0003432786448280951,0.04541604052823088
1.99,39.79999950544987,0.0032090989901533023,0.0006160271003626564,0.002361784585369876,0.0033472026456981157,0.0033472026456981157,0.0006584648521406832,0.00036270445252732273,0.04723569170739752
2.0,39.99999946600684,0.003334698638838744,0.0006401309314342443,0.0024586587042376294,0.00347650137024464,0.00347650137024464,0.0006343610210690953,0.0003519455242369941,0.04917317408475259
2.0100000000000002,40.19999942341606,0.0034652138568997933,0.0006651725054209903,0.002549353765958938,0.003613367735839985,0.003613367735839985,0.0006717370959335469,0.0003720022253251733,0.05098707531917876
2.02,40.39999937743098,0.0036008301429354406,0.0006911518679964424,0.0026461959309381,0.0037549522306826026,0.0037549522306826026,0.0007112193887641497,0.0003931592166889009,0.052923918618762
2.0300000000000002,40.59999932778502,0.003741741306826441,0.0007181320655438008,0.002749499222518947,0.0039013801535466566,0.003901380153546656,0.0007528920105118714,0.0004154598067914023,0.05498998445037894
2.04,40.799999274186696,0.0038881540853982423,0.0007461793395280347,0.0028595885972670368,0.004052771582154562,0.0040527715821545626,0.000796842860902924,0.0004389491462730076,0.05719177194534074
2.05,40.999999216317164,0.004040288792539948,0.0007753632384019527,0.0029768004580284,0.004209241284454894,0.004209241284454894,0.000767658962029006,0.00042592189385905194,0.059536009160568
2.06,41.199999153831385,0.0041983749837389795,0.0008056817307713314,0.0030865322308332673,0.004374859910927108,0.004374859910927108,0.0008128453424547605,0.0004501712703366513,0.061730644616665345
2.07,41.39999908636803,0.004362637092374836,0.00083713481752478,0.003203694565461027,0.004546179634178918,0.004546179634178919,0.0008605729538550309,0.0004757482732693046,0.06407389130922053
2.08,41.59999901353637,0.00453330959448656,0.0008697987037930199,0.0033286661022322735,0.004723351252581837,0.004723351252581837,0.0009109426466526509,0.0005027048358521439,0.06657332204464547
2.09,41.79999893490926,0.004710642590126153,0.0009037534466745152,0.0034618385508101363,0.004906519208093022,0.004906519208093021,0.0009640597569086697,0.0005310950705352651,0.06923677101620272
2.1,41.99999885001948,0.0048949025870194595,0.0009390830889602431,0.003603617294452791,0.005095821797564841,0.005095821797564841,0.0009287301146229418,0.0005153232752871193,0.07207234588905582
2.11,42.19999875836143,0.005086367255076458,0.0009757851005032524,0.003736342581481616,0.00529617955842831,0.00529617955842831,0.0009833323343877304,0.0005446279627781482,0.07472685162963232
2.12,42.399998659405725,0.005285308054510633,0.001013859401028417,0.0038780451655425507,0.0055034219996052455,0.0055034219996052455,0.0010409978464657585,0.0005755331432289317,0.07756090331085101
2.13,42.599998552579905,0.0054920085727686845,0.0010533980514840049,0.004029181121922943,0.005717730338143018,0.005717730338143018,0.0011018472952663931,0.0006081009510146267,0.08058362243845886
2.14,42.79999843725826,0.0057067712707240675,0.0010944977517105996,0.00419022210187561,0.0059392780453456015,0.005939278045345601,0.00116600660720086,0.000642396084053886,0.0838044420375122
2.15,42.99999831275635,0.005929918426260171,0.001137259999746554,0.00436165603942525,0.006168231665252152,0.006168231665252152,0.0011232443591649057,0.0006233044962349744,0.087233120788505
2.16,43.19999817833367,0.006161785789700573,0.001181681627588191,0.004522134582235971,0.006410535881076129,0.006410535881076129,0.0011891856380208082,0.0006586981778211654,0.09044269164471942
2.17,43.39999803321487,0.006402701581982723,0.0012277624172614156,0.004693452274017983,0.006661147973120893,0.006661147973120892,0.0012588154371968435,0.0006960191983296307,0.09386904548035965
2.18,43.59999787656165,0.006653008657654294,0.001275613512639498,0.0048761577625936765,0.00692028531846956,0.00692028531846956,0.0013322776734247528,0.000735341689897072,0.09752315525187352
2.19,43.79999770745775,0.0069130726547815225,0.001325351636853865,0.005070818190123765,0.007188155845166621,0.0071881558451666215,0.001409722440843017,0.0007767427788731747,0.1014163638024753
2.2,43.9999975249011,0.007183283129555759,0.0013770992813490375,0.005278020012682697,0.007464960015295767,0.007464960015295767,0.0013579747963478445,0.00075363699832688,0.10556040025365394
2.21,44.1999973278076,0.007464045885230508,0.0014308524563070128,0.005471968462097492,0.007757875064751628,0.0077578750647516286,0.0014375531475162395,0.000796355324405636,0.10943936924194984
2.22,44.39999711504228,0.007755757593900782,0.0014866107194890334,0.005678994065495713,0.008060806462455787,0.008060806462455787,0.0015215668942040242,0.00084139151172657,0.11357988130991425
2.23,44.599996885378104,0.008058832569773277,0.001544508148366234,0.005899755812431932,0.008374014383342255,0.008374014383342255,0.0016101871176722995,0.0008888337026695723,0.11799511624863865
2.24,44.79999663747417,0.00837371260868488,0.0016046855199588841,0.006134934550314469,0.008697747460521012,0.008697747460521014,0.001703592061040968,0.000938773505125694,0.12269869100628938
2.25,44.99999636986413,0.00870086835016015,0.0016672905341286643,0.006385233924025178,0.009032246933291938,0.009032246933291938,0.0016409870468711877,0.0009108159927685133,0.12770467848050357
2.2600000000000002,45.19999608096185,0.00904079000673299,0.0017323181340083843,0.0066195051213731515,0.009386171018329052,0.009386171018329052,0.0017369398751799587,0.0009623316477732699,0.13239010242746302
2.27,45.39999576910688,0.00939395671499792,0.001799767522010727,0.006869539004477766,0.009752158220919304,0.009752158220919304,0.0018382174958174275,0.0010166303301179069,0.13739078008955533
2.2800000000000002,45.59999543250442,0.009760868857530261,0.0018698002883137878,0.007136125603918817,0.01013051909321645,0.01013051909321645,0.0019450224054439124,0.0010738163936541206,0.14272251207837633
2.29,45.79999506919334,0.010142059933264135,0.0019425860522457189,0.007420080633516594,0.010521550067719486,0.010521550067719484,0.0020575653107432436,0.0011339981560488167,0.1484016126703319
2.3000000000000003,45.999994677029434,0.01053809818931749,0.0020183027244409157,0.007722246551545737,0.010925541550520881,0.01092554155052088,0.0019818486385480465,0.001100179734779232,0.15444493103091475
2.31,46.19999425369365,0.010949575423307224,0.0020969438514765065,0.00800503619138624,0.011352927618071284,0.011352927618071286,0.002097424374923052,0.0011622414636422388,0.1601007238277248
2.32,46.39999379675866,0.011377069994779977,0.002178508083635769,0.008306804312524601,0.011794822763427446,0.011794822763427448,0.00221937992739429,0.0012276381913314193,0.16613608625049203
2.33,46.59999330360113,0.011821185815563823,0.0022631899462259497,0.008628495863876819,0.012251596427424094,0.012251596427424094,0.00234795369001222,0.0012964928092803508,0.17256991727753637
2.34,46.79999277135517,0.012282566656983145,0.0023511935643278758,0.008971085751385097,0.012723600746830066,0.012723600746830066,0.0024833933295584773,0.0013689326722475393,0.17942171502770193
2.35,46.99999219688793,0.012761898100086662,0.002442732968257849,0.00933558001242418,0.01321118574029469,0.01321118574029469,0.0023918539256285046,0.0013280388202171992,0.1867116002484836
2.36,47.199991576811804,0.013259894019435389,0.0025377998619743407,0.009676661753078065,0.013726909421542829,0.013726909421542827,0.002530889279517897,0.0014027137339743768,0.19353323506156128
2.37,47.399990907581525,0.013777251981222562,0.0026363920503145234,0.010040562869987463,0.014260056264102343,0.014260056264102343,0.0026775499567432523,0.0014813755410126497,0.20081125739974925
2.38,47.59999018536635,0.014314700233830666,0.0027387433811339487,0.01042841042475366,0.014811063938371746,0.014811063938371744,0.002832114723022221,0.001564168000894828,0.2085682084950732
2.39,47.7999894059823,0.01487301493290196,0.002845099146557572,0.010841366094264358,0.015380348864325365,0.015380348864325365,0.0029948726088963357,0.0016512397930914214,0.21682732188528717
2.4,47.99998856485671,0.015453022465094645,0.0029557164354685568,0.011280627433678943,0.01596833402261455,0.01596833402261455,0.00288425531998535,0.0016018110002188205,0.22561254867357886
2.41,48.19998765704625,0.01605558314647872,0.0030705845011860136,0.011691615702331572,0.016590109228408208,0.016590109228408208,0.00305125522154997,0.001691528703059067,0.23383231404663143
2.42,48.39998667737848,0.016681537495214414,0.003189699868536167,0.012129996448854877,0.01723276632552443,0.01723276632552443,0.0032273420725019387,0.0017859986995062136,0.24259992897709753
2.43,48.59998562026591,0.017331762799674008,0.00331334318276041,0.012597109300208893,0.017896821131096346,0.017896821131096346,0.003412839071518405,0.0018853877470701658,0.25194218600417784
2.44,48.799984479607424,0.018007193828436154,0.00344180868359834,0.013094333397361083,0.018582763304010166,0.01858276330401017,0.0036080804657374647,0.001989867865908834,0.26188666794722165
2.45,48.999983248737074,0.018708825588897478,0.003575404606958168,0.013623088697004978,0.019291106452286613,0.019291106452286613,0.003474484542377637,0.0019301533357116846,0.27246177394009957
2.46,49.19998192045055,0.01943769368553688,0.003714116921677853,0.014117725401850266,0.020039945407522478,0.020039945407522478,0.0036746995634610448,0.002037749235805747,0.28235450803700535
2.47,49.39998048721145,0.02019480968010702,0.0038579402322457736,0.014645178475036743,0.020813752290959407,0.02081375229095941,0.003885703980657469,0.002150989513238329,0.2929035695007349
2.48,49.59997894088102,0.02098122909602247,0.004007210656349291,0.015207033432125023,0.021613131073445497,0.0216131310734455,0.004107868426797569,0.0022700655241332398,0.30414066864250044
2.49,49.79997727257536,0.021798076277624236,0.004162280389505155,0.01580492017546661,0.022438653441199642,0.022438653441199642,0.004341574945102691,0.002395174006963342,0.3160984035093322
2.5,49.99997547259141,0.022646547650134966,0.004323518155211421,0.016440514246839392,0.02329094800901967,0.02329094800901967,0.004180337179396426,0.0023230780697884095,0.3288102849367879
2.5100000000000002,50.19997353044609,0.02352788808152099,0.004490905488433437,0.017034970808310748,0.024191656251589425,0.024191656251589425,0.004419829871175161,0.0024518314981034745,0.34069941616621496
2.52,50.39997143517614,0.02444331323013771,0.004664434134664678,0.017668646115089635,0.02512213153694089,0.02512213153694089,0.004672076205137589,0.0025872594179382033,0.35337292230179274
2.5300000000000002,50.599969174946445,0.025394091161748948,0.004844505645933591,0.018343406859727115,0.026083075249451186,0.026083075249451186,0.004937495199627477,0.00272957835230825,0.3668681371945423
2.54,50.79996673684337,0.026381572130311223,0.0050315404859365784,0.01906116852064442,0.027075148812095964,0.027075148812095964,0.005216516905628292,0.0028790099409351055,0.3812233704128884
2.5500000000000003,50.99996410676861,0.027407192408722417,0.005225978523216069,0.01982389642245951,0.02809913103977624,0.02809913103977624,0.005022078868348802,0.0027920307445721635,0.39647792844919016
2.56,51.199961269496626,0.028472445882096742,0.00542779526819764,0.02053707523032521,0.02918081821300164,0.029180818213001645,0.005307765672147104,0.0029456910182035687,0.41074150460650416
2.57,51.3999582091101,0.029578790932257164,0.005636978238439991,0.02129698569712191,0.030297868106131786,0.03029786810613179,0.005608445106311033,0.0031072012342168343,0.4259397139424382
2.58,51.59995490843334,0.03072774819556127,0.0058540057041074085,0.022105811259473838,0.03145108668122594,0.03145108668122593,0.0059245820152781965,0.003276801874451358,0.44211622518947674
2.59,51.799951348734574,0.031920936154092305,0.006079378030608365,0.02296578735625244,0.03264123028400221,0.03264123028400222,0.006256650699521036,0.00345473765260054,0.45931574712504875
2.6,51.999947509573985,0.03316007560566704,0.0063136182018598925,0.02387920207478963,0.033869280927999706,0.033869280927999706,0.006022410528269508,0.003349898073414751,0.47758404149579264
2.61,52.19994336888848,0.03444695558608942,0.006556693496436736,0.024733010715001814,0.035165853709316665,0.03516585370931666,0.00636205929341252,0.0035326881837994266,0.49466021430003626
2.62,52.39993890362216,0.03578332195592206,0.0068085852181167285,0.025642302545161633,0.036504253795398296,0.036504253795398296,0.006719212929270732,0.003724649002589349,0.5128460509032327
2.63,52.59993408890958,0.037170994206773555,0.007069860907036256,0.026609610768358286,0.037885394720824625,0.037885394720824625,0.007094373948635072,0.003926040921525782,0.5321922153671657
2.64,52.799928897648506,0.038611907873286305,0.0073411137010516445,0.027637521548937855,0.03931012822222083,0.039310128222220825,0.007488050902731595,0.004137126733588006,0.5527504309787571
2.65,52.999923300283506,0.040108119703434135,0.007622962864861261,0.02872867391475379,0.04077972212156587,0.04077972212156587,0.007206201738921978,0.004010898090676647,0.5745734782950758
2.66,53.199917264931145,0.04166176686403799,0.007915364378237711,0.029748230124271587,0.04233030469098934,0.04233030469098935,0.0076083560181938485,0.004227481056006818,0.5949646024854317
2.67,53.399910758290105,0.043274933987530254,0.008218290466990647,0.030833370369168406,0.04393009552492847,0.04393009552492847,0.008030775596100204,0.0044546887532993865,0.6166674073833681
2.68,53.59990374446862,0.04494979232851977,0.008532411565083572,0.03198700367430235,0.045580111487163594,0.045580111487163594,0.008473984012611218,0.004692793121177245,0.639740073486047
2.69,53.79989618437381,0.0466886501266241,0.00885842744802521,0.03321208915688993,0.04728129224004922,0.04728129224004921,0.00893850472040367,0.004942065282602328,0.6642417831377987
2.7,53.999888035406045,0.048493958520703415,0.00919706772719669,0.03451163471158795,0.04903532325994653,0.04903532325994653,0.00859986444123219,0.004790285453215561,0.6902326942317589
2.71,54.1998792516435,0.05036826283890179,0.00954827282334518,0.03572533870057715,0.05088452143825922,0.05088452143825922,0.009073654372410863,0.005045672400588024,0.7145067740115429
2.72,54.39986978515169,0.052314044449453104,0.009912001779836236,0.037016149747830296,0.05279122740378915,0.05279122740378915,0.009570656995577397,0.00531324077182659,0.7403229949566059
2.73,54.59985958430748,0.054333885955823925,0.01028904220893516,0.038387365198363034,0.05475654548691077,0.05475654548691077,0.01009138791277281,0.005593259411255513,0.7677473039672607
2.74,54.79984859293173,0.05643053074759211,0.0106802149029322,0.03984232357487121,0.05678148332846769,0.05678148332846769,0.010636352682087673,0.005885991174328514,0.7968464714974243
2.75,54.99983674986081,0.05860688967022071,0.011086374229930465,0.041384401390606035,0.05886835706926538,0.058868357069265374,0.010230193355089408,0.005703780248237358,0.8276880278121207
2.7600000000000002,55.19982398921896,0.06086598304442368,0.011507439145695578,0.042823783658370806,0.06106624283914194,0.06106624283914195,0.010784979210416283,0.006003152033599561,0.8564756731674161
2.77,55.39981024229431,0.06321075327480281,0.01194334967260682,0.0443532234179881,0.06333078228400832,0.06333078228400833,0.011365998135855244,0.006316306890767705,0.8870644683597619
2.7800000000000002,55.59979543515708,0.06564426011538481,0.012395024822859898,0.045976395873789086,0.06566313369814904,0.06566313369814904,0.01197371162585346,0.006643487149908221,0.9195279174757818
2.79,55.799779487435735,0.0681697507244619,0.012863420477056624,0.04769699942535886,0.06806433408036452,0.06806433408036451,0.012608555967138824,0.006984921324373058,0.9539399885071773
2.8000000000000003,55.99976231172288,0.07079066704880115,0.013349529586403149,0.049518749736415096,0.0705376749259902,0.0705376749259902,0.0121224468577923,0.006766600178156052,0.9903749947283019
2.81,56.19974381397664,0.07351057706778207,0.013853241486358255,0.05121796600776725,0.07313931739156926,0.07313931739156926,0.012767226209123097,0.007115006278477241,1.024359320155345
2.82,56.399723896194736,0.07633295379187487,0.014374468944559585,0.05302151360275543,0.07581741935465644,0.07581741935465644,0.013441144476817556,0.007478746431955343,1.0604302720551086
2.83,56.59970245305232,0.07926140487852025,0.014914275374992146,0.05493339931467251,0.07857313401939339,0.07857313401939338,0.0141445398480072,0.007858001264197534,1.0986679862934503
2.84,56.79967937018987,0.08229975453461583,0.015473764220407228,0.056957622129521296,0.08140746240655523,0.08140746240655525,0.014877703373278265,0.008252926310704685,1.1391524425904258
2.85,56.99965452339951,0.08545205149340178,0.01605407882517787,0.05909816344426196,0.0843252248393223,0.0843252248393223,0.014297388768507623,0.007991946632647035,1.1819632688852393
2.86,57.19962777921631,0.08872248785311543,0.016655067711831104,0.061092964324014246,0.08738953259584153,0.08738953259584153,0.015039884129561705,0.008393837390739269,1.2218592864802849
2.87,57.39959899870609,0.09211513990935555,0.017276604900177288,0.06320742490361766,0.09054041293910066,0.09054041293910067,0.015814024490848684,0.008812416374815349,1.2641484980723532
2.88,57.599568032758214,0.09563423648029716,0.017919908255674,0.0654457847425503,0.0937789195697843,0.0937789195697843,0.016619926179431505,0.009247752285413595,1.3089156948510061
2.89,57.79953471971476,0.09928425394708616,0.01858623775471965,0.06781222665862453,0.09710591566280892,0.09710591566280892,0.01745762814817908,0.009699873230717629,1.3562445331724906
2.9,57.99949888427341,0.10306992458508472,0.019276894842226944,0.07031086177589692,0.1005286248768683,0.10052862487686828,0.016766971060671782,0.009388771779104573,1.4062172355179383
2.91,58.199460338357085,0.10699614128909277,0.019991671999199257,0.0726368161735942,0.10411619798488925,0.10411619798488925,0.01761230672118298,0.009847315340440381,1.452736323471884
2.92,58.39941888643918,0.11106765571952992,0.020730388651369915,0.07509830900542895,0.10780018128002122,0.10780018128002124,0.018490985685153647,0.010323494655377036,1.501966180108579
2.93,58.59937431901816,0.11528938950757002,0.021494421756683646,0.0776996406569524,0.11158138800337049,0.11158138800337049,0.019402768738447686,0.010817198249257549,1.553992813139048
2.94,58.79932640937462,0.11966654355087847,0.022285190628284168,0.08044498221345428,0.11546039415612795,0.11546039415612795,0.020347299608069646,0.011328253745596102,1.6088996442690857
2.95,58.9992749121212,0.12420460630104975,0.02310415553336042,0.08333835390154032,0.11944817544312192,0.1194481754431219,0.019528334702993394,0.010958649105927917,1.6667670780308064
2.96,59.199219564477296,0.12890924267195236,0.023951032431560788,0.08602805974751065,0.12361780433247786,0.12361780433247786,0.0204772176861162,0.01147478688638288,1.720561194950213
2.97,59.399160093688856,0.13378594535687582,0.024825564629940868,0.08886891010530375,0.12789252082825558,0.12789252082825558,0.021459783021125136,0.012008816718845124,1.777378202106075
2.98,59.5990962080891,0.13884039250475072,0.025729284106162945,0.09186499784039753,0.13227269911086892,0.13227269911086892,0.022475263854859144,0.012560358918538262,1.8372999568079507
2.99,59.799027592728876,0.14407857205165886,0.026663762605640226,0.09502018440885839,0.13675842084785686,0.13675842084785683,0.023522727071875096,0.013128947744416117,1.9004036881771678
3.0,59.99895390750669,0.14950678935876965,0.027630609179458983,0.0983380703589872,0.14136642663981897,0.14136642663981897,0.02255588049805634,0.01269160451542636,1.9667614071797441
3.0100000000000002,60.19887478902931,0.15513153873268126,0.028629436140677266,0.10141705824272129,0.14616984240314146,0.14616984240314146,0.023602233947713186,0.013262815397888008,2.028341164854426
3.02,60.39878986083749,0.16095910463292748,0.029659881968040317,0.10466129274715028,0.15108460638855817,0.15108460638855817,0.024680547619750064,0.013851119873760614,2.0932258549430056
3.0300000000000002,60.59869872133421,0.166995968296332,0.030723616673118515,0.10807427128649826,0.1561103893220972,0.1561103893220972,0.025789318797331755,0.01445576329188685,2.161485425729965
3.04,60.79860093800237,0.1732489473365067,0.03182234339491221,0.11165912315966547,0.16124650686352984,0.16124650686352984,0.026926821741557902,0.01507587593941425,2.2331824631933097
3.0500000000000003,60.99849604506945,0.17972520187416086,0.03295779452666932,0.1154185712719171,0.16651834173660685,0.16651834173660685,0.025791370609800794,0.014560868722266467,2.308371425438342
3.06,61.19838354620507,0.18643208741559342,0.0341294435064997,0.1188996208011628,0.17199285309268908,0.17199285309268905,0.02691944528075068,0.015179651171302232,2.377992416023256
3.0700000000000003,61.398262928430555,0.19337670417868338,0.035336786541483436,0.12255679519971636,0.1775808783571671,0.1775808783571671,0.028074865169175955,0.015813241368159647,2.4511359039943272
3.08,61.59813364609429,0.20056635334407993,0.03658159680370225,0.12639247122254246,0.1832810540631521,0.1832810540631521,0.02925515946834842,0.01646039027480573,2.5278494244508494
3.09,61.7979951133872,0.20800869135506397,0.03786566851518327,0.13040848390950258,0.18909159554565372,0.18909159554565372,0.030457575232260982,0.017119703571587028,2.6081696781900514
3.1,61.99784670154589,0.21571173340026653,0.03919081129592416,0.13460607977665576,0.19505041355361852,0.19505041355361852,0.029132432451520092,0.01651672036129623,2.692121595533115
3.11,62.19768774272808,0.22368368696509955,0.04055631509331174,0.13848176032639894,0.20120920922228458,0.20120920922228458,0.030313561062129082,0.01716887262328739,2.769635206527979
3.12,62.397517548636586,0.23193244981821468,0.041961486351647245,0.14253896685904305,0.20747748965690122,0.2074774896569012,0.031513631913985374,0.0178315908535617,2.850779337180861
3.13,62.59733538968181,0.2404661139583816,0.04340814329033489,0.14677828932309228,0.21385247337253085,0.21385247337253085,0.03272897669193085,0.018503013079690735,2.9355657864618454
3.14,62.79714048555014,0.24929313297579267,0.04489810627041798,0.15119956859480257,0.2203308950521259,0.22033089505212589,0.033955593052670395,0.019181105476856457,3.0239913718960514
3.15,62.996932002041916,0.2584223214712598,0.046433190036841376,0.1558018432526982,0.22696805285519486,0.22696805285519486,0.032420509286247,0.018479935171675448,3.116036865053964
3.16,63.196709056569354,0.2678626694835769,0.04801244633680256,0.16003530472144617,0.2337882578983729,0.2337882578983729,0.03360987989677794,0.019142822527372698,3.2007060944289236
3.17,63.396470742624004,0.27762279291709174,0.04963493369390619,0.16444745901818783,0.24070528834387422,0.24070528834387425,0.03480517380216536,0.01980963978452142,3.2889491803637565
3.18,63.59621610334307,0.28771147977068456,0.05130242909334867,0.16903632413311162,0.24771454130376153,0.24771454130376155,0.036001343917248324,0.020477817371661777,3.3807264826622325
3.19,63.79594412000806,0.29813786759902317,0.053016684792060974,0.17379893968435156,0.2548108818003241,0.2548108818003241,0.0371929789474565,0.02114459829173149,3.475978793687031
3.2,63.99565370875962,0.3089114372430228,0.05477941825981221,0.17873131206554188,0.26207242902070477,0.26207242902070477,0.03543024547970526,0.020335847030059678,3.5746262413108374
3.21,64.19534372826766,0.32004180959995643,0.05658937871285422,0.18324572997148156,0.2694815162768382,0.2694815162768382,0.03656434290696131,0.020976986616249037,3.6649145994296313
3.22,64.39501301115058,0.3315381564627299,0.058445308671116206,0.1879246647014574,0.2769635783170009,0.2769635783170009,0.037686173084150607,0.02161272232524531,3.7584932940291482
3.23,64.5946603314241,0.34340977932593253,0.06034882622422249,0.1927627185253428,0.2845118254908466,0.2845118254908465,0.038789240980098734,0.022239738744957833,3.855254370506856
3.24,64.79428439103378,0.35566629249286413,0.062301489433849284,0.19775328760407254,0.29211891601341583,0.29211891601341583,0.0398666972442775,0.022854537782272907,3.9550657520814507
3.25,64.99388381688959,0.36831760943690495,0.06430478402950697,0.20288851352566614,0.2998908232596568,0.2998908232596569,0.037863402648619815,0.021930609556906476,4.0577702705133225
3.2600000000000002,65.19345717133697,0.38137372504187034,0.0663570851691521,0.20755615506913866,0.30775267886085533,0.30775267886085533,0.03885905028658065,0.022507051931898878,4.151123101382773
3.27,65.39300299140761,0.39484409983082225,0.0684567442935609,0.21235965759308043,0.3156501340706706,0.3156501340706706,0.03981905551620755,0.02306602909881048,4.247193151861609
3.2800000000000002,65.59251975014669,0.4087382567941525,0.07060507181785022,0.21728941418402617,0.32357396386825527,0.3235739638682553,0.04073559339730498,0.023603536337335043,4.345788283680523
3.29,65.79200584162632,0.4230659641829874,0.07280327508600937,0.22233442218264168,0.3315144133431031,0.33151441334310305,0.04160055349938152,0.024115420883121793,4.4466884436528336
3.3000000000000003,65.99145957898148,0.43783721302499795,0.07505244425796681,0.22748225219197574,0.3396082525008619,0.3396082525008619,0.03935138432742408,0.023071774688720657,4.549645043839515
3.31,66.19087920831409,0.45306198997602953,0.07735050691506118,0.23211483675327507,0.34771096689908804,0.3477109668990881,0.04010750783034543,0.023530863584163595,4.642296735065502
3.3200000000000003,66.39026295612044,0.46874965338127383,0.07969534731947181,0.23683750137811946,0.3557967540270166,0.3557967540270166,0.04080024998742394,0.023958092533982137,4.7367500275623895
3.33,66.58960898530641,0.484909528642464,0.08208779402636474,0.24163584497792626,0.36385390885389807,0.36385390885389807,0.04142083003524184,0.024348954106159903,4.832716899558525
3.34,66.78891537957485,0.50155108345351,0.08452852405551117,0.24649396656209716,0.3718926435293314,0.37189264352933143,0.038980100006095406,0.023208976438341015,4.929879331241943
3.35,66.98818016042509,0.5186836986329345,0.08701508787926308,0.25080442948993,0.38001214500748015,0.3800121450074802,0.03947375907142299,0.023537000985786295,5.016088589798599
3.36,67.18740134085989,0.5363160533208221,0.08954497984257673,0.255159445957617,0.38806140877121176,0.38806140877121176,0.03988277676192861,0.023822002468676422,5.10318891915234
3.37,67.38657687822109,0.5544567048924677,0.09211855557969428,0.2595410954708527,0.3960268325044882,0.3960268325044882,0.040198065798671224,0.024059301224380495,5.190821909417053
3.38,67.58570465887408,0.5731142539276907,0.09473598400283485,0.26392995911432354,0.40389443886605675,0.40389443886605675,0.040410546733268986,0.02424421775529506,5.278599182286471
3.39,67.78478250028823,0.5922973050578034,0.0973972324671613,0.26830514928778887,0.4117091603975428,0.4117091603975428,0.037749298268942535,0.022991740738446696,5.366102985755777
3.4,67.98380817208202,0.612014242699957,0.1000993098785758,0.27209769076033835,0.41948058415105505,0.41948058415105505,0.03780913287887987,0.023099372280950485,5.441953815206767
3.41,68.18277945596341,0.6322726525232164,0.10283914980146107,0.27585775982694827,0.42710230579119074,0.42710230579119074,0.03775408566587542,0.023148065890849615,5.517155196538965
3.42,68.38169409737192,0.6530798562020556,0.1056163136435027,0.27956265849920464,0.434558826212201,0.43455882621220104,0.03757544796443542,0.023133312244339718,5.591253169984093
3.43,68.58054979219062,0.6744430546223018,0.10843012912842126,0.2831883524271036,0.4418344448502305,0.44183444485023043,0.037264777270873,0.023050733083938804,5.663767048542072
3.44,68.77934419246962,0.6963692798274189,0.11127967732549893,0.2867095492665236,0.4490014951114013,0.44900149511140136,0.03441522907379532,0.021697629488011676,5.734190985330471
3.45,68.978074931157,0.7188651865702465,0.11416139945099674,0.2896251568107328,0.45598693726750356,0.45598693726750356,0.033932248311706346,0.021525993528528208,5.792503136214656
3.46,69.17673968499597,0.7419365400369987,0.11707164703031986,0.2924150590634977,0.4627311907140059,0.4627311907140059,0.03330747138553075,0.021281047599905435,5.848301181269954
3.47,69.37533612908153,0.7655886781293738,0.12000902985033939,0.295052712463421,0.46921769294077387,0.4692176929407739,0.0325336393403398,0.020958996599577638,5.90105424926842
3.48,69.57386192753175,0.7898266254115163,0.12297188735920406,0.29751059608552255,0.4754298938151724,0.4754298938151724,0.03160404551690002,0.020556321696601734,5.950211921710451
3.49,69.77231474350725,0.8146550386395458,0.12595827953867156,0.2997603404052284,0.48145152629115495,0.4814515262911549,0.028617653337432523,0.01912334193162781,5.995206808104569
3.5,69.9706922663945,0.8400780262106734,0.12896409873056935,0.3013980387940838,0.4871526961485462,0.48715269614854617,0.02750678911925844,0.018624921521114682,6.027960775881676
3.5100000000000002,70.16899227252192,0.8660987323483612,0.1319851419944133,0.3028059208748419,0.4925142183619766,0.49251421836197656,0.02623477874281646,0.018042531555027996,6.0561184174968385
3.52,70.36721258767435,0.8927197011678184,0.1350189671711931,0.30395528314329334,0.49751960415428725,0.4975196041542872,0.02479692015088103,0.01737365611698339,6.079105662865867
3.5300000000000002,70.56535108353437,0.9199429554675116,0.1380628429197124,0.30481699409304824,0.5021743221207492,0.5021743221207492,0.021753044402361726,0.015898265422388355,6.096339881860965
3.54,70.76340570527928,0.9477698454822681,0.1411123189703631,0.30507734816070203,0.5064852381144508,0.5064852381144508,0.020139851963744463,0.01513477836301674,6.101546963214041
3.5500000000000003,70.96137452641686,0.976200723733618,0.14416285585379482,0.30503018573904545,0.5103741661771404,0.5103741661771404,0.018359881698878283,0.014283682511210545,6.100603714780909
3.56,71.1592557204215,1.0052352219001925,0.14721123489746896,0.3046469006561813,0.5138255866439565,0.5138255866439565,0.01641095199619741,0.01334373186453827,6.092938013123625
3.5700000000000003,71.35704756217505,1.0348723012947636,0.15025395173329567,0.3038989597303433,0.5168244523223843,0.5168244523223843,0.014291847055341006,0.012314168050894345,6.077979194606867
3.58,71.55474844469312,1.0651101977511706,0.15328721798907494,0.3027580944391424,0.5193792344940232,0.5193792344940232,0.011258580799561742,0.010823082744721104,6.055161888782848
3.59,71.75235690421415,1.0959463185125058,0.15630622653281673,0.3010493104495472,0.521454470979917,0.5214544709799169,0.008983347686718657,0.009706218553158499,6.020986208990944
3.6,71.9498716598245,1.1273770569352508,0.1593060980702501,0.298932054795944,0.5230154076473517,0.5230154076473515,0.0065441723688683395,0.008502240260907686,5.97864109591888
3.61,72.14729160212565,1.1593979383785595,0.1622826153884606,0.296379916263886,0.5240492427296011,0.524049242729601,0.0039428142959219425,0.007211899575256982,5.92759832527772
3.62,72.34461580191623,1.1920036310257758,0.16523130127943372,0.29336730431204255,0.5245439162712827,0.5245439162712828,0.0011820997978055359,0.005836489061615595,5.867346086240851
3.63,72.54184352846875,1.2251878973445693,0.1681474277398031,0.28986964701595,0.5244881406423842,0.5244881406423844,-0.0017340266625638368,0.004377868075141924,5.797392940319001
3.64,72.73897426794137,1.258943547710998,0.17102602718189408,0.2858635953618249,0.523852801906064,0.5238528019060639,-0.004612671780912625,0.002932192128604328,5.717271907236498
3.65,72.93600773961066,1.2932624088299136,0.17386209188266932,0.28136434281171613,0.5226269479917185,0.5226269479917185,-0.007636799340968614,0.0014078698094328783,5.627286856234322
3.66,73.13294390532043,1.3281353311853967,0.17665058257673216,0.2763505093473636,0.5208020966425218,0.5208020966425218,-0.010800541088662269,-0.00019224957790591694,5.5270101869472725
3.67,73.329782984712,1.3635521615702608,0.1793862539831308,0.27080226670340396,0.5183675574314273,0.5183675574314273,-0.013536212495060903,-0.0015844306732161785,5.416045334068079
3.68,73.52652546536068,1.3995017429201173,0.18206422821443197,0.26481254597151516,0.5152826984168385,0.5152826984168386,-0.01677497532486849,-0.0032346606782658605,5.296250919430303
3.69,73.72317209631547,1.4359720010611354,0.1846796216703472,0.2582878947883784,0.5115603189794693,0.5115603189794693,-0.02013423739078568,-0.004951515505598148,5.165757895767568
3.7,73.91972391417829,1.472949849287111,0.18722700581881693,0.2512125202891996,0.5071965497307117,0.5071965497307117,-0.023605327644531656,-0.006730698324958711,5.024250405783992
3.71,74.11618226182985,1.510421134742435,0.1897008043045996,0.24357264398765083,0.5021887336325459,0.5021887336325459,-0.02717867094566745,-0.008567448136508265,4.871452879753017
3.72,74.31254880161082,1.5483706134765038,0.19209531381513684,0.23535664571197296,0.49651294259293716,0.49651294259293716,-0.02957318045620469,-0.009821460802172973,4.707132914239459
3.73,74.50882551096002,1.5867820123487393,0.19440598810403595,0.22680671281330564,0.49013528272275475,0.49013528272275475,-0.03315451833718,-0.011675906341362452,4.536134256266113
3.74,74.70501464150485,1.6256382677841819,0.1966283280970153,0.21769167029080186,0.48309603835928405,0.48309603835928405,-0.036813240652655815,-0.013575659942735067,4.3538334058160375
3.75,74.9011187673546,1.6649213012457105,0.19875664881890526,0.20800476486992803,0.4753981799209868,0.47539817992098676,-0.04053762864774593,-0.015514832524663097,4.160095297398561
3.7600000000000002,75.09714080654673,1.704611935226799,0.20078521013267378,0.19774170923252557,0.46704606015992606,0.46704606015992606,-0.04431532575974767,-0.017487202278274574,3.9548341846505113
3.77,75.29308402666351,1.744689886203275,0.20270824181506988,0.1869007649564237,0.45799198179110223,0.45799198179110223,-0.046238357442143774,-0.018539258903160865,3.738015299128474
3.7800000000000002,75.4889520229204,1.7851338853783518,0.20452185080200774,0.17585784342128347,0.4482394751240762,0.44823947512407625,-0.049947026784810715,-0.020491118641164596,3.517156868425669
3.79,75.6847486410209,1.8259220539173828,0.2062222497158062,0.1642605981372209,0.4378401681541515,0.4378401681541515,-0.05368079749055829,-0.02246199706373763,3.2852119627444183
3.8000000000000003,75.88047804517213,1.8670315662143246,0.20780391259859504,0.15211247354614793,0.4268045992087513,0.42680459920875125,-0.05742612223774435,-0.02444501512678466,3.0422494709229584
3.81,76.0761447394536,1.9084385421640297,0.20926136126158978,0.1394195701694448,0.4151447503041211,0.41514475030412107,-0.06116915589077365,-0.026433130442345614,2.7883914033888964
3.8200000000000003,76.27175356333768,1.9501180590729548,0.21058919190656136,0.12619065670256313,0.4027838150573015,0.40278381505730154,-0.06249698653574523,-0.0272206551172996,2.5238131340512626
3.83,76.46730965131094,1.9920443239017596,0.21178448293150895,0.11291181260574834,0.38978249632345147,0.3897824963234514,-0.06609113677891912,-0.029147743426225045,2.258236252114967
3.84,76.6628183220573,2.034191161332265,0.21284447598101855,0.0991327291362394,0.3761909920812287,0.3761909920812287,-0.06965439627010683,-0.031065288214241128,1.982654582724788
3.85,76.85828516192383,2.0765315874026173,0.21376423731390615,0.08486709118476744,0.362027419401733,0.36202741940173305,-0.07317280947458993,-0.032966130543277634,1.6973418236953488
3.86,77.05371604390533,2.119037685243787,0.21453898290138446,0.07013114779250003,0.3473112642442021,0.3473112642442021,-0.07663247787706703,-0.034843126296091494,1.4026229558500005
3.87,77.24911711224458,2.161680635133241,0.21516410378440826,0.054943655508015485,0.3319349136982275,0.3319349136982275,-0.07725759876009083,-0.035309450243063145,1.0988731101603098
3.88,77.44449472536155,2.204430927889883,0.21563793195811617,0.03987221906337467,0.3160267625766328,0.3160267625766328,-0.08049347373682433,-0.03708646924264584,0.7974443812674934
3.89,77.63985531827919,2.2472589371504914,0.21595901245075555,0.02439547038103721,0.29962564048891854,0.2996256404889185,-0.08364460335757229,-0.03882604527389696,0.4879094076207442
3.9,77.83520549643377,2.2901344288733734,0.21612340679150935,0.008536263589971175,0.282756468803653,0.282756468803653,-0.08669800755388715,-0.04052143908890705,0.17072527179942348
3.91,78.03055205114404,2.333026427521247,0.21612741616968567,-0.0076803308019446695,0.26543548931237404,0.26543548931237404,-0.08670201693206347,-0.040696653572908,-0.1536066160388934
3.92,78.22590189283817,2.3759034523015234,0.21597052240191858,-0.023645204695573335,0.24755408907407822,0.2475540890740782,-0.08948418354504278,-0.04226655088178061,-0.4729040939114667
3.93,78.42126190012809,2.418734132895868,0.21565244682525808,-0.039915673894964976,0.22928161168474392,0.22928161168474392,-0.09214648757563226,-0.043780427670968694,-0.7983134778992995
3.94,78.61663901839518,2.461486686833835,0.2151702751412994,-0.056463501595434756,0.21064743634299896,0.21064743634299896,-0.0946775057147657,-0.04523227849395286,-1.1292700319086952
3.95,78.81204027299444,2.504128782032291,0.21452138454595532,-0.07325863180232813,0.1916818468750399,0.19168184687503992,-0.09706636747235252,-0.04661636526742586,-1.4651726360465624
3.96,79.00747273939483,2.5466275918038614,0.21370346120946423,-0.09026933123631588,0.17237763144411455,0.17237763144411455,-0.09624844413586145,-0.04640044575348958,-1.8053866247263175
3.97,79.20294346915122,2.5889500510287835,0.2127175496393083,-0.1068576863974003,0.15268339177106302,0.15268339177106302,-0.0983168956278487,-0.047631613896213724,-2.137153727948006
3.98,79.39845933206291,2.6310635038450596,0.2115649563466607,-0.12360514537059014,0.13275207745107445,0.13275207745107445,-0.10022765012164739,-0.04878630428631295,-2.472102907411803
3.99,79.59402711711263,2.672935160405972,0.21024425803914296,-0.14047827047008032,0.11261685968405137,0.11261685968405137,-0.10197200956995867,-0.04985983618813882,-2.8095654094016065
4.0,79.7896535439193,2.7145319598305004,0.20875437177902026,-0.15744243242509004,0.09231144470901523,0.09231144470901523,-0.10354198838650945,-0.05084787974616457,-3.148848648501801
4.01,79.98534523039196,2.75582063441874,0.20709456608357737,-0.17446197293266966,0.07180230881408371,0.07180230881408371,-0.10188218269106657,-0.05022306825739244,-3.489239458653393
4.0200000000000005,80.1811086188277,2.7967679738822606,0.20526749698129254,-0.1908970620310583,0.05110141670890528,0.05110141670890528,-0.10310327191804686,-0.051040621791934374,-3.817941240621166
4.03,80.37694982366777,2.83734147824499,0.20327608533413252,-0.2073304874535116,0.030335333095767577,0.030335333095767577,-0.10414219860222704,-0.05176774597015584,-4.146609749070232
4.04,80.57287473169784,2.877508814654414,0.201120527272609,-0.2237264697185265,0.009538880142388838,0.009538880142388838,-0.10499345465117048,-0.05240133852416135,-4.4745293943705295
4.05,80.76888901425237,2.917237684457355,0.1988013793312135,-0.24004870924539956,-0.011252978004412054,0.011252978004412054,-0.10565230583091403,-0.05293868269550114,-4.800974184907991
4.0600000000000005,80.96499809764474,2.9564958921271822,0.1963195628318395,-0.2562605493248534,-0.03210001799618894,0.03210001799618894,-0.10317048933154002,-0.0519062448457319,-5.125210986497068
4.07,81.16120709676657,2.9952516067765718,0.19367928954051594,-0.27174250068049866,-0.0529283549561328,0.0529283549561328,-0.1034745237745014,-0.05226654543681203,-5.434850013609973
4.08,81.35752067959167,3.0334739976433074,0.1908850188398828,-0.2870605774539567,-0.07364363776181815,0.07364363776181815,-0.10358640509404327,-0.05252963892463981,-5.741211549079134
4.09,81.55394316473911,3.0711327068900167,0.18793856632159942,-0.30217952798724546,-0.09421156447154456,0.09421156447154456,-0.10350389141409826,-0.052694061351764576,-6.043590559744909
4.1,81.75047853720723,3.1081977227575877,0.18484209950061592,-0.31706421888598385,-0.11459807121006074,0.11459807121006076,-0.10322549183497101,-0.05275872662958611,-6.341284377719677
4.11,81.94713042645216,3.1446394484596283,0.18159813589356005,-0.331679782323708,-0.13488624311432648,0.13488624311432648,-0.09998152822791515,-0.05133962654510084,-6.633595646474159
4.12,82.14390205358501,3.1804289516265407,0.17821228788692178,-0.3454439369284713,-0.15494879047355348,0.15494879047355348,-0.09936460641889831,-0.05123179111418469,-6.908878738569426
4.13,82.34079612089502,3.215538564373424,0.17469037985971891,-0.358892837319739,-0.1747250169749373,0.1747250169749373,-0.0985595910103559,-0.05102704567492732,-7.177856746394779
4.14,82.53781490565797,3.2499413829308175,0.1710357255721276,-0.3719943470145268,-0.1941831616074752,0.1941831616074752,-0.09756726642323696,-0.05072546482769323,-7.4398869402905365
4.15,82.73496028159501,3.2836111471121883,0.16725195680861132,-0.38471699541857296,-0.21329204404727858,0.21329204404727856,-0.09638908320906087,-0.05032746204500322,-7.694339908371459
4.16,82.93223370806214,3.3165223044022234,0.1633430161119337,-0.39703009884321855,-0.2321529382995568,0.2321529382995568,-0.09248014251238323,-0.048561600639187186,-7.940601976864371
4.17,83.12963619466284,3.3486502395511804,0.1593156758193771,-0.40840005851377986,-0.2505988771167464,0.2505988771167464,-0.09099979430737297,-0.04800588592485395,-8.168001170275597
4.18,83.32716822025067,3.3799718258228597,0.15517686944095552,-0.41932480012687784,-0.26860051113086647,0.26860051113086647,-0.08934785214697566,-0.04735993118479649,-8.386496002537557
4.19,83.52482982205848,3.4104649575672012,0.15093118421363252,-0.4297774021461517,-0.28613037224615656,0.28613037224615656,-0.08752766614895414,-0.04662513679693864,-8.595548042923033
4.2,83.7226206237795,3.440108434847225,0.14658347113326325,-0.4397320307041882,-0.30318205388222047,0.3031820538822204,-0.08317995306858489,-0.04462179707311465,-8.794640614083765
4.21,83.92053981484783,3.4688821733444235,0.1421411807287398,-0.4486961687243868,-0.3198084591273291,0.3198084591273291,-0.08110083908436161,-0.043748504133454096,-8.973923374487736
4.22,84.11858609309309,3.4967677124559557,0.1376118744117978,-0.4571369577438841,-0.3358803175213999,0.33588031752139985,-0.07887168969138024,-0.042794648020904116,-9.142739154877681
4.23,84.3167577496832,3.5237477727699544,0.13300089374223967,-0.4650328556131306,-0.3513747860145091,0.35137478601450917,-0.07649739273040607,-0.041762444225348125,-9.300657112262613
4.24,84.51505270209951,3.5498061421995444,0.1283137891598516,-0.47236362413849337,-0.36627007728585176,0.3662700772858517,-0.07398326988379497,-0.040654335714756004,-9.447272482769867
4.25,84.71346850506995,3.574927720320407,0.12355630662243423,-0.4791103933495607,-0.3805798565582551,0.3805798565582551,-0.0692257873463776,-0.038418692238771354,-9.582207866991213
4.26,84.91200234691561,3.59909869893575,0.11873646822188559,-0.4848381934439716,-0.3943205503246168,0.3943205503246169,-0.06651520720056134,-0.03720080910352684,-9.696763868879433
4.2700000000000005,85.11065101969619,3.6223070080845785,0.11386234040998201,-0.4899702614615762,-0.40739760037154227,0.40739760037154227,-0.06368678260172311,-0.03591736730457698,-9.799405229231525
4.28,85.30941099662391,3.6445419087314486,0.10893995157703616,-0.494492430717515,-0.41979469177809864,0.41979469177809864,-0.06074688353459553,-0.03457138868507875,-9.8898486143503
4.29,85.50827846893324,3.6657938805210275,0.10397546436934023,-0.49839201177615433,-0.4314967286436651,0.4314967286436651,-0.0577021711919872,-0.033166052882430255,-9.967840235523086
4.3,85.70724936590884,3.686054650857054,0.09897516074992531,-0.5016578256902963,-0.44253205820129815,0.4425320582012981,-0.05270186757257228,-0.030776254368299123,-10.033156513805926
4.3100000000000005,85.90631936467808,3.705317343439635,0.09394727129880469,-0.5039125485353755,-0.4528946499827796,0.4528946499827796,-0.04953167803571483,-0.02929478551768521,-10.07825097070751
4.32,86.10548388245225,3.72357685997831,0.08890000187943321,-0.5055359239037064,-0.4625188977730555,0.4625188977730555,-0.0462808000885483,-0.027765589022004704,-10.110718478074128
4.33,86.30473814420768,3.7408295066540345,0.08383969807272745,-0.5065215518990965,-0.4713956784595306,0.4713956784595306,-0.042956458275720664,-0.02619218592245564,-10.13043103798193
4.34,86.50407722011846,3.7570728817910024,0.07877276182745208,-0.5068645537775278,-0.4795171731063149,0.47951717310631486,-0.03956603262605729,-0.024578188044091794,-10.137291075550557
4.3500000000000005,86.70349605055462,3.7723058881101528,0.07370563621944007,-0.5065615777791412,-0.4869219159195133,0.4869219159195133,-0.03449890701804528,-0.022118672668217775,-10.131231555582826
4.36,86.9029894641627,3.786528848652174,0.06864639667596771,-0.5052905677594834,-0.4935928786633402,0.4935928786633402,-0.031057791308995594,-0.0204648244411312,-10.105811355189669
4.37,87.1025521851416,3.79974382534636,0.0636030267301943,-0.503389757644389,-0.4994878870557255,0.4994878870557255,-0.027575297855173965,-0.01878252779814424,-10.06779515288778
4.38,87.30217888882305,3.811954277172189,0.05858181834024822,-0.5008603519837543,-0.5046052380543922,0.5046052380543922,-0.024058921820434592,-0.017075513290761218,-10.017207039675087
4.39,87.50186423577904,3.823164946918498,0.05358904412680381,-0.4977050088731699,-0.5089445367363943,0.5089445367363943,-0.020516192594062073,-0.01534754166439498,-9.954100177463397
4.4,87.70160289706024,3.8333818566372146,0.048630942922027166,-0.493927823129375,-0.512551136387103,0.512551136387103,-0.015558091389285428,-0.012904557058513745,-9.8785564625875
4.41,87.9013895749297,3.8426123923839075,0.04371509192059706,-0.48925794394992017,-0.5154051547821022,0.5154051547821021,-0.012038798868812796,-0.01117345098222742,-9.785158878998404
4.42,88.10121901777615,3.850865563595102,0.03884891506687538,-0.48399497063536767,-0.5174831068143597,0.5174831068143597,-0.008517030209747683,-0.00943334617301744,-9.679899412707353
4.43,88.30108606158987,3.858151690971378,0.034038302264301344,-0.47814708349942653,-0.5187905096817312,0.5187905096817312,-0.005000038866944147,-0.007687924530289386,-9.56294166998853
4.44,88.50098565712028,3.8644822925689475,0.029289055110829507,-0.4717237590045988,-0.5193341140477696,0.5193341140477696,-0.0014950099769197867,-0.005940846128937589,-9.434475180091976
4.45,88.70091289097466,3.8698700639903807,0.02460687410955804,-0.46473573545363084,-0.5191637334080342,0.5191637334080342,0.0031871710243516795,-0.0035980518219045025,-9.294714709072617
4.46,88.90086300393256,3.8743289350800545,0.019998533684373036,-0.4569582753320226,-0.5182615673408111,0.5182615673408111,0.006599299549265424,-0.001882965898775399,-9.139165506640452
4.47,89.10083140695677,3.8778742761554317,0.015470602691813513,-0.4486555997064137,-0.5166189681552751,0.5166189681552751,0.009977620949189171,-0.0001773792069581651,-8.973111994128274
4.48,89.30081370746431,3.880522614064205,0.011028262241322143,-0.43984187048821427,-0.514248081716013,0.514248081716013,0.013315548321240326,0.001515293343460033,-8.796837409764285
4.49,89.50080572690949,3.8822915188283065,0.006676546445510054,-0.43053232155920607,-0.5111621429112044,0.5111621429112044,0.01660664495142294,0.0031917010465994256,-8.610646431184122
4.5,89.7008035145126,3.8831995712860508,0.002420331934493351,-0.42074321211853294,-0.507413783198188,0.507413783198188,0.020862859462439643,0.005357291899237942,-8.414864242370658
4.51,89.90080335945471,3.883266396074301,-0.0017346614480847969,-0.41029030859368154,-0.5029896307267233,0.5029896307267233,0.023999632591730873,0.006969919988598203,-8.20580617187363
4.5200000000000005,90.1008018031624,3.8825128220410714,-0.0057829602900285335,-0.3994057429143546,-0.49789277481672334,0.4978927748167234,0.027070726614064483,0.008556435558865007,-7.9881148582870924
4.53,90.30079565055956,3.8809606253697106,-0.009720342728284046,-0.3881084038142976,-0.4921410702117869,0.49214107021178694,0.030070551175191224,0.010113864885477743,-7.762168076285953
4.54,90.5007819769355,3.8786324186492585,-0.0135427798187899,-0.3764179836790949,-0.4857532603930991,0.4857532603930991,0.032993726869728845,0.011639330830933433,-7.528359673581898
4.55,90.70075813270722,3.8755516093705458,-0.017246443301269194,-0.36435492438176303,-0.4787835535423875,0.47878355354238744,0.03669739035220814,0.013560859640680194,-7.2870984876352605
4.5600000000000005,90.9007217476134,3.871742414116889,-0.020826856929538597,-0.35176975326895177,-0.47122356067452453,0.47122356067452453,0.03941550928433049,0.014995519035419999,-7.035395065379035
4.57,91.10067073658183,3.867229980962394,-0.024279818729985844,-0.3388656220538894,-0.4630855282408203,0.4630855282408203,0.04204183627495359,0.01639006285506859,-6.777312441077789
4.58,91.30060329755221,3.8620401588155753,-0.027602250484972314,-0.3256647334018892,-0.4543918546044603,0.45439185460446024,0.04457201121496761,0.0177420870614392,-6.5132946680377835
4.59,91.50051790811536,3.856199391036798,-0.030791298574156245,-0.3121898023989458,-0.44516558770065373,0.44516558770065373,0.04700192516263534,0.019049306704311132,-6.243796047978916
4.6000000000000005,91.7004133214578,3.8497346683695763,-0.03384433881120192,-0.29846399924312944,-0.43546142644711466,0.43546142644711466,0.050054965399681,0.020672868435369356,-5.969279984862589
4.61,91.90028856253568,3.8426735292859497,-0.036758258908012174,-0.2843670116753614,-0.425275464399532,0.42527546439953196,0.052241646645014704,0.021868068678512032,-5.687340233507228
4.62,92.10014292694402,3.835044151974705,-0.03953023493273672,-0.27007583215450764,-0.41462683538207723,0.41462683538207723,0.054317080775288205,0.02301227203382333,-5.401516643090153
4.63,92.2999759681332,3.8268751490933894,-0.042158445573442956,-0.25561450205956604,-0.40354116144775687,0.40354116144775687,0.05627827807614892,0.024103727423596892,-5.11229004119132
4.64,92.49978748574489,3.818195467941674,-0.044641311022722265,-0.24100728019156886,-0.3920444537901848,0.3920444537901848,0.05812252093818653,0.02514081593119142,-4.820145603831377
4.65,92.6995775143947,3.8090343411810763,-0.04697749486774378,-0.22627858612904858,-0.380190829771203,0.380190829771203,0.060458704783208035,0.026427444093891986,-4.525571722580971
4.66,92.8993463133672,3.7994212778873204,-0.049165298684453976,-0.21133200085807163,-0.36797986932840215,0.36797986932840215,0.06203517004350306,0.02733778632846751,-4.226640017161433
4.67,93.09909435963375,3.7893861320697955,-0.0512033127851511,-0.1963208581252906,-0.35543549723044243,0.3554354972304424,0.06348805428605937,0.028189672170725263,-3.926417162505812
4.68,93.29882232811629,3.778958921903418,-0.05309101414540334,-0.18126958653649625,-0.3425851728296082,0.3425851728296082,0.06481579069892734,0.02898204362116759,-3.625391730729925
4.69,93.49853107464317,3.7681697381315136,-0.054828123702143544,-0.16620254997454803,-0.3294564792751934,0.3294564792751934,0.06601708799571462,0.02971397920510538,-3.324050999490961
4.7,93.6982216202501,3.7570486954634656,-0.05641460544163027,-0.1511439948135327,-0.31610184897333626,0.3161018489733363,0.06760356973520135,0.03064076637786731,-3.022879896270654
4.71,93.89789513696313,3.745625918270754,-0.05785015621721232,-0.13601658671122194,-0.3025232104546004,0.3025232104546004,0.06852648017680833,0.031238007983858163,-2.720331734224439
4.72,94.09755293723731,3.7339315916912117,-0.05913474905826078,-0.12095219783558202,-0.28874730084454836,0.2887473008445484,0.06932065510059363,0.03177285454185133,-2.4190439567116404
4.73,94.29719645121743,3.7219958042539725,-0.06026913185924423,-0.10597429041687373,-0.27480204214177284,0.27480204214177284,0.06998592383972857,0.032244941498446554,-2.1194858083374744
4.74,94.49682720766262,3.7098484657816058,-0.06125428553054422,-0.09110600647489539,-0.2607155371075462,0.2607155371075462,0.07097107751102857,0.032878383384438825,-1.822120129497908
4.75,94.69644681871102,3.6975192915333195,-0.06209097484808065,-0.07628127448604727,-0.24653651238340468,0.24653651238340468,0.07135906862199651,0.03321416918716421,-1.5256254897209454
4.76,94.89605696843113,3.6850378440225446,-0.06278022236834147,-0.06161711177066023,-0.23226920564389328,0.23226920564389325,0.07161917589337553,0.033486895890248836,-1.2323422354132045
4.7700000000000005,95.09565939027766,3.6724333926014086,-0.06332374311526015,-0.047135311920722414,-0.21794102632481555,0.21794102632481555,0.07175228603357912,0.0336967327535414,-0.9427062384144482
4.78,95.29525584866646,3.6597348393782774,-0.06372346754751299,-0.03285716995480047,-0.20357905713835248,0.20357905713835248,0.07175953019448882,0.03384397452586088,-0.6571433990960095
4.79,95.49484812291205,3.646970677518646,-0.06398153637299857,-0.01880344249348525,-0.1892113886639568,0.18921138866395681,0.07201759901997441,0.03411668562334764,-0.376068849869705
4.8,95.69443799331323,3.6341689754631283,-0.0640999221700835,-0.004919996649976622,-0.1748796944436145,0.17487969444361448,0.07176066396501575,0.03413153503807173,-0.09839993299953245
4.8100000000000005,95.8940272309361,3.621357409847055,-0.06408082314213807,0.00869441930936213,-0.1605916427242931,0.16059164272429313,0.0713826603236646,0.03408541373458936,0.1738883861872426
4.82,96.09361757823834,3.6085631464766745,-0.06392702399603029,0.022020986510982006,-0.14637284610936577,0.14637284610936577,0.07088565667174276,0.03397909987477772,0.4404197302196401
4.83,96.29321073394183,3.5958127772479274,-0.0636414942119593,0.035041566892750835,-0.13224837806777878,0.13224837806777878,0.0702719326975691,0.03381348256810676,0.7008313378550167
4.84,96.49280834045645,3.583132284609474,-0.06322738108254757,0.04773873366116978,-0.11824475420770547,0.11824475420770547,0.06985781956815734,0.03374646224200162,0.9547746732233955
4.8500000000000005,96.69241197354262,3.5705470281548974,-0.06268769073119036,0.060157937855256916,-0.10439692591327468,0.10439692591327468,0.06900428116015923,0.03345817132094687,1.2031587571051383
4.86,96.89202313538134,3.558081772401668,-0.06202561477742219,0.07221705447609902,-0.09071386093539394,0.09071386093539394,0.06804206396674922,0.033113893374020674,1.4443410895219806
4.87,97.0916432405198,3.545760587970138,-0.06124482955836674,0.08390104138759613,-0.07721833929516568,0.07721833929516568,0.0669742291204762,0.03271493116728644,1.6780208277519226
4.88,97.29127360583904,3.533606799984354,-0.060349157750024356,0.09519567023782566,-0.06393242490790463,0.06393242490790464,0.06580400744460421,0.03226267947322306,1.9039134047565132
4.89,97.49091544300943,3.5216429599506975,-0.059342560127476546,0.10608754678201898,-0.050879752054301446,0.05087975205430145,0.06479740982205641,0.03188990739048519,2.12175093564038
4.9,97.69056985307209,3.5098908365993813,-0.058228866300918856,0.11661612208509854,-0.03808882541051802,0.03808882541051802,0.0634210966238795,0.03132966005783457,2.332322441701971
4.91,97.89023782396383,3.4983714416440037,-0.05701204565695652,0.12671434482030744,-0.02556813410711507,0.02556813410711507,0.06195303966666576,0.030720838492261728,2.5342868964061487
4.92,98.08992022277198,3.487104950035312,-0.05569645547552625,0.13637149985435132,-0.013336785186303605,0.013336785186303603,0.060397069859076565,0.030065167077675245,2.727429997087026
4.93,98.28961779151146,3.476110660144799,-0.05428655569760118,0.14557776712957102,-0.0014130337745783975,0.0014130337745783975,0.058757141082116555,0.029364440203312494,2.9115553425914205
4.94,98.48933114510568,3.465406974013652,-0.0527868999242662,0.15432423166422685,0.010183378019714619,0.010183378019714619,0.05725748530878158,0.028730576434587936,3.086484633284537
4.95,98.68906077119567,3.4550113939162834,-0.0512019076684949,0.1626464777265192,0.021430155264681748,0.021430155264681748,0.05545232818441851,0.027940465644856072,3.252929554530384
4.96,98.88880703229522,3.4449405486218527,-0.049536089395726686,0.17049102743892494,0.03232068449948035,0.032320684499480355,0.05357574150071531,0.02711107759535246,3.409820548778499
4.97,99.08857016420315,3.4352101315994883,-0.047794252650138556,0.17785178498588944,0.042840152046217495,0.042840152046217495,0.05163208322361994,0.026244443132272144,3.5570356997177885
4.98,99.28835027725171,3.4258348730636285,-0.0459812612937751,0.18472357952607207,0.052974686772571784,0.052974686772571784,0.049625785013317845,0.02534263937438464,3.6944715905214416
4.99,99.48814735930678,3.4168285292100915,-0.04410202625675953,0.1911021652017946,0.06270913440521866,0.06270913440521868,0.047746549976302274,0.024500366332203323,3.822043304035892
5.0,99.68796128015887,3.4082038855373136,-0.04216131236235449,0.19702088394586564,0.07202718105813968,0.07202718105813968,0.04562062837406578,0.023530585997614286,3.9404176789173126
5.01,99.88779179758177,3.399972785515659,-0.04016392592121645,0.2024383454626351,0.08092509648329356,0.08092509648329356,0.043445733817144505,0.02253211787340519,4.048766909252702
5.0200000000000005,100.0876385608074,3.392146085519831,-0.03811488670738405,0.20735311418433297,0.08939274495208195,0.08939274495208197,0.04122650182342357,0.021507178361232605,4.147062283686659
5.03,100.28750111605464,3.3847336385105424,-0.03601922430457058,0.21176466072319888,0.09742097663605181,0.09742097663605181,0.03896759235297674,0.020458005942848887,4.235293214463978
5.04,100.48737891326019,3.3777442924646377,-0.033881969090512484,0.21567335267222207,0.10499960476028862,0.10499960476028862,0.036830337138918645,0.019465164617062207,4.313467053444441
5.05,100.68727131368476,3.3711859009923613,-0.031707987744350054,0.21911145582672192,0.11211803617338814,0.11211803617338813,0.034499698795147395,0.01837102975930758,4.382229116534439
5.0600000000000005,100.88717759849345,3.3650653556699925,-0.02950214065054252,0.22204817354283038,0.11877605318695837,0.11877605318695837,0.032143442476393426,0.017259481770066296,4.440963470856608
5.07,101.08709697557343,3.3593885562612256,-0.02726942645276478,0.22448653785530126,0.12496834121386849,0.12496834121386849,0.02976623725196289,0.01613280203812013,4.489730757106026
5.08,101.2870285876181,3.354160405423625,-0.0250148092430247,0.22643042425106902,0.1306905677798812,0.13069056777988117,0.027372729755171847,0.014993270555384736,4.528608485021381
5.09,101.48697152084159,3.349384816066927,-0.02274321021370301,0.2278845344145794,0.1359375929675969,0.1359375929675969,0.025101130725850154,0.013909941292601046,4.557690688291588
5.1000000000000005,101.68692481404716,3.3450647292631324,-0.02045936681555997,0.22888082413533412,0.1407042119914237,0.14070421199142366,0.022683691844524585,0.01274888804217653,4.5776164827066825
5.11,101.88688746802606,3.341202150835076,-0.018167966191503876,0.22939757810409242,0.14499399953424916,0.14499399953424916,0.020263695549971893,0.011581787770328438,4.587951562081848
5.12,102.08685845375314,3.337798135137131,-0.015873768077390365,0.22944189698399667,0.14880636992016935,0.14880636992016935,0.017845616967156086,0.010410872182779737,4.588837939679934
5.13,102.28683672113435,3.3348527897478073,-0.013581457473995914,0.22902162465031958,0.15214167121204322,0.15214167121204322,0.015433866315780533,0.009238349870010699,4.580432493006391
5.14,102.48682120786553,3.3323652910004395,-0.011295637334648367,0.2281453243196287,0.15499961851116514,0.15499961851116514,0.013148046176432986,0.008124019273328145,4.562906486392574
5.15,102.68681084818294,3.330333908647347,-0.00902070702759446,0.22684507141485236,0.1573799594967136,0.15737995949671357,0.010757850753902794,0.006952724971918533,4.536901428297047
5.16,102.88680458140905,3.328756046673379,-0.006760977136230889,0.22510670162089258,0.1592900338110757,0.15929003381107568,0.008386773960251715,0.005786287318236614,4.502134032417851
5.17,103.0868013596826,3.327628238600575,-0.004520775659513974,0.22294081359475335,0.1607336750496446,0.1607336750496446,0.006038895332741266,0.004626784416867079,4.458816271895067
5.18,103.28680015566194,3.3269461607235042,-0.002304321534025808,0.22035861911052382,0.16171556249523478,0.16171556249523478,0.003718193104741694,0.0034762521773231947,4.407172382210477
5.19,103.48679996992924,3.326704654613419,-0.00011571864753837134,0.21737191420847832,0.16223984232125938,0.16223984232125938,0.001529590218254257,0.0023871935323397223,4.3474382841695665
5.2,103.68679983793636,3.326897757531435,0.0020411502101257604,0.2140130539060859,0.16231065938669031,0.16231065938669031,-0.0007283311258899753,0.0012589410309219156,4.280261078121718
5.21,103.88679883635828,3.327518746912814,0.004162522585899223,0.21027388556690774,0.16193883532058323,0.16193883532058326,-0.0029477870097720927,0.00014549484831978586,4.205477711338155
5.22,104.08679608893262,3.328560144907165,0.0062446625941539775,0.20616780348972613,0.16113212504427574,0.16113212504427576,-0.005125261856656295,-0.0009513096778853902,4.123356069794522
5.23,104.28679077186506,3.330013738393254,0.008283970608031339,0.20170866359081724,0.1598990083319975,0.1598990083319975,-0.0072573704756515225,-0.0020296951545057864,4.0341732718163446
5.24,104.48678211866914,3.331870606919759,0.010276987714640608,0.1969107513157964,0.15824745189101772,0.15824745189101772,-0.00925038758226079,-0.003042719272220218,3.938215026315928
5.25,104.68676942433814,3.334121157519272,0.012220489698329895,0.19180665963952978,0.15618532526119314,0.15618532526119316,-0.011284364947041088,-0.004080329220908612,3.8361331927905957
5.26,104.88675204870044,3.336755171933721,0.014111396334437941,0.18639271467895027,0.15372645015365577,0.15372645015365577,-0.013263625760866819,-0.005094548378896851,3.7278542935790053
5.2700000000000005,105.08672941954296,3.3397618179506776,0.015946686341177775,0.18068431531391171,0.1508818543823614,0.1508818543823614,-0.015185348203246525,-0.0060838555577996485,3.6136863062782343
5.28,105.28670103507203,3.3431296742410224,0.017723493918082756,0.17469715793698196,0.1476631452645914,0.1476631452645914,-0.017046861797578593,-0.007046799446143383,3.493943158739639
5.29,105.48666646569448,3.3468467620016256,0.01943911155275397,0.16844720288918225,0.1440813613779127,0.14408136137791272,-0.018762479432249807,-0.007940426102345776,3.368944057783645
5.3,105.6866253550646,3.3509005826300475,0.021091075088783023,0.1619671053761859,0.1401473258191493,0.1401473258191493,-0.020497614168948117,-0.008847333826282566,3.2393421075237177
5.3100000000000005,105.88657742024662,3.355278166554477,0.022677079577163466,0.15525616286891175,0.13587723713443609,0.13587723713443609,-0.022165443329033026,-0.009723949293172152,3.105123257378235
5.32,106.08652245194526,3.3599660888971012,0.02419489968196131,0.1483309429420473,0.13128464031166906,0.13128464031166906,-0.023763926953809297,-0.010569117073787958,2.966618858840946
5.33,106.28646031400669,3.364950497122486,0.025642476392751967,0.1412081426909509,0.12638349890262113,0.12638349890262113,-0.025291188897701072,-0.011381759459824324,2.8241628538190175
5.34,106.48639094226095,3.370217144594001,0.027017918152549524,0.13390455538742616,0.12118708488420483,0.12118708488420485,-0.026666630657498625,-0.012121444479907264,2.678091107748523
5.3500000000000005,106.68631434268806,3.3757514295260482,0.02831957999644382,0.12645265390767432,0.11570833582011131,0.11570833582011131,-0.02804718019392824,-0.012866506738763007,2.5290530781534866
5.36,106.88623058875858,3.3815384442340695,0.029545982832568738,0.1188532455399194,0.10996511782447001,0.10996511782447002,-0.029351852199930892,-0.013576274921720746,2.377064910798388
5.37,107.0861398191721,3.3875629927372395,0.030695736364803976,0.11112322850676074,0.10397267507817103,0.10397267507817103,-0.03057943405614777,-0.014249990277292174,2.2224645701352146
5.38,107.2860422349223,3.3938096192707317,0.03176761910807889,0.10327946690929415,0.0977465026999974,0.09774650269999739,-0.031728880997920865,-0.014886975471960459,2.065589338185883
5.39,107.48593809582542,3.400262642036472,0.03276057788879127,0.09533875915908534,0.09130122352697655,0.09130122352697655,-0.032721839778633244,-0.015447907654046857,1.9067751831817068
5.4,107.68582771651761,3.4069061919291137,0.03367380397277663,0.08733314392949545,0.08465101975636145,0.08465101975636145,-0.03371254208293466,-0.016009760843903716,1.746662878589909
5.41,107.8857114617702,3.413724261102428,0.034506652903136814,0.07926354173121374,0.07781468065091905,0.07781468065091905,-0.03462295521179302,-0.01653333079938732,1.5852708346242748
5.42,108.08558974255203,3.420700720285026,0.035258567225015,0.07114638076770259,0.07080831304833822,0.07080831304833822,-0.03545269785765284,-0.01701826579834304,1.4229276153540518
5.43,108.28546301154887,3.4278193463617765,0.03592915283244406,0.0629979032335074,0.06364810875918281,0.06364810875918281,-0.03620155263495964,-0.017464295229887992,1.259958064670148
5.44,108.48533175832378,3.4350638547542065,0.03651817696558857,0.05483413687526271,0.056349156429052916,0.056349156429052916,-0.03679057676810415,-0.017831796819761544,1.0966827375052541
5.45,108.68519650413425,3.4424179365806395,0.03702564426882941,0.04668648354087657,0.04892602082947346,0.04892602082947346,-0.0373769317638803,-0.018199205673645417,0.9337296708175313
5.46,108.88505779624799,3.449865305606048,0.037451714456032806,0.03855466089701176,0.041397680089140146,0.04139768008914015,-0.03788268718418482,-0.018527366791201007,0.7710932179402352
5.47,109.08491620334934,3.457389713248975,0.03779662223632197,0.030453898619953183,0.03378028869972675,0.03378028869972675,-0.038308258484452413,-0.018816326355228938,0.6090779723990637
5.48,109.28477231055747,3.464974973638923,0.038060753010964794,0.02239910652857545,0.026089929265210608,0.026089929265210605,-0.0386542139307997,-0.019066207672747745,0.447982130571509
5.49,109.48462671427184,3.4726049932657723,0.03824463955334798,0.014404850374710136,0.01834130521069233,0.018341305210692327,-0.038838100473182896,-0.019235637184484525,0.28809700749420275
5.5,109.68448001686157,3.480263805448137,0.03834904104569271,0.0065017925162270465,0.010548545274058612,0.010548545274058612,-0.039025673166196866,-0.019407351130357846,0.13003585032454093
5.51,109.88433282102787,3.487935614960711,0.03837485587305667,-0.001312777590643856,0.002730131733492782,0.002730131733492782,-0.03913619401098792,-0.019540795688159033,-0.026255551812877122
5.5200000000000005,110.08418572556437,3.4956048089267733,0.03832303615394663,-0.009025456427687921,-0.005098491658766305,0.005098491658766304,-0.03917080672751774,-0.019636388280346535,-0.18050912855375842
5.53,110.28403932086367,3.503255977980092,0.038194665881283583,-0.01662327119450028,-0.012922094438564843,0.012922094438564843,-0.03913079063257239,-0.019694616260671843,-0.33246542389000555
5.54,110.48389418440757,3.5108739420492148,0.03799095651907586,-0.024093698974353397,-0.020727144226868312,0.020727144226868312,-0.038927081270364663,-0.019670812077451014,-0.48187397948706795
5.55,110.68375087625158,3.5184437812469396,0.03771333225902811,-0.03140677528523813,-0.02850069328511638,0.028500693285116382,-0.038739932391407925,-0.019654973128555128,-0.6281355057047626
5.5600000000000005,110.88360993431866,3.5259508777312054,0.037363335160263016,-0.038568770339130524,-0.036225356596278735,0.036225356596278735,-0.038482735897760696,-0.019603621514843135,-0.7713754067826105
5.57,111.08347187133029,3.5333809208864393,0.03694253158163705,-0.04556861178781568,-0.043887073549605964,0.04388707354960597,-0.038157267157764185,-0.019517504314378153,-0.9113722357563137
5.58,111.28333717156796,3.5407199234442928,0.03645259602135368,-0.052395742393000044,-0.051472117573015556,0.05147211757301556,-0.037765415105589464,-0.019397428728524888,-1.0479148478600009
5.59,111.4832062877176,3.5479542425040735,0.03589530589758462,-0.05904013363687172,-0.058968822313303665,0.058968822313303665,-0.037208124981820405,-0.01919375071404324,-1.1808026727374343
5.6000000000000005,111.68307963780049,3.5550706062097612,0.03527263654695562,-0.06547229522123153,-0.06636606888739455,0.06636606888739455,-0.03668650811767151,-0.0190069147477097,-1.3094459044246307
5.61,111.88295760199392,3.5620561526898413,0.034586655723216515,-0.07170309947283704,-0.0736480594005674,0.0736480594005674,-0.03610477539644381,-0.01878886829222758,-1.4340619894567408
5.62,112.08284052123449,3.568898428125423,0.03383941900444768,-0.07772417335219024,-0.08080267939305298,0.08080267939305298,-0.0354652158284685,-0.01854063470816478,-1.5544834670438048
5.63,112.28272869567148,3.5755853969093563,0.03303306283423016,-0.08352771489502095,-0.08781824455788362,0.08781824455788362,-0.03477020656053849,-0.01826328572584808,-1.670554297900419
5.64,112.48262238323545,3.5821054572460023,0.03216979877152419,-0.08910650105994809,-0.09468553894747828,0.09468553894747826,-0.03390694249783252,-0.017900326638391043,-1.782130021198962
5.65,112.6825217983199,3.5884474632497567,0.03125202212810822,-0.09443107842847306,-0.10139580667827432,0.10139580667827432,-0.03310443096989284,-0.01756617355172916,-1.8886215685694614
5.66,112.88242711037813,3.5946007611274666,0.03028219250985,-0.09951788861264813,-0.10793519263485778,0.10793519263485778,-0.03225404139961571,-0.017206372626156433,-1.9903577722529624
5.67,113.08233844433308,3.6005551789115673,0.029262714925009887,-0.10436148249343033,-0.11429396488088824,0.11429396488088824,-0.03135844428347791,-0.016822161790547838,-2.0872296498686067
5.68,113.28225588079736,3.606301029963261,0.02819604587230689,-0.10895700910424333,-0.12046289036445448,0.12046289036445448,-0.030420370901271504,-0.016414814354280296,-2.1791401820848666
5.69,113.48217945637721,3.611829122745262,0.02708468734852064,-0.11330021779838338,-0.12643566411735013,0.1264356641173501,-0.029309012377485254,-0.015918862829916128,-2.2660043559676675
5.7,113.68210916406011,3.6171307782601327,0.025931313501092575,-0.11736101523549357,-0.13220630336611605,0.13220630336611602,-0.028289234013239718,-0.01546668004028102,-2.347220304709871
5.71,113.88204495350335,3.622197863989758,0.024738633431995748,-0.12116232711341218,-0.13776310064537423,0.1377631006453742,-0.027235444231193857,-0.014995353122050671,-2.4232465422682434
5.72,114.08198673303674,3.6270227742376644,0.023509254254669994,-0.12470171000758082,-0.14309900539878057,0.14309900539878057,-0.0261505560805209,-0.014506268094248256,-2.4940342001516163
5.73,114.28193437139525,3.6315984265092114,0.022245804520428774,-0.12797731777679808,-0.14820750584440903,0.14820750584440903,-0.025037515571226118,-0.01400083284405715,-2.5595463555359617
5.74,114.48188769945871,3.6359182653099382,0.020950928261511993,-0.13098789839658725,-0.15308553900200333,0.15308553900200333,-0.023742639312309338,-0.013402175046174702,-2.6197579679317453
5.75,114.6818465120112,3.639976275142846,0.019627434630843134,-0.1337017811537193,-0.15773017625791347,0.15773017625791344,-0.022575802679249295,-0.012865203102203782,-2.6740356230743862
5.76,114.88181056937425,3.6437670131028472,0.018278138580729925,-0.1361492702943743,-0.16213190212137374,0.16213190212137374,-0.021389753696769445,-0.01231619586959846,-2.722985405887486
5.7700000000000005,115.08177960051675,3.647285578918267,0.016905701495592236,-0.13833087447193862,-0.1662865044618597,0.1662865044618597,-0.020187509391520288,-0.01175661974037874,-2.7666174894387723
5.78,115.28175330580382,3.650527603963777,0.015512776810514472,-0.14024767299793447,-0.17019032083313695,0.17019032083313695,-0.018972092822225756,-0.011187949619444247,-2.8049534599586896
5.79,115.48173135965811,3.653489249198157,0.014102004344437926,-0.14190130791355898,-0.17384373425066213,0.17384373425066213,-0.017561320356149213,-0.010519097520581227,-2.8380261582711794
5.8,115.6817134131699,3.6561672142500004,0.012676188626545418,-0.14325731548600637,-0.17724702136590698,0.17724702136590698,-0.016320712346088163,-0.009932826386703151,-2.8651463097201275
5.8100000000000005,115.88169909657697,3.6585587699744915,0.011238112298604575,-0.1443542933848062,-0.18039274022621415,0.18039274022621415,-0.01507594287208596,-0.009341898838305121,-2.887085867696124
5.82,116.08168802283417,3.660661717396607,0.009790349177261723,-0.14519552667744248,-0.18327953473505332,0.18327953473505332,-0.013830001282250355,-0.00874779598847571,-2.9039105335488498
5.83,116.28167979075775,3.6624743693179744,0.008335437612238874,-0.145784821942787,-0.18590658157774564,0.18590658157774562,-0.01258585812816248,-0.008151994879858697,-2.91569643885574
5.84,116.48167398799943,3.663995542757958,0.0068758753311124465,-0.14612649533247754,-0.1882777981564179,0.18827779815641787,-0.011126295847036054,-0.007445925905082206,-2.922529906649551
5.8500000000000005,116.68167019392364,3.6652245649637734,0.005414333027552426,-0.14618178108739058,-0.19039668968370285,0.19039668968370285,-0.009884918412067803,-0.00684642610287093,-2.9236356217478114
5.86,116.88166798240893,3.666161307659895,0.003953434404586392,-0.14599855428260683,-0.19225761222041798,0.19225761222041796,-0.008654048788136703,-0.006249600516272531,-2.9199710856521364
5.87,117.08166692519067,3.666806134155654,0.0024955355818152454,-0.1455825968435735,-0.19386195268806,0.19386195268806003,-0.0074365295915244855,-0.005656884322642843,-2.91165193687147
5.88,117.28166659477716,3.667159873677535,0.001042932582628054,-0.1449401445742562,-0.1952115884557063,0.19521158845570633,-0.0062351629055886915,-0.005069697337351409,-2.898802891485124
5.89,117.48166656715539,3.6672238088992675,-0.0004021431289763131,-0.144077872085988,-0.19631396407084295,0.19631396407084295,-0.004790087193984324,-0.004358183237700592,-2.88155744171976
5.9,117.6816664244071,3.6669996799984252,-0.0018372681821939556,-0.14295089527463306,-0.1971757130129077,0.1971757130129077,-0.0036175815123859036,-0.0037805478863220288,-2.859017905492661
5.91,117.88166575739407,3.666489722750538,-0.0032600878100106766,-0.1416174751735284,-0.19779256997350786,0.1977925699735079,-0.002469311752098773,-0.003212581575784465,-2.832349503470568
5.92,118.08166416825765,3.6656966030511122,-0.004668577296723106,-0.1400855288304173,-0.1981684358425199,0.19816843584251992,-0.0013478718926039227,-0.00265562030472716,-2.801710576608346
5.93,118.28166127258675,3.6646233842219265,-0.006060792964925077,-0.13836334561590422,-0.1983076375991652,0.1983076375991652,-0.000255797464043795,-0.0021109751080135497,-2.7672669123180844
5.94,118.48165670140068,3.6632735103925675,-0.0074348758121548075,-0.13645956996465022,-0.19822107151000876,0.19822107151000876,0.0011182853831859354,-0.0014230680235071199,-2.7291913992930046
5.95,118.68165010312413,3.661650809976177,-0.008788743329664127,-0.13432106213903441,-0.1979182811399067,0.19791828113990673,0.0021583048440543436,-0.0009000303893718954,-2.686421242780688
5.96,118.88164114589065,3.6597595401683463,-0.010120399064854005,-0.13201776282440342,-0.19739583621432388,0.19739583621432388,0.003161766389141521,-0.00039307516757247857,-2.6403552564880686
5.97,119.0816295187332,3.6576043080311376,-0.011428243424136167,-0.1295593041728681,-0.19665982575700983,0.19665982575700983,0.00412640624260964,9.660486373472147e-05,-2.591186083457362
5.98,119.28161493265895,3.6551900310718195,-0.012710774548349804,-0.12695559997894693,-0.19571668266784686,0.19571668266784686,0.00505003275341756,0.0005678495500303117,-2.5391119995789384
5.99,119.48159712164458,3.6525219173584103,-0.013966591036393309,-0.1242168271828478,-0.19458064417439566,0.19458064417439566,0.0063058492414610635,0.001207118178986575,-2.4843365436569558
6.0,119.6815758437925,3.649605469992593,-0.015194021800742042,-0.1212791183825557,-0.19326383485270493,0.19326383485270493,0.007157959153766202,0.0016463412283560517,-2.425582367651114
6.01,119.88155088320148,3.6464465409604334,-0.016391494680214762,-0.11822563613226786,-0.19176301582191013,0.19176301582191013,0.007962951761895789,0.0020638457227287934,-2.3645127226453573
6.0200000000000005,120.08152204957281,3.643051237724433,-0.01755790658983739,-0.11506727402393103,-0.19008606404363876,0.19008606404363876,0.008718953064803326,0.002458615891965275,-2.301345480478621
6.03,120.28148917805126,3.6394258773495767,-0.01869226431648629,-0.11181511221384714,-0.1882411048996335,0.1882411048996335,0.009424170542570422,0.0028296742222888756,-2.236302244276943
6.04,120.48145212917844,3.6355769642949065,-0.019793686289994557,-0.10848039857791508,-0.18624560600040083,0.18624560600040083,0.01052559251607869,0.0034003401980353372,-2.1696079715583014
6.05,120.68141078926429,3.631511197619349,-0.020860958625364176,-0.10498571782796175,-0.1841138413498342,0.18411384134983422,0.011144166644879832,0.0037309449089415743,-2.099714356559235
6.0600000000000005,120.88136507198712,3.6272355374959497,-0.0218929744797718,-0.10142930815556978,-0.18184204613836574,0.18184204613836577,0.011707068437438954,0.00403511375733582,-2.0285861631113953
6.07,121.08131491632864,3.622757095957701,-0.022889175216947506,-0.09782286117828407,-0.1794394346188627,0.17943943461886266,0.012212851257351475,0.004312031282487111,-1.9564572235656814
6.08,121.28126028523337,3.618083084751035,-0.023849119575493787,-0.0941781599481967,-0.17691536548885503,0.17691536548885506,0.012660155281922714,0.0045609239860728065,-1.8835631989639339
6.09,121.48120116465428,3.613220791748186,-0.02477248449077975,-0.0905070605231957,-0.1742904615272875,0.17429046152728753,0.013583520197208678,0.005048855483331464,-1.8101412104639139
6.1000000000000005,121.68113756335546,3.60817759273589,-0.025658533696825678,-0.08671541991777112,-0.17158062180399344,0.17158062180399342,0.013933757143301676,0.0052510723536109034,-1.7343083983554224
6.11,121.88106951457578,3.6029610342500367,-0.026506641394759476,-0.08291877558045921,-0.16878079084525918,0.1687807908452592,0.014221899893851196,0.005423142038473006,-1.6583755116091843
6.12,122.08099707235955,3.5975787067321416,-0.027316817938734573,-0.07912916567711986,-0.16590104278371703,0.16590104278371703,0.014446946579685488,0.005564462862005574,-1.5825833135423972
6.13,122.28092030923267,3.592038186134448,-0.028089194064101233,-0.07535862828158435,-0.16295148822449446,0.16295148822449446,0.01460798414863697,0.00567447719207354,-1.507172565631687
6.140000000000001,122.48083931461123,3.5863470098538945,-0.028824020798992326,-0.07161918393497259,-0.15995589754278133,0.15995589754278136,0.015342810883528065,0.006071846466336219,-1.4323836786994517
6.15,122.68075419437262,3.580512695032559,-0.029521035087570997,-0.06779641677128082,-0.15693118774259693,0.1569311877425969,0.015401202584865029,0.0061312894150065455,-1.3559283354256162
6.16,122.88066507302176,3.5745428416980634,-0.03018008334817268,-0.06402580448407488,-0.1538702251935225,0.1538702251935225,0.01539323750562119,0.00615791650087537,-1.2805160896814978
6.17,123.08057208857703,3.568444986129527,-0.030801747145039145,-0.06031931028999186,-0.1507834615974807,0.1507834615974807,0.015318359408036617,0.006151345088043501,-1.2063862057998371
6.18,123.28047538954225,3.5622265360366714,-0.03138672724638796,-0.05668881205207688,-0.14768127721397412,0.14768127721397412,0.015176100657908876,0.006111237556814697,-1.1337762410415377
6.19,123.48037513301269,3.5558947468392756,-0.031935842689920176,-0.05314608614228641,-0.14459067811902804,0.14459067811902804,0.01572521610144109,0.006416701269530264,-1.0629217228457282
6.2,123.68027148439816,3.5494567484603743,-0.032449275921997055,-0.04955253917032059,-0.14152891612840698,0.14152891612840698,0.015479515192001757,0.006324468434716809,-0.9910507834064118
6.21,123.88016462055519,3.5429196730669075,-0.03292731389737934,-0.046066675845669355,-0.13848599238690493,0.13848599238690495,0.015165296352411591,0.006197788252336746,-0.9213335169133872
6.22,124.08005472341382,3.5362904859448916,-0.03337109119329924,-0.0427000059528949,-0.1354722676088904,0.13547226760889042,0.014782438838507345,0.006036496743164769,-0.8540001190578981
6.23,124.27994197653013,3.5295759138467884,-0.033781856667274006,-0.0394638763076793,-0.13249792658128692,0.13249792658128692,0.014330909616335059,0.00584047554235466,-0.789277526153586
6.24,124.47982656321317,3.522782422345019,-0.034160971752982126,-0.036369455919321246,-0.12959341951766423,0.1295934195176642,0.01471002470204318,0.006059078155844947,-0.727389118386425
6.25,124.67970866675387,3.5159162531300123,-0.034509015719114335,-0.0332497367247189,-0.1267755696327705,0.12677556963277054,0.014158807272207157,0.005811647939775873,-0.664994734494378
6.26,124.8795884749365,3.5089835809221874,-0.03482666397366419,-0.03028978103970889,-0.12403075078789738,0.12403075078789738,0.013538897649628243,0.005529141316935148,-0.6057956207941778
6.2700000000000005,125.07946617255209,3.5019903186541486,-0.035115567968819685,-0.027500316522623695,-0.12136879218949197,0.12136879218949195,0.012850596825173609,0.005211610490691885,-0.5500063304524739
6.28,125.27934193775539,3.4949420383485803,-0.035377485263988075,-0.024891837736010208,-0.11879924860132145,0.11879924860132145,0.01209429386705508,0.004859154447514325,-0.49783675472020417
6.29,125.47921594045955,3.487843950175051,-0.035614277125047576,-0.022474592234885512,-0.11635636850650838,0.11635636850650836,0.01233108572811458,0.005001979178992206,-0.44949184469771025
6.3,125.67908834333196,3.4807009522752796,-0.03582685289755158,-0.02004864901828067,-0.11405567311035353,0.11405567311035351,0.011483042334989112,0.0046009644363910205,-0.4009729803656134
6.3100000000000005,125.8789593079925,3.4735178216328584,-0.0360162069323585,-0.01782955517411031,-0.11187920473302007,0.11187920473302006,0.010567983291355814,0.004165199598347706,-0.3565911034822062
6.32,126.07882898646797,3.4662989899068184,-0.03618445621463843,-0.0158269767702114,-0.10983585760949116,0.10983585760949116,0.009586622980999968,0.0036949529144050725,-0.316539535404228
6.33,126.27869751746621,3.4590484559929338,-0.036333812897104634,-0.014050282239517,-0.1079341606128516,0.1079341606128516,0.008539767763194914,0.003190542275468941,-0.28100564479034
6.34,126.47856502516153,3.451769767323417,-0.03646658125460632,-0.012508528614326083,-0.10621269451489304,0.10621269451489304,0.0086725361206966,0.0032741411151993695,-0.2501705722865217
6.3500000000000005,126.67843162108778,3.4444660842245045,-0.03658391913992053,-0.010964196397617821,-0.10468461747963768,0.10468461747963768,0.007545655742563336,0.002725981696485291,-0.21928392795235643
6.36,126.87829741219835,3.4371404096360814,-0.036687056158471426,-0.00966752968192194,-0.10332704661979829,0.1033270466197983,0.006355171301343732,0.002144315184473883,-0.19335059363843882
6.37,127.07816249119107,3.429795331604876,-0.036778510932662975,-0.008626894059749311,-0.10214757800091288,0.10214757800091288,0.005102217880878709,0.0015296331604302258,-0.17253788119498623
6.38,127.27802693267283,3.4224329265277147,-0.036860883933173286,-0.007850294794556612,-0.10115335973090188,0.10115335973090188,0.0037880324004315458,0.000882482602906754,-0.15700589589113223
6.390000000000001,127.47789079231497,3.415054743167284,-0.036936853801398335,-0.007345362016943791,-0.10038807397336137,0.10038807397336136,0.0038640022686565953,0.0009281203945946839,-0.1469072403388758
6.4,127.67775410963206,3.4076618834879038,-0.03700773383006426,-0.006832353801774074,-0.09986111100703886,0.09986111100703887,0.0024848373102506344,0.00024380754505492867,-0.13664707603548149
6.41,127.87761691795592,3.400255276041732,-0.03707489428425317,-0.006600509875374295,-0.0995442696017232,0.09954426960172322,0.0010471654092328309,-0.00047185999140081673,-0.13201019750748588
6.42,128.07747923342075,3.3928353810028704,-0.03714118117033117,-0.00665668009977861,-0.09944352210968095,0.09944352210968095,-0.00044742419664094835,-0.0012181473194172838,-0.1331336019955722
6.43,128.27734105084895,3.3854020830317424,-0.03720950685280117,-0.007007287662605506,-0.09956431864255762,0.09956431864255762,-0.001997222348593612,-0.0019942543607223825,-0.14014575325211012
6.44,128.47720234311703,3.377954678450658,-0.03728284570044205,-0.007658311711612763,-0.09995653748371683,0.09995653748371683,-0.001923883500952739,-0.0019615071253135377,-0.15316623423225526
6.45,128.67706306468767,3.3704919743792305,-0.03736256505798988,-0.0082834758466425,-0.10062378313784215,0.10062378313784215,-0.0035206747390186736,-0.002766575200887758,-0.16566951693284998
6.46,128.87692316347344,3.3630126102497746,-0.03745007341074806,-0.009215089221481218,-0.10153249158401215,0.10153249158401213,-0.005169128380135071,-0.003599889105907657,-0.18430178442962436
6.47,129.07678256813432,3.3555147214631096,-0.03754846092639958,-0.010458269832541205,-0.10268671602773816,0.10268671602773814,-0.006867132336690278,-0.0044604333286225204,-0.20916539665082412
6.48,129.27664118339032,3.3479958208972174,-0.03766086642663582,-0.012017632163517854,-0.10408992109429124,0.10408992109429124,-0.00861242675071721,-0.005347112586301517,-0.24035264327035707
6.49,129.47649888933208,3.3404527897067315,-0.03779047224356293,-0.013897265564184181,-0.10579973831621102,0.10579973831621103,-0.008482820933790096,-0.005299407850057158,-0.2779453112836836
6.5,129.67635554550037,3.3328819963570755,-0.03793859290139048,-0.015720787388551902,-0.10781094711700481,0.1078109471170048,-0.01025447514105015,-0.006205347041695123,-0.31441574777103803
6.51,129.87621100461848,3.3252796699750906,-0.03810656749447208,-0.017866977019066702,-0.11008515115675686,0.11008515115675686,-0.012068990313786818,-0.007135346668460977,-0.35733954038133403
6.5200000000000005,130.07606509773004,3.3176415193754076,-0.0382976384497934,-0.020338973775808653,-0.11262420897363368,0.11262420897363369,-0.013923622571530861,-0.008088053375501766,-0.40677947551617305
6.53,130.27591762855695,3.309962602517922,-0.03851507658693606,-0.023139318851723968,-0.11542933207598259,0.1154293320759826,-0.015815442689120565,-0.009062014665320108,-0.46278637703447933
6.54,130.4757683724355,3.302237321474682,-0.03876217499925237,-0.026269927893219306,-0.11856810369110651,0.11856810369110653,-0.015568344276804253,-0.008969853175313191,-0.5253985578643862
6.55,130.67561708073504,3.2944595625978863,-0.03904008541741257,-0.029302048327024103,-0.12202187691717961,0.1220218769171796,-0.017463415594421036,-0.009951926566382314,-0.5860409665404821
6.5600000000000005,130.8754634965427,3.286623124106507,-0.03934996695711584,-0.03266305587417076,-0.1257488401256552,0.1257488401256552,-0.01939021776330352,-0.010952597282908311,-0.6532611174834152
6.57,131.07530733707011,3.278721288525762,-0.03969511276687238,-0.03635380316782091,-0.12974839288240658,0.1297483928824066,-0.021345228877504042,-0.011970098367576088,-0.7270760633564182
6.58,131.27514828664312,3.2707466799299265,-0.04007882092635338,-0.04037442619588925,-0.13401923841456148,0.13401923841456145,-0.02332469713832499,-0.01300254095330811,-0.8074885239177849
6.59,131.47498599496103,3.262691263758202,-0.04050438710892535,-0.044724310212068435,-0.13864193449592452,0.13864193449592452,-0.022899130955753015,-0.012835984822835753,-0.8944862042413687
6.6000000000000005,131.6748200817299,3.254546508791804,-0.040972689126064325,-0.04892210010692514,-0.1435776521945046,0.14357765219450463,-0.024856328167915533,-0.013863940605902812,-0.9784420021385027
6.61,131.87465015459418,3.2463038693675563,-0.04148459432171571,-0.05344386595798337,-0.14878384037881887,0.14878384037881887,-0.026831287190288433,-0.014903481998932405,-1.0688773191596674
6.62,132.07447578818292,3.2379543113427665,-0.0420433332902675,-0.058287780820452634,-0.15425718549956566,0.15425718549956566,-0.028819540309282958,-0.015952342009637136,-1.1657556164090526
6.63,132.27429651535448,3.2294881577822423,-0.04265211403423319,-0.06345115613637597,-0.1599936412137535,0.1599936412137535,-0.030816345114657435,-0.01700810896946625,-1.2690231227275195
6.640000000000001,132.47411182458046,3.220895094484201,-0.04331411314627687,-0.06893040150007558,-0.1660906786805793,0.16609067868057928,-0.030154346002613755,-0.016738079788112672,-1.3786080300015116
6.65,132.6739211648412,3.2121643536238915,-0.04402982394601163,-0.07419421181585098,-0.1724799363544858,0.1724799363544858,-0.032100964903353145,-0.01777528181522143,-1.4838842363170195
6.66,132.87372396639475,3.203285248131265,-0.04479971060337407,-0.07976455122721451,-0.17912240670679533,0.17912240670679533,-0.0340479708646494,-0.01881520949939265,-1.5952910245442902
6.67,133.07351961584405,3.1942466542465158,-0.04562681337489522,-0.08563642948392912,-0.18601183297315627,0.18601183297315627,-0.03598979429074791,-0.019855015475105518,-1.7127285896785824
6.68,133.27330744538463,3.1850368474308475,-0.04651411745336256,-0.09180382751703647,-0.19314120907316537,0.1931412090731654,-0.03792055745413859,-0.02089169081780095,-1.8360765503407295
6.69,133.4730867293118,3.175643514641687,-0.04746454246085763,-0.09825965382916729,-0.2006296030194034,0.2006296030194034,-0.03697013244664353,-0.020491362253515798,-1.9651930765833459
6.7,133.67285668947775,3.16605395836359,-0.048478089085104537,-0.10442910548207962,-0.2083672552397612,0.2083672552397612,-0.038820524660735,-0.02149393488276511,-2.0885821096415924
6.71,133.87261651981234,3.156255676909543,-0.049554709217579825,-0.11087343917023491,-0.2163247475531555,0.2163247475531555,-0.040650056548434725,-0.022488275749748918,-2.217468783404698
6.72,134.07236535691735,3.146235810478973,-0.050697108018454326,-0.11758395186838529,-0.22449270877246377,0.22449270877246377,-0.042451965481846904,-0.02347090982864809,-2.3516790373677057
6.73,134.2721022672955,3.1359809704450585,-0.0519078975782264,-0.124550736680301,-0.23286074013523933,0.23286116492897072,-0.04124117592207483,-0.022949195362389808,-2.49101473360602
6.74,134.47182625370885,3.125477456786736,-0.05318662642141632,-0.1311729571388769,-0.24157533774294315,0.24157533774294315,-0.042940446200020466,-0.023885976477439664,-2.623459142777538
6.75,134.67153628354433,3.1147118661816653,-0.054532780774153015,-0.13803503902437916,-0.2504719853752101,0.25047198537521015,-0.04460110595775246,-0.02480527283262833,-2.7607007804875834
6.76,134.87123125575042,3.1036705170269716,-0.055948700686115904,-0.1451253083335045,-0.2595388325241902,0.25953883252419024,-0.04621552437712978,-0.025703150513806793,-2.90250616667009
6.7700000000000005,135.0709099867154,3.0923392761882695,-0.05743660281096969,-0.15243076428932034,-0.26876331121067615,0.26876331121067615,-0.04777578058154112,-0.02657552340287732,-3.048615285786407
6.78,135.2705712062019,3.080703585452964,-0.05899856696803618,-0.15993704533633807,-0.278160060428113,0.278160060428113,-0.04621381642447463,-0.025888508816518444,-3.198740906726761
6.79,135.47021356554066,3.0687486933032933,-0.06063348337185537,-0.16702261605530686,-0.2878208029570749,0.28782080295707485,-0.04763876509732892,-0.02669759057823521,-3.340452321106137
6.8,135.6698356718954,3.056460286417177,-0.06234015905559298,-0.17428830091912548,-0.29759890135079875,0.29759890135079875,-0.04899714716942034,-0.027474562598218157,-3.4857660183825097
6.8100000000000005,135.86943605068663,3.0438239015842794,-0.06412031347526469,-0.18171781711907006,-0.3074793356367167,0.3074793356367167,-0.050280340536194915,-0.028214963624464625,-3.6343563423814014
6.82,136.069013130315,3.0308247549568734,-0.06597549601296031,-0.18929343749346444,-0.31744646228271206,0.317446462282712,-0.05147952106064423,-0.028914225153149238,-3.785868749869289
6.83,136.26856523892624,3.017447778072889,-0.06790707146371171,-0.1969959766532211,-0.3275461936660834,0.32754619366608334,-0.04954794560989284,-0.028049434741607253,-3.939919533064422
6.84,136.46809061545306,3.003677857756289,-0.06991318905355871,-0.20420351537016976,-0.337797213118116,0.337797213118116,-0.05057958037297325,-0.028667762317667784,-4.084070307403395
6.8500000000000005,136.6675874507434,2.989500470673878,-0.07199189450971065,-0.21151320938493376,-0.34808264923617926,0.3480826492361792,-0.05151406473991692,-0.029237858862320252,-4.230264187698675
6.86,136.8670538464122,2.9749011022754006,-0.07414410341518074,-0.21890393511892142,-0.3583846307430365,0.3583846307430365,-0.05234223544169331,-0.029754964028277018,-4.378078702378429
6.87,137.0664877995802,2.9598650855302138,-0.0763705127580021,-0.22635310204458928,-0.36868481385234303,0.36868481385234303,-0.05305488647962185,-0.030214291378334358,-4.527062040891786
6.88,137.26588720175621,2.9443776467213367,-0.07867158635562554,-0.23383667140067585,-0.37906226663390646,0.37906226663390646,-0.0507538128819984,-0.029167529107338264,-4.676733428013517
6.890000000000001,137.46524985375237,2.928424145022679,-0.08104467261647962,-0.2407575105219038,-0.38945203253716815,0.3894520325371681,-0.051269736476701896,-0.02952938856372263,-4.815150210438076
6.9,137.66457351390073,2.9119906846111347,-0.0834869986937009,-0.24768461379295006,-0.39977651863105707,0.39977651863105707,-0.051657459527592695,-0.02982649495010692,-4.953692275859002
6.91,137.86385585528944,2.8950635648178764,-0.0859984979594454,-0.25459221324150355,-0.4100156193459894,0.41001561934598946,-0.05190800706487202,-0.030054159725895903,-5.091844264830071
6.92,138.06309445219435,2.8776291359811723,-0.08857883935097044,-0.2614531943488116,-0.42014895972426836,0.42014895972426836,-0.05201258848834406,-0.03020778384141471,-5.229063886976232
6.93,138.262286782547,2.8596738541683187,-0.09122741421672641,-0.2682391581538653,-0.4302834059890756,0.4302834059890756,-0.04936401362258809,-0.028984840871184803,-5.3647831630773055
6.94,138.46143024743313,2.8411845098756094,-0.09394074496394492,-0.27440643300790296,-0.44027385731731716,0.44027385731731716,-0.04924933474696854,-0.029027405946657443,-5.4881286601580594
6.95,138.66052222528532,2.822148788305166,-0.09671522038863141,-0.2804684445371927,-0.4500858493149398,0.4500858493149397,-0.04897812576395842,-0.02898992137512861,-5.609368890743855
6.96,138.8595600306206,2.8025547772944033,-0.09954963927674444,-0.28639557531101784,-0.45969796742468644,0.45969796742468644,-0.04854256609407169,-0.02886826272128271,-5.727911506220357
6.97,139.0585409041988,2.782390847750775,-0.10244249898787888,-0.2921571609772618,-0.4691146689607267,0.46911466896072673,-0.04564970638293724,-0.02751599988107589,-5.843143219545236
6.98,139.2574620362385,2.761645865835163,-0.10538971563330116,-0.29726912763884833,-0.4783786103931884,0.47837861039318846,-0.044988074727547823,-0.027277823467705797,-5.945382552776967
6.99,139.45632062372155,2.7403096937924274,-0.1083870709465911,-0.3021855463993505,-0.48736524354306227,0.48736524354306227,-0.04415438127865855,-0.026950843074759895,-6.043710927987011
7.0,139.65511383265968,2.7183727576804597,-0.11143245244398844,-0.30687512063445954,-0.4960528450022496,0.4960528450022496,-0.04314237157320683,-0.02653171423662591,-6.137502412689191
7.01,139.85383879236042,2.6958259498079657,-0.1145234311398306,-0.31130584893742536,-0.5044198739815637,0.5044198739815637,-0.04194645323309551,-0.026017425356363394,-6.226116978748507
7.0200000000000005,140.05249260709743,2.672660692313452,-0.11765725523006079,-0.3154451708995111,-0.5124942738044184,0.5124942738044184,-0.03881262914286532,-0.02453125730947684,-6.308903417990221
7.03,140.25107238300674,2.6488691168112144,-0.1208291087338679,-0.3189139668156874,-0.5202387916394459,0.520238791639446,-0.03738991143729142,-0.02389734363504017,-6.3782793363137475
7.04,140.44957528447293,2.624444459774491,-0.12403404620078565,-0.3220630293358678,-0.5275828619315364,0.5275828619315364,-0.03578104124357556,-0.023166349241103144,-6.441260586717355
7.05,140.6479985056769,2.599380732780477,-0.1272687091846024,-0.3248602430646753,-0.5345057797537993,0.5345057797537993,-0.0339827605822518,-0.022336438088663896,-6.497204861293506
7.0600000000000005,140.84633927185988,2.57367265953865,-0.13052941762766948,-0.3272734014140073,-0.540987303739023,0.5409873037390229,-0.031992715731262666,-0.021406230903021566,-6.545468028280146
7.07,141.0445948564363,2.5473157389436434,-0.13381216986550043,-0.3292703892995539,-0.5470569696762051,0.5470569696762051,-0.028709963493431717,-0.01982555144347791,-6.585407785991078
7.08,141.24276260920763,2.520306379907459,-0.1371115532194953,-0.3306018431689551,-0.5526391369183635,0.5526391369183634,-0.026510124954791683,-0.018781453846579477,-6.612036863379101
7.09,141.44084000490236,2.4926421650456425,-0.14042204450649598,-0.33149344213358534,-0.557703139312814,0.557703139312814,-0.02412333977306555,-0.017638701279660916,-6.629868842671707
7.1000000000000005,141.63882462891803,2.46432164284858,-0.14373909287005765,-0.33191482591832683,-0.5622308776740982,0.5622308776740982,-0.021550160019504966,-0.016397388786493466,-6.638296518366537
7.11,141.83671418649007,2.435344301870383,-0.14705784705569863,-0.3318362730616421,-0.566208757027283,0.5662087570272829,-0.018231405833863984,-0.014777790487204822,-6.636725461232842
7.12,142.03450652939358,2.40571066451292,-0.1503726058060239,-0.33111787175587337,-0.5696316758306311,0.5696316758306311,-0.015477435682046847,-0.013435034599329735,-6.622357435117467
7.13,142.23219969307118,2.3754224386652307,-0.15367758420900154,-0.32988192878964984,-0.5724487213593944,0.5724487213593943,-0.012547708332697416,-0.011998341379942653,-6.597638575792997
7.140000000000001,142.42979189555209,2.3444824089292147,-0.15696747163046298,-0.32810149049870435,-0.5746450772936651,0.5746450772936651,-0.00944588377051847,-0.010469392658195888,-6.562029809974087
7.15,142.62728155219477,2.3128944382451038,-0.16023669391842923,-0.3257508029860501,-0.5762069249280594,0.5762069249280594,-0.006176707158810025,-0.008850422828685606,-6.515016059721002
7.16,142.82466729791653,2.2806635162405833,-0.16347942637940488,-0.32280550719557294,-0.57711749866936,0.57711749866936,-0.0029339746978343795,-0.00723816233561079,-6.4561101439114585
7.17,143.02194800748487,2.2477957923256175,-0.16668979532667832,-0.3192800342352703,-0.5773490538704514,0.5773490538704514,0.00046436564229404564,-0.005541307717557491,-6.385600684705405
7.18,143.2191228093763,2.2142985692158876,-0.16986188855544954,-0.31515237086475084,-0.5768912019580099,0.5768912019580099,0.004011618116331966,-0.003763102961414116,-6.303047417295017
7.19,143.41619110518633,2.180180331052456,-0.17298958236017367,-0.31040222443986837,-0.5757347925002592,0.575734792500259,0.0077000081406374266,-0.001907343854683878,-6.208044488797367
7.2,143.6131525906359,2.1454507804261818,-0.17606655966588475,-0.3050112073703198,-0.5738719421420698,0.5738719421420698,0.011520760877248069,2.1661017203336054e-05,-6.100224147406395
7.21,143.81000727596836,2.1101208715409387,-0.17908632990828682,-0.2989630024786343,-0.5712648797017481,0.5712648797017481,0.014540531119650146,0.0015576167628075918,-5.9792600495726855
7.22,144.00675549446308,2.074202779002293,-0.182043167375807,-0.29242628083847094,-0.5679066263418703,0.5679066263418703,0.018420980482141493,0.003531423977652044,-5.848525616769419
7.23,144.20339788506806,2.0377097330032203,-0.18493136553447714,-0.28523731493006976,-0.563808044835281,0.563808044835281,0.022408627981803184,0.005566233542548782,-5.704746298601395
7.24,144.39993543321407,2.0006561800480243,-0.18774434553798358,-0.2773848615060374,-0.5589671341248621,0.5589671341248622,0.026492174603876872,0.007656415960689815,-5.547697230120749
7.25,144.59636949541556,1.963057851127716,-0.19047542840871512,-0.26886012938029846,-0.5533833799568249,0.5533833799568249,0.030659541086641845,0.009795936743752674,-5.37720258760597
7.26,144.79270181349582,1.924931776127691,-0.1931178601194058,-0.2596568912614161,-0.5469867875305586,0.5469867875305586,0.03330197279733252,0.011181118523360673,-5.193137825228322
7.2700000000000005,144.98893450647,1.8862961895570955,-0.19566642168109089,-0.2500873207287014,-0.5398233169906463,0.5398233169906462,0.03744650094386112,0.013325017302024098,-5.001746414574027
7.28,145.18507001669252,1.8471702183877836,-0.19811597879151988,-0.23985819958703386,-0.5319091725331062,0.5319091725331062,0.04164509094169123,0.015503453745514552,-4.797163991740677
7.29,145.38111117062,1.8075741624793138,-0.20045993284503252,-0.2289689099818029,-0.5232505557819016,0.5232505557819016,0.045883999968928446,0.017709494426645208,-4.579378199636058
7.3,145.5770612036728,1.7675295881440487,-0.20269169289366873,-0.21742159211387257,-0.5138521195998449,0.5138521195998449,0.04811576001756465,0.018919358812783876,-4.348431842277451
7.3100000000000005,145.77292373700337,1.7270591901286028,-0.204806723157787,-0.205623788060522,-0.5036164855038746,0.5036164855038746,0.052264053967107815,0.02109586212851516,-4.11247576121044
7.32,145.9687026946747,1.6861863816915894,-0.20680062320421275,-0.19319764311626464,-0.49265133648759035,0.49265133648759035,0.05642150478836214,0.023284239029305164,-3.863952862325293
7.33,146.16440237714778,1.644935652551754,-0.2086671484516795,-0.18015089700960926,-0.48096985447540147,0.48096985447540147,0.060573500688977294,0.025477051799734633,-3.6030179401921854
7.34,146.36002748401177,1.603332677413279,-0.21040014572412402,-0.16649408174482658,-0.46858684071445356,0.4685868407144535,0.06470523932482802,0.027666751255269476,-3.3298816348965317
7.3500000000000005,146.55558310851143,1.5614042950317988,-0.21199358111752825,-0.15224051045590958,-0.4554934459929375,0.45549344599293756,0.06629867471823224,0.028594402899186744,-3.0448102091181917
7.36,146.75107469402883,1.5191783200271116,-0.2134440537038604,-0.1379018041235708,-0.44162210478959996,0.4416221047895999,0.07025229209592315,0.03070992500006558,-2.758036082471416
7.37,146.94650791615817,1.476683026137371,-0.21474836060788535,-0.12300922031549498,-0.4270934113387524,0.4270934113387524,0.07415512514054887,0.03280662845688691,-2.4601844063098994
7.38,147.14188876928043,1.4339475866423994,-0.2159010554628153,-0.10758117922288062,-0.4119288462982681,0.4119288462982681,0.07799261270536051,0.034877017889697576,-2.1516235844576124
7.390000000000001,147.3372235848467,1.3910021968313406,-0.21689688916529537,-0.0916387046620405,-0.3961513715971413,0.3961513715971413,0.08175035842919154,0.036913665498624355,-1.8327740932408099
7.4,147.53251901312706,1.3478780347193386,-0.21773083551875536,-0.07520534575567112,-0.3797336614467642,0.3797336614467642,0.08258430478265152,0.03749481577685812,-1.5041069151134223
7.41,147.72778196146174,1.3046070340990492,-0.2184009261276181,-0.0588672382272027,-0.36265383346358726,0.3626538334635873,0.0860843047492526,0.03941561403999043,-1.177344764544054
7.42,147.92301944868666,1.261221290854372,-0.2189054425204017,-0.04209195982563965,-0.34503230641082494,0.345032306410825,0.0894776859158955,0.0412885198938395,-0.841839196512793
7.43,148.11823869983667,1.2177535604124539,-0.21924015156491847,-0.024907133779070688,-0.32689774335824967,0.32689774335824967,0.09275130461423284,0.04310667487353392,-0.4981426755814138
7.44,148.31344715920906,1.1742373877237104,-0.21940110724320294,-0.007342552473087027,-0.30828001142438083,0.30828001142438083,0.09589248318159593,0.04486344147655416,-0.14685104946174055
7.45,148.5086524611767,1.130707052727805,-0.2193846716886168,0.01056995300836196,-0.289129557707348,0.289129557707348,0.09587604762700978,0.04504672823643141,0.2113990601672392
7.46,148.70386235531845,1.087197317191178,-0.21919052630588695,0.02820035353747441,-0.2694809203081331,0.26948092030813314,0.0986949289989912,0.04665265529641427,0.5640070707494882
7.47,148.89908454442838,1.0437427846212937,-0.21881863771426555,0.04611763847279693,-0.24944256319562147,0.24944256319562147,0.10136062296885893,0.048185885852473256,0.9223527694559386
7.48,149.09432678290844,1.000378429685242,-0.21826630999639865,0.06428733737805375,-0.22904853511696505,0.22904853511696502,0.10386248141100776,0.04964075535433423,1.285746747561075
7.49,149.28959688568114,0.9571397300700591,-0.21753119976906785,0.0826734190651254,-0.2083337126010852,0.2083337126010852,0.10619053455391265,0.051011930150945475,1.653468381302508
7.5,149.48490269225314,0.9140626006238668,-0.21661133097825994,0.10123845354388732,-0.18722389291074332,0.18722389291074332,0.10527066576310475,0.05076309395244494,2.0247690708777464
7.51,149.68025198612307,0.8711831263767904,-0.21550815040247617,0.11933732997329732,-0.1658156557944102,0.1658156557944102,0.10723235059270815,0.051958018738409974,2.3867465994659467
7.5200000000000005,149.8756523296364,0.8285369045394136,-0.21422340494755,0.13755104655881037,-0.14419566342910384,0.14419566342910384,0.10900726949181769,0.053061678111617806,2.7510209311762073
7.53,150.07111116280308,0.78615958342118,-0.21275613893979664,0.1558411857879503,-0.12240113184948544,0.12240113184948545,0.11058795226166986,0.054069964812340075,3.116823715759006
7.54,150.26663581070594,0.7440869917711059,-0.2111057852244179,0.1741684642821284,-0.10046968110921921,0.10046968110921921,0.11196771802009667,0.05497916219895614,3.483369285642568
7.55,150.4622334465467,0.7023550659665755,-0.2092721729620975,0.19249290463706956,-0.0783020887959358,0.0783020887959358,0.11013410575777625,0.054284031990928766,3.8498580927413912
7.5600000000000005,150.65791101373864,0.6609995806193335,-0.20725851762340616,0.2101792067560599,-0.05605653066955987,0.05605653066955987,0.11112703586813846,0.05500295262737363,4.203584135121198
7.57,150.8536750708173,0.6200554973681355,-0.20506832785823084,0.22780000827665825,-0.03379109311153774,0.03379109311153774,0.11191460623841532,0.05561939218809228,4.556000165533165
7.58,151.04953188875788,0.5795574949996815,-0.20270245576851334,0.24531602097245966,-0.01154379712691254,0.01154379712691254,0.11249279202899676,0.056130958043229255,4.906320419449194
7.59,151.24548746038252,0.539540093450121,-0.2001621471892157,0.26268778703115564,0.010657767745245272,0.010657767745245272,0.10995248344969911,0.05508281940230201,5.253755740623113
7.6000000000000005,151.4415474305475,0.5000373896911944,-0.19745192897464114,0.2793004783629288,0.032904573711464734,0.032904573711464734,0.11014815596404326,0.05540312371913628,5.586009567258577
7.61,151.63771695715278,0.46108242513891823,-0.1945765977368673,0.29571106537503516,0.05501592956227167,0.05501592956227168,0.11013649024079576,0.055618404416020596,5.9142213075007035
7.62,151.83400080724135,0.42270770148199766,-0.1915383630966477,0.3118819578610037,0.07695491601281082,0.07695491601281082,0.10991603686306721,0.05572756759166171,6.237639157220074
7.63,152.03040337082442,0.3849453007756225,-0.1883398090160052,0.32777587673638287,0.09868496157332723,0.09868496157332722,0.10948610969291682,0.055729904462191684,6.555517534727658
7.640000000000001,152.2269286370607,0.34782681235758883,-0.18498388995279136,0.3433560003948334,0.12020742044459357,0.12020742044459357,0.106130190629703,0.054267169519297435,6.867120007896668
7.65,152.42358013991742,0.3113830829260415,-0.18147662339481269,0.35804833508659456,0.1415500429378943,0.1415500429378943,0.10533950341254716,0.054085252135652524,7.160966701731891
7.66,152.62036084664783,0.2756436231216273,-0.17782425439880023,0.3723776979488302,0.1625718171193569,0.1625718171193569,0.10434913613316761,0.05380028623777738,7.447553958976604
7.67,152.81727325099405,0.24063709463723626,-0.17403058135655577,0.38631046635945177,0.1832389618700158,0.18323896187001576,0.10316070520111495,0.05341274221925763,7.726209327189036
7.68,153.01431939419646,0.20639142425860244,-0.1700997346115962,0.3998138697572352,0.2035183966769541,0.20351839667695412,0.1017764908641526,0.05292342939884584,7.996277395144704
7.69,153.21150085404426,0.17293373684791247,-0.16603616734983134,0.41285610699324526,0.22343642515389675,0.22343642515389678,0.09771292360238776,0.051090826052732845,8.257122139864904
7.7,153.40881870990887,0.14029012704888205,-0.16184711418223416,0.4249143310791436,0.24296930455824245,0.24296930455824245,0.09601035791018282,0.050434872000673835,8.498286621582873
7.71,153.60627346300737,0.10848511739660158,-0.15753997980334497,0.43647401112163436,0.26201437886217166,0.26201437886217166,0.09412832809268624,0.04968430783496484,8.729480222432688
7.72,153.80386512599637,0.0775421118549527,-0.15311988809496085,0.44750755083885163,0.28054278332107,0.28054278332107,0.09207099930770982,0.04884092748706561,8.950151016777033
7.73,154.0015932520816,0.0474835054020185,-0.14859223259631105,0.4579886108363796,0.2985266469706506,0.2985266469706506,0.08984306745984161,0.04790680019962731,9.159772216727593
7.74,154.1994569381759,0.01833062763840095,-0.1439626635130692,0.4678921927497464,0.31601158844498795,0.31601158844498795,0.08521349837659974,0.04576686507274975,9.357843854994929
7.75,154.3974548100525,-0.009896458030237552,-0.13923929387995673,0.47675219951262104,0.33293767864248125,0.33293767864248125,0.08272635840950647,0.04469255599117805,9.53504399025242
7.76,154.59558497433719,-0.037179436504614,-0.13443033866841667,0.4850113114860118,0.3492362030698362,0.3492362030698362,0.08008990908062628,0.0435373165710115,9.700226229720236
7.7700000000000005,154.7938451031488,-0.06350132224229678,-0.12954190792245934,0.4926493766225029,0.3648846191584833,0.3648846191584833,0.0773102378340689,0.042303965108619286,9.852987532450058
7.78,154.99223247023977,-0.0888463517679843,-0.12458030560553005,0.49964775803209166,0.37986160177872375,0.3798616017787238,0.07439381592801472,0.040995523981794596,9.992955160641833
7.79,155.19074396687208,-0.1132000255606741,-0.11955201419398752,0.5059893848017241,0.3942261988081352,0.3942261988081352,0.0693655245164722,0.038625024246317446,10.119787696034482
7.8,155.38937610477097,-0.13654927732910635,-0.11446564602165434,0.5112666581555844,0.4078979441432108,0.40789794414321073,0.06626109806063224,0.03720952847174823,10.225333163111687
7.8100000000000005,155.58812499593685,-0.1588828919112666,-0.10932984155516469,0.5158788606113054,0.42083622088400247,0.42083622088400247,0.06304449390409869,0.03573060916088937,10.317577212226109
7.82,155.7869864301552,-0.1801911201713239,-0.10415131144322842,0.5198140440517883,0.4330257974049315,0.4330257974049316,0.059723061325551434,0.03419178863682503,10.396280881035766
7.83,155.98595591525458,-0.20046557124445558,-0.09893687763092221,0.5230618918819057,0.4444528047978633,0.4444528047978633,0.05630438739456762,0.032596721745262444,10.461237837638112
7.84,156.1850287020678,-0.21969923721858595,-0.09369345694325447,0.5256137392046749,0.4551845965560293,0.4551845965560293,0.05106096670689988,0.030082329319010233,10.5122747840935
7.8500000000000005,156.38419980045458,-0.2378866288265076,-0.08842976670161178,0.5271192904489944,0.4651336750117076,0.46513367501170755,0.04753257620648122,0.028417624853357686,10.542385808979889
7.86,156.58346398025623,-0.2550241282442669,-0.08315447782782051,0.5279357626427548,0.4742816042564677,0.4742816042564677,0.04393310349129618,0.026709367788212767,10.558715252855094
7.87,156.78281583886897,-0.27110963540361055,-0.07787449918897103,0.5280595524803406,0.48262100338941116,0.4826210033894112,0.040270520468589574,0.024961470268188898,10.561191049606812
7.88,156.9822498414541,-0.2861424583071765,-0.07259676755488181,0.5274886773194375,0.49014545423921346,0.49014592233000914,0.034992788834500355,0.02239784895964231,10.54977354638875
7.890000000000001,157.18176034284485,-0.300123422628683,-0.06732978119547332,0.5259138441844781,0.4969282253180551,0.49692822531805514,0.031285915292574594,0.02061223989946785,10.51827688368956
7.9,157.3813415993369,-0.3130551764106626,-0.06208193425778086,0.52366304626888,0.5028838204760333,0.5028838204760334,0.027542099822675352,0.01879988811609801,10.473260925377602
7.91,157.58098782625754,-0.32494185710611445,-0.05685997237218184,0.5207390777441211,0.508011371171159,0.5080113711711591,0.02376934298115587,0.016964785202289525,10.414781554882422
7.92,157.7806932347424,-0.33578897903166205,-0.051670605574672686,0.5171462582300185,0.5123114116847451,0.5123114116847451,0.019975653733279877,0.01511094098348739,10.34292516460037
7.930000000000001,157.98045205989456,-0.34560342543655526,-0.04652049316769394,0.5128904098094563,0.515790642503632,0.515790642503632,0.01482554132630113,0.012570677088186885,10.257808196189126
7.94,158.18025858462337,-0.3543935262179461,-0.04141756331008158,0.5077128209295063,0.5185084341743804,0.5185084341743804,0.01106609571639609,0.01071813219994185,10.154256418590126
7.95,158.38010715815656,-0.36216930341538767,-0.036369575529529,0.5019040982483778,0.5204041063386298,0.5204041063386298,0.007310760306528875,0.008859421216650735,10.038081964967557
7.96,158.57999223871752,-0.36894216616787867,-0.031382790719706496,0.495474297115393,0.521484429278662,0.521484429278662,0.0035671772983301327,0.0069984329419516865,9.90948594230786
7.97,158.77990842243452,-0.37472479637924067,-0.02646336249364025,0.4884348138400411,0.5217574823857436,0.5217574823857435,-0.0001571052018418742,0.005139022222936499,9.768696276800823
7.98,158.97985046633613,-0.37953112478680434,-0.02161732397477929,0.48079834569149393,0.5212401857872913,0.5212401857872913,-0.005003143720702836,0.0027108299975214948,9.61596691382988
7.99,159.17981330862943,-0.3833763803147998,-0.016851715726547215,0.47235146119403837,0.519983742210652,0.519983742210652,-0.008620260717647456,0.0008897070632827922,9.447029223880767
8.0,159.37979208699937,-0.3862772828562833,-0.012173355323577549,0.46335062321341214,0.5179478768865099,0.5179478768865099,-0.012195381125135811,-0.000918211793702807,9.267012464268243
8.01,159.57978216504503,-0.3882517648662606,-0.007587701039829076,0.45381202992843406,0.5151463049856122,0.5151463049856123,-0.01572164676863299,-0.0027093603344603727,9.076240598568681
8.02,159.77977915045685,-0.38931885681268547,-0.0031000436913796387,0.443752971097751,0.5115938849033485,0.5115938849033486,-0.019192374664732226,-0.004480248483332628,8.87505942195502
8.03,159.9797789094116,-0.389498650351216,0.0012845040196220459,0.4331917762824146,0.5073155247373295,0.5073155247373294,-0.02357692237573391,-0.006715305940493659,8.663835525648292
8.040000000000001,160.17977757943083,-0.3888123240422195,0.005560048433208034,0.4219545650790448,0.5023574508344989,0.5023574508344989,-0.026876616018227908,-0.008414733500768965,8.439091301580895
8.05,160.37977158252977,-0.3872822911376518,0.009720960692481566,0.4102668471601902,0.4966961073243177,0.4966961073243177,-0.030101390814189537,-0.010083734333851593,8.205336943203804
8.06,160.57975763557596,-0.3849319470648007,0.013762840931917104,0.3981495929477786,0.4903511248406612,0.49035112484066123,-0.03324549970733073,-0.011719238605258754,7.962991858955571
8.07,160.77973275659926,-0.38178555690945293,0.017681503006018333,0.38562457335747274,0.48334305478365536,0.48334305478365536,-0.03630343020177437,-0.013318284553050633,7.712491467149455
8.08,160.9796942690371,-0.377868209468556,0.02147298220002653,0.3727143011482362,0.47570293302746913,0.47570293302746913,-0.04009490939578257,-0.015290425367616593,7.454286022964725
8.09,161.1796398053862,-0.37320582459325935,0.025132723017455068,0.35927864936633264,0.4674734493367901,0.4674734493367901,-0.042929655185883944,-0.01679009309957407,7.185572987326653
8.1,161.37956731265643,-0.36782526407701943,0.028656462530055073,0.34551513310130316,0.45864458494314425,0.45864458494314425,-0.04566285810775064,-0.018244983204443878,6.910302662026063
8.11,161.5794750484268,-0.3617541045452684,0.032041043623164484,0.33144797763330697,0.44924061153929334,0.44924061153929334,-0.048290109686255335,-0.019652648727734735,6.62895955266614
8.120000000000001,161.7793615759941,-0.35502052941410905,0.03528355388991087,0.3171018976087191,0.4392864610702023,0.4392864610702023,-0.05080727428634165,-0.021010772532468802,6.3420379521743815
8.13,161.9792257588724,-0.3476532776929749,0.038381330218346534,0.30250203593886044,0.4288175859545907,0.4288175859545907,-0.05390505061477731,-0.02266434944784275,6.0500407187772085
8.14,162.1790667555125,-0.3396816381431972,0.04133127301529869,0.28753641056581924,0.41787354634667123,0.41787354634667123,-0.05616043761908193,-0.023901483346074254,5.750728211316385
8.15,162.3788840168167,-0.3311355310386898,0.04413058833870616,0.2723771865805748,0.4064549900277088,0.4064549900277088,-0.05829482319437748,-0.02508286169691165,5.447543731611496
8.16,162.57867727104934,-0.32204530595513053,0.04677747020529225,0.2570502781686382,0.39458940789941316,0.39458940789941316,-0.06030526835267971,-0.02620674009734572,5.141005563372763
8.17,162.77844651011233,-0.31244164044696354,0.049270372665070165,0.2415817772101443,0.3823046713477075,0.3823046713477075,-0.06218912545491942,-0.027271516013982634,4.831635544202886
8.18,162.9781919763401,-0.30235548714053023,0.051608011278780584,0.22599789357713063,0.3696389691673445,0.36963896916734446,-0.06452676406862984,-0.028566992342641474,4.519957871542612
8.19,163.17791415023672,-0.29181805939275857,0.05378878534121,0.21020954851521545,0.3566286381460407,0.35662863814604073,-0.06612481407133941,-0.0294961206542093,4.2041909703043085
8.2,163.37761374163483,-0.2808608909098016,0.05581139838440337,0.19436587416714524,0.3432823154051924,0.3432823154051924,-0.06758998610378897,-0.03036216989784256,3.8873174833429047
8.21,163.57729166751716,-0.2695156577331195,0.05767542793301321,0.17849294711078664,0.3296292346730606,0.3296292346730606,-0.06892085127776423,-0.03116413329215151,3.569858942215733
8.22,163.77694903275966,-0.2578140854500258,0.05938071168731559,0.16261672628532156,0.31569872821323186,0.31569872821323186,-0.07011627262766033,-0.03190114903169785,3.252334525706431
8.23,163.97658711232944,-0.24578789755786032,0.06092734607048243,0.146762997906309,0.3015300477362824,0.3015300477362824,-0.07166290701082718,-0.03281615302805077,2.93525995812618
8.24,164.17620733503836,-0.23346879659687736,0.06231520015745088,0.13086082852115208,0.2871560377725008,0.2871560377725008,-0.07256325754901576,-0.03341006839678287,2.6172165704230417
8.25,164.37581127106296,-0.22088850762874765,0.06354443226760702,0.11503833694212695,0.2725908029651469,0.2725908029651469,-0.07332643311316808,-0.03393730852693257,2.300766738842539
8.26,164.57540060701393,-0.20807862349170253,0.06461596373000349,0.09932035060656128,0.25786386965644514,0.25786386965644514,-0.07395247406980575,-0.03439759833833842,1.9864070121312256
8.27,164.77497712488776,-0.1950705218866602,0.06553096222830228,0.08373131427462863,0.24300459291608292,0.24300459291608292,-0.07444169758791087,-0.03479080286479461,1.6746262854925726
8.28,164.97454268315693,-0.1818953173985107,0.06629083773364797,0.06829524211801968,0.22805165914417827,0.22805165914417827,-0.07520157309325656,-0.0353202699551865,1.3659048423603937
8.290000000000001,165.1740991998816,-0.16858384135827703,0.06689683397546475,0.052955141652309315,0.21303413460251938,0.21303413460251938,-0.0754006893100726,-0.035570003309011104,1.0591028330461862
8.3,165.373648639686,-0.15516667421305852,0.06735045689349245,0.03781989449264979,0.1979692462679092,0.1979692462679092,-0.0754655359766393,-0.035753075525640554,0.7563978898529957
8.31,165.57319299007702,-0.14167401297900875,0.06765386710925038,0.022911843850878008,0.18288545479245447,0.18288545479245447,-0.07539751132215362,-0.03586990111315227,0.45823687701756016
8.32,165.7727342420979,-0.1281355991524264,0.06780944563335896,0.008252726357400255,0.16781080334430762,0.1678108033443076,-0.07519826211849785,-0.03592102302580585,0.16505452714800511
8.33,165.97227437353425,-0.11458067626912337,0.0678197876047929,-0.006136366795789669,0.15278189847493914,0.15278189847493914,-0.0752086040899318,-0.036076483060216505,-0.12272733591579338
8.34,166.1718153344126,-0.10103797113906976,0.06768735915161278,-0.02030210311351572,0.1378237764939736,0.1378237764939736,-0.07473724830094859,-0.03599038638553456,-0.40604206227031436
8.35,166.3713590362358,-0.08753571929647933,0.06741485156341556,-0.0341532424913348,0.12295467066325926,0.12295467066325927,-0.0741410338176944,-0.035840970202214606,-0.683064849826696
8.36,166.5709073327022,-0.07410155355476658,0.06700550535756743,-0.04767093816052406,0.10820076130566794,0.10820076130566794,-0.07342254729860553,-0.03562926603624609,-0.9534187632104812
8.370000000000001,166.77046200478472,-0.06076244342030706,0.06646274559757942,-0.06083712505504871,0.09358759765219146,0.09358759765219146,-0.0725845853203154,-0.03535641668363579,-1.216742501100974
8.38,166.97002474849495,-0.047544659688219505,0.0657901739326689,-0.07363454839868168,0.0791483780994854,0.0791483780994854,-0.07191201365540488,-0.035164523046707585,-1.4726909679736335
8.39,167.1695971649899,-0.03447375920921876,0.06499128052918386,-0.08610257081039435,0.06490389407322461,0.06490389407322462,-0.07083125228463777,-0.03476658720158664,-1.722051416207887
8.4,167.36918075407527,-0.02157460690835209,0.06406973602577604,-0.09816611668421307,0.05087155761288542,0.05087155761288542,-0.0696405941299322,-0.03431158148883725,-1.9633223336842613
8.41,167.56877690129565,-0.008871284402948367,0.0630296583910817,-0.10981059401035899,0.03707423814586101,0.03707423814586101,-0.06834360039813947,-0.03380105781761113,-2.19621188020718
8.42,167.76838686905663,0.003612958590142006,0.061875306981083636,-0.12102231431740702,0.02353400007020893,0.02353400007020893,-0.06694399612257587,-0.033236658060585844,-2.4204462863481404
8.43,167.9680117902982,0.01585573142632764,0.060611073414748605,-0.13178851040897102,0.010279552163901603,0.010279552163901603,-0.06567976255624083,-0.0327370857564814,-2.6357702081794203
8.44,168.16765266433632,0.027835512479080178,0.05924123988247933,-0.14214367764702474,-0.0026727429711076224,0.0026727429711076224,-0.06407582677636646,-0.032064640817894306,-2.8428735529404947
8.45,168.3673103555793,0.03953162767522761,0.05777021929440004,-0.1520274927980236,-0.015307783844495994,0.015307783844495994,-0.06238136293063743,-0.03134375930376367,-3.0405498559604722
8.46,168.56698558765632,0.050924322795059374,0.05620277457939503,-0.16143010708952102,-0.027606827086207146,0.027606827086207146,-0.0606006625904251,-0.030576399566074622,-3.2286021417904203
8.47,168.7666789409823,0.06199479976018639,0.054543762285006535,-0.1703426423271736,-0.03955206322370091,0.03955206322370091,-0.058738130511406084,-0.02976458588794005,-3.4068528465434724
8.48,168.96639085251164,0.07272523467550705,0.052798122837078375,-0.17875719778649307,-0.051120066590384136,0.05112006659038414,-0.05699249106347793,-0.029007446197642808,-3.575143955729861
8.49,169.16612161729287,0.08309878113557669,0.050970677943108535,-0.18670528647761028,-0.062299049416157194,0.062299049416157194,-0.05497082930609749,-0.02810840514721032,-3.7341057295522058
8.5,169.36587139224005,0.093099547034232,0.049066327853687405,-0.19413994835765191,-0.07307734097990633,0.07307734097990633,-0.052881150547445105,-0.027171348683521616,-3.8827989671530383
8.51,169.5656401967543,0.1027126487861296,0.04709023136130644,-0.2010562948462984,-0.0834409007518954,0.0834409007518954,-0.05072821637913459,-0.02619851719708625,-4.021125896925968
8.52,169.765427916012,0.11192423524385106,0.04504759120758652,-0.20745042141769282,-0.09337670224483517,0.09337670224483519,-0.04851684921677486,-0.025192191630835782,-4.149008428353857
8.53,169.9652343059149,0.12072149607490477,0.042943644259919166,-0.2133194041746922,-0.10286708866308927,0.10286708866308926,-0.046412902269107506,-0.024235122021184646,-4.266388083493844
8.540000000000001,170.16505899933705,0.12909265753910892,0.04078349193196105,-0.21869314832725134,-0.1119049314117122,0.1119049314117122,-0.0440917695129609,-0.02316493407059757,-4.373862966545027
8.55,170.364901513859,0.13702695593168415,0.03857226215038372,-0.22353666239233552,-0.12048273255704427,0.12048273255704427,-0.04172695741642225,-0.02206830603378157,-4.47073324784671
8.56,170.56476125739132,0.14451467487798675,0.03631525707417275,-0.22784997465342602,-0.12859147913208382,0.1285914791320838,-0.0393234346878658,-0.02094763213525374,-4.5569994930685205
8.57,170.7646375356195,0.15154715716157924,0.03401777382560318,-0.2316340610103882,-0.13622320205522337,0.13622320205522337,-0.03688617942942643,-0.01980532173526545,-4.632681220207764
8.58,170.96452956050098,0.1581168033531787,0.031685095078137736,-0.23489083220956333,-0.14336619183820626,0.14336619183820626,-0.034553500681960995,-0.018710412259362562,-4.697816644191267
8.59,171.16443645949178,0.16421705970864547,0.029322347428628326,-0.23764950181428937,-0.15001796777583712,0.15001796777583712,-0.03205742150632521,-0.017528890430920974,-4.752990036285787
8.6,171.36435728553545,0.16984238729385673,0.02693463448891525,-0.23988563210723146,-0.15617558063147005,0.15617558063147002,-0.029542525674979503,-0.016333018643804452,-4.79771264214463
8.61,171.56429102563433,0.17498828377221612,0.024527158254344147,-0.2416038870956109,-0.1618351150852815,0.1618351150852815,-0.027013736108802405,-0.015125219205254017,-4.832077741912218
8.620000000000001,171.7642366104203,0.17965128385980847,0.022105069731016395,-0.24280979773105796,-0.16699368010686813,0.16699368010686813,-0.024475936996625397,-0.013907905299381379,-4.8561959546211595
8.63,171.96419292416925,0.18382894864086402,0.019673460370591353,-0.24350974112996032,-0.171645402581272,0.171645402581272,-0.022044327636200352,-0.012738617843912895,-4.870194822599206
8.64,172.16415881499628,0.1875198458198837,0.01723724416858542,-0.2437327558635135,-0.1757923093640078,0.1757923093640078,-0.019497748527496875,-0.011506797357388516,-4.874655117270271
8.65,172.36413310516477,0.19072351427842507,0.014801267271605462,-0.2434635210125089,-0.1794360401419733,0.17943604014197329,-0.016956512618355863,-0.010272616710597664,-4.869270420250178
8.66,172.56411460041616,0.1934404721091104,0.012370407966073235,-0.2427108490856834,-0.1825776027420994,0.1825776027420994,-0.01442526521356741,-0.009038408634204699,-4.854216981713668
8.67,172.76410209958237,0.19567220687751002,0.009949452654214598,-0.24148430191564793,-0.18521896372633778,0.18521896372633778,-0.01190857008910558,-0.0078064746818161685,-4.829686038312959
8.68,172.96409440411523,0.19742115657994447,0.00754308849719661,-0.23979416347433835,-0.18735971823243383,0.18735971823243383,-0.009502205932087593,-0.0066247001483681345,-4.795883269486767
8.69,173.16409032733534,0.1986906830465321,0.005155805702730838,-0.23766947794475402,-0.18900610836566098,0.18900610836566098,-0.007023618906314023,-0.005401870536813621,-4.75338955889508
8.700000000000001,173.36408870328557,0.19948503232833567,0.0027919881407325307,-0.2351025910354832,-0.19016411192767135,0.19016411192767135,-0.004572729491178202,-0.004188005864865814,-4.702051820709664
8.71,173.56408839488412,0.1998093310545591,0.00045599608724398565,-0.2321058092744524,-0.19083926373582072,0.19083926373582072,-0.0021537038586237965,-0.0029852445666701055,-4.642116185489048
8.72,173.76408830181182,0.19966956809765413,-0.0018479362729819523,-0.22869204238066854,-0.19103795177202212,0.1910379517720221,0.00022940919975586037,-0.001795674917842291,-4.57384084761337
8.73,173.96408736792756,0.1990725685793936,-0.00411570671882041,-0.22487477145612852,-0.19076465679751786,0.1907646567975179,0.002497179645594318,-0.0006590567451780196,-4.49749542912257
8.74,174.1640845880821,0.19802596169181977,-0.006343425493171971,-0.2206829566054966,-0.1900293855353785,0.1900293855353785,0.004800403292741012,0.000499907791016721,-4.413659132109932
8.75,174.36407901420344,0.1965381378400264,-0.008527339966455551,-0.21611516454252278,-0.1888419661777597,0.18884196617775972,0.007056315890399879,0.0016397382834223426,-4.3223032908504555
8.76,174.56406976088587,0.1946182356376966,-0.010663765729113343,-0.21118641770383828,-0.187211877041244,0.187211877041244,0.009261394472352752,0.0027585784657639355,-4.223728354076766
8.77,174.76405601036447,0.19227611687539467,-0.012749170791581159,-0.2059121761925971,-0.1851493119278605,0.1851493119278605,0.011412261190226623,0.003854637475834706,-4.118243523851942
8.78,174.96403701679756,0.18952233529922888,-0.014780179787536879,-0.2003083032103518,-0.1826628892605955,0.18266288926059548,0.01344327018618234,0.004895006200485216,-4.0061660642070365
8.790000000000001,175.1640121097901,0.1863681004397039,-0.016753639788508752,-0.19440338072821367,-0.17976578315422317,0.17976578315422317,0.015479147836005413,0.005941916086460474,-3.8880676145642736
8.8,175.3639806970428,0.18282523279499713,-0.018666557209207735,-0.18820077945223157,-0.17647100627994225,0.17647100627994225,0.017451579378011534,0.006961079626206344,-3.7640155890446314
8.81,175.5639422666917,0.17890614388705967,-0.020516039956705787,-0.18171738210675298,-0.1727912523273434,0.17279125232734338,0.01935780681313206,0.007950990883292595,-3.63434764213506
8.82,175.76389638888597,0.17462380658582996,-0.022299366080138536,-0.1749703335065705,-0.1687397698250414,0.1687397698250414,0.021195236180441966,0.008910220391970569,-3.4994066701314104
8.83,175.9638427166218,0.1699917205424955,-0.024013986213648034,-0.16797700508276336,-0.1643284532791327,0.1643284532791327,0.022909856313951465,0.009811643624184406,-3.3595401016552673
8.84,176.163780985819,0.1650238737714903,-0.025657576869271108,-0.16076516632184354,-0.15957292771296827,0.15957292771296824,0.024605030925401197,0.010706786185570916,-3.215303326436871
8.85,176.36371101454813,0.15973469734002577,-0.027227987127743238,-0.153341631330671,-0.15448860507121684,0.15448860507121684,0.02622462243161891,0.011567425165097286,-3.06683262661342
8.86,176.56363270214615,0.1541390408719523,-0.02872318960537596,-0.14572425630936672,-0.14909056887443894,0.14909056887443894,0.027766714700910307,0.012392451661710765,-2.9144851261873344
8.870000000000001,176.76354602759744,0.14825214028133055,-0.030141335909797548,-0.13793098303583848,-0.14339428344579483,0.14339428344579483,0.029229565502294656,0.01318083991668938,-2.7586196607167697
8.88,176.9634510472627,0.14208958174576686,-0.03148075732204725,-0.12997980424466343,-0.13741399492776446,0.13741399492776446,0.030568986914544353,0.013910353507994532,-2.5995960848932684
8.89,177.16334789198189,0.1356672627879009,-0.03274000744101342,-0.1218971626035334,-0.13116698164823723,0.13116698164823723,0.03187085753392977,0.014623758950482513,-2.437943252070668
8.9,177.36323676348434,0.12900134796040671,-0.033917816699874016,-0.11369204050561932,-0.12467020584201327,0.12467020584201327,0.03308929994929379,0.015297947916226764,-2.2738408101123864
8.91,177.5631179308995,0.12210824202873312,-0.03501305037354306,-0.10538239399179065,-0.11794026578444185,0.11794026578444183,0.03422327165110749,0.015932233167709326,-2.107647879835813
8.92,177.762991726688,0.11500455704397736,-0.03602475287900772,-0.09698609571377774,-0.11099396243551295,0.11099396243551293,0.03527190503435363,0.016526012892821684,-1.9397219142755548
8.93,177.96285854211203,0.10770707662392777,-0.03695214678000299,-0.08852090275465867,-0.10384695337049182,0.10384695337049182,0.0361992989353489,0.017061179933969533,-1.7704180550931734
8.94,178.1627188222945,0.10023271816458525,-0.037794666421258775,-0.08001139149855943,-0.09651733494448352,0.09651733494448352,0.03707702623538829,0.01757333976824931,-1.6002278299711885
8.950000000000001,178.36257306082368,0.0925984909172255,-0.03855191873142208,-0.07146755097093199,-0.08902275671751293,0.08902275671751293,0.037867843052755354,0.018043693959202547,-1.4293510194186398
8.96,178.56242179466713,0.08482146884301478,-0.03922364688459789,-0.06290661708089951,-0.08138045249380971,0.0813804524938097,0.03857156893977211,0.018471979944947956,-1.2581323416179901
8.97,178.76226559873265,0.07691875874952431,-0.039809765223465486,-0.05434558842518529,-0.07360768509049247,0.07360768509049248,0.0391881910952692,0.018858018696729675,-1.0869117685037057
8.98,178.96210508020673,0.06890746645172946,-0.04031035674376972,-0.04580119790588512,-0.06572060938377451,0.06572060938377451,0.03968878261557343,0.019187185213948972,-0.9160239581177023
8.99,179.16194087272982,0.06080466155584495,-0.04072569916406186,-0.037295638979721414,-0.05773731067971762,0.05773731067971762,0.040133204429202415,0.01948922910780403,-0.7459127795944283
9.0,179.3617736303797,0.052627339161667834,-0.04105623082829217,-0.02883888400813934,-0.04967529186176008,0.049675291861760076,0.0404914573479725,0.019748975755368648,-0.5767776801627867
9.01,179.56160402214604,0.04439239410229299,-0.04130251896133342,-0.020446717439909546,-0.041551579652328675,0.041551579652328675,0.04076417181790704,0.019966570112430235,-0.4089343487981909
9.02,179.76143272629275,0.03611659162129667,-0.04146528677658305,-0.012134553764438354,-0.03338306800952975,0.03338306800952975,0.040952131349853094,0.02014223499483125,-0.24269107528876707
9.03,179.96126042473293,0.027816536752019134,-0.041545409658432925,-0.003917414002806282,-0.025185556896437783,0.02518555689643778,0.041032254231702966,0.020264271546887105,-0.07834828005612565
9.040000000000001,180.16108779747236,0.01950864289261362,-0.04154393495185407,0.004185345202792118,-0.016976338371346045,0.016976338371346045,0.041054794128807394,0.020357633680690237,0.08370690405584236
9.05,180.36091551709984,0.011209098168359948,-0.041462052068646234,0.01216463290865236,-0.00877199951177393,0.008771999511773931,0.04099580358071584,0.020410181795240182,0.24329265817304718
9.06,180.56074424389746,0.002933842477816846,-0.041301064545132084,0.020006730579719963,-0.0005885889813860676,0.0005885889813860676,0.04085663842728014,0.02042243332382621,0.4001346115943993
9.07,180.76057462104734,-0.005301458073851451,-0.04106241071222935,0.027698396243444813,0.007558120965694976,0.007558120965694976,0.0406387868784436,0.02039497464887875,0.5539679248688962
9.08,180.9604072700406,-0.013481437486501683,-0.04074765884018233,0.0352268823589021,0.015653445774017172,0.015653445774017175,0.04032403500639658,0.02031855196093846,0.7045376471780419
9.09,181.1602427863327,-0.021591056516347656,-0.04035852179319805,0.042576029049308746,0.02368158676232506,0.023681586762325058,0.03995472772316466,0.020214179729205584,0.8515205809861749
9.1,181.36008173522404,-0.029615630833045734,-0.039896830678836634,0.04973831871226797,0.03162754771162856,0.03162754771162856,0.03951193921081374,0.020072245082523154,0.9947663742453594
9.11,181.5599246484177,-0.03754085003615871,-0.03936451013212016,0.05670257565184412,0.039476928528678096,0.0394769285286781,0.03899763735723337,0.019893587963903465,1.1340515130368825
9.120000000000001,181.7597720208178,-0.04535279851445341,-0.038763593766130804,0.06345817810542803,0.047215726057901655,0.047215726057901655,0.038413897019521415,0.019679105770339725,1.2691635621085606
9.13,181.9596243076476,-0.05303797660974087,-0.03809621857355815,0.06999507002841844,0.054831015990204866,0.054831015990204866,0.03774652182694876,0.01942157107337643,1.3999014005683688
9.14,182.15948192191556,-0.06058332175510109,-0.03736463546757652,0.0763005322458056,0.06230908261492379,0.06230908261492379,0.0370313114120325,0.01913874653216549,1.526010644916112
9.15,182.35934523220388,-0.06797623055526697,-0.036571185999963,0.0823691319234446,0.06963707864536824,0.06963707864536824,0.03625346879784642,0.01882310518537689,1.6473826384688919
9.16,182.55921456111403,-0.07520457302327846,-0.03571828046522145,0.08819256292811209,0.07680280010170694,0.07680280010170694,0.03541544003469939,0.018475748018366763,1.7638512585622417
9.17,182.75909018401703,-0.08225670804867367,-0.03480840920672006,0.09376311961845586,0.08379453364230989,0.0837945336423099,0.03451974955846319,0.01809782011565469,1.8752623923691172
9.18,182.9589723281597,-0.08912149883330575,-0.03384413658381025,0.09907370241889796,0.09060162623231993,0.09060162623231993,0.03355547693555337,0.017683754730099886,1.9814740483779592
9.19,183.158861172137,-0.09578832802882727,-0.03282810830599313,0.10411514775530352,0.0972129030519666,0.0972129030519666,0.032552965956694706,0.017248612008867018,2.0823029551060706
9.200000000000001,183.3587568457014,-0.10224711338217146,-0.031763030887735695,0.10888443772233654,0.10361809006621049,0.10361809006621049,0.031500773346950096,0.016786567574137153,2.1776887544467307
9.21,183.55865943013717,-0.10848831664191606,-0.030651652294255774,0.11337630756503142,0.10980758794452813,0.10980758794452812,0.030401676621209343,0.016298914190049953,2.267526151300628
9.22,183.7585689589257,-0.11450295322731861,-0.02949677004695946,0.11758610874645863,0.11577235247205998,0.11577235247205998,0.029258501474157542,0.015786974261799373,2.3517221749291726
9.23,183.9584854187274,-0.12028260162495957,-0.028301225063585685,0.12150980848443069,0.12150436689653424,0.12150436689653424,0.028062956490783764,0.015246521914357224,2.430196169688614
9.24,184.15840875067502,-0.12581941230239232,-0.0270679065847789,0.12514178029255987,0.12699531001395858,0.12699531001395858,0.02684079720532766,0.014690351702803417,2.5028356058511974
9.25,184.3583388519464,-0.1311061168140227,-0.025799734137761977,0.12848157607964728,0.1322377610894187,0.1322377610894187,0.025583261653521833,0.014114008437655104,2.5696315215929455
9.26,184.55827557775686,-0.1361360311252697,-0.024499640537431328,0.1315269922540479,0.13722498563434996,0.13722498563434996,0.02429330706518792,0.013518903388937461,2.630539845080958
9.27,184.75821874356598,-0.14090305935946984,-0.023170577611885172,0.13427642775853046,0.14195083850541923,0.14195083850541926,0.02297390854490027,0.012906462657504326,2.685528555170609
9.28,184.95816812750505,-0.14540169712359333,-0.02181551020746825,0.13672887801269823,0.14641015232401194,0.14641015232401194,0.021618841140483347,0.012273522093481794,2.734577560253965
9.290000000000001,185.1581234730095,-0.14962703424988258,-0.020437419402859383,0.13888210524087397,0.15059762123582687,0.15059762123582687,0.020249962325235547,0.011630957374976042,2.7776421048174793
9.3,185.35808449162352,-0.15357475752227243,-0.01903928682512951,0.14073822303540454,0.15450880963990715,0.15450880963990715,0.018860610476588716,0.01097539333469343,2.8147644607080906
9.31,185.55805086605062,-0.1572411484670103,-0.01762407988093994,0.14229796648090268,0.15813995736034783,0.15813995736034783,0.017453773169667643,0.0103082861584373,2.8459593296180534
9.32,185.75802225330452,-0.16062308134214,-0.016194755806074095,0.1435626327945458,0.1614878979312683,0.1614878979312683,0.016032426867444063,0.009631092413034715,2.8712526558909164
9.33,185.95799828795379,-0.163718020641274,-0.014754256099194979,0.14453407034600138,0.16455037529231192,0.16455037529231192,0.01459192716056495,0.008941467333205593,2.8906814069200277
9.34,186.15797858544016,-0.16652401798954175,-0.013305508617303143,0.14521316231549988,0.16732511152274662,0.16732511152274662,0.013150783916349919,0.008248643073402426,2.9042632463099975
9.35,186.35796274544106,-0.1690397089139206,-0.011851414131500025,0.14560443057325453,0.16981064264681398,0.169810642646814,0.01170393760712919,0.007550075230032735,2.912088611465091
9.36,186.55795035530284,-0.17126430543837967,-0.010394833698423877,0.14571129979911526,0.17200614620659316,0.17200614620659316,0.010254265947426656,0.00684719443577926,2.914225995982305
9.370000000000001,186.75794099345072,-0.17319758875578378,-0.00893859162582483,0.1455376934282293,0.17391136972140714,0.1739113697214071,0.008804609124882314,0.006141418259655229,2.910753868564586
9.38,186.95793423276265,-0.17483990142420283,-0.007485470560511685,0.14508801860146506,0.17552688678079087,0.1755268867807909,0.007351488059569171,0.005431012897592494,2.901760372029301
9.39,187.15792964388888,-0.17619213899965266,-0.006038212960280796,0.14436590856004022,0.17685331990710607,0.17685331990710607,0.0059105073241602895,0.004723786861151206,2.8873181712008043
9.4,187.35792679849342,-0.1772557415161373,-0.004599509798000472,0.14337801697994002,0.1778920275002444,0.1778920275002444,0.00447778707231345,0.00401781381115917,2.8675603395988003
9.41,187.55792527241582,-0.17803268148284834,-0.0031719899978554095,0.14213010290411351,0.1786449535541642,0.1786449535541642,0.0030559699847489945,0.0033144345279161394,2.8426020580822704
9.42,187.75792464870102,-0.17852545192125516,-0.0017582228019120275,0.1406283423233932,0.17911456324480537,0.17911456324480535,0.0016476384171823905,0.002614964841039249,2.8125668464678637
9.43,187.957924520486,-0.1787370539985945,-0.00036071369162820233,0.13887931003924123,0.17930404845812858,0.17930404845812858,0.00025012930689856546,0.0019181051380305686,2.7775862007848247
9.44,188.157924493729,-0.17867098419743224,0.0010180943644504791,0.13688893598229607,0.17921668009760075,0.17921668009760078,-0.0011234977042830494,0.001230417948834483,2.737778719645921
9.450000000000001,188.35792418976826,-0.17833122137255009,0.0023758301460225038,0.1346656315986859,0.17885636970005894,0.17885636970005891,-0.0024762951080664177,0.0005504161429673805,2.6933126319737175
9.46,188.55792324769214,-0.1777222109582155,0.0037102027571501977,0.13221705283361745,0.1782275391221567,0.17822753912215672,-0.003805960649246759,-0.00012070493340181256,2.6443410566723493
9.47,188.75792132650466,-0.1768488492452844,0.005018999475666675,0.12955117742322378,0.17733506163295806,0.17733506163295806,-0.005110270777507751,-0.0007817847724242949,2.5910235484644755
9.48,188.9579181070782,-0.17571646737332408,0.006300088869904053,0.1266762847257793,0.17618442579921273,0.17618442579921273,-0.006391360171745129,-0.0014338358278804372,2.533525694515586
9.49,189.15791329388804,-0.1743308149988952,0.007551419467857665,0.12360008919871991,0.17478119498166417,0.17478119498166417,-0.00763841433733075,-0.002071395218848733,2.4720017839743984
9.5,189.35790661652527,-0.172698043940511,0.008771027029056341,0.12033231598878308,0.17313146543606234,0.17313146543606234,-0.008853945784954761,-0.0026956582381167573,2.4066463197756613
9.51,189.55789783096589,-0.17082468955150956,0.0099570412237046,0.11688202430423988,0.17124175302783162,0.17124175302783162,-0.010036074805921193,-0.0033056198726822807,2.3376404860847977
9.52,189.75788672060554,-0.16871765224038376,0.011107683410870952,0.11325849198083429,0.1691189391391871,0.1691189391391871,-0.011183013819096395,-0.0039003175181563264,2.2651698396166857
9.53,189.9578730970593,-0.16638417885514015,0.012221268718790297,0.1094711943577331,0.1667704007052008,0.1667704007052008,-0.01229659912701574,-0.004480595556455862,2.189423887154662
9.540000000000001,190.15785680072875,-0.16383184390862987,0.01329620441027908,0.1055290847521729,0.16420355814111204,0.164203558141112,-0.013368005122226053,-0.005041966979701906,2.110581695043458
9.55,190.357837701143,-0.16106853090148637,0.014330995306420983,0.10144271616800837,0.16142624921105106,0.16142624921105106,-0.014399431676516848,-0.005585453346147914,2.0288543233601675
9.56,190.5578156970527,-0.1581024118948643,0.015324248680474733,0.09722202808144176,0.15844662987657152,0.15844662987657152,-0.015389478319933574,-0.006110272861201072,1.9444405616288352
9.57,190.75779071630464,-0.15494192733768375,0.016274671766323835,0.09287707276526318,0.15527312487027653,0.15527312487027656,-0.016336844905459696,-0.006615691204027083,1.8575414553052636
9.58,190.9577627155037,-0.15159576592173668,0.01718107278092011,0.08841799425445986,0.1519145305738753,0.1519145305738753,-0.017243245920055966,-0.00710247765428923,1.768359885089197
9.59,191.15773167947057,-0.14807284445247726,0.018042358845537065,0.0838544310635103,0.1483796359600324,0.1483796359600324,-0.018101618679155405,-0.0075670129799773785,1.677088621270206
9.6,191.35769762051058,-0.14438228795371263,0.018857539699583984,0.07919726416342557,0.14467752859918961,0.14467752859918961,-0.01891402271623238,-0.008010236072124295,1.5839452832685113
9.61,191.55766057747542,-0.14053340848717166,0.01962573094597475,0.07445678724179439,0.14081750725977618,0.14081750725977618,-0.01967956724180592,-0.008431608548305198,1.4891357448358877
9.620000000000001,191.75762061465784,-0.13653568434698876,0.020346151171580958,0.06964330337125936,0.13680903726048171,0.1368090372604817,-0.020397464749544614,-0.00883064200216749,1.3928660674251871
9.63,191.9575778205296,-0.13239873944716612,0.021018121940860543,0.06476710503183328,0.13266183184643715,0.13266183184643712,-0.0210694355188242,-0.009208099440947729,1.2953421006366654
9.64,192.15753230633717,-0.1281323228966309,0.021641065204759374,0.05983797872765661,0.12838553372693692,0.12838553372693692,-0.02168997425980996,-0.00956113179263561,1.196759574553132
9.65,192.35748420457364,-0.1237462889462596,0.02221450546745223,0.05486664548521673,0.12398996667617765,0.12398996667617765,-0.022261122658423754,-0.0098906616624501,1.0973329097043347
9.66,192.55743366731406,-0.11925057605806486,0.02273807154541719,0.04986324866430685,0.1194850581852889,0.11948505818528891,-0.022782504254184564,-0.010196401545239393,0.9972649732861371
9.67,192.75738086445807,-0.11465518647001403,0.023211493252318787,0.04483784463240799,0.114880799784498,0.114880799784498,-0.023253843830839425,-0.010478113917574732,0.8967568926481597
9.68,192.95732598189238,-0.10997016610936806,0.023634600438426048,0.039800384693163667,0.1101873116366603,0.11018731163666032,-0.023676951016946685,-0.010736602392106739,0.7960076938632733
9.69,193.15726921958935,-0.10520558485276067,0.024007319881951063,0.034760304849271034,0.10541457479339568,0.10541457479339568,-0.024047685887753273,-0.01096969719594268,0.6952060969854207
9.700000000000001,193.35721078966122,-0.1003715172874414,0.024329676094552024,0.029727713545691356,0.10057263919527558,0.10057263919527558,-0.024368150515212652,-0.01117834886565357,0.5945542709138272
9.71,193.5571509143604,-0.09547802294412522,0.02460179177973466,0.024712142629064755,0.09567155532204305,0.09567155532204305,-0.02463846324685426,-0.0113625160702067,0.4942428525812951
9.72,193.75708982406806,-0.09053512713647655,0.024823884094723126,0.019722951571005242,0.09072133965382757,0.09072133965382756,-0.02485883708788824,-0.011522205147405845,0.39445903142010486
9.73,193.95702775528315,-0.08555280228700214,0.024996262849127426,0.014769312003234399,0.08573202637825487,0.08573202637825486,-0.02503121584229254,-0.011658287657363722,0.29538624006468794
9.74,194.15696494862678,-0.08054094973868395,0.025119326926237934,0.009859868786067993,0.08071344253520481,0.08071344253520481,-0.025152641967446113,-0.011769186558371008,0.19719737572135987
9.75,194.35690164687944,-0.07550938218027077,0.0251935639323579,0.005003720150479758,0.07567538097917616,0.07567538097917616,-0.025225317771345346,-0.01185590507588091,0.10007440300959515
9.76,194.55683809304273,-0.07046780583563536,0.02521954955917093,0.00020938686650143895,0.07062754046843957,0.07062754046843957,-0.025249815350062394,-0.0119186322703468,0.004187737330028779
9.77,194.75677452846202,-0.06542580335373836,0.025197943484023343,-0.0045148538913420055,0.06557949636571321,0.0655794963657132,-0.025226790953725556,-0.011957600513205645,-0.09029707782684011
9.78,194.9567111910194,-0.06039281729942006,0.02512948687211971,-0.009160980872816893,0.06054074264667437,0.06054074264667437,-0.025158334341821922,-0.011973759744444217,-0.18321961745633786
9.790000000000001,195.15664831340806,-0.05537813424360933,0.02501499841708521,-0.013721507860526328,0.055520503681729935,0.05552050368172994,-0.025042494025792127,-0.011966041976078765,-0.27443015721052655
9.8,195.3565861215009,-0.050390869557337965,0.024855373052870514,-0.01818867392252834,0.05052787892512077,0.05052787892512077,-0.02488158014705817,-0.011935511284277878,-0.36377347845056685
9.81,195.55652483280508,-0.04543995220684237,0.024651580437764935,-0.022555293206028233,0.045571791185297306,0.04557179118529731,-0.0246765593960271,-0.011882561786160577,-0.45110586412056464
9.82,195.75646465502982,-0.04053411032090377,0.024404660591761475,-0.026814478228485445,0.040660962581012504,0.040660962581012504,-0.024428468963818038,-0.011807624856098894,-0.5362895645697089
9.83,195.95640578477284,-0.03568185744594254,0.024115720868473144,-0.03095964872434824,0.03580394943462061,0.03580394943462061,-0.024139529240529707,-0.011711725125918648,-0.6191929744869649
9.84,196.15634840633138,-0.030891479485284482,0.02378593173483662,-0.03498476050744254,0.031008985610855296,0.0310089856108553,-0.02380862437403557,-0.011594222330909232,-0.6996952101488508
9.85,196.35629269064427,-0.02617102240602889,0.02341652477127625,-0.038883635512685394,0.026284104306848688,0.026284104306848688,-0.023438153960892442,-0.011456235937377735,-0.7776727102537079
9.86,196.5562387943557,-0.02152828013052371,0.023008790501077795,-0.04265066134723949,0.021637094365244483,0.02163709436524448,-0.023029406074697525,-0.011298332093696318,-0.8530132269447898
9.870000000000001,196.75618685901838,-0.016970783245594014,0.022564073889153075,-0.04628056096086928,0.01707548141480032,0.017075481414800323,-0.02258372334542507,-0.011121106858564532,-0.9256112192173855
9.88,196.95613701043635,-0.012505788456227962,0.022083770962502237,-0.04976839785099332,0.012606557714539628,0.012606557714539626,-0.022103420418774236,-0.010925644632241722,-0.9953679570198665
9.89,197.15608935814777,-0.00814026877688731,0.021569324468361142,-0.05310976271560773,0.00823725281526405,0.00823725281526405,-0.021588053080374307,-0.010711654012034513,-1.0621952543121547
9.9,197.3560439950484,-0.0038809045251888014,0.02102222138791986,-0.05630021815953888,0.003974236765578317,0.003974236765578318,-0.021040072307457948,-0.01048029378607319,-1.1260043631907777
9.91,197.55600099714388,0.0002659253676332062,0.02044399033332114,-0.05933587356477063,-0.0001761156945997787,0.00017611569459977873,-0.0204610046902362,-0.010232263502064097,-1.1867174712954127
9.92,197.7559604234406,0.004294151211553665,0.019836197046592126,-0.062213192392138156,-0.00420773896643719,0.00420773896643719,-0.019852414043528138,-0.00996828441142844,-1.2442638478427632
9.93,197.95592231596956,0.008198019643268734,0.019200440850909353,-0.0649289937653439,-0.008114850179037238,0.008114850179037238,-0.019216657847845365,-0.009689477425713055,-1.298579875306878
9.94,198.15588669993937,0.011972099953156833,0.018538350335282353,-0.06748060370437504,-0.011892054837377007,0.011892054837377007,-0.018553807337958254,-0.009395824217352897,-1.3496120740875008
9.950000000000001,198.35585358401366,0.015611289605626742,0.017851580599308383,-0.06986539391936886,-0.015534258700087712,0.015534258700087712,-0.017866313222577215,-0.009088499198289485,-1.3973078783873771
9.96,198.5558229606996,0.019110819359212605,0.0171418104311548,-0.07208125326237741,-0.019036695984938352,0.01903669598493835,-0.017155852621025543,-0.008768293270362154,-1.4416250652475482
9.97,198.75579480685008,0.022466257564736226,0.01641073794944261,-0.07412642560709781,-0.022394938419530473,0.022394938419530473,-0.01642412206127375,-0.00843601041483218,-1.4825285121419562
9.98,198.95576908427026,0.025673513701482506,0.015660077062311876,-0.07599950799876914,-0.025604871034081753,0.025604871034081753,-0.015673461174143016,-0.008092779297412325,-1.519990159975383
9.99,199.15574574042117,0.02872884116644974,0.014891553325727627,-0.0776995722445655,-0.028662777319166263,0.028662777319166263,-0.014904310198744762,-0.007738782872564044,-1.55399144489131
10.0,199.35572470921204,0.0316288392833386,0.014106901121897839,-0.07922578098593147,-0.03156526333540946,0.03156526333540946,-0.01411906015022809,-0.007375182708468139,-1.5845156197186294
10.01,199.55570591186807,0.03437045487317283,0.01330786081570941,-0.08057777345694181,-0.034309278759596024,0.034309278759596024,-0.013319450016087251,-0.007002817795639586,-1.6115554691388363
10.02,199.75568925787036,0.03695098304513529,0.012496174677020785,-0.08175552829782033,-0.03689212148870806,0.03689212148870806,-0.012507220753326201,-0.006622531591550181,-1.6351105659564067
10.03,199.95567464595757,0.03936806726386678,0.011673583511441292,-0.08275935860328136,-0.03931141476114883,0.03931141476114882,-0.011684629587746707,-0.006235428941484842,-1.6551871720656273
10.040000000000001,200.15566196518003,0.04161969871252096,0.01084182282970179,-0.08359000881639668,-0.04156517470331689,0.04156517470331689,-0.010852351234468297,-0.005841827364267318,-1.6718001763279335
10.05,200.35565109599628,0.04370421493102596,0.01000262014122813,-0.08424833438515623,-0.04365174435895697,0.04365174435895697,-0.01001265513427532,-0.00544284501072723,-1.6849666877031246
10.06,200.55564191140027,0.04562029801878388,0.009157692264475647,-0.08473561663594212,-0.045569808185506544,0.045569808185506544,-0.009167256968791367,-0.005039326566250749,-1.6947123327188423
10.07,200.7556342780726,0.04736697212710949,0.00830874165375408,-0.08505344604099924,-0.047318392636241755,0.047318392636241755,-0.00831785810876694,-0.004632112980745888,-1.7010689208199847
10.08,200.95562805754582,0.04894360029498534,0.007457453345899718,-0.08520371461758883,-0.04889684403834548,0.04889684403834548,-0.0074665698009125795,-0.004222253340839745,-1.7040742923517764
10.09,201.1556231073748,0.05034988065122856,0.006605491561267553,-0.08518869238466036,-0.05030488115176416,0.05030488115176416,-0.006614180773609984,-0.0038101391983226336,-1.7037738476932072
10.1,201.35561928230226,0.051585841973295625,0.005754497267610204,-0.08501075947667468,-0.051542537272864085,0.05154253727286408,-0.005762779259516626,-0.003396815002486954,-1.7002151895334936
10.11,201.5556164354102,0.052651838848613366,0.004906085792728082,-0.08467266252790519,-0.052610168936346534,0.052610168936346534,-0.004913979648159125,-0.002983091513443028,-1.6934532505581037
10.120000000000001,201.7556144192501,0.05354854621887388,0.004061843660156071,-0.08417741486813857,-0.053508452984866055,0.053508452984866055,-0.004069367568763072,-0.0025697683142301966,-1.6835482973627713
10.13,201.95561308694377,0.05427695335862236,0.0032233259709074963,-0.08352828681533347,-0.05423836489629115,0.05423836489629115,-0.0032308498795144977,-0.0021578085887201605,-1.6705657363066695
10.14,202.15561229324746,0.05483835731426297,0.0023920535340886282,-0.08272886537718378,-0.05480121875742313,0.05480121875742313,-0.002399224833121776,-0.0017476246041351192,-1.6545773075436756
10.15,202.35561189557157,0.055234355802400555,0.0015695108259853037,-0.08178282980263117,-0.055198616008083484,0.055198616008083484,-0.0015763460402285808,-0.0013401591801951254,-1.6356565960526235
10.16,202.5556117549496,0.055466839777360416,0.0007571440227469034,-0.0806941598682324,-0.055432449210686144,0.055432449210686144,-0.0007636589025971835,-0.0009361539434054533,-1.6138831973646481
10.17,202.755611736951,0.05553798549347184,-4.3641575319121415e-05,-0.07946705024946253,-0.05550489618936933,0.05550489618936933,3.7432017572095705e-05,-0.0005363329531076455,-1.5893410049892507
10.18,202.9556117125325,0.05545024611116466,-0.0008314836364878201,-0.07810589930836818,-0.05541839871846161,0.05541839871846162,0.0008252740787407943,-0.00014154694781421897,-1.5621179861673637
10.19,203.15561155882293,0.05520634287499499,-0.001605065065926644,-0.07661535522861622,-0.05517569210795136,0.05517569210795136,0.0015991465215074877,0.00024781633967423024,-1.5323071045723244
10.200000000000001,203.35561115983796,0.0548092558691245,-0.0023631155592264545,-0.07500012770614689,-0.05477975951479148,0.05477975951479148,0.002357474389912618,0.0006309395998083941,-1.5000025541229378
10.21,203.55561040712084,0.05426221452969898,-0.0031044130648677456,-0.07326515685494096,-0.054233831703012665,0.05423383170301267,0.0030990362715636517,0.0010071798187516992,-1.4653031370988192
10.22,203.75560920030736,0.05356868777627527,-0.003827785719233785,-0.07141553961870821,-0.05354137888840137,0.05354137888840137,0.003822660912025451,0.001375916667128712,-1.4283107923741643
10.23,203.95560744761215,0.052732373808701834,-0.004532113354260455,-0.0694565176818034,-0.05270608987329835,0.05270608987329835,0.0045269885470521215,0.0017364333747930771,-1.389130353636068
10.24,204.1556050662351,0.05175718959839508,-0.005216329122066876,-0.06739351279627334,-0.051731893239575014,0.051731893239575014,0.005211444491673084,0.002088403313440792,-1.347870255925467
10.25,204.35560198268735,0.0506472600841166,-0.0058794205026372,-0.0652319687097564,-0.050622916461875125,0.05062291646187512,0.005874764793198151,0.002431153231980324,-1.3046393741951279
10.26,204.55559813303702,0.049406907225692014,-0.006520430210238602,-0.06297748800176148,-0.04938348259637742,0.049383482596377426,0.00651599269338688,0.0027641615207296658,-1.2595497600352297
10.27,204.75559346307486,0.04804063880703919,-0.007138457464691118,-0.0606357688845646,-0.04801810049717295,0.04801810049717294,0.007134227914830354,0.0030869329524434476,-1.212715377691292
10.28,204.95558792840092,0.04655313703172515,-0.007732658885780604,-0.05821259286140828,-0.04653144460843518,0.04653144460843518,0.007728429335919839,0.0033989002218755677,-1.1642518572281655
10.290000000000001,205.155581494434,0.044949246939639705,-0.008302249461094424,-0.0557138516220302,-0.04492836955970222,0.044928369559702225,0.00829821813183903,0.003699825370322493,-1.114277032440604
10.3,205.3555741363456,0.04323396465760381,-0.008846502982616689,-0.053145414430856706,-0.04321387356767605,0.043213873567676045,0.008842660584336713,0.003989191556491596,-1.0629082886171342
10.31,205.55556583892272,0.04141242561478965,-0.00936475237876873,-0.050513239015956016,-0.041393092966564835,0.041393092966564835,0.009361090057180752,0.004266614098924728,-1.0102647803191203
10.32,205.75555659636092,0.03948989263731938,-0.009856390327691094,-0.04782331747854143,-0.03947129146588052,0.03947129146588051,0.009852899643463328,0.004531736907072858,-0.9564663495708287
10.33,205.95554641199217,0.03747174396148677,-0.01032086954075806,-0.045081664289578396,-0.03745384089135533,0.03745384089135533,0.010317378856530291,0.004784151019351593,-0.9016332857915679
10.34,206.15553529795116,0.03536346119273943,-0.010757703089093676,-0.042294336785166566,-0.03534623077612215,0.03534623077612216,0.010754375998395297,0.005023725691436427,-0.8458867357033313
10.35,206.35552327478428,0.03317061722430161,-0.011166464275221517,-0.03946732413633636,-0.033154035731957965,0.03315403573195796,0.011163293111192935,0.005250106198276888,-0.7893464827267271
10.36,206.55551037100696,0.030898864226515225,-0.011546786403175259,-0.036606637401118164,-0.030882908676180924,0.030882908676180928,0.011543763858257916,0.005463052842367149,-0.7321327480223633
10.370000000000001,206.75549662261358,0.028553921639043984,-0.011898362766665498,-0.033718263537190485,-0.028538569777541982,0.028538569777541985,0.011895481875766336,0.005662355240107748,-0.6743652707438097
10.38,206.95548207254467,0.026141564201080696,-0.012220946352231126,-0.030808154270016177,-0.026126788475851377,0.026126788475851377,0.012218065461331962,0.005847764845907467,-0.6161630854003235
10.39,207.1554667701175,0.023667610044286948,-0.012514349566235088,-0.02788224190364532,-0.023653389462772654,0.023653389462772654,0.012511603690679829,0.006019267950712188,-0.5576448380729064
10.4,207.3554507704247,0.02113790886202927,-0.012778443576021689,-0.024946346703787294,-0.021124223841483655,0.021124223841483655,0.01277582638825108,0.006176670955710703,-0.49892693407574584
10.41,207.5554341337077,0.018558330248438833,-0.01301315755805575,-0.022006250357434944,-0.018545161822548856,0.018545161822548856,0.013010663027053882,0.006319879895301452,-0.4401250071486989
10.42,207.75541692470958,0.01593475215292162,-0.013218478118023097,-0.019067657279379722,-0.01592208195703236,0.015922081957032364,0.013216100495415639,0.006448829428137496,-0.3813531455875945
10.43,207.95539921201305,0.013273049480505962,-0.013394448468915753,-0.016136184806339465,-0.01326085476703161,0.01326085476703161,0.013392070846308295,0.006563426875483831,-0.3227236961267893
10.44,208.1553810673689,0.010579082859596328,-0.013541167623213347,-0.013217375747550802,-0.010567346313491259,0.010567346313491257,0.013538901430020915,0.006663777251875545,-0.26434751495101605
10.450000000000001,208.35536256502044,0.007858687589243614,-0.013658789262247818,-0.010316621568731223,-0.007847393049591856,0.007847393049591856,0.013656629276265746,0.006749840707636954,-0.20633243137462448
10.46,208.55534378102985,0.005117662843821856,-0.013747520525608677,-0.0074392227589547815,-0.005106794658364196,0.005106794658364196,0.013745461769368084,0.0068216629381003995,-0.14878445517909564
10.47,208.75532479261096,0.0023617610906964616,-0.01380762094045887,-0.004590356754014294,-0.002351304103635171,0.002351304103635171,0.013805658669763606,0.006879316293845451,-0.09180713508028587
10.48,208.95530567747318,-0.0004033222537833652,-0.013839401150268733,-0.0017750698168564481,0.00041338682420935465,0.0004133868242093546,0.013837438879573468,0.006922853308028828,-0.03550139633712896
10.49,209.15528651318144,-0.003171958912150092,-0.013843221655489752,0.0010017125167970636,0.0031816453467576494,0.0031816453467576494,0.013841351348478711,0.006952492127706932,0.02003425033594127
10.5,209.35526737653655,-0.005938597567736027,-0.013819491289244305,0.0037352486353888843,0.005947919203808266,0.005947919203808266,0.013817708635974419,0.006968333510025292,0.07470497270777769
10.51,209.55524834298078,-0.008697773356770268,-0.013768665629576878,0.0064209307200640865,0.008706743111881863,0.008706743111881863,0.013766966522092616,0.006970550692165126,0.12841861440128172
10.52,209.7552294860315,-0.011444117067919842,-0.013691245530819053,0.009054310799414428,0.011452747449997915,0.011452747449997917,0.013689626053684326,0.006959340501342142,0.18108621598828856
10.53,209.95521087674697,-0.014172364029197493,-0.013587775494126656,0.01163110692656643,0.014180670545982356,0.014180670545982356,0.013586156016991929,0.006934884713955788,0.2326221385313286
10.540000000000001,210.15519258322695,-0.016877362668548838,-0.01345884205362866,0.014147193931153185,0.01688535709840162,0.01688535709840162,0.013457298474904822,0.006897502808436427,0.2829438786230637
10.55,210.3551746701511,-0.019554082741246905,-0.013305071950658658,0.016598654848587694,0.019561776091484046,0.019561776091484046,0.013303600713306824,0.006847418117568252,0.33197309697175387
10.56,210.55515719835836,-0.022197623172798733,-0.01312713026339515,0.018981738721087923,0.022205026104415937,0.02220502610441594,0.013125727977078753,0.006784914249583536,0.37963477442175847
10.57,210.7551402244682,-0.02480321954971178,-0.01292571864353291,0.0212928811811968,0.024810342385681066,0.024810342385681063,0.012924382076804172,0.006710294462258896,0.425857623623936
10.58,210.95512380054592,-0.027366251243342424,-0.012701573429876566,0.02352870853878761,0.02737310678791534,0.02737310678791534,0.012700236863147826,0.006623849499453067,0.4705741707757522
10.59,211.15510797381327,-0.029882248157490295,-0.012455463785370362,0.025686029049556375,0.029888846125770023,0.029888846125770023,0.012454189858225145,0.0065259833903702725,0.5137205809911275
10.6,211.3550927864049,-0.03234689709620594,-0.012188189670646062,0.027761874176255828,0.03235324657285654,0.03235324657285654,0.012186975447426092,0.0064170201894416115,0.5552374835251166
10.61,211.555078275172,-0.03475604771177401,-0.011900579793013562,0.029753462496767417,0.03476215749567701,0.03476215749567701,0.011899422475641293,0.006297332812777417,0.5950692499353484
10.620000000000001,211.7550644715326,-0.03710571806204192,-0.011593489656821821,0.03165821534949529,0.037111596673137744,0.037111596673137744,0.01159238657835392,0.006167309255908337,0.6331643069899058
10.63,211.95505140136802,-0.03939209976750867,-0.01126779952603662,0.033473758790288174,0.03939775777732694,0.03939775777732693,0.011266696447568721,0.00602732580155763,0.6694751758057635
10.64,212.15503908496595,-0.04161156276324554,-0.010924412420671964,0.035197914900181856,0.04161700818600466,0.04161700818600466,0.010923361039152008,0.005877850601436051,0.7039582980036372
10.65,212.35502753700786,-0.043760659645634956,-0.010564251993491728,0.036828734286395756,0.04376589997937223,0.04376589997937223,0.010563249886095109,0.005719283942841277,0.7365746857279152
10.66,212.55501676660094,-0.04583612958393555,-0.010188260402277301,0.03836446468110336,0.04584117209084163,0.04584117209084164,0.010187305259726583,0.0055520643507717075,0.7672892936220672
10.67,212.75500677735207,-0.04783490182391936,-0.009797396282191659,0.03980356218124071,0.047839753535979884,0.047839753535979884,0.009796485903433058,0.005376640487076328,0.7960712436248142
10.68,212.95499756748225,-0.049754098778967956,-0.00939263266269078,0.041144691137069436,0.04975876842366043,0.049758768423660435,0.00939172228393218,0.005193448826202695,0.8228938227413887
10.69,213.15498912997964,-0.051591038707963416,-0.008974954929890703,0.042386715201950316,0.051595532897336635,0.051595532897336635,0.00897408721702703,0.005002998937486881,0.8477343040390063
10.700000000000001,213.3549814527886,-0.05334323798348471,-0.008545358708114506,0.043528722333392986,0.0533475629061568,0.0533475629061568,0.008544531661565814,0.004805741459844475,0.8705744466678598
10.71,213.5549745190323,-0.055008412929161685,-0.008104847756211788,0.0445699970135253,0.055012574579096814,0.055012574579096814,0.008104059470113058,0.004602155480847497,0.891399940270506
10.72,213.7549683072668,-0.056584481252382156,-0.0076544319653142285,0.04551002762406914,0.05658848543354396,0.05658848543354396,0.007653680623115882,0.004392725165893381,0.9102005524813828
10.73,213.9549627917627,-0.05806956307232188,-0.007195125330006377,0.046348504419810754,0.05807341698918763,0.05807341698918762,0.007194373987808031,0.004177921163795892,0.9269700883962151
10.74,214.1549579428121,-0.059461981546611004,-0.006727943976502177,0.047085310178320676,0.0594656906551363,0.05946569065513631,0.006727227846792866,0.003958270829947796,0.9417062035664135
10.75,214.3549537270576,-0.06076026310345342,-0.006253904143880842,0.047720538845057094,0.060763832511536955,0.060763832511536955,0.006253221576390537,0.003734249113310638,0.9544107769011418
10.76,214.55495010784017,-0.06196313726572499,-0.005774020197502302,0.048254470597624236,0.06196657192059688,0.06196657192059688,0.0057733696193035455,0.0035063505288577415,0.9650894119524847
10.77,214.75494704556291,-0.06306953609269136,-0.005289302746312971,0.04868757590678864,0.06307284078475256,0.06307284078475256,0.005288682658194674,0.003275069736944863,0.9737515181357728
10.78,214.9549444980669,-0.06407859324338927,-0.004800756758528376,0.04902051182599737,0.06408177391940628,0.06408177391940627,0.004800136670410079,0.0030408860743991024,0.9804102365199474
10.790000000000001,215.15494242101644,-0.06498964266849583,-0.0043093797447845365,0.049254112228269524,0.06499270383097991,0.06499270383097991,0.004308788717795964,0.0028043213972077812,0.9850822445653905
10.8,215.35494076829005,-0.06580221694042726,-0.0038161599230330215,0.049389401143649585,0.06580516280526147,0.06580516280526146,0.0038155965951948666,0.002565849925650048,0.9877880228729917
10.81,215.55493949237464,-0.06651604521467577,-0.0033220744304991896,0.04942757012884192,0.06651887986511952,0.06651887986511952,0.003321537503661532,0.0023259575504819613,0.9885514025768384
10.82,215.75493854475903,-0.06713105084767464,-0.002828087641871352,0.04936997957177901,0.06713377823753246,0.06713377823753244,0.0028275758787223828,0.002085125721736516,0.9873995914355802
10.83,215.95493787632435,-0.06764734867865767,-0.0023351495065820696,0.04921815358989503,0.06764997371622772,0.06764997371622772,0.0023346377434331003,0.0018438186088788272,0.9843630717979006
10.84,216.15493743772814,-0.06806524198525811,-0.001844193962109358,0.048973769944501123,0.06806776838649989,0.06806776838649989,0.0018437061833271036,0.0016025307755285507,0.9794753988900224
10.85,216.35493717977948,-0.06838521912497925,-0.0013561373524153088,0.04863866903532443,0.06838765036948781,0.0683876503694878,0.0013556724339452533,0.0013617127206675048,0.9727733807064887
10.86,216.55493705380266,-0.06860794986082748,-0.000871876905262573,0.04821483322928595,0.0686102893187214,0.0686102893187214,0.0008714337757320589,0.0011218197810532434,0.9642966645857189
10.870000000000001,216.75493701198673,-0.06873428139600775,-0.00039228931703351417,0.0477043859652492,0.06873653233054546,0.06873653233054546,0.0003918669552796097,0.0008832988009452594,0.954087719304984
10.88,216.95493700771863,-0.06876523412782085,8.17706271029311e-05,0.047109585597354404,0.06876740059000958,0.06876740059000958,-8.219298885683561e-05,0.0006465775114716779,0.9421917119470881
10.89,217.1549369958983,-0.06870199713273324,0.0005494713509698005,0.04643281515420933,0.06870408218947273,0.06870408218947273,-0.0005498739182519767,0.0004121038627687389,0.9286563030841866
10.9,217.35493693323315,-0.06854592339649894,0.0010100057619114736,0.04567658787743348,0.06854792991963006,0.06854792991963007,-0.001010389462410847,0.00018028456799087705,0.9135317575486696
10.91,217.55493677851075,-0.06829852479172296,0.0014625924580620605,0.04484352831232865,0.06830045556271855,0.06830045556271855,-0.0014629581759911122,-4.847453236837059e-05,0.896870566246573
10.92,217.7549364928482,-0.06796146682714262,0.0019064768285919447,0.04393636975832153,0.06796332453926779,0.06796332453926777,-0.0019068254067251915,-0.0002737794579699179,0.8787273951664307
10.93,217.95493603991673,-0.06753656318064098,0.0023409321068827943,0.04295794741855187,0.0675383511772974,0.06753835117729741,-0.002341280685016041,-0.0004952568307350466,0.8591589483710373
10.94,218.1549353861408,-0.06702577002943172,0.0027652603385107206,0.041911188223002,0.06702749084179496,0.06702749084179498,-0.0027655925801229426,-0.0007125213816435217,0.83822376446004
10.950000000000001,218.3549345008708,-0.0664311801923379,0.0031787933130270683,0.040799113721311855,0.06643283619059687,0.06643283619059687,-0.0031791099837483803,-0.0009252266299682215,0.815982274426237
10.96,218.55493335652847,-0.06575501708950775,0.0035808934236935034,0.0396248228479917,0.06575661056925909,0.06575661056925909,-0.0035811952532696137,-0.001133031520942216,0.7924964569598341
10.97,218.75493192872548,-0.06499962854286837,0.003970954422864062,0.038391488241273704,0.06500116172690082,0.06500116172690082,-0.003971242106843478,-0.0013356094361527309,0.767829764825474
10.98,218.95493019635418,-0.06416748043039526,0.004348402123019411,0.03710234906650192,0.06416895607813025,0.06416895607813024,-0.004348689806998827,-0.0015326553427181112,0.7420469813300384
10.99,219.15492814165114,-0.0632611502083354,0.004712695012544763,0.035760701150363984,0.0632625704087073,0.0632625704087073,-0.004712969213877403,-0.0017238589028516285,0.7152140230072797
11.0,219.3549257502337,-0.062283320316632126,0.005063324827254197,0.03436989795980448,0.06228468702577006,0.06228468702577006,-0.005063586177817721,-0.0019089462186511598,0.6873979591960897
11.01,219.55492301110974,-0.06123677147477279,0.0053998170486711,0.03293333502951023,0.06123808658723869,0.061238086587238685,-0.005400066150733521,-0.002087652209494374,0.6586667005902046
11.02,219.75491991666195,-0.06012437588997959,0.005721731303009138,0.03145444563703642,0.06012564124024142,0.06012564124024142,-0.005721968730608274,-0.0022597279529017232,0.6290889127407284
11.03,219.9549164626066,-0.058949090391096935,0.006028661702749769,0.029936693656394488,0.058950308256659055,0.058950308256659055,-0.006028899130348906,-0.0024249464826078624,0.5987338731278897
11.040000000000001,220.1549126479288,-0.057713949502277144,0.006320237105946365,0.028383564256958,0.05771512160698862,0.05771512160698862,-0.006320463406221106,-0.002583080487040667,0.56767128513916
11.05,220.35490847479443,-0.05642205847135084,0.006596121327748247,0.02679856361853799,0.056423186429593285,0.05642318642959329,-0.006596337022193662,-0.0027339366468008977,0.5359712723707598
11.06,220.5549039484412,-0.05507658626100507,0.006856013280884881,0.025185205053544386,0.05507767163634665,0.05507767163634665,-0.006856218866553703,-0.002877332716913385,0.5037041010708877
11.07,220.75489907704903,-0.05368075852289587,0.007099647024281202,0.023547004479986415,0.053681802829307984,0.053681802829307984,-0.007099842974934793,-0.0030131034591743167,0.47094008959972833
11.08,220.95489387159242,-0.05223785056760633,0.007326791755066911,0.021887473634745296,0.05223885568490777,0.05223885568490778,-0.007326987705720503,-0.003141105296011174,0.43774947269490594
11.09,221.15488834567557,-0.05075118034384509,0.007537251724146634,0.020210111578181405,0.050752147694509836,0.05075214769450983,-0.0075374384913391235,-0.0032611977687244634,0.4042022315636281
11.1,221.35488251535276,-0.04922410144078527,0.007730866104497589,0.018518403709989736,0.04922503235714401,0.04922503235714402,-0.007731044118625027,-0.0033732717357410733,0.37036807419979473
11.11,221.55487639893508,-0.04765999612172596,0.007907508793701157,0.0168158096372862,0.04766089189417339,0.04766089189417339,-0.007907678464983848,-0.00347723031355019,0.336316192745724
11.120000000000001,221.75487001678596,-0.04606226840701747,0.008067088134225766,0.015105758830816688,0.04606313028501694,0.04606313028501694,-0.008067249853662606,-0.0035729936239811337,0.30211517661633375
11.13,221.95486339110673,-0.04443433721810403,0.008209546581271656,0.013391644487132487,0.04443516675328765,0.04443516675328766,-0.008209708300708498,-0.0036605024828213722,0.26783288974264974
11.14,222.15485654571495,-0.0427796295947864,0.00833486030251907,0.011676816051509139,0.04278042796087468,0.04278042796087468,-0.008335014442780514,-0.00373970294178151,0.23353632103018276
11.15,222.3548495058166,-0.041101573998094415,0.00844303873455912,0.009964578010716466,0.041102342294644885,0.041102342294644885,-0.008443185650854472,-0.003810569402480787,0.1992915602143293
11.16,222.55484229777443,-0.03940359370629052,0.00853412408145107,0.008258179555940284,0.039404332998252516,0.039404332998252516,-0.008534264112339067,-0.0038730887261870083,0.16516359111880569
11.17,222.75483494887433,-0.03768910031944655,0.008608190742505377,0.0065608107433569015,0.03768981163799046,0.03768981163799046,-0.008608324210678335,-0.003927263988959263,0.13121621486713803
11.18,222.95482748709134,-0.03596148738287047,0.008665344694593404,0.004875597243597176,0.03596217200877572,0.03596217200877572,-0.008665478162766362,-0.003973117361295424,0.09751194487194352
11.19,223.15481994085738,-0.03422412413973321,0.008705722816752255,0.003205594054761336,0.03422478304143245,0.03422478304143245,-0.008705850029779034,-0.004010677184475193,0.06411188109522672
11.200000000000001,223.35481233883218,-0.03248034942333933,0.008729492178220149,0.0015537844580352223,0.032480983508290415,0.032480983508290415,-0.008729613429257248,-0.00403999687954572,0.031075689160704446
11.21,223.55480470967893,-0.030733465695343375,0.008736849278564565,-7.692849447186404e-05,0.030734075842444017,0.030734075842444017,-0.008736964847026032,-0.004061141665088576,-0.0015385698894372808
11.22,223.75479708184682,-0.02898673324260802,0.008728019229922638,-0.0016837250632234077,0.028987320302880152,0.028987320302880155,-0.008728129382129772,-0.004074191488036084,-0.03367450126446815
11.23,223.95478948336094,-0.027243364541019173,0.008703254902890105,-0.0032638730043727388,0.027243929571686875,0.02724392957168688,-0.008703365055097239,-0.004079243231831751,-0.06527746008745478
11.24,224.15478194162193,-0.025506518794495503,0.008662836026607602,-0.0048147325445403975,0.025507062594601032,0.025507062594601032,-0.008662941016400572,-0.004076399882254276,-0.09629465089080795
11.25,224.35477448321586,-0.02377929665738835,0.008607068261117994,-0.006333756966462859,0.023779819975858468,0.023779819975858464,-0.008607168330437159,-0.004065785965459995,-0.12667513932925717
11.26,224.55476713373582,-0.022064735144923,0.008536282233254115,-0.007818499296919062,0.022065238707115357,0.022065238707115357,-0.008536377612705785,-0.004047536419281739,-0.15636998593838125
11.27,224.75475991761624,-0.020365802741495232,0.00845083252842135,-0.009266614454966193,0.020366287249762728,0.020366287249762725,-0.008450923437799265,-0.004021798846402005,-0.18533228909932387
11.28,224.95475285798065,-0.018685394712895632,0.008351096656634823,-0.010675862249953906,0.01868586103992934,0.018685861039929336,-0.008351187566012738,-0.0039887351726070755,-0.21351724499907812
11.290000000000001,225.15474597650382,-0.017026328628364437,0.00823747398557971,-0.012044110976886761,0.01702677743345524,0.01702677743345524,-0.008237560634381066,-0.003948512542855981,-0.24088221953773523
11.3,225.35473929328862,-0.015391340098231529,0.008110384656162276,-0.013369337335194251,0.015391771999476991,0.015391771999476991,-0.008110467244063349,-0.0039013159020369046,-0.267386746703885
11.31,225.5547328267587,-0.013783078729858723,0.007970268473870317,-0.01464963133142506,0.013783494325905876,0.013783494325905877,-0.007970347191190424,-0.003847338652336153,-0.29299262662850123
11.32,225.75472659356657,-0.012204104308768686,0.007817583770155212,-0.015883197384929278,0.012204504179279754,0.012204504179279754,-0.007817658798292692,-0.0037867843573535487,-0.3176639476985855
11.33,225.9547206085178,-0.010656883208646523,0.007652806249481251,-0.017068356086522744,0.010657268073979147,0.010657268073979145,-0.007652881277618731,-0.003719867958069574,-0.34136712173045486
11.34,226.1547148845113,-0.009143785033670065,0.007476427816547246,-0.018203546403882533,0.00914415543782602,0.00914415543782602,-0.0074764993284014624,-0.003646808109822471,-0.3640709280776506
11.35,226.35470943249587,-0.007667079496406473,0.007288955396897644,-0.019287324808512286,0.007667435949513969,0.007667435949513969,-0.007289023557262995,-0.003567837419136358,-0.3857464961702457
11.36,226.55470426144254,-0.006228933531922893,0.007090909745839408,-0.020318368474050327,0.006229276528058054,0.006229276528058054,-0.007090974711786918,-0.0034831945906128787,-0.40636736948100655
11.370000000000001,226.7546993783326,-0.00483140865210523,0.006882824241295531,-0.021295475301207942,0.004831738669676359,0.00483173866967636,-0.006882886162535778,-0.0033931256945711253,-0.42590950602415883
11.38,226.95469478816082,-0.0034764585414698602,0.006665243673893367,-0.022217564444232035,0.003476776175077173,0.0034767761750771724,-0.006665305595133613,-0.003297885035816035,-0.4443512888846407
11.39,227.1546904939541,-0.002165926895477506,0.006438723030114236,-0.02308367717100016,0.002166232594016716,0.0021662325940167166,-0.006438782049340076,-0.0031977286987298708,-0.46167354342000316
11.4,227.35468649680354,-0.0009015455021175692,0.006203826279752093,-0.023892975149767792,0.0009018396866109874,0.0009018396866109874,-0.006203882532972064,-0.003092922869619922,-0.47785950299535584
11.41,227.5546827959108,0.00031506743468154123,0.005961125163800045,-0.024644742065711638,-0.00031478435645954745,0.0003147843564595474,-0.005961178780644565,-0.002983737233886878,-0.4928948413142328
11.42,227.75467938864696,0.001482408728555152,0.005711197979450131,-0.025338382590566536,-0.0014821363617609194,0.0014821363617609194,-0.005711249083476142,-0.00287044590535568,-0.5067676518113308
11.43,227.9546762706236,0.0025990914021533406,0.005454628373448042,-0.025973421740704605,-0.0025988292560049655,0.0025988292560049655,-0.005454679477474053,-0.0027533280312970762,-0.5194684348140921
11.44,228.15467343577478,0.0036638456378505985,0.005192004140601272,-0.026549504487529872,-0.0036635933419118466,0.0036635933419118466,-0.005192052849576681,-0.002632662358207459,-0.5309900897505975
11.450000000000001,228.35467087644955,0.004675519489278088,0.004923916036940911,-0.0270663932234923,-0.004675276696066456,0.004675276696066456,-0.004923962463110375,-0.002508733998515852,-0.5413278644698459
11.46,228.55466858351326,0.0056330793571027285,0.0046509566045281866,-0.02752396795807317,-0.005632845730069608,0.005632845730069607,-0.0046510008548789035,-0.002381828884740148,-0.5504793591614634
11.47,228.75466654645746,0.006535610230290239,0.004373719005338246,-0.027922224313589327,-0.0065353854435594265,0.0065353854435594265,-0.004373761181843978,-0.002252234445357583,-0.5584444862717866
11.48,228.95466475351643,0.0073823156960091995,0.004092795873644517,-0.028261271828344883,-0.007382099344503913,0.007382099344503914,-0.004092838050150249,-0.0021202400185201635,-0.5652254365668976
11.49,229.15466319179,0.008172517721594592,0.003808778184380801,-0.0285413324572255,-0.008172309499608992,0.008172309499608992,-0.003808818384232693,-0.0019861322871124365,-0.57082664914451
11.5,229.35466184737123,0.008905656212217337,0.0035222541454178625,-0.02876273729414458,-0.008905455832963713,0.008905455832963713,-0.0035222924612560314,-0.0018502007889576529,-0.5752547458828916
11.51,229.5546607054777,0.009581288349461854,0.0032338081113426503,-0.0289259255415772,-0.009581095535176817,0.009581095535176817,-0.003233844631461357,-0.0017127332710824468,-0.578518510831544
11.52,229.75465975058546,0.010199087714218291,0.0029440195166696645,-0.029031441660664195,-0.010198902195946692,0.010198902195946692,-0.002944054325230254,-0.0015740161845745938,-0.5806288332132838
11.53,229.9546589665649,0.01075884319889392,0.0026534618362850262,-0.029079932773724743,-0.010758664642307148,0.010758664642307146,-0.0026534966448456157,-0.0014343349688458794,-0.5815986554744949
11.540000000000001,230.15465833681662,0.011260457714162,0.0023627015710425943,-0.02907214623077832,-0.011260285866964242,0.011260285866964242,-0.0023627347482576807,-0.0012939702327984827,-0.5814429246155663
11.55,230.35465784440703,0.011703946695655795,0.002072297265040387,-0.02900892571189329,-0.011703781321153236,0.011703781321153236,-0.0020723288873650348,-0.0011532022568940497,-0.5801785142378658
11.56,230.55465747220245,0.012089436417293679,0.0017827985525414143,-0.028891209189652954,-0.012089277286240877,0.012089277286240877,-0.001782828692847221,-0.0010123071192860193,-0.5778241837930591
11.57,230.75465720300045,0.012417162116425861,0.0014947452327643042,-0.028720025397813133,-0.012417009006847522,0.012417009006847522,-0.0014947739605088207,-0.0008715570703228856,-0.5744005079562626
11.58,230.95465701965793,0.012687465937299735,0.001208666378892267,-0.028496490518198206,-0.012687318573265032,0.012687318573265032,-0.0012086951066367835,-0.000731220739051042,-0.5699298103639641
11.59,231.15465690521478,0.012900794699495604,0.0009250794794737696,-0.028221805014981623,-0.012900652872782524,0.012900652872782522,-0.0009251068608574855,-0.0005915599591565679,-0.5644361002996324
11.6,231.3546568430124,0.013057697498117844,0.0006444896174719425,-0.02789724927464059,-0.013057561013377659,0.013057561013377659,-0.0006445157155937174,-0.0004528334679306353,-0.5579449854928118
11.61,231.5546568168065,0.013158823143551645,0.00036738868513246765,-0.027524180797133892,-0.013158691811583318,0.013158691811583318,-0.0003674135601348589,-0.00031529369818326263,-0.5504836159426778
11.620000000000001,231.7546568108731,0.013204917447331427,9.42546330342337e-05,-0.02710403017221075,-0.013204791084934534,0.013204791084934537,-9.427834223949943e-05,-0.00017918708196909506,-0.542080603444215
11.63,231.95465681010742,0.013196820361706342,-0.0001744492416259787,-0.026638297255677963,-0.013196698741150483,0.013196698741150484,0.00017442553242071296,-4.475422120114834e-05,-0.5327659451135592
11.64,232.1546568001155,0.013135462980577453,-0.0004382749692307656,-0.02612854748894885,-0.013135345930013852,0.013135345930013852,0.00043825237118621884,8.77727262929709e-05,-0.522570949778977
11.65,232.35465676729692,0.013021864409546623,-0.000696790540306771,-0.02557640725627965,-0.013021751767750772,0.013021751767750774,0.0006967690013472662,0.0002181669829961254,-0.511528145125593
11.66,232.5546566989195,0.012857128513616107,-0.000949580498210063,-0.024983560547274616,-0.0128570201244375,0.012857020124437502,0.0009495599687001932,0.0003462097831057216,-0.49967121094549233
11.67,232.75465658318504,0.012642440549983675,-0.0011962464935401508,-0.024351744643372156,-0.012642336262224387,0.012642336262224387,0.001196226926168983,0.0004716901004622476,-0.4870348928674431
11.68,232.95465640928577,0.012379063694181963,-0.0014364077963878851,-0.023682745997491792,-0.012378963319893507,0.012378963319893507,0.0014363882290167175,0.0005944044813094237,-0.47365491994983583
11.69,233.1546561674519,0.012068335467827252,-0.0016697017681213937,-0.02297839626150101,-0.01206823886518079,0.012068238865180792,0.0016696831178006615,0.0007141591702485229,-0.4595679252300202
11.700000000000001,233.3546558489894,0.01171166407623707,-0.001895784289617637,-0.02224056755040907,-0.011711571112172381,0.011711571112172383,0.001895766513365944,0.0008307675455612482,-0.44481135100818137
11.71,233.55465544630877,0.011310524664773062,-0.0021143301477014723,-0.021471168816016906,-0.01131043521041782,0.01131043521041782,0.00211431320455492,0.0009440522501732817,-0.4294233763203381
11.72,233.7546549529445,0.010866455501796145,-0.002325033381448189,-0.020672141448454168,-0.010866369432365531,0.010866369432365531,0.0023250172323640078,0.0010538449218583485,-0.41344282896908335
11.73,233.9546543635652,0.010381054096719067,-0.0025276075854739548,-0.019845455071659305,-0.010380971257095773,0.010380971257095773,0.0025275914363897737,0.001159986005623929,-0.3969091014331861
11.74,234.15465367397493,0.009855973261583224,-0.0027217861719716686,-0.018993103496414317,-0.009855893534716626,0.009855893534716628,0.002721770779733407,0.0012623264545195373,-0.3798620699282863
11.75,234.3546528811058,0.009292917124511357,-0.0029073225893000766,-0.018117100079949697,-0.00929284040058624,0.009292840400586241,0.0029073079184367746,0.001360725555212525,-0.36234200159899393
11.76,234.55465198300217,0.008693637103806167,-0.0030839904989499022,-0.01721947403856505,-0.008693563276463586,0.008693563276463586,0.0030839765156544913,0.0014550526250626098,-0.344389480771301
11.77,234.7546509787969,0.008059927850590712,-0.0032515839126308387,-0.016302266161178143,-0.008059856816845177,0.008059856816845177,0.0032515705846800956,0.001545186724171596,-0.32604532322356283
11.78,234.9546498686799,0.007393623168301501,-0.0034099172874919167,-0.015367524721787361,-0.00739355480013132,0.00739355480013132,0.003409903959541174,0.0016310164317692739,-0.30735049443574725
11.790000000000001,235.15464865385988,0.0066965919172207195,-0.0035588255813168226,-0.014417301561429738,-0.006696526118026201,0.006696526118026201,0.00355881287799676,0.001712441177818118,-0.28834603122859476
11.8,235.35464733651898,0.005970733912092574,-0.003698164266282333,-0.013453647720371486,-0.005970670591242834,0.005970670591242835,0.0036981521583190342,0.0017893693732470887,-0.26907295440742973
11.81,235.55464591976187,0.00521797582113158,-0.00382780930318752,-0.01247860989726229,-0.005217914890848357,0.0052179148908483575,0.0038277977626771944,0.0018617197324301137,-0.24957219794524582
11.82,235.75464440755906,0.004440267073932486,-0.00394765707799857,-0.011494226454668162,-0.004440208449221897,0.004440208449221897,0.003947646078349267,0.0019294209546824146,-0.22988452909336324
11.83,235.95464280468534,0.00363957578604814,-0.004057624299478631,-0.01050252362983509,-0.0036395193612497804,0.003639519361249781,0.004057613299829329,0.0019924114563021665,-0.2100504725967018
11.84,236.1546411166541,0.002817884707819437,-0.004157647859834053,-0.009505511926603396,-0.0028178304032130588,0.0028178304032130588,0.004157637375696495,0.002050640383816117,-0.19011023853206793
11.85,236.35463934964784,0.00197718720484079,-0.0042476846576251295,-0.008505182177494814,-0.001977134945628695,0.001977134945628695,0.0042476746648390865,0.0021040659829632564,-0.17010364354989627
11.86,236.5546375104458,0.0011194832775811938,-0.004327711384929285,-0.007503502329701218,-0.0011194329913198503,0.0011194329913198503,0.004327701860467621,0.002152656600320612,-0.15007004659402437
11.870000000000001,236.75463560634913,0.00024677562693597316,-0.004397724280693472,-0.006502413898044464,-0.00024672724347960743,0.00024672724347960743,0.004397715202606968,0.002196390328868688,-0.13004827796088927
11.88,236.95463364510448,-0.0006389342273816578,-0.004457738849672622,-0.005503828628538707,0.0006389807952385269,0.0006389807952385269,0.004457729771586118,0.0022352546937454442,-0.11007657257077413
11.89,237.15463163482644,-0.0015356497689379127,-0.004507789548959591,-0.004509625352466611,0.0015356945869846365,0.0015356945869846362,0.004507780896328757,0.002269247394034225,-0.09019250704933222
11.9,237.35462958391955,-0.0024413832407344546,-0.004547929441894519,-0.0035216466089830843,0.002441426370701827,0.002441426370701827,0.004547921194780639,0.0022983748610973377,-0.07043293217966168
11.91,237.55462750100043,-0.0033541593289667412,-0.004578229821399998,-0.002541695905533212,0.003354200830642551,0.003354200830642551,0.004578221960795386,0.0023226529887041187,-0.050833918110664233
11.92,237.7546253948208,-0.004272018768620073,-0.004598779804741969,-0.001571534743367642,0.0042720586998955005,0.0042720586998955005,0.004598772312535003,0.0023421067432664567,-0.03143069486735284
11.93,237.95462327419168,-0.005193021865109506,-0.004609685899615616,-0.0006128798563137852,0.005193060297959428,0.005193060297959428,0.004609678407408649,0.0023567698066839188,-0.012257597126275704
11.94,238.15462114790952,-0.006115251926441644,-0.004611071543602828,0.0003325993543341865,0.006115288915158471,0.006115288915158471,0.0046110644025274304,0.0023666850904153,0.0066519870866837295
11.950000000000001,238.3546190246848,-0.007036818600657257,-0.004603076617212048,0.0012632835377188948,0.007036854196187567,0.007036854196187567,0.004603069810811938,0.002371903447367845,0.025265670754377897
11.96,238.55461691307323,-0.007955861113362448,-0.004585856932568217,0.0021776055473783514,0.007955895365049355,0.007955895365049355,0.004585850445158052,0.0023724841762295195,0.04355211094756703
11.97,238.75461482141063,-0.008870551400807804,-0.004559583699775105,0.0030740527522839143,0.008870584356429338,0.008870584356429338,0.004559577516404734,0.00236849460176666,0.06148105504567829
11.98,238.95461275775122,-0.009779097134017336,-0.004524442971230686,0.0039511691359017205,0.009779128852977555,0.009779128852977555,0.004524436787860315,0.002360009682459933,0.07902338271803441
11.99,239.15461072981006,-0.010679744629770798,-0.004480635065939934,0.00480755719830417,0.010679775156874464,0.010679775156874464,0.004480629172361753,0.0023471123377496214,0.09615114396608339
12.0,239.35460874490997,-0.011570781644541096,-0.004428373974345297,0.005641879950214725,0.011570811021834626,0.011570811021834626,0.004428368356975395,0.0023298922887060435,0.1128375990042945
