t_s,x_m,y_m,heading_rad,yaw_rate_radps,signed_error_m,distance_error_m,heading_error_rad,curvature_command_pm,lateral_accel_mps2
0.0,0.0,0.0,0.0,0.0,3.152737647920627e-06,3.1527376479212332e-06,6.200881182970891e-07,7.333829991197898e-07,0.0
0.01,0.19999999999999998,9.729547788322546e-11,1.457036450451257e-09,2.904391267470134e-07,3.276657976102154e-06,3.276657976102154e-06,6.186310818466377e-07,7.620842786977145e-07,5.808782534940268e-06
0.02,0.39999999999999997,7.783184961536319e-10,5.846634702498805e-09,5.86493641722004e-07,3.404568088812288e-06,3.4045680888122883e-06,6.447315640549881e-07,7.915531243493615e-07,1.172987283444008e-05
0.03,0.5999999999999999,2.635261385048989e-09,1.3225915773578007e-08,8.883563293195901e-07,3.536025714829707e-06,3.536025714829707e-06,6.69341574532912e-07,8.218157264646286e-07,1.77671265863918e-05
0.04,0.7999999999999998,6.271935658477336e-09,2.365396140783189e-08,1.1962265286369338e-06,3.6705806495676786e-06,3.6705806495676786e-06,6.924757479026102e-07,8.528988780693207e-07,2.3924530572738674e-05
0.05,0.9999999999999998,1.2304170750531222e-08,3.719188016929112e-08,1.5103102423417438e-06,3.807774356337702e-06,3.8077743563377022e-06,6.78937829141151e-07,8.848299662286112e-07,3.0206204846834877e-05
0.06,1.1999999999999995,2.136022607764331e-08,5.3902874595840386e-08,1.8308202399800895e-06,3.948986740679706e-06,3.948986740679706e-06,6.974393237502903e-07,9.180665796712316e-07,3.661640479960179e-05
0.07,1.3999999999999992,3.408127362876933e-08,7.385316289178797e-08,2.1581462952566875e-06,4.092075717855178e-06,4.092075717855178e-06,7.144329358376557e-07,9.522497942310384e-07,4.316292590513375e-05
0.08,1.5999999999999983,5.112206860465969e-08,9.711210919306363e-08,2.4925283203465513e-06,4.236568187621107e-06,4.236568187621107e-06,7.299344394971167e-07,9.874116395115855e-07,4.985056640693103e-05
0.09,1.799999999999997,7.315148160326915e-08,1.237515165595526e-07,2.834214161418207e-06,4.381981400109475e-06,4.381981400109475e-06,7.43961347112717e-07,1.0235848686505243e-06,5.6684283228364144e-05
0.1,1.9999999999999951,1.0085299438190138e-07,1.5384570696436359e-07,3.1834597280687953e-06,4.527822460065284e-06,4.527822460065283e-06,7.13867156707906e-07,1.060802947853356e-06,6.366919456137591e-05
0.11,2.199999999999992,1.3492521174439505e-07,1.8747160254379612e-07,3.540529116051272e-06,4.675825994422688e-06,4.675825994422688e-06,7.229071560566242e-07,1.099620575723738e-06,7.081058232102545e-05
0.12,2.399999999999988,1.7608245885578144e-07,2.2470984219549355e-07,3.905900867037372e-06,4.823459067848792e-06,4.823459067848792e-06,7.304327085223737e-07,1.1396031417221324e-06,7.811801734074744e-05
0.13,2.599999999999982,2.250556063696342e-07,2.656449392418361e-07,4.2798719296335404e-06,4.970210915068385e-06,4.970210915068385e-06,7.364624573771513e-07,1.180789716141531e-06,8.559743859267081e-05
0.14,2.7999999999999736,2.8259272776617575e-07,3.1036442461563714e-07,4.6627488453425515e-06,5.115558979162222e-06,5.115558979162222e-06,7.410170953404047e-07,1.223220238979081e-06,9.325497690685103e-05
0.15,2.9999999999999623,3.4945971251900813e-07,3.589589435640501e-07,5.054847903037357e-06,5.2589682984005855e-06,5.2589682984005855e-06,6.924225763919916e-07,1.2669355072202652e-06,0.00010109695806074713
0.16,3.1999999999999478,4.2644089875438806e-07,4.1152235385660705e-07,5.45649528534035e-06,5.402602805745035e-06,5.402602805745035e-06,6.915561140440873e-07,1.3126078382140969e-06,0.00010912990570680699
0.17,3.3999999999999284,5.14339809365524e-07,4.681530784024571e-07,5.868276971534289e-06,5.543455424368853e-06,5.543455424368854e-06,6.891642938660107e-07,1.3597108875595073e-06,0.00011736553943068577
0.18,3.5999999999999033,6.139801640913837e-07,5.289542959883816e-07,6.2905588913862415e-06,5.680969128866349e-06,5.680969128866349e-06,6.852689239806895e-07,1.4082922202536166e-06,0.00012581117782772483
0.19,3.799999999999872,7.262066882410146e-07,5.940329028475553e-07,6.723718565769341e-06,5.8145724449724825e-06,5.814572444972482e-06,6.798942423695459e-07,1.4584004478217324e-06,0.00013447437131538682
0.2,3.9999999999998326,8.518858678358782e-07,6.634996294983562e-07,7.168145291596433e-06,5.943678694421021e-06,5.943678694421021e-06,6.10427515718745e-07,1.510085212893944e-06,0.00014336290583192866
0.21,4.1999999999997835,9.919067283016105e-07,7.37469159383501e-07,7.62424031698372e-06,6.070971179702202e-06,6.070971179702202e-06,5.990975693536456e-07,1.5641612947229792e-06,0.0001524848063396744
0.22,4.399999999999723,1.147181738432943e-06,8.160617673173195e-07,8.092719619005276e-06,6.192867453466808e-06,6.192867453466808e-06,5.862245490804766e-07,1.6199911732378632e-06,0.00016185439238010552
0.23,4.59999999999965,1.318648048637568e-06,8.994035501797299e-07,8.574032522575602e-06,6.30875351008474e-06,6.30875351008474e-06,5.71833801654728e-07,1.6776326681549485e-06,0.00017148065045151205
0.24,4.79999999999956,1.5072684827143035e-06,9.876251683377138e-07,9.068642353521611e-06,6.417997614974319e-06,6.417997614974319e-06,5.559535555004275e-07,1.7371448596998075e-06,0.00018137284707043223
0.25,4.999999999999454,1.714032464625773e-06,1.0808619867679333e-06,9.577026660541096e-06,6.519949377830438e-06,6.519949377830438e-06,4.627167370702081e-07,1.7985880699252554e-06,0.00019154053321082193
0.26,5.199999999999326,1.9399569737136144e-06,1.1792542183397644e-06,1.0099677425367537e-05,6.6179202956872125e-06,6.6179202956872125e-06,4.4022291638769476e-07,1.8629496324209345e-06,0.00020199354850735073
0.27,5.399999999999174,2.1860876515978523e-06,1.282948908436647e-06,1.0637467898142145e-05,6.70762959717791e-06,6.70762959717791e-06,4.161585758271009e-07,1.929457298707971e-06,0.0002127493579628429
0.28,5.599999999998996,2.4535003139811484e-06,1.3921002139458798e-06,1.1190948206606868e-05,6.788393010208497e-06,6.788393010208497e-06,3.9055305594058877e-07,1.998181273863343e-06,0.00022381896413213736
0.29,5.799999999998785,2.7433021637360568e-06,1.506867877863091e-06,1.1760685388317779e-05,6.8595045014872805e-06,6.8595045014872805e-06,3.634391331773549e-07,2.0691932824676583e-06,0.00023521370776635557
0.3,5.99999999999854,3.0566329251259296e-06,1.6274173997294658e-06,1.2347263657572092e-05,6.920235142305366e-06,6.9202351423053664e-06,2.4288961131098004e-07,2.142566546003958e-06,0.00024694527315144183
0.31,6.199999999998254,3.3946660123754086e-06,1.7539202086668202e-06,1.2951284658098967e-05,6.974656194107067e-06,6.974656194107067e-06,2.0835048659666075e-07,2.2194974014689923e-06,0.00025902569316197933
0.32,6.399999999997923,3.758609881900367e-06,1.8865560672715686e-06,1.3573811901477068e-05,7.01763929543269e-06,7.017639295432689e-06,1.7220017332267097e-07,2.2990503407379736e-06,0.0002714762380295414
0.33,6.59999999999754,4.149709874982166e-06,2.0255134090050417e-06,1.4215517354305311e-05,7.048413524615531e-06,7.048413524615531e-06,1.3447257306693982e-07,2.381310533602332e-06,0.00028431034708610624
0.34,6.7999999999971,4.569249698402847e-06,2.170987489453302e-06,1.4877093406849724e-05,7.0661812581249405e-06,7.0661812581249405e-06,9.520570297785855e-08,2.4663649828504935e-06,0.0002975418681369945
0.35000000000000003,6.999999999996596,5.0185528094014385e-06,2.3231805921766694e-06,1.5559253194543187e-05,7.070116785612204e-06,7.070116785612204e-06,-5.698739974550903e-08,2.5543024969593025e-06,0.00031118506389086375
0.36,7.199999999996018,5.498983842115924e-06,2.4823022376880575e-06,1.6262730902304125e-05,7.065210274386839e-06,7.065210274386839e-06,-1.0467963022910128e-07,2.6465725618960458e-06,0.0003252546180460825
0.37,7.39999999999536,6.01195025640017e-06,2.6485720951601714e-06,1.6988820212118318e-05,7.045304640752676e-06,7.045304640752676e-06,-1.540410932922107e-07,2.742041849994898e-06,0.00033977640424236633
0.38,7.599999999994612,6.558904580688333e-06,2.8222203904556634e-06,1.7738340361525292e-05,7.009522193708708e-06,7.009522193708708e-06,-2.050326198467132e-07,2.840813618125894e-06,0.0003547668072305058
0.39,7.799999999993764,7.1413462160891075e-06,3.003485665576122e-06,1.8512135258534734e-05,6.956952501658212e-06,6.956952501658212e-06,-2.5761011031740306e-07,2.9429933355933704e-06,0.0003702427051706947
0.4,7.999999999992804,7.76082312441385e-06,3.1926150273116053e-06,1.9311073869301116e-05,6.886650704384225e-06,6.886650704384224e-06,-4.4673947205288655e-07,3.0486886511869492e-06,0.00038622147738602233
0.41000000000000003,8.199999999991721,8.418933566315341e-06,3.3898643996629545e-06,2.0136050585073197e-05,6.804718442310495e-06,6.804718442310495e-06,-5.08973500500273e-07,3.159655662551978e-06,0.00040272101170146394
0.42,8.3999999999905,9.117328108680598e-06,3.5955020505953805e-06,2.098863754822913e-05,6.703750182499423e-06,6.703750182499423e-06,-5.729571332519306e-07,3.2745213630688577e-06,0.0004197727509645826
0.43,8.59999999998913,9.85771235155131e-06,3.809809085528477e-06,2.1869832023590484e-05,6.5827368342149965e-06,6.582736834214996e-06,-6.386450569465857e-07,3.3934108758488335e-06,0.00043739664047180965
0.44,8.799999999987593,1.0641849123302358e-05,4.033076732051343e-06,2.2780661080884284e-05,6.440629201662995e-06,6.440629201662995e-06,-7.05986033672964e-07,3.5164519956157618e-06,0.0004556132216176857
0.45,8.99999999998587,1.1471560535037378e-05,4.2656066403187044e-06,2.372218206259587e-05,6.276335929601292e-06,6.276335929601293e-06,-9.385159419403253e-07,3.643775149024743e-06,0.0004744436412519174
0.46,9.199999999983946,1.234873009552299e-05,4.507711188000244e-06,2.469548302684269e-05,6.097303214660324e-06,6.097303214660324e-06,-1.0170269602339951e-06,3.777507784858067e-06,0.0004939096605368538
0.47000000000000003,9.3999999999818,1.3275305152141946e-05,4.7597177519361654e-06,2.5702473012914074e-05,5.8946106076164675e-06,5.8946106076164675e-06,-1.0973961639586948e-06,3.9159865210169745e-06,0.0005140494602582815
0.48,9.599999999979406,1.4253300203345658e-05,5.0219693050253e-06,2.6744364515142585e-05,5.6670875431969815e-06,5.667087543196981e-06,-1.1795710250479928e-06,4.05936292002179e-06,0.0005348872903028517
0.49,9.799999999976746,1.5284799566724057e-05,5.294821125778978e-06,2.7822406041643944e-05,5.413514384572058e-06,5.413514384572058e-06,-1.2634918703846557e-06,4.2077917715308166e-06,0.0005564481208328788
0.5,9.999999999973792,1.6371959876331085e-05,5.57864116129282e-06,2.893788267922859e-05,5.132619926038629e-06,5.132619926038629e-06,-1.5473119058984975e-06,4.3614310446719096e-06,0.0005787576535845717
0.51,10.199999999970514,1.751701265315944e-05,5.873810395716845e-06,3.0092116628249304e-05,4.833477121347747e-06,4.833477121347747e-06,-1.6442605349517947e-06,4.5228579239445005e-06,0.0006018423325649861
0.52,10.399999999966882,1.8722267270368036e-05,6.180728024039975e-06,3.128742454118084e-05,4.50532752491807e-06,4.5053275249180696e-06,-1.7432111723172358e-06,4.690057258481956e-06,0.0006257484908236169
0.53,10.599999999962863,1.999011497405555e-05,6.499812174079946e-06,3.2525279144493685e-05,4.146802450287525e-06,4.146802450287525e-06,-1.8441027350304728e-06,4.863212582622401e-06,0.0006505055828898737
0.54,10.799999999958422,2.1323032123190466e-05,6.831495919257248e-06,3.3807196687188045e-05,3.7564732366765666e-06,3.7564732366765666e-06,-1.946865525465072e-06,5.042511329694501e-06,0.0006761439337437608
0.55,10.999999999953516,2.2723583222482698e-05,7.176227717243295e-06,3.5134737623093755e-05,3.332848216131635e-06,3.332848216131635e-06,-2.2915973234511187e-06,5.228144774962636e-06,0.0007026947524618752
0.56,11.199999999948107,2.4194424043655098e-05,7.534471855250457e-06,3.650950725706448e-05,2.886968836597934e-06,2.886968836597934e-06,-2.4096646469166106e-06,5.423234729198078e-06,0.0007301901451412896
0.5700000000000001,11.399999999942146,2.5738305224689514e-05,7.906714716279532e-06,3.7934315426685564e-05,2.4058470115623594e-06,2.4058470115623594e-06,-2.5299214121853692e-06,5.6253399343631065e-06,0.0007586863085337113
0.58,11.599999999935584,2.7358077147493334e-05,8.293465652458546e-06,3.941094952807276e-05,1.8878713505152474e-06,1.8878713505152472e-06,-2.6522963386214753e-06,5.834682587049664e-06,0.0007882189905614552
0.59,11.79999999992837,2.9056693869417365e-05,8.695252153768098e-06,4.094124956027352e-05,1.3313572465831902e-06,1.3313572465831902e-06,-2.776707734611636e-06,6.051489595000173e-06,0.0008188249912054705
0.6,11.999999999920442,3.083721680370525e-05,9.112620378205054e-06,4.252710894939968e-05,7.345431961039519e-07,7.345431961039518e-07,-3.1940759590485915e-06,6.275992509184179e-06,0.0008505421789879936
0.61,12.19999999991174,3.270281850678545e-05,9.546135689970795e-06,4.417047532954187e-05,1.1085304237839867e-07,1.1085304237839867e-07,-3.3365779429450844e-06,6.511972616616923e-06,0.0008834095065908375
0.62,12.399999999902192,3.465678704429217e-05,9.996390248545082e-06,4.587475525904007e-05,-5.554056302924303e-07,5.554056302924303e-07,-3.4815103982650072e-06,6.756472551629043e-06,0.0009174951051808014
0.63,12.599999999891729,3.670253190537316e-05,1.0464004065097975e-05,4.764211664658591e-05,-1.2661410820829027e-06,1.2661410820829027e-06,-3.628789821820797e-06,7.009761260264156e-06,0.0009528423329317182
0.64,12.799999999880267,3.8843588770618536e-05,1.0949619148857693e-05,4.947479098317214e-05,-2.0233508592533244e-06,2.0233508592533244e-06,-3.7783201157099992e-06,7.2721133809166684e-06,0.0009894958196634428
0.65,12.99999999986772,4.108362397558807e-05,1.1453900147926763e-05,5.1375074337400664e-05,-2.8291262576379933e-06,2.8291262576379933e-06,-4.282601114779069e-06,7.543809164121803e-06,0.0010275014867480133
0.66,13.199999999853995,4.342643910347989e-05,1.1977534999793006e-05,5.33453282993169e-05,-3.667159664220032e-06,3.6671596642200317e-06,-4.453626392791733e-06,7.829428347956655e-06,0.001066906565986338
0.67,13.399999999838993,4.587597627849298e-05,1.2521244121970513e-05,5.538968139414455e-05,-4.556423094329192e-06,4.556423094329192e-06,-4.627388690927568e-06,8.125388515265557e-06,0.001107793627882891
0.68,13.599999999822602,4.843632533420104e-05,1.3085781689804099e-05,5.751076166458361e-05,-5.4991874164070416e-06,5.499187416407042e-06,-4.803789783382182e-06,8.432015131672513e-06,0.0011502152332916722
0.6900000000000001,13.799999999804704,5.111172959303504e-05,1.3671928544617979e-05,5.9711274007624856e-05,-6.497832272287924e-06,6.497832272287925e-06,-4.982716202187032e-06,8.749640539741843e-06,0.0011942254801524971
0.7000000000000001,13.999999999785173,5.390659127673594e-05,1.428049296828688e-05,6.19940013761838e-05,-7.554851487588707e-06,7.5548514875887076e-06,-5.591280625855933e-06,9.078603865430785e-06,0.001239880027523676
0.71,14.199999999763868,5.682547707290282e-05,1.4912311469518253e-05,6.436180591989332e-05,-8.650446281344535e-06,8.650446281344535e-06,-5.79585645665683e-06,9.424451416748587e-06,0.0012872361183978664
0.72,14.399999999740645,5.987312454985039e-05,1.5568259913234494e-05,6.681968959916028e-05,-9.80756536047344e-06,9.80756536047344e-06,-6.003555597514302e-06,9.782843877643036e-06,0.0013363937919832058
0.73,14.59999999971534,6.305445084197566e-05,1.6249255066020124e-05,6.937083684464624e-05,-1.1028921916514228e-05,1.1028921916514228e-05,-6.21426201883177e-06,1.015417502860778e-05,0.0013874167368929248
0.74,14.799999999687778,6.637455965254116e-05,1.69562460047724e-05,7.20185249785848e-05,-1.2317361531909415e-05,1.2317361531909415e-05,-6.427841238265098e-06,1.0538846955979317e-05,0.001440370499571696
0.75,14.999999999657772,6.983874780911474e-05,1.7690215052890966e-05,7.476612566473939e-05,-1.367586873534433e-05,1.367586873534433e-05,-7.161810286383665e-06,1.0937269944960156e-05,0.0014953225132947879
0.76,15.199999999625119,7.34525120076734e-05,1.845217873061056e-05,7.761710628728427e-05,-1.508041767310579e-05,1.5080417673105789e-05,-7.406102425194755e-06,1.135616017709916e-05,0.0015523421257456855
0.77,15.3999999995896,7.722155658363806e-05,1.924320123083103e-05,8.0577525357683e-05,-1.6558778377446597e-05,1.6558778377446597e-05,-7.654000852990787e-06,1.1790261911180056e-05,0.00161155050715366
0.78,15.599999999550977,8.11518040320709e-05,2.006439628797825e-05,8.365124000786058e-05,-1.811420295543504e-05,1.8114202955435044e-05,-7.905367957728202e-06,1.2240051471061376e-05,0.0016730248001572117
0.79,15.799999999508996,8.52494034896574e-05,2.0916916770971215e-05,8.68422196302992e-05,-1.975010451303876e-05,1.9750104513038756e-05,-8.160043753835871e-06,1.270601520823941e-05,0.001736844392605984
0.8,15.999999999463379,8.952073867445119e-05,2.180195581459825e-05,9.01545476263409e-05,-2.1470065094709075e-05,2.1470065094709075e-05,-9.045082797462905e-06,1.3188649383419415e-05,0.001803090952526818
0.81,16.199999999413826,9.397243605361505e-05,2.2720747967967303e-05,9.359242307297056e-05,-2.3244940108150157e-05,2.324494010815016e-05,-9.336636136828714e-06,1.369608579926152e-05,0.0018718484614594112
0.8200000000000001,16.39999999936002,9.861137425417501e-05,2.367458550955727e-05,9.716318230949524e-05,-2.5108344237111195e-05,2.5108344237111195e-05,-9.6323956388144e-06,1.4221959332104642e-05,0.0019432636461899047
0.8300000000000001,16.59999999930161,0.00010344469680208738,2.4664820706669277e-05,0.00010087149564811309,-2.7064185471708013e-05,2.7064185471708013e-05,-9.932197437837746e-06,1.476684599562487e-05,0.0020174299129622616
0.84,16.799999999238217,0.00010847982239251814,2.569285321017874e-05,0.00010472216903934405,-2.911656743874212e-05,2.911656743874212e-05,-1.023585053427694e-05,1.5331333903213424e-05,0.002094443380786881
0.85,16.999999999169443,0.00011372445450290177,2.676013142148369e-05,0.00010872014617801953,-3.1269799014505006e-05,3.1269799014505006e-05,-1.1303128745581887e-05,1.591602314418924e-05,0.0021744029235603907
0.86,17.199999999094846,0.00011918659128146473,2.7868153880057715e-05,0.00011287051051854719,-3.348853640675383e-05,3.348853640675383e-05,-1.165115694404452e-05,1.653075804145873e-05,0.002257410210370944
0.87,17.399999999013954,0.0001248745369400748,2.9018489012989545e-05,0.00011718214346926703,-3.5813478682305014e-05,3.581347868230502e-05,-1.2004132097931086e-05,1.7167830780745965e-05,0.0023436428693853406
0.88,17.599999998926254,0.00013079691717594134,3.021277786583026e-05,0.00012166069807588399,-3.8249331273982976e-05,3.8249331273982976e-05,-1.2361858327740723e-05,1.782793770318278e-05,0.0024332139615176798
0.89,17.7999999988312,0.00013696269160331094,3.1452718836477406e-05,0.00012631199121586282,-4.0801037171248296e-05,4.0801037171248296e-05,-1.2724106823316464e-05,1.8511789739369e-05,0.0025262398243172564
0.9,17.999999998728196,0.00014338116538861712,3.2740069326203484e-05,0.00013114200613215828,-4.347378855494473e-05,4.347378855494473e-05,-1.4011457313042542e-05,1.922011229414961e-05,0.0026228401226431656
0.91,18.199999998616597,0.00015006200121833738,3.4076647415541117e-05,0.00013615689487114286,-4.6224733131823976e-05,4.6224733131823976e-05,-1.4427191143541378e-05,1.9964820682763237e-05,0.002723137897422857
0.92,18.399999998495712,0.00015701523308705675,3.546435576691683e-05,0.00014136740644149674,-4.910315614573716e-05,4.9103156145737156e-05,-1.4848782147186401e-05,2.0736582429788456e-05,0.002827348128829935
0.93,18.599999998364794,0.00016425128496144195,3.690518492393327e-05,0.00014678038109937927,-5.2114731698501406e-05,5.21147316985014e-05,-1.5275995307740853e-05,2.1536239006594052e-05,0.0029356076219875854
0.9400000000000001,18.799999998223033,0.00017178098582339542,3.840119482504562e-05,0.0001524028568997922,-5.52654221602942e-05,5.526542216029419e-05,-1.5708555626092715e-05,2.2364649459961194e-05,0.0030480571379958438
0.9500000000000001,18.999999998069562,0.00017961558374784408,3.995451679681906e-05,0.0001582420727402298,-5.856149224680718e-05,5.856149224680718e-05,-1.7261877597866153e-05,2.32226903338665e-05,0.003164841454804596
0.96,19.199999997903433,0.00018776676038219237,4.156735557716488e-05,0.00016430547131308468,-6.195099447257223e-05,6.195099447257223e-05,-1.77589835206007e-05,2.4124780418404665e-05,0.0032861094262616936
0.97,19.39999999772364,0.00019624664762763917,4.324201823787698e-05,0.00017060605815902234,-6.549361937893247e-05,6.549361937893247e-05,-1.826305997570899e-05,2.5059621980782723e-05,0.0034121211631804467
0.98,19.599999997529082,0.0002050678502201761,4.49809181686465e-05,0.0001771521070897964,-6.919621672993221e-05,6.919621672993221e-05,-1.877382398099309e-05,2.602823137706296e-05,0.003543042141795928
0.99,19.799999997318576,0.00021424346392749416,4.6786552694617716e-05,0.00018395213058867917,-7.30659858776249e-05,7.30659858776249e-05,-1.9290943987701087e-05,2.7031646111426845e-05,0.0036790426117735836
1.0,19.999999997090846,0.0002237870925759677,4.866150548141004e-05,0.00019101488345966527,-7.711049278806206e-05,7.711049278806206e-05,-2.116589677449341e-05,2.8070924849883872e-05,0.003820297669193305
1.01,20.19999999684451,0.00023371286556226971,5.060844897629685e-05,0.0001983493664098452,-8.12667718386942e-05,8.12667718386942e-05,-2.176097927408523e-05,2.9163511142121794e-05,0.0039669873281969045
1.02,20.39999999657809,0.0002440354580277018,5.263017939520379e-05,0.00020597131002888003,-8.560712219065371e-05,8.560712219065372e-05,-2.236438850373755e-05,3.0295730861413057e-05,0.0041194262005776
1.03,20.59999999628997,0.00025477011816888643,5.472962153048543e-05,0.000213890718102882,-9.013981934996145e-05,9.013981934996145e-05,-2.2975782543041505e-05,3.146881086388763e-05,0.00427781436205764
1.04,20.799999995978425,0.00026593268924110004,5.690980165605062e-05,0.0002221178821973067,-9.487356252039817e-05,9.487356252039815e-05,-2.359476044787077e-05,3.268400341635376e-05,0.0044423576439461335
1.05,20.99999999564158,0.00027753963014382426,5.91738504270532e-05,0.00023066338602184305,-9.98174951874997e-05,9.98174951874997e-05,-2.585880921887335e-05,3.3942586404632326e-05,0.004613267720436861
1.06,21.19999999527742,0.0002896080365905992,6.15250058232118e-05,0.00023953810979137878,-0.00010489530300958958,0.00010489530300958956,-2.6572012658096883e-05,3.526565573946995e-05,0.004790762195827576
1.07,21.399999994883764,0.0003021556654976649,6.396665545753874e-05,0.0002487610728185129,-0.00011019456219981461,0.00011019456219981462,-2.72951883379371e-05,3.6636665018120154e-05,0.004975221456370258
1.08,21.599999994458262,0.0003152009680018469,6.650234237356732e-05,0.0002583443649937038,-0.00011572527593646828,0.00011572527593646826,-2.8027921712938816e-05,3.8057094111099256e-05,0.005166887299874076
1.09,21.799999993998373,0.0003287631160546873,6.91357322528741e-05,0.00026830042287952997,-0.00012149796061187429,0.00012149796061187429,-2.8769726450665558e-05,3.952845336726573e-05,0.005366008457590599
1.1,21.999999993501362,0.00034286202729846816,7.187061690791515e-05,0.00027864203491635416,-0.00012752367070598187,0.00012752367070598187,-3.150461110570661e-05,4.105228420505687e-05,0.005572840698327083
1.11,22.199999992964273,0.0003575183906460509,7.471091782757655e-05,0.0002893823467590541,-0.00013370991836400136,0.00013370991836400139,-3.236033930693845e-05,4.265408943785422e-05,0.005787646935181082
1.12,22.399999992383915,0.0003727536957498836,7.766073731873704e-05,0.00030054434355187486,-0.00014016278824302984,0.00014016278824302987,-3.322802855136205e-05,4.431385288690541e-05,0.006010886871037497
1.1300000000000001,22.599999991756842,0.00038859027290096514,8.072436548964068e-05,0.0003121426283648298,-0.00014689437543853663,0.00014689437543853663,-3.4107174518115885e-05,4.603335801574381e-05,0.006242852567296596
1.1400000000000001,22.799999991079343,0.00040505132515472814,8.390624057187779e-05,0.0003241922214066531,-0.00015391739631457453,0.00015391739631457453,-3.499718552129074e-05,4.7814424764654805e-05,0.006483844428133062
1.1500000000000001,22.9999999903474,0.0004221609583749166,8.721095312280463e-05,0.0003367085662106614,-0.00016124521854388006,0.00016124521854388006,-3.8301898072217576e-05,4.965891086553465e-05,0.006734171324213228
1.16,23.199999989556687,0.0004399442121242653,9.064325029181927e-05,0.0003497075362188455,-0.00016876575672594406,0.0001687657567259441,-3.932967232816318e-05,5.159763162786918e-05,0.00699415072437691
1.17,23.39999998870254,0.00045842709525166866,9.420809760772768e-05,0.0003632168942381764,-0.00017660751660901749,0.00017660751660901749,-4.037180177655914e-05,5.36063820335877e-05,0.007264337884763527
1.18,23.59999998777991,0.00047763663407919093,9.791068738062433e-05,0.00037725426750581816,-0.00018478512422056165,0.00018478512422056165,-4.1427670732226834e-05,5.568730906049627e-05,0.007545085350116363
1.19,23.799999986783355,0.0004976009111860152,0.00010175639070741684,0.0003918377844764317,-0.00019331395718504935,0.00019331395718504932,-4.249655708907682e-05,5.784260322430849e-05,0.007836755689528635
1.2,23.999999985707003,0.0005183491016694693,0.00010575076252070972,0.00040698608213956937,-0.00020221018097912557,0.00020221018097912557,-4.649092890236971e-05,6.007450122826264e-05,0.008139721642791387
1.21,24.199999984544515,0.0005399115104234485,0.00010989954671539951,0.00042271831424149485,-0.00021133796195041635,0.00021133796195041632,-4.7726407579538794e-05,6.242021545446266e-05,0.008454366284829897
1.22,24.399999983289053,0.0005623196150843033,0.00011420875075225599,0.00043906799234956696,-0.00022085296378551112,0.00022085296378551112,-4.897911129341501e-05,6.485048798260134e-05,0.008781359846991339
1.23,24.599999981933234,0.0005856061241881937,0.0001186846557511096,0.0004560563775449003,-0.00023077287198980788,0.0002307728719898079,-5.024828565524414e-05,6.736789992460298e-05,0.009121127550898006
1.24,24.79999998046909,0.000609805023957647,0.00012333375845857808,0.0004737053320998045,-0.00024111628071014479,0.00024111628071014479,-5.153304651160595e-05,6.997508418497639e-05,0.009474106641996091
1.25,24.999999978888017,0.0006349516220309808,0.00012816277730315622,0.0004920373280846388,-0.0002519027364551251,0.00025190273645512505,-5.636206535618409e-05,7.267473053427985e-05,0.009840746561692777
1.26,25.199999977180738,0.0006610825924119649,0.00013317865854559858,0.0005110754578134661,-0.00026296762526884616,0.0002629676252688462,-5.784825032015518e-05,7.551174395040892e-05,0.010221509156269322
1.27,25.399999975337238,0.0006882360272529427,0.00013838866629010334,0.0005308601399046202,-0.0002744995024532801,0.0002744995024532801,-5.93550840735099e-05,7.845077722319659e-05,0.010617202798092404
1.28,25.599999973346712,0.0007164515069880891,0.00014380039458652044,0.0005514169942010647,-0.0002865197484746548,0.0002865197484746548,-6.088163868809997e-05,8.14949282827655e-05,0.011028339884021294
1.29,25.79999997119749,0.0007457701567223054,0.00014942169729290078,0.0005727723601014102,-0.0002990508414599502,0.0002990508414599502,-6.242682781981584e-05,8.464735641665075e-05,0.011455447202028204
1.3,25.999999968876985,0.0007762346989157655,0.00015526069532147512,0.0005949533066109218,-0.0003121164098673322,0.0003121164098673322,-6.826582584839019e-05,8.791129169816568e-05,0.011899066132218437
1.31,26.19999996637161,0.0008078895075288921,0.00016132578400287643,0.0006179876459273855,-0.0003255169582485327,0.0003255169582485327,-7.005448216180018e-05,9.13408741518478e-05,0.012359752918547712
1.32,26.39999996366671,0.0008407806703983324,0.00016762574158873597,0.0006419240804164056,-0.0003394808723641564,0.0003394808723641564,-7.186784949217462e-05,9.489342702731223e-05,0.012838481608328112
1.33,26.599999960746455,0.0008749560737283729,0.0001741697437290878,0.0006667934469466269,-0.0003540339904512646,0.0003540339904512646,-7.370478168517367e-05,9.857266107916755e-05,0.013335868938932538
1.34,26.799999957593776,0.0009104654699776804,0.00018096727875170057,0.0006926274413330684,-0.00036920347559405976,0.00036920347559405976,-7.556393891913018e-05,0.00010238235937605464,0.013852548826661369
1.35,26.999999954190244,0.000947360541257663,0.0001880281563098851,0.0007194586299671213,-0.0003850178791003562,0.00038501787910035623,-8.26248164773147e-05,0.00010632639449315465,0.014389172599342425
1.36,27.199999950515977,0.0009856949644742223,0.0001953625161796035,0.0007473204680249464,-0.00040123542560990534,0.00040123542560990534,-8.477813144996664e-05,0.00011046997046438503,0.014946409360498927
1.37,27.399999946549517,0.0010255244863717772,0.00020298095890828157,0.0007762715707533444,-0.000418132726572725,0.000418132726572725,-8.69609458018667e-05,0.00011476160097283926,0.015525431415066886
1.3800000000000001,27.599999942267708,0.001066907025199771,0.00021089456308358772,0.0008063490027918678,-0.00043574099182131464,0.00043574099182131464,-8.917183739656578e-05,0.00011920571988618381,0.016126980055837355
1.3900000000000001,27.799999937645563,0.0011099027523317653,0.00021911478306662095,0.0008375908507802749,-0.0004540930286302455,0.00045409302863024556,-9.140914694611427e-05,0.00012380684574887102,0.016751817015605498
1.4000000000000001,27.999999932656117,0.001154574168446529,0.00022765345927862083,0.0008700362366558237,-0.0004732233178632451,0.0004732233178632451,-9.994782315811415e-05,0.0001285696127337452,0.017400724733116473
1.41,28.19999992727027,0.0012009861817837797,0.00023652282868082217,0.000903725342944918,-0.0004928388314312507,0.0004928388314312507,-0.00010254032773830847,0.0001335724464728698,0.01807450685889836
1.42,28.399999921456637,0.0012492061982953434,0.00024573568187894357,0.0009387286151378232,-0.0005132745607158768,0.0005132745607158768,-0.00010516793088172365,0.00013875329113070096,0.018774572302756462
1.43,28.59999991518134,0.001299304243798985,0.0002553053836473885,0.0009750905280532137,-0.0005345681792090323,0.0005345681792090324,-0.00010782885927655556,0.0001441174286257316,0.019501810561064276
1.44,28.799999908407816,0.001351353061947145,0.0002652457495845306,0.0010128567676292223,-0.000556759284243522,0.000556759284243522,-0.00011052104863130608,0.00014967023922065486,0.020257135352584443
1.45,28.999999901096626,0.0014054282056077752,0.00027557105829898343,0.0010520742458885787,-0.0005798894883209255,0.0005798894883209255,-0.00012084635734575889,0.00015541725673235703,0.021041484917771573
1.46,29.199999893205206,0.0014616081307046109,0.00028629606385372223,0.001092791137472044,-0.0006036036264281965,0.0006036036264281965,-0.0001239671252236926,0.00016145265713095948,0.02185582274944088
1.47,29.399999884687645,0.0015199743043220312,0.00029743618437516064,0.001135091959281551,-0.0006283073472484327,0.0006283073472484327,-0.00012712947310286325,0.00016770173145010198,0.022701839185631022
1.48,29.5999998754944,0.0015806113512134097,0.0003090075263363106,0.001179029967939292,-0.0006540460890829855,0.0006540460890829855,-0.00013033117779551943,0.00017417074857705513,0.02358059935878584
1.49,29.799999865572012,0.001643607171160434,0.000321026735940678,0.0012246598481613794,-0.0006808676039033607,0.0006808676039033608,-0.00013356965831683764,0.00018086609042719312,0.024493196963227586
1.5,29.999999854862807,0.0017090530483526625,0.00033351101348589636,0.00127203772924182,-0.0007088220666480235,0.0007088220666480236,-0.000146053935862056,0.00018779434972032304,0.0254407545848364
1.51,30.19999984330456,0.001777043763669136,0.00034647812808481847,0.001321221239932105,-0.0007374789698622286,0.0007374789698622287,-0.0001498090610999159,0.0001950683918616819,0.0264244247986421
1.52,30.399999830830158,0.001847677724029577,0.0003599466436466268,0.0013723115655531611,-0.0007673294574875912,0.0007673294574875912,-0.0001536131714032234,0.00020259840165025422,0.027446231311063222
1.53,30.59999981736718,0.0019210571377321149,0.0003739359474434469,0.0014253723186196227,-0.000798428277167052,0.000798428277167052,-0.00015746346320330513,0.0002103917854908786,0.028507446372392456
1.54,30.7999998028375,0.001997288154700118,0.00038846607126804677,0.0014804687851667745,-0.0008308329543471924,0.0008308329543471924,-0.00016135669181680776,0.0002184560779412936,0.029609375703335487
1.55,30.99999978715684,0.0020764809970654644,0.00040355770825740723,0.001537667942364571,-0.0008646039227316519,0.0008646039227316519,-0.00017644832880616822,0.00022679911382183964,0.030753358847291423
1.56,31.199999770234278,0.002158750093156825,0.0004192322302326186,0.0015970385439428843,-0.0008992193065404643,0.0008992193065404643,-0.000180963657430699,0.00023555582716556258,0.03194077087885769
1.57,31.39999975197177,0.0022442142318627426,0.0004355119578002447,0.0016587014196738571,-0.0009352736682015089,0.0009352736682015088,-0.00018553628475381312,0.00024461842880567624,0.03317402839347714
1.58,31.599999732263537,0.002332996771917653,0.00045242019371341346,0.0017227323193697902,-0.000972832889732525,0.0009728328897325251,-0.00019016265292781315,0.00025399561990420834,0.0344546463873958
1.59,31.79999971099548,0.002425225809004216,0.0004699810079855306,0.0017892089387872394,-0.00101196618143941,0.00101196618143941,-0.00019483865868710643,0.0002636962443397041,0.03578417877574479
1.6,31.99999968804452,0.0025210343311568503,0.00048821925743995815,0.001858210937614266,-0.0010527462371149343,0.001052746237114934,-0.000213076908141534,0.00027372958995477867,0.03716421875228532
1.61,32.19999966327794,0.0026205603781329794,0.0005071606060362775,0.001929820076403539,-0.0010945403584493357,0.0010945403584493357,-0.00021850095777940388,0.00028425648928084694,0.03859640152807078
1.62,32.399999636552614,0.002723947225031519,0.0005268318467491272,0.0020041801906901784,-0.001138068162849148,0.0011380681628491481,-0.00022399141622706667,0.00029514785716471887,0.04008360381380357
1.6300000000000001,32.59999960771417,0.002831343631295998,0.0005472609401625775,0.0020813811467291655,-0.0011834088108825937,0.0011834088108825937,-0.00022954373804599375,0.0003064138446798314,0.04162762293458331
1.6400000000000001,32.7999995765961,0.0029429040390963946,0.0005684767567637104,0.002161515051398832,-0.0012306454412259872,0.0012306454412259872,-0.00023515270121969632,0.0003180647580047646,0.04323030102797664
1.6500000000000001,32.99999954301888,0.003058788757555216,0.0005905090994344297,0.0022446762692592995,-0.0012798653545648823,0.0012798653545648823,-0.00025718504389041555,0.00033011158271387174,0.04489352538518599
1.6600000000000001,33.19999950678893,0.0031791641515583387,0.0006133887271537857,0.002330961646906136,-0.0013303014063065727,0.0013303014063065727,-0.00026369198054439886,0.0003427453070818476,0.04661923293812272
1.67,33.39999946769752,0.003304202859319288,0.0006371477371891382,0.0024205417496681674,-0.001382824368414079,0.0013828243684140787,-0.0002702749623023461,0.00035581174717540747,0.04841083499336335
1.68,33.599999425519606,0.0034340840874725743,0.0006618196091953853,0.0025135227045258363,-0.001437529181137353,0.0014375291811373528,-0.00027692814117248566,0.00036932264279560494,0.050270454090516725
1.69,33.79999938001252,0.003568993845551471,0.0006874388968787819,0.0026100131862772853,-0.001494515525436292,0.0014945155254362918,-0.00028364482684539613,0.0003832898966007988,0.052200263725545704
1.7,33.999999330914655,0.003709125163349313,0.0007140412535455807,0.0027101244315840076,-0.001553888039823318,0.001553888039823318,-0.0003102471835121949,0.00039772648102946484,0.05420248863168015
1.71,34.19999927794399,0.0038546783135246015,0.000741663459591546,0.0028139706119038634,-0.0016147164356749854,0.0016147164356749854,-0.0003180396258057917,0.0004128581458645582,0.05627941223807727
1.72,34.39999922079656,0.004005861068160808,0.0007703438742902274,0.0029217530408523237,-0.001678054094872405,0.001678054094872405,-0.000325917756438288,0.0004285013234162344,0.058435060817046476
1.73,34.599999159144694,0.004162889046801124,0.0008001224853534576,0.003033596348092357,-0.0017440146285355158,0.001744014628535516,-0.00033387399742306465,0.00044466944290760466,0.06067192696184714
1.74,34.79999909263518,0.004325985992093394,0.0008310405410896889,0.0031496280137829364,-0.0018127172769585931,0.001812717276958593,-0.00034189971804300765,0.0004613760959440487,0.06299256027565872
1.75,34.99999902088735,0.004495384024759929,0.0008631405789484044,0.003269978376443125,-0.0018842871637466446,0.0018842871637466446,-0.00037399975590172313,0.0004786365946107121,0.0653995675288625
1.76,35.199998943490975,0.004671323904490427,0.000896466457237914,0.003394781257708391,-0.001957595980022657,0.001957595980022657,-0.0003833110305079588,0.0004967162393074931,0.06789562515416782
1.77,35.39999886000405,0.004854055330735566,0.0009310638862706349,0.0035242728953659465,-0.0020339175879370945,0.002033917587937095,-0.0003927167428442558,0.0005153973527615671,0.07048545790731893
1.78,35.59999876995024,0.005043837350765855,0.0009669804828030882,0.0036585986434056667,-0.0021133875730530672,0.002113387573053067,-0.00040220700248342034,0.0005346950844802177,0.07317197286811333
1.79,35.799998672816294,0.005240938681563749,0.001004265332790744,0.003797906977222442,-0.002196148175809793,0.002196148175809793,-0.00041177059793130223,0.0005546247326281389,0.07595813954444884
1.8,35.99999856804925,0.005445638006779266,0.0010429690225873445,0.003942349490680497,-0.002282348587130667,0.002282348587130667,-0.00045047428772790267,0.0005752043997730408,0.07884698981360994
1.81,36.19999845505346,0.005658224280274364,0.0010831436753914194,0.0040920819449815635,-0.0023706200735116754,0.0023706200735116754,-0.0004615695471951298,0.0005967436159755327,0.08184163889963127
1.82,36.39999833318736,0.005878997076288571,0.0011248435714944062,0.004247379599165803,-0.0024625025145341025,0.0024625025145341025,-0.0004727656266686249,0.0006189855370067564,0.08494759198331606
1.83,36.59999820175989,0.006108267064417281,0.0011681252061538376,0.004408410544649643,-0.002558157188619205,0.0025581571886192046,-0.0004840495274871081,0.0006419469495710901,0.08816821089299286
1.84,36.79999806002671,0.006346356382442771,0.001213046772194475,0.004575346192396804,-0.0026577531996315107,0.0026577531996315107,-0.0004954065863239978,0.000665644755337498,0.09150692384793609
1.85,36.999997907186284,0.00659359897915247,0.0012596681931024319,0.00474836125271589,-0.0027614678175053174,0.0027614678175053174,-0.0005420280072319546,0.0006901004558167774,0.0949672250543178
1.86,37.19999774237559,0.00685034096435007,0.0013080511648295365,0.004927635491588392,-0.0028676403015137873,0.002867640301513787,-0.0005552033201754432,0.0007156719041203349,0.09855270983176784
1.87,37.39999756466553,0.007116941012983535,0.0013582598740887837,0.005113486834718032,-0.002978131225389104,0.002978131225389104,-0.0005684811516532091,0.0007420579118000255,0.10226973669436064
1.8800000000000001,37.599997373055835,0.007393770913096569,0.001410361056887396,0.0053061076338408175,-0.0030931316630947504,0.0030931316630947504,-0.0005818443063071747,0.0007692766472075078,0.10612215267681635
1.8900000000000001,37.79999716646969,0.007681215993302109,0.001464423389738046,0.005505693627022521,-0.0032128418303748697,0.0032128418303748697,-0.0005952734826543965,0.0007973463314778588,0.11011387254045041
1.9000000000000001,37.99999694374812,0.007979675514240564,0.001520517523290633,0.00571244389250849,-0.0033374714726294445,0.003337471472629444,-0.0006513676162069835,0.0008262927296306609,0.1142488778501698
1.9100000000000001,38.19999670364401,0.008289563067710826,0.001578716130389964,0.005926563770162093,-0.003465005063571939,0.003465005063571939,-0.0006669457228870733,0.0008565248040517432,0.11853127540324186
1.92,38.3999964448155,0.008611307038149787,0.0016390947293809046,0.0061484164938009015,-0.0035976894111170586,0.003597689411117058,-0.0006826198249152488,0.0008876920829660939,0.12296832987601802
1.93,38.59999616581881,0.008945351227808158,0.001701731738570106,0.006378219308608936,-0.003735749789712356,0.0037357497897123554,-0.0006983670424457797,0.0009198136150085925,0.12756438617217872
1.94,38.79999586510066,0.009292155340724364,0.0017667077649802007,0.006616192701792184,-0.0038794220677162276,0.0038794220677162276,-0.0007141618211102862,0.0009529084008556628,0.13232385403584368
1.95,38.99999554099039,0.009652195423658404,0.0018341056363526955,0.0068625603193894595,-0.0040289531424503216,0.0040289531424503216,-0.0007815596924827809,0.0009870077432939297,0.1372512063877892
1.96,39.1999951916914,0.010025964314979428,0.0019040104568635232,0.007117553775685377,-0.004181896262443483,0.004181896262443482,-0.0007998805571669551,0.0010225721610186483,0.14235107551370754
1.97,39.39999481527201,0.010413972164781488,0.0019765105387515142,0.007381582476316854,-0.004340962879099682,0.004340962879099682,-0.0008182773951777875,0.001059197753730624,0.1476316495263371
1.98,39.59999440965529,0.01081674713839575,0.0020516974452006887,0.007654887764910755,-0.004506417016270111,0.004506417016270111,-0.0008367196140044893,0.0010969036178006023,0.15309775529821512
1.99,39.7999939726085,0.011234835955713745,0.002129665166796461,0.007937713768839451,-0.004678534853201494,0.004678534853201494,-0.0008551732142931213,0.0011357086516191476,0.15875427537678902
2.0,39.99999350173199,0.011668804379366635,0.002210510148693232,0.008230307265693569,-0.004857605203034507,0.004857605203034506,-0.0009360181961898923,0.0011756516020514432,0.16460614531387138
2.0100000000000002,40.199992994447335,0.012119237710860474,0.0022943313562869354,0.00853292549132675,-0.005040656979282838,0.005040656979282838,-0.0009574217549323982,0.0012172412652186673,0.17065850982653502
2.02,40.399992447984474,0.012586741367323743,0.002381231312621296,0.008846022084745485,-0.005230959875311249,0.005230959875311249,-0.000978860055860704,0.0012600177648088705,0.1769204416949097
2.0300000000000002,40.59999185936767,0.01307194165957135,0.002471316118415533,0.009169859579080572,-0.0054288210905523784,0.005428821090552378,-0.0010002920423598607,0.0013039989923077575,0.18339719158161144
2.04,40.799991225400774,0.01357548638112416,0.0025646945091866,0.00950470239446153,-0.005634561600654534,0.005634561600654534,-0.0010216723087556414,0.00134920243248752,0.1900940478892306
2.05,40.99999054265188,0.014098045336921699,0.0026614778731237263,0.009850816639582274,-0.005848516670237674,0.005848516670237674,-0.0011184556726927676,0.001395677105131669,0.1970163327916455
2.06,41.19998980743689,0.01464031087964279,0.002761780330457966,0.010208482566966475,-0.006067077435361928,0.006067077435361927,-0.0011432532572318737,0.0014439713544402118,0.20416965133932952
2.07,41.399989015801786,0.01520299853632442,0.0028657198655199457,0.010578192038618588,-0.00629418328453661,0.006294183284536609,-0.0011680120941401349,0.0014935694609161697,0.21156384077237175
2.08,41.599988163503255,0.0157868478501289,0.0029734183078033087,0.010960222938418343,-0.006530188481449028,0.0065301884814490275,-0.0011926769573576378,0.0015444863630453204,0.21920445876836686
2.09,41.79998724598853,0.016392623007116008,0.0030850002677152047,0.011354853563812667,-0.0067754626639951725,0.006775462663995172,-0.0012171870641320198,0.001596736320319088,0.22709707127625334
2.1,41.99998625837433,0.017021113392633968,0.003200593139321939,0.011762362348726848,-0.007030391374368762,0.007030391374368763,-0.001332779935738754,0.0016503826983278876,0.23524724697453697
2.11,42.19998519542433,0.017673134154576855,0.0033203271992608813,0.012183047308180104,-0.007290589757555534,0.007290589757555534,-0.0013612097643698985,0.0017059972916830073,0.24366094616360207
2.12,42.39998405152515,0.018349526866663694,0.0034443368107192115,0.012617427001936663,-0.007560799248216678,0.007560799248216678,-0.001389479563225036,0.001763012689508725,0.25234854003873325
2.13,42.599982820659825,0.01905116041354142,0.0035727603436756295,0.013065785011827301,-0.007841423917073702,0.007841423917073702,-0.0014175149969252315,0.0018214385994573992,0.26131570023654604
2.14,42.799981496380695,0.019778931635119776,0.0037057389950436097,0.013528403148874317,-0.008132884660435298,0.008132884660435297,-0.00144523463613215,0.0018812837188708531,0.27056806297748637
2.15,42.99998007178076,0.02053376588987915,0.0038434167691319557,0.01400556108824595,-0.008435619720198694,0.008435619720198694,-0.0015829124102204961,0.0019426313214302277,0.280111221764919
2.16,43.199978539463515,0.021316617623917237,0.003985940604661778,0.014497565945758413,-0.008744299921528557,0.008744299921528555,-0.0016150733390527794,0.002006051438262518,0.28995131891516823
2.17,43.39997689151039,0.022128471049439817,0.004133461613504305,0.01500494450337835,-0.009064625448039041,0.009064625448039041,-0.001646883759046046,0.002070934604237857,0.300098890067567
2.18,43.59997511944558,0.02297034104086868,0.004286134912177001,0.01552797174772812,-0.009397050924915834,0.009397050924915834,-0.0016782437261127505,0.0021372825337060393,0.3105594349545624
2.19,43.79997321419964,0.02384327376645354,0.00444411834315323,0.01606691789925806,-0.009742048933049722,0.009742048933049722,-0.0017090442654563482,0.0022050955597953366,0.3213383579851612
2.2,43.99997116607157,0.024748347228243876,0.004607572424929926,0.016622047959622823,-0.010100110477820206,0.010100110477820206,-0.0018724983472330442,0.002274483868491621,0.3324409591924565
2.21,44.19996896468864,0.02568667180635117,0.00477666051860633,0.017193665319666644,-0.010464757247626584,0.010464757247626586,-0.0019082549147830777,0.0023459804959455165,0.3438733063933329
2.22,44.39996659896355,0.026659390921336495,0.004951550048053008,0.017782278459151517,-0.010842833131948984,0.010842833131948984,-0.0019433724343599502,0.002418950340801424,0.35564556918303036
2.23,44.59996405704806,0.027667681895115488,0.005132412209650396,0.018388134272277288,-0.011234840930650004,0.011234840930650003,-0.0019777169436118627,0.0024933840439687756,0.36776268544554575
2.24,44.7999613262855,0.028712756528184433,0.005319420625601301,0.01901147105796301,-0.011641301975708205,0.011641301975708205,-0.002011143044601449,0.002569270493644399,0.38022942115926023
2.25,44.99995839316113,0.02979586157553126,0.005512751255349672,0.019652517995924008,-0.012062756490238394,0.012062756490238394,-0.0022044736743498197,0.0026467545446847845,0.39305035991848014
2.2600000000000002,45.19995524325008,0.030918279225188673,0.005712582615158671,0.020311557094179946,-0.012491328220525278,0.012491328220525278,-0.0022433246059703283,0.002726287964892784,0.40623114188359893
2.27,45.399951861161654,0.032081327702212045,0.005919096910900039,0.020989043688654303,-0.012935222369614889,0.012935222369614889,-0.0022811118930718844,0.0028072338195755412,0.41978087377308604
2.2800000000000002,45.599948230479896,0.03328636203370665,0.006132479591153846,0.02168517185597693,-0.01339498296833749,0.01339498296833749,-0.0023176568973961456,0.0028895685999628233,0.4337034371195386
2.29,45.799944333702626,0.03453477451853,0.006352917979281844,0.02240012251970604,-0.01387117231042214,0.01387117231042214,-0.0023527666162928814,0.00297326673174501,0.4480024503941208
2.3000000000000003,45.99994015217829,0.03582799508815298,0.006580601139099726,0.023134062892768308,-0.014364371121173069,0.014364371121173069,-0.0025804497761107636,0.003058514469380704,0.4626812578553662
2.31,46.19993566603954,0.03716749166840837,0.00681572015997998,0.023887230638760054,-0.014865003742549386,0.014865003742549386,-0.0026213519335804214,0.0031456331193752875,0.4777446127752011
2.32,46.39993085413298,0.03855477067160046,0.007058469122672723,0.024659985961124654,-0.015382891899895623,0.01538289189989562,-0.0026605811116426643,0.0032340142820242654,0.49319971922249306
2.33,46.59992569394454,0.03999137759217967,0.007309044465453125,0.025452440988373588,-0.015918607620052743,0.015918607620052743,-0.002697900829214955,0.003323617702954647,0.5090488197674717
2.34,46.79992016152346,0.04147889730612407,0.007567643656768257,0.026264689686925153,-0.01647273973386668,0.01647273973386668,-0.0027330567628819037,0.003414400880680318,0.525293793738503
2.35,46.9999142314037,0.043018954257476205,0.007834465010955992,0.027096807330821843,-0.017045893744650552,0.017045893744650552,-0.002999878117069639,0.003506593913401438,0.5419361466164369
2.36,47.19990787652187,0.04461321264385905,0.00810970804476087,0.02794895882857263,-0.017626430694066143,0.017626430694066143,-0.003041018903268633,0.0036003419197234315,0.5589791765714526
2.37,47.399901068130646,0.04626337673335375,0.00839357419594308,0.028821363294097613,-0.018226087217228387,0.01822608721722839,-0.0030796321888853046,0.0036950989333974,0.5764272658819523
2.38,47.59989377570804,0.04797119120937598,0.00868626598694657,0.02971401928544956,-0.018845441864760795,0.01884544186476079,-0.0031154078827904004,0.003790806413982164,0.5942803857089912
2.39,47.79988596686533,0.04973844123158231,0.00898798580963486,0.030626902205665885,-0.0194850869667419,0.0194850869667419,-0.003148014054180953,0.0038874035932563683,0.6125380441133177
2.4,47.99987760725224,0.05156695238472603,0.009298935691614918,0.031559963879008286,-0.020145628046692753,0.02014562804669275,-0.0034589639361610105,0.0039851577805119645,0.6311992775801657
2.41,48.19986866045865,0.053458590624039085,0.009619317714594282,0.032513262945254376,-0.020812925850038452,0.020812925850038452,-0.0034974779918582983,0.004084008540428655,0.6502652589050875
2.42,48.39985908791135,0.0554152623466526,0.009949334420784267,0.03348683294904583,-0.021500979773057184,0.02150097977305718,-0.003532292479746162,0.0041835040122681745,0.6697366589809166
2.43,48.59984884876758,0.05743891440465727,0.010289187786783659,0.034480527821954356,-0.022210343165990215,0.02221034316599021,-0.003563005532504844,0.004283567436154207,0.6896105564390871
2.44,48.799837899807166,0.059531533860981374,0.010639078190515443,0.03549417398895243,-0.02294157819628802,0.02294157819628802,-0.003589189041179638,0.004384120088566196,0.7098834797790486
2.45,48.99982619532243,0.06169514763955963,0.010999204134992118,0.036527570135425604,-0.02369525457254969,0.02369525457254969,-0.003949314985656313,0.004485445137592456,0.730551402708512
2.46,49.199813687004585,0.06393182216810718,0.011369762692657373,0.037580631075132036,-0.02445421154554708,0.02445421154554708,-0.0039809462075184755,0.004587279476782334,0.7516126215026407
2.47,49.39980032382564,0.06624366313198843,0.011750949569832308,0.03865316911149514,-0.025235115637722325,0.02523511563772233,-0.004007305356929065,0.00468928660969853,0.7730633822299028
2.48,49.59978605191813,0.0686328150863194,0.012142957945988655,0.03974486700306182,-0.026038451181581924,0.026038451181581924,-0.004027878862841795,0.004791373593196681,0.7948973400612364
2.49,49.79977081445432,0.07110146085091416,0.012545977675044145,0.04085537698222955,-0.026864704110843785,0.026864704110843782,-0.004042122340436299,0.0048934460271798895,0.817107539644591
2.5,49.999754551523445,0.07365182081112541,0.012960194980238673,0.041984320782712414,-0.02771435958391175,0.027714359583911746,-0.004456339645630827,0.004995762017087161,0.8396864156542483
2.5100000000000002,50.199737200006545,0.07628615220441182,0.013385792852511735,0.0431314298450012,-0.028566619200433224,0.02856661920043322,-0.004475057492903138,0.005097905955681327,0.862628596900024
2.52,50.39971869344734,0.07900674848945305,0.013822950798184718,0.04429627633592772,-0.029441285272201766,0.029441285272201766,-0.004486440458382451,0.005199658480788796,0.8859255267185544
2.5300000000000002,50.599698961923295,0.08181593851277767,0.014271843651932781,0.04547835402074716,-0.030338715871066887,0.030338715871066887,-0.004489842806371713,0.005300914495951381,0.9095670804149432
2.54,50.79967793191667,0.0847160855071911,0.014732641027572591,0.046677125067848046,-0.03125926100577673,0.03125926100577672,-0.004484583636007721,0.005401568142563487,0.9335425013569609
2.5500000000000003,50.999655526185066,0.08770958601132982,0.015205507003718362,0.04789202037258195,-0.03220325832721935,0.03220325832721935,-0.004957449612153492,0.005501790329967998,0.957840407451639
2.56,51.1996316636307,0.0907988687632042,0.015690600364021985,0.049122549783961855,-0.03314555150767258,0.03314555150767258,-0.0049550394236772405,0.005601118858551885,0.9824509956792371
2.57,51.3996062591679,0.09398639363027833,0.016188074121048134,0.05036804981333026,-0.034109619899380765,0.03410961989938077,-0.00494265077629711,0.0056994266253426705,1.0073609962666052
2.58,51.59957922359288,0.09727465032187811,0.01669807446586395,0.05162781977383576,-0.0350956242364763,0.0350956242364763,-0.004919486746478344,0.005796602032813547,1.0325563954767152
2.59,51.79955046345488,0.10066615698406475,0.017220740430557352,0.05290112865757432,-0.03610370507767925,0.03610370507767925,-0.004884711700427952,0.005892557601769033,1.0580225731514865
2.6,51.99951988092844,0.10416345873468648,0.01775620363595538,0.05418722528748593,-0.03713397481260482,0.03713397481260482,-0.00542017490582598,0.005987225320095161,1.0837445057497186
2.61,52.19948737368665,0.10776912615713109,0.018304588130611865,0.055485346426210974,-0.038156089150714306,0.038156089150714306,-0.005385835340762609,0.006080326406530804,1.1097069285242194
2.62,52.399452834776206,0.1114857537390791,0.018866009852660563,0.056794633544725956,-0.03919782651150155,0.03919782651150155,-0.005338211705273103,0.006171748490865418,1.1358926708945192
2.63,52.599416152496175,0.11531595817068876,0.019440576016978673,0.05811420061243585,-0.040259066363695264,0.04025906636369526,-0.005276341161307345,0.006261380057906905,1.162284012248717
2.64,52.79937721028023,0.11926237656528957,0.02002838484460192,0.059443134980352176,-0.041339653709952955,0.041339653709952955,-0.00519922024081868,0.006349090924945874,1.1888626996070435
2.65,52.999335886582166,0.12332766462393856,0.020629525262097218,0.060780490515339874,-0.04243938334131483,0.04243938334131483,-0.005800360658313979,0.006434690768053205,1.2156098103067974
2.66,53.19929205476602,0.12751449472723406,0.021244076450563056,0.06212526444562954,-0.04352178392969789,0.04352178392969789,-0.005720356054131497,0.006518071628147957,1.2425052889125907
2.67,53.3992455830014,0.13182555393254575,0.02187210744850622,0.06347643110100235,-0.04461964257369139,0.04461964257369138,-0.0056230413854153685,0.006599127176311971,1.2695286220200468
2.68,53.59919633416436,0.13626354191434428,0.022513676928370873,0.06483294301179789,-0.0457324635697315,0.04573246356973149,-0.00550728135067608,0.0066777526662133374,1.2966588602359577
2.69,53.799144165743776,0.14083116886064198,0.02316883298385358,0.06619373196731776,-0.04685970088814969,0.04685970088814969,-0.005371900815424699,0.006753689540250182,1.3238746393463552
2.7,53.999088929754535,0.14553115330707497,0.02383761261897151,0.06755764851318202,-0.04800072547647343,0.048000725476473424,-0.006040680450542631,0.006826824061611993,1.3511529702636405
2.71,54.19903047265941,0.15036621984808604,0.024520041231416184,0.06892352091293741,-0.04911190260451677,0.04911190260451677,-0.005898114035660141,0.006897133177535647,1.3784704182587482
2.72,54.39896863529907,0.15533909679594574,0.025216132572111402,0.0702901915025613,-0.05023182843034832,0.05023182843034832,-0.00573347379669777,0.006964522770043033,1.405803830051226
2.73,54.59890325282914,0.16045251384611459,0.025925888743351777,0.0716564882680977,-0.051359533444692504,0.051359533444692504,-0.0055454586216438055,0.007028900890365079,1.433129765361954
2.74,54.798834154665705,0.16570919972352338,0.026649300061038765,0.07302122598886983,-0.05249398139385438,0.05249398139385439,-0.005332732476018891,0.007089803216396473,1.4604245197773966
2.75,54.9987611644411,0.17111187975259262,0.02738634418411859,0.07438305902926871,-0.05363399912218703,0.05363399912218703,-0.006069776599098714,0.007147389496266641,1.4876611805853743
2.7600000000000002,55.19868409997418,0.17666327323903136,0.028136985766229406,0.0757407316635538,-0.05472768448769325,0.05472768448769326,-0.0058445674101175425,0.007201625874797317,1.514814633271076
2.77,55.39860277324874,0.1823660909220183,0.02890117696123023,0.07709299962347102,-0.05582032951781137,0.05582032951781138,-0.005591829152768166,0.0072524354117961,1.5418599924694205
2.7800000000000002,55.59851699040143,0.18822303246943506,0.029678857451039493,0.078438612808571,-0.056910395654950964,0.05691039565495096,-0.005310121002326133,0.007299672398529087,1.5687722561714201
2.79,55.79842655172089,0.19423678395804073,0.030469954251267396,0.07977628816752677,-0.05799626207850796,0.05799626207850796,-0.004997977807071948,0.007342828348339314,1.5955257633505355
2.8000000000000003,55.99833125166175,0.20041001524887422,0.03127438066423767,0.08110456668092202,-0.05907607361869717,0.05907607361869718,-0.005802404220042221,0.007382278660214844,1.6220913336184404
2.81,56.19823087887684,0.20674537717671534,0.03209203629283155,0.08242216688782013,-0.060088547414513416,0.060088547414513416,-0.005471568597350197,0.007417964102995705,1.6484433377564025
2.82,56.39812521625727,0.21324549891859398,0.03292280793494054,0.08372780924480036,-0.06108662652635201,0.061086626526352,-0.005107194513563399,0.007449828353217909,1.6745561848960073
2.83,56.598014040983934,0.21991298542486018,0.03376656960822783,0.08502021723951302,-0.062068122921155544,0.062068122921155544,-0.004707754385228486,0.007477567605052848,1.7004043447902604
2.84,56.79789712459358,0.22675041482328773,0.03462318208845631,0.08629801932107714,-0.06303075364335499,0.06303075364335498,-0.004271714494770814,0.0075009352323612034,1.725960386421543
2.85,56.99777423306452,0.23376033567417082,0.03549249208214511,0.08755977342664407,-0.06397181374001476,0.06397181374001476,-0.005141024488459617,0.007520286783200346,1.7511954685328814
2.86,57.19764512692,0.24094526415696865,0.03637433272481365,0.08880420685458706,-0.064819620441805,0.064819620441805,-0.00467938088342084,0.0075355853419250395,1.7760841370917413
2.87,57.39750956134041,0.24830768146317306,0.03726852447804961,0.09003005748488523,-0.06563574998139797,0.06563574998139797,-0.004177895087023639,0.00754679702372486,1.8006011496977046
2.88,57.597367286288154,0.25585003126368683,0.038174875240295024,0.09123607476988428,-0.06641731428533099,0.066417314285331,-0.0036350408051895183,0.007553435889899497,1.8247214953976856
2.89,57.79721804665004,0.2635747171394652,0.039093179563310154,0.09242084047981389,-0.0671613230357978,0.0671613230357978,-0.003049313660411425,0.007555615279442158,1.8484168095962779
2.9,57.99706158240353,0.27148409981754185,0.040023218182613986,0.09358300935298303,-0.06786399445748074,0.06786399445748073,-0.003979352279715256,0.007553601367497229,1.8716601870596605
2.91,58.19689762879733,0.27958049449354144,0.040964759043561595,0.09472136817808677,-0.06844249271587609,0.06844249271587609,-0.003360780323179359,0.007547379968987267,1.8944273635617352
2.92,58.39672591654089,0.2878661683611385,0.041917558051729246,0.09583472214934631,-0.06896795768719549,0.0689679576871955,-0.002696183715205684,0.007536939926623777,1.9166944429869262
2.93,58.59654617200793,0.29634333821696496,0.04288135926115704,0.09692189570114029,-0.06943679921217157,0.06943679921217158,-0.0019841687660257096,0.007521623250756213,1.9384379140228059
2.94,58.796358117458844,0.30501416801860426,0.04385589377975551,0.09798147596424578,-0.06984532580588379,0.06984532580588379,-0.0012234035434016965,0.0075019260825405255,1.9596295192849156
2.95,58.99616147129105,0.3138807662088545,0.044840879712793005,0.09901227453118706,-0.07018833312024109,0.07018833312024109,-0.0022083894764391913,0.007477990218945152,1.9802454906237412
2.96,59.19595594829688,0.3229451832879984,0.04583602368122816,0.10001318268189476,-0.07037161603750866,0.07037161603750866,-0.001407773563551172,0.0074498232848999426,2.0002636536378953
2.97,59.395741259930666,0.33220940957595596,0.04684102134410434,0.10098311667010244,-0.07047662213910627,0.07047662213910627,-0.0005556736930383346,0.007417425172951621,2.019662333402049
2.98,59.59551711458974,0.3416753730423068,0.04785555763044433,0.10192101416660304,-0.07049912719583064,0.07049912719583062,0.00034899033057776,0.007380034348601833,2.038420283332061
2.99,59.79528321791521,0.351344937080349,0.0488793054385413,0.1028255322898499,-0.07043481790321802,0.07043481790321804,0.001307184238974024,0.00733845715092903,2.056510645796998
3.0,59.99503927312236,0.36121989803156057,0.049911925973250865,0.10369567408080232,-0.07027649810389308,0.07027649810389307,0.0002745637042644577,0.00729271840113925,2.0739134816160467
3.0100000000000002,60.19478498133078,0.3713019830890085,0.05095307061818613,0.10453047215138757,-0.0699193169411613,0.0699193169411613,0.0012785994702043252,0.007242845557259319,2.0906094430277515
3.02,60.39452004190285,0.38159284836606133,0.05200238123372816,0.10532898914320717,-0.06945537438103414,0.06945537438103412,0.0023380483540622193,0.007188733135163446,2.1065797828641433
3.0300000000000002,60.59424415279618,0.39209407700845694,0.05305949019021947,0.10609026448429,-0.0688799725609846,0.0688799725609846,0.0034534452802307963,0.007129910871263514,2.1218052896858
3.04,60.79395701093574,0.4028071772308563,0.05412401941341433,0.10681317038640563,-0.06818835085450574,0.06818835085450572,0.004625145723055779,0.007067069520352823,2.1362634077281126
3.0500000000000003,60.99365831260957,0.41373358022354034,0.0551955810355612,0.10749687495025309,-0.06737036623708943,0.06737036623708943,0.0035535841009089117,0.007000251339523908,2.1499374990050617
3.06,61.19334775386147,0.4248746384103218,0.05627377903650701,0.10814057948417098,-0.06631274074709591,0.06631274074709591,0.00477510975074337,0.0069295009047866535,2.1628115896834195
3.0700000000000003,61.393025030890065,0.4362316238613814,0.057358209577082285,0.10874351876493515,-0.0651178617215535,0.0651178617215535,0.006053442133577108,0.006854640502550551,2.174870375298703
3.08,61.59268984045934,0.4478057267447206,0.058448460888830336,0.10930487234245921,-0.06378082962866272,0.06378082962866272,0.0073882953832203335,0.006775438756033708,2.186097446849184
3.09,61.792341880328,0.4595980536915719,0.05954411262061055,0.1098237443813122,-0.062296724143717765,0.06229672414371776,0.008779131126833699,0.006692477560365894,2.196474887626244
3.1,61.99198084969457,0.4716096261278408,0.06064473670798777,0.11029948723070418,-0.06065089969300063,0.06065089969300063,0.007678507039456481,0.006605813541820749,2.2059897446140835
3.11,62.19160644963679,0.4838413789243954,0.061749898786855564,0.11073148848969683,-0.05872604982495228,0.05872604982495228,0.009119977368585261,0.006515505266264532,2.2146297697939366
3.12,62.39121838355402,0.4962941591898934,0.06285915854628694,0.11111917107733993,-0.05663336562337734,0.05663336562337734,0.010615959719345675,0.006421338857070597,2.2223834215467986
3.13,62.59081635761806,0.5089687250994157,0.06397206953695471,0.1114618846388326,-0.05436813840644626,0.05436813840644626,0.012165050445311035,0.006323254166405973,2.229237692776652
3.14,62.79040008123999,0.5218657446353047,0.06508817875109019,0.11175896787712408,-0.051925695364628335,0.051925695364628335,0.013765520571998188,0.00622174264314974,2.2351793575424814
3.15,62.98996926754513,0.5349857943603372,0.06620702761002295,0.1120099672165184,-0.04928451121408222,0.04928451121408221,0.012646671713065424,0.006116872071763618,2.2401993443303683
3.16,63.189523633838974,0.5483293584773349,0.06732815317905214,0.11221446490716554,-0.046330526414379916,0.04633052641437991,0.014294173054528361,0.006008711764588058,2.2442892981433107
3.17,63.38906290207203,0.5618968280187349,0.06845108852518121,0.11237207892074257,-0.04318066890396102,0.04318066890396103,0.015989018970890334,0.005897043759531146,2.2474415784148514
3.18,63.58858679930922,0.5756885000708176,0.06957536250004746,0.11248234847482258,-0.039830924071898616,0.039830924071898616,0.017728410510549533,0.005781912292439132,2.2496469694964514
3.19,63.78809505821123,0.5897045769154818,0.07070049948112114,0.11254483942965084,-0.03627737972818617,0.03627737972818617,0.019509164258396328,0.005663740448315235,2.2508967885930167
3.2,63.98758741751721,0.6039451652418816,0.07182602038815822,0.11255929379490283,-0.03248832345839261,0.032488323458392615,0.018383643351359252,0.005542604054809094,2.2511858758980567
3.21,64.18706362251415,0.6184102756144381,0.07295144373728844,0.11252548871856598,-0.028363529755407735,0.028363529755407735,0.020202277882527084,0.005418580052723437,2.2505097743713196
3.22,64.38652342550131,0.6330998220589683,0.07407628599111987,0.11244323623199255,-0.02402061490693077,0.02402061490693077,0.022055195764146936,0.005291470694665838,2.248864724639851
3.23,64.58596658625439,0.6480136216832818,0.07520006135837472,0.11231227377534914,-0.019456834869167022,0.019456834869167022,0.023938005845946506,0.005161368532681153,2.2462454755069827
3.24,64.78539287249697,0.6631513942254833,0.07632228163213513,0.11213238064090081,-0.014669615167449673,0.014669615167449674,0.025845905045991657,0.005028648632384815,2.242647612818016
3.25,64.98480206036723,0.6785127616856559,0.07744245716548542,0.1119034890271541,-0.009613028998360789,0.009613028998360789,0.024725729512641362,0.004893392017334467,2.238069780543082
3.2600000000000002,65.18419393486745,0.6940972481870925,0.07856009780120257,0.11162556456265363,-0.004214292508939842,0.004214292508939842,0.026656037654530174,0.004755680430925967,2.2325112912530725
3.27,65.383568290304,0.7099042799446793,0.07967471320416544,0.11129860592909822,0.001415422891349702,0.001415422891349702,0.028601086605603007,0.004615351752536861,2.2259721185819643
3.2800000000000002,65.58292493072248,0.7259331852678808,0.08078581270411063,0.11092254763022263,0.0072770095410098585,0.007277009541009859,0.030554852511044575,0.00447250587207827,2.218450952604453
3.29,65.78226367034489,0.7421831945039614,0.08189290518077266,0.11049736502572985,0.013371135048009082,0.013371135048009082,0.032510923404618225,0.004327485647315445,2.209947300514597
3.3000000000000003,65.98158433399732,0.7586534400607269,0.08299549995109792,0.11002316974400554,0.01976189285127875,0.01976189285127875,0.031408328634292965,0.0041803748179447195,2.200463394880111
3.31,66.18088675751652,0.7753429566349876,0.08409310760359612,0.109500104366187,0.026479605132776682,0.02647960513277668,0.03336490714181049,0.004031257488218415,2.19000208732374
3.3200000000000003,66.38017078814283,0.7922506815380459,0.08518524030551772,0.10892834195763121,0.03342825077645335,0.03342825077645335,0.03531035700137802,0.003880014415322958,2.1785668391526243
3.33,66.5794362849036,0.809375455055552,0.08627141170067114,0.10830800493345351,0.04060637707281527,0.04060637707281527,0.03723721236093544,0.0037267270857668454,2.1661600986690703
3.34,66.77868311899363,0.826716020760595,0.08735113680674778,0.10763924555560694,0.048012275594115854,0.048012275594115854,0.0391377101439383,0.003571716666674202,2.152784911112139
3.35,66.97791117414258,0.844271025891543,0.08842393278700676,0.10692234026175867,0.05573050112093209,0.0557305011209321,0.03806491416367932,0.0034150675385299237,2.1384468052351737
3.36,67.17712034695776,0.8620390219142815,0.08948931970926491,0.10615759343265432,0.06373588119117045,0.06373588119117046,0.03993843689524043,0.003256864137698503,2.1231518686530864
3.37,67.37631054724964,0.8800184651718589,0.09054682082266302,0.10534533686093753,0.07195638766802169,0.07195638766802169,0.04176980055570248,0.003097030891441415,2.1069067372187504
3.38,67.57548169834374,0.898207717567571,0.09159596251116613,0.10448586584050787,0.08038791203585356,0.08038791203585356,0.043550568224937705,0.0029356180682769974,2.0897173168101575
3.39,67.77463373738493,0.9166050472132351,0.09263627418221504,0.10357948972572088,0.08902608960192179,0.08902608960192179,0.04527216857524064,0.002772930888110628,2.0715897945144177
3.4,67.97376661562629,0.935208629122156,0.09366728891245428,0.10262663262048663,0.09797427460114198,0.09797427460114197,0.044241153845001394,0.0026090526916320877,2.0525326524097327
3.41,68.17288029869073,0.9540165460669825,0.09468854414301431,0.10162774323601942,0.10714587229003585,0.10714587229003585,0.04590469132432218,0.0024440666153481517,2.0325548647203884
3.42,68.37197476681206,0.9730267895156468,0.09569958192273416,0.10058329432271895,0.11649939209369686,0.11649939209369688,0.04749217968520396,0.002277937087595157,2.011665886454379
3.43,68.57105001505953,0.9922372605989275,0.09669994891032416,0.09949373518257704,0.12602800868764516,0.12602800868764516,0.04899495748897009,0.002110679938181529,1.9898747036515407
3.44,68.77010605355048,1.0116457710532325,0.09768919624433184,0.09835951248983427,0.13572466704625766,0.13572466704625766,0.05040445151837125,0.001942586542371945,1.9671902497966853
3.45,68.96914290764659,1.0312500441868988,0.09866688006456112,0.0971811794663245,0.14570344733130403,0.14570344733130405,0.04942676769814197,0.0017737378769347668,1.94362358932649
3.46,69.16816061812071,1.051047715993122,0.09963256214895813,0.09595931044830437,0.15582327904174953,0.15582327904174953,0.05074655626689248,0.0016042145006006914,1.9191862089660874
3.47,69.36715924130135,1.0710363363318587,0.1005858101218278,0.09469450030280535,0.16607442780984694,0.16607442780984694,0.05195685906885139,0.0014340145687902696,1.893890006056107
3.48,69.56613884919796,1.0912133701405684,0.10152619749338838,0.09338733138720028,0.17644755687878366,0.17644755687878366,0.05304973538271569,0.0012631224740720765,1.8677466277440056
3.49,69.76509952961162,1.111576198627965,0.10245330350857483,0.09203836834645622,0.18695972189289076,0.18695972189289073,0.05212262936752925,0.0010918154756932607,1.8407673669291245
3.5,69.96404138622877,1.132122120471637,0.10336671355352181,0.09064827444683957,0.19763996393766312,0.1976399639376631,0.053104174296305984,0.0009201711672968433,1.8129654889367912
3.5100000000000002,70.16296453868486,1.1528483531450435,0.10426601973529803,0.08921773055020586,0.20839656241295432,0.20839656241295432,0.05395390100193174,0.0007482665520635788,1.7843546110041173
3.52,70.36186912260423,1.1737520343044419,0.10515082105494085,0.08774743453174565,0.21921823866829354,0.21921823866829354,0.054665066267133286,0.0005761261295374087,1.754948690634913
3.5300000000000002,70.56075528961976,1.1948302232011243,0.10602072347158914,0.08623808015026402,0.2300935834988066,0.2300935834988066,0.05523144746251843,0.00040370921311347644,1.7247616030052804
3.54,70.75962320737577,1.2160799020820765,0.10687533973222056,0.08469033131424655,0.24104866747989953,0.2410486674798995,0.05437683120188701,0.00023127742222286198,1.693806626284931
3.5500000000000003,70.9584730595146,1.2374979775780095,0.10771428967671537,0.08310494239414608,0.25205074775637604,0.25205074775637604,0.05480844787595773,5.890419944231343e-05,1.6620988478829215
3.56,71.15730504563312,1.2590812822042576,0.10853720075963236,0.08148268190808902,0.2630522119530457,0.2630522119530457,0.055084986134034016,-0.00011333773971175184,1.6296536381617805
3.5700000000000003,71.35611938121546,1.2808265759127784,0.10934370818883604,0.07982433195379694,0.27404027719782525,0.27404027719782525,0.055202090599800635,-0.0002854049703906701,1.596486639075939
3.58,71.55491629754505,1.302730547665279,0.11013345500175063,0.07813067633981148,0.28500207991370746,0.2850020799137074,0.05515611921778476,-0.0004573556923682843,1.5626135267962296
3.59,71.75369604159934,1.324789816998111,0.1109060918803975,0.07640246030557042,0.29595027651536304,0.29595027651536304,0.05438348233913788,-0.0006289458477756859,1.5280492061114084
3.6,71.95245887592914,1.347000935561682,0.1116612773700407,0.07464051098717375,0.3068322593133191,0.3068322593133191,0.054188993069077734,-0.0008001067109035983,1.492810219743475
3.61,72.15120507850905,1.369360388757061,0.11239867834167988,0.07284566635953395,0.31762837210549083,0.31762837210549083,0.05382675134270265,-0.0009707703893348291,1.456913327190679
3.62,72.34993494256511,1.391864597415069,0.11311797009770647,0.07101877469174685,0.32832508236579394,0.32832508236579394,0.05329543097953279,-0.0011408813066659193,1.4203754938349369
3.63,72.54864877638227,1.4145099194919637,0.11381883644935396,0.0691606894657855,0.33890882601316646,0.33890882601316646,0.052594564627885296,-0.0013105078346990124,1.3832137893157102
3.64,72.74734690309491,1.4372926517584297,0.11450096952205714,0.06727222018649953,0.3493544471623662,0.3493544471623662,0.051912385878924314,-0.0014794252278724233,1.3454444037299906
3.65,72.9460296604636,1.4602090314539244,0.11516406990239514,0.06535424933467457,0.35963969351384806,0.35963969351384806,0.05106122263930557,-0.0016475698825268018,1.3070849866934915
3.66,73.14469740062518,1.4832552380233948,0.11580784704045588,0.06340766710554235,0.36975108014650304,0.36975108014650304,0.05004219444761402,-0.0018148791089908154,1.268153342110847
3.67,73.34335048982147,1.5064273948882159,0.11643201932439812,0.061433370894061576,0.3796751774227955,0.3796751774227955,0.04885723356516536,-0.001981291150056227,1.2286674178812316
3.68,73.54198930810985,1.5297215712290242,0.11703631414988118,0.059432264783072945,0.38938204604283183,0.38938204604283183,0.0482529387396823,-0.0021468776448504,1.1886452956614588
3.69,73.7406142490576,1.5531337837619505,0.11762046772125628,0.057405206582382594,0.39883814142095925,0.3988381414209593,0.046924916558305246,-0.0023114350350856793,1.148104131647652
3.7,73.93922571942505,1.5766599984745688,0.11818422514017687,0.05535311773050711,0.4080482721548237,0.40804827215482375,0.0454374530341084,-0.002474904911760254,1.1070623546101424
3.71,74.13782413882464,1.6002961324300957,0.11872734074719195,0.053276924551772874,0.4169999002417166,0.4169999002417167,0.0437947926117402,-0.002637230044319269,1.0655384910354575
3.72,74.33640993936136,1.624038055598107,0.11924957816777774,0.05117755769287354,0.425680622375271,0.425680622375271,0.0420018915990782,-0.002798354190058818,1.0235511538574709
3.73,74.53498356525712,1.6478815926915151,0.11975071035316925,0.04905595164606702,0.43402810830268157,0.4340281083026816,0.041500759413686694,-0.002958326181146754,0.9811190329213404
3.74,74.73354547246157,1.6718225249951966,0.1202305194096783,0.04691300306059021,0.442040592192167,0.44204059219216707,0.03958456803468119,-0.0031169854901525796,0.9382600612118042
3.75,74.93209612825284,1.6958565921587707,0.12068879663996403,0.04474965440395775,0.4497300718971877,0.4497300718971877,0.0375302235311953,-0.0032742720113332455,0.894993088079155
3.7600000000000002,75.13063601081892,1.719979494037108,0.12112534279715333,0.04256685328504583,0.4570858696704685,0.45708586967046844,0.035344541575772784,-0.0034301341314375918,0.8513370657009166
3.77,75.32916560882325,1.7441868925511315,0.12153996811887122,0.040365548989035036,0.46409754287372296,0.46409754287372296,0.033034855898325804,-0.0035845212625874026,0.8073109797807008
3.7800000000000002,75.52768542095727,1.7684744135508768,0.12193249234180041,0.03814669203814165,0.4706637116211665,0.47066371162116644,0.03264233167539661,-0.003737466156697699,0.762933840762833
3.79,75.72619595548198,1.7928376486681454,0.12230274454835467,0.03591120116235408,0.4768383431506398,0.4768383431506398,0.030238707676893226,-0.0038888412197346806,0.7182240232470816
3.8000000000000003,75.92469772976193,1.8172721571363268,0.12265056317047947,0.03366002743021058,0.48262707581231296,0.48262707581231296,0.027727227190371226,-0.004038588112397273,0.6732005486042115
3.81,76.12319126978412,1.8417734676421071,0.12297579617223424,0.031394126181742164,0.4880219195880467,0.4880219195880467,0.02511640919858189,-0.004186660917868402,0.6278825236348433
3.8200000000000003,76.32167710966476,1.8663370801914776,0.12327830106740297,0.02911445202425731,0.49301405243646607,0.49301405243646607,0.024813904303413167,-0.004333014767076476,0.5822890404851462
3.83,76.52015579114622,1.8909584679741012,0.12355794491015804,0.026821958431916607,0.4974695180752066,0.4974695180752066,0.0221354012424318,-0.004477671632041165,0.5364391686383321
3.84,76.71862786308621,1.9156330792151952,0.123814604151046,0.024517571297324247,0.5014998198696557,0.5014998198696556,0.019375475559865712,-0.004620528984236004,0.49035142594648495
3.85,76.91709388094215,1.9403563389964495,0.1240481646112612,0.022202238783199414,0.5050998577770922,0.5050998577770923,0.016543263228055022,-0.004761532720590926,0.44404477566398826
3.86,77.11555440624494,1.9651236510968253,0.12425852160692617,0.019876911703633135,0.5082649394125791,0.5082649394125791,0.013647983417391247,-0.004900642635449929,0.3975382340726627
3.87,77.31401000606441,1.9899303998419522,0.12444557994773164,0.017542537967842185,0.5109753582100526,0.5109753582100527,0.013460925076585776,-0.005037819580370092,0.35085075935684373
3.88,77.5124612524684,2.014771951948272,0.12460925390607583,0.015200062219005833,0.5131137697888276,0.5131137697888276,0.010535204315216012,-0.005173078824294485,0.30400124438011666
3.89,77.71090872197773,2.0396436583526247,0.12474946707661574,0.012850404348208166,0.5148001794077849,0.5148001794077849,0.0075649420165675154,-0.005306336949290367,0.25700808696416333
3.9,77.90935299501926,2.0645408560119707,0.1248661523272695,0.010494499067184552,0.5160330262981268,0.5160330262981268,0.004559246910352699,-0.0054375457196360185,0.20988998134369105
3.91,78.10779465537293,2.0894588697139453,0.12495925187605295,0.00813328168176319,0.5168111913486669,0.5168111913486669,0.0015270869808228504,-0.005566670602620766,0.16266563363526382
3.92,78.30623428961405,2.11439301389073,0.12502871726973733,0.005767682653346151,0.5171092678151411,0.5171092678151411,0.001457621587138469,-0.005693678121214378,0.11535365306692302
3.93,78.50467248655336,2.1393385944244003,0.12507450933378894,0.0033986272767571467,0.5168244811072225,0.5168244811072226,-0.0015685500841631226,-0.005818579909749869,0.06797254553514294
3.94,78.70310983667606,2.1642909104357217,0.12509659803159223,0.0010270179172506646,0.5160823171498397,0.5160823171498397,-0.004603828605058521,-0.005941307267060185,0.02054035834501329
3.95,78.90154693158263,2.189245256043666,0.12509496239703718,-0.0013462337204633752,0.5148847028431425,0.5148847028431424,-0.007639945323434386,-0.0060618187849425555,-0.026924674409267504
3.96,79.09998436342731,2.2141969221289224,0.12506959057276223,-0.0037202175858904265,0.5132339876727642,0.5132339876727641,-0.010668936561302633,-0.006180085521725961,-0.07440435171780853
3.97,79.29842272435619,2.2391411980960094,0.12502047976900874,-0.006094030187073844,0.5111047560156952,0.5111047560156952,-0.010619825757549134,-0.006296079580548223,-0.12188060374147687
3.98,79.4968626059462,2.264073373623865,0.12494763619661135,-0.008466774874498316,0.5084032867848857,0.5084032867848857,-0.013610329971598042,-0.006409811227353234,-0.16933549748996632
3.99,79.69530459864718,2.2889887403981075,0.12485107492343406,-0.010837576819085083,0.5052591270575809,0.5052591270575808,-0.016578826454249768,-0.006521223302305054,-0.21675153638170164
4.0,79.89374929122829,2.313882593814158,0.12473081979229036,-0.013205555877719658,0.5016772990855026,0.5016772990855026,-0.019518436399779557,-0.006630281674907851,-0.26411111755439315
4.01,80.09219727022654,2.3387502346792775,0.12458690342780261,-0.015569835818707245,0.4976631819329976,0.49766318193299763,-0.02242267836455693,-0.0067369628766683716,-0.3113967163741449
4.0200000000000005,80.29064911939815,2.363586970908957,0.1244193671764938,-0.01792954846675715,0.4931953782710866,0.4931953782710866,-0.02225514211324811,-0.006841244465169642,-0.358590969335143
4.03,80.48910541917468,2.388388119209174,0.12422826102498533,-0.020283833949807997,0.48818466541898686,0.48818466541898686,-0.02509437429307984,-0.0069431369874056745,-0.40567667899615995
4.04,80.6875667461252,2.413149006738679,0.12401364345224826,-0.02263185359929609,0.4827629373252818,0.48276293732528175,-0.027886570830809726,-0.007042592558874423,-0.4526370719859218
4.05,80.8860336724262,2.437864972742054,0.12377558133576254,-0.02497276638987437,0.47693768168935025,0.47693768168935025,-0.03062650783546307,-0.007139584410407727,-0.49945532779748736
4.0600000000000005,81.08450676533677,2.4625313701778175,0.1235141499329001,-0.02730573734831275,0.4707166488777479,0.47071664887774783,-0.033309384166885544,-0.007234094399523499,-0.5461147469662551
4.07,81.28298658668027,2.4871435673371898,0.12322943280386602,-0.029629940850053934,0.46408407272674956,0.4640840727267496,-0.033024667037851466,-0.007326105384549463,-0.5925988170010786
4.08,81.48147369233386,2.511696949446445,0.12292152171715207,-0.031944560830445744,0.45695361582017285,0.45695361582017285,-0.03562290797131254,-0.007415629386205467,-0.6388912166089149
4.09,81.67996863172709,2.5361869202477694,0.12259051649694942,-0.03424880214452258,0.4494567634687294,0.4494567634687294,-0.038155841589448264,-0.007502626174271767,-0.6849760428904517
4.1,81.8784719473509,2.5606089035506603,0.12223652491983861,-0.036541869460009584,0.44160273561936125,0.4416027356193613,-0.0406199172541937,-0.007587076179251127,-0.7308373892001917
4.11,82.07698417427518,2.5849583447754148,0.12185966267559656,-0.03882297544322613,0.4334009133845135,0.4334009133845135,-0.04301198120757309,-0.007668966414019077,-0.7764595088645226
4.12,82.27550583967555,2.609230712484081,0.12146005327492797,-0.04109134320749652,0.42484071582887933,0.42484071582887933,-0.0426123718069045,-0.007748284861649052,-0.8218268641499304
4.13,82.47403746237106,2.6334214998929912,0.1210378279441053,-0.04334620649051074,0.41583988941815364,0.41583988941815364,-0.04490703909474228,-0.007825045886590604,-0.8669241298102148
4.14,82.6725795523733,2.6575262263624677,0.12059312546736786,-0.04558681989167204,0.40652594608963716,0.40652594608963716,-0.04712466631847725,-0.007899215718588625,-0.9117363978334408
4.15,82.87113261044863,2.681540438856665,0.12012609207600777,-0.047812439396387525,0.3969091221403078,0.3969091221403078,-0.04926321847645732,-0.007970781679470566,-0.9562487879277505
4.16,83.0696971276911,2.705459713393229,0.11963688139274342,-0.05002233070164698,0.38699972256789417,0.38699972256789417,-0.05132099988073928,-0.008039735748434612,-1.0004466140329396
4.17,83.2682735851077,2.729279656477718,0.11912565432631515,-0.05221577086816422,0.37679071845046214,0.37679071845046214,-0.050809772814311004,-0.008106070839969625,-1.0443154173632845
4.18,83.46686245321634,2.752995906517806,0.11859257895711886,-0.05439204846575943,0.36620670511535464,0.3662067051153546,-0.052763561663139,-0.008169804319812665,-1.0878409693151885
4.19,83.66546419165765,2.776604135213491,0.11803783037468,-0.05655047302880701,0.3553675554614824,0.35536755546148235,-0.05463431231000165,-0.008230907934703243,-1.1310094605761403
4.2,83.86407924882171,2.8001000489168875,0.11746159056072358,-0.058690356574775386,0.3442839041630137,0.34428390416301374,-0.056421248916345396,-0.008289375520422288,-1.1738071314955076
4.21,84.06270806148783,2.823479389980149,0.11686404832070452,-0.0608110223029061,0.3329663800734785,0.33296638007347856,-0.058123863600286936,-0.008345203819515187,-1.216220446058122
4.22,84.26135105447817,2.846737938085768,0.11624539916732594,-0.06291180552395495,0.32140956336273513,0.3214095633627351,-0.057505214446908356,-0.008398390471523767,-1.258236110479099
4.23,84.46000864032632,2.8698715115551816,0.11560584519884495,-0.06499205377560272,0.3095478258430075,0.3095478258430075,-0.059102344187011345,-0.00844895637831411,-1.2998410755120542
4.24,84.65868121896112,2.8928759686322407,0.11494559493180215,-0.06705113579284269,0.29749034320810036,0.29749034320810036,-0.06061507565574552,-0.008496877973265607,-1.341022715856854
4.25,84.85736917740702,2.9157472087356635,0.11426486317950085,-0.06908842347754628,0.28524766485403885,0.28524766485403885,-0.06204360215817659,-0.008542155219438687,-1.3817684695509256
4.26,85.05607288949878,2.938481173698296,0.11356387097390595,-0.07110330115413188,0.2728302800064151,0.2728302800064151,-0.06338831316564705,-0.008584789409602563,-1.4220660230826376
4.2700000000000005,85.25479271561164,2.961073848986804,0.11284284544001053,-0.07309516585018229,0.26023273315132506,0.26023273315132506,-0.06266728763175163,-0.008624783630861573,-1.4619033170036457
4.28,85.45352900240758,2.983521264898198,0.1121020196665015,-0.0750634277555088,0.2474012672666521,0.2474012672666521,-0.06390895162406088,-0.008662159991491149,-1.5012685551101759
4.29,85.65228208259813,3.0058194977301036,0.11134163253765447,-0.07700751749441113,0.23443234949344485,0.23443234949344485,-0.06506833936030144,-0.008696901599264117,-1.5401503498882227
4.3,85.85105227472432,3.0279646709202046,0.11056192860850257,-0.0789268702758129,0.22133609676384985,0.22133609676384985,-0.06614633534541271,-0.008729013255679343,-1.578537405516258
4.3100000000000005,86.04983988295214,3.0499529561706558,0.10976315801634585,-0.08082093439377143,0.20812252965181066,0.20812252965181066,-0.06714395622546095,-0.008758500583617303,-1.6164186878754285
4.32,86.24864519688431,3.0717805745513607,0.10894557634956822,-0.08268917129366302,0.19478509106712782,0.1947850910671278,-0.06632637455868332,-0.008785372303915759,-1.6537834258732604
4.33,86.44746849138889,3.0934437975789093,0.10810944451127542,-0.08453105653864364,0.18128272660656056,0.18128272660656056,-0.06722620471426864,-0.008809651002326726,-1.6906211307728727
4.34,86.64631002644487,3.114938948268064,0.10725502855197401,-0.08634608502097142,0.1676983444563958,0.1676983444563958,-0.06804829935057924,-0.008831326775191854,-1.7269217004194284
4.3500000000000005,86.84517004700534,3.1362624021529806,0.1063825995427481,-0.08813375771259659,0.15404140063182475,0.15404140063182475,-0.06879399417577599,-0.008850408573457584,-1.7626751542519317
4.36,87.04404878287656,3.15741058829149,0.10549243347760763,-0.0898935890116986,0.1403212329317499,0.1403212329317499,-0.0694647046025873,-0.008866906125569287,-1.7978717802339719
4.37,87.24294644861375,3.1783799902470546,0.10458481113901458,-0.09162510678474015,0.12652971968801485,0.12652971968801485,-0.06855708226399423,-0.008880833601063058,-1.8325021356948028
4.38,87.44186324343372,3.1991671470453316,0.10366001795571515,-0.09332785385856644,0.11263810986009754,0.11263810986009754,-0.06913712143590153,-0.008892214498123814,-1.866557077171329
4.39,87.64079935114464,3.2197686541021953,0.1027183438360884,-0.09500139141856238,0.09871592746449064,0.09871592746449062,-0.06964549230334666,-0.0089010449590919,-1.9000278283712477
4.4,87.83975494009314,3.240181164121882,0.1017600830407332,-0.09664528781148898,0.08477183247967757,0.08477183247967755,-0.07008378998894893,-0.008907337858614878,-1.9329057562297796
4.41,88.03873016312724,3.2604013879767577,0.1007855340783236,-0.09825912503011565,0.07081435512505753,0.07081435512505752,-0.0704536492211959,-0.00891110680373251,-1.965182500602313
4.42,88.23772515757575,3.2804260955637576,0.09979499956904866,-0.09984249873305871,0.05683382620432623,0.05683382620432623,-0.06946311471192099,-0.00891237134358659,-1.9968499746611743
4.43,88.43674004524412,3.3002521166345384,0.09878878609750656,-0.10139502032740907,0.04281246747187365,0.04281246747187365,-0.06975052270014935,-0.008911156077163468,-2.0279004065481816
4.44,88.63577493242713,3.319876341595965,0.0977672040467513,-0.10291631865676415,0.028807350855750456,0.028807350855750456,-0.06997315891284157,-0.008907462387970392,-2.0583263731352828
4.45,88.83482990993787,3.339295722281092,0.09673056747178305,-0.10440603046201574,0.014826273256912655,0.014826273256912655,-0.07013273423814459,-0.008901306847448555,-2.088120609240315
4.46,89.03390505315245,3.358507272700734,0.09567919399118485,-0.1058638062397987,0.0008768972065992593,0.0008768972065992593,-0.07023097035018216,-0.008892706713387225,-2.117276124795974
4.47,89.23300042206996,3.3775080697708892,0.09461340464956836,-0.10728931024192051,-0.013051670998629654,0.013051670998629653,-0.06916518100856568,-0.008881686979232754,-2.1457862048384104
4.48,89.43211606138836,3.3962952540131086,0.0935335237660196,-0.10868222326651635,-0.026968112326942933,0.026968112326942933,-0.06918971320345713,-0.008868273279675319,-2.173644465330327
4.49,89.63125200059604,3.414866030224011,0.09243987876900583,-0.11004224258435888,-0.040826414748810005,0.04082641474881,-0.06915668737207284,-0.008852471565480398,-2.2008448516871777
4.5,89.83040825407893,3.4332176681157818,0.0913328000723916,-0.11136907381732249,-0.0546196647461342,0.054619664746134194,-0.06906782892874552,-0.008834301878097776,-2.2273814763464497
4.51,90.02958482124177,3.45134750293653,0.09021262096476322,-0.11266243635330477,-0.06834108336755723,0.06834108336755723,-0.06892485464072727,-0.008813784898547835,-2.2532487270660955
4.5200000000000005,90.22878168664379,3.4692529360659443,0.08907967747186521,-0.1139220633269281,-0.08200232350008588,0.08200232350008589,-0.06779191114782927,-0.008790951279566235,-2.278441266538562
4.53,90.42799882014889,3.486931435583154,0.08793430820068782,-0.11514770529639973,-0.09560503510826317,0.09560503510826317,-0.06758409975378063,-0.008765827368501745,-2.3029541059279945
4.54,90.62723617709041,3.5043805368025334,0.08677685417551506,-0.11633912819345484,-0.1091126745622913,0.1091126745622913,-0.06732590712457612,-0.008738423131960079,-2.326782563869097
4.55,90.82649369844955,3.5215978427811008,0.08560765871826115,-0.11749610653173097,-0.1225192016637147,0.1225192016637147,-0.06701900636346925,-0.008708761855773774,-2.3499221306346194
4.5600000000000005,91.02577131104673,3.538581024805445,0.084427067337042,-0.11861842851160243,-0.13581870828901121,0.13581870828901121,-0.06666504979207426,-0.008676867417983224,-2.3723685702320485
4.57,91.22506892774564,3.5553278228535423,0.08323542758949136,-0.11970589598369437,-0.1490231230564946,0.1490231230564946,-0.06547341004452362,-0.008642776512422921,-2.3941179196738873
4.58,91.42438644767043,3.5718360460281606,0.08203308892215203,-0.1207583292539848,-0.1621290566332401,0.1621290566332401,-0.06506332819215672,-0.008606515614217112,-2.415166585079696
4.59,91.62372375643544,3.588103572956825,0.08082040250805791,-0.12177556267148335,-0.17510783802288343,0.17510783802288346,-0.06460977591957882,-0.00856809826764089,-2.435511253429667
4.6000000000000005,91.823080726387,3.6041283521643575,0.07959772113338864,-0.12275743922920139,-0.18795427165518178,0.1879542716551818,-0.06411433339638611,-0.00852755077936792,-2.455148784584028
4.61,92.02245721685615,3.6199084024248838,0.07836539908653316,-0.12370381544723752,-0.2006632899646817,0.2006632899646817,-0.06357855324398166,-0.008484900000451533,-2.4740763089447504
4.62,92.22185307442247,3.6354418130885606,0.0771237920230804,-0.12461456132051252,-0.2132466741005511,0.21324667410055112,-0.0623369461805289,-0.00844018923210991,-2.4922912264102504
4.63,92.42126813318866,3.6507267443792757,0.07587325679972794,-0.12548956656665147,-0.22569774761910416,0.22569774761910416,-0.06175342429702197,-0.008393444226096877,-2.5097913313330293
4.64,92.62070221506615,3.665761427657414,0.07461415131388016,-0.1263287332853946,-0.23799423773515985,0.23799423773515985,-0.06113294139841591,-0.008344681769838245,-2.526574665707892
4.65,92.82015513007039,3.680544165656564,0.07334683439886673,-0.12713197216330324,-0.2501317541900708,0.2501317541900708,-0.06047696303981764,-0.00829393097033665,-2.542639443266065
4.66,93.01962667662508,3.6950733326999656,0.07207166571445206,-0.12789920718260847,-0.2621060297619858,0.2621060297619858,-0.05978692421354378,-0.0082412214307982,-2.5579841436521695
4.67,93.21911664187529,3.709347374891671,0.07078900561421289,-0.12863037555444934,-0.2739283738697544,0.2739283738697544,-0.0585042641133046,-0.008186603830145415,-2.5726075110889868
4.68,93.4186248020093,3.7233648102781336,0.06949921497269194,-0.12932543580346553,-0.2855902573784711,0.2855902573784711,-0.05777443841916794,-0.008130102073763922,-2.5865087160693108
4.69,93.61815092258928,3.737124228973122,0.06820265502757178,-0.129984356742731,-0.2970745191547149,0.29707451915471494,-0.057013690734000706,-0.008071735951605768,-2.59968713485462
4.7,93.81769475888917,3.7506242932584763,0.0668996872859892,-0.1306071156402081,-0.30837752952963976,0.3083775295296397,-0.056223363326393175,-0.008011537154599178,-2.612142312804162
4.71,94.01725605623949,3.763863737665215,0.06559067341718151,-0.13119370276443235,-0.3194957764040172,0.3194957764040173,-0.05540476737484867,-0.007949537821488398,-2.623874055288647
4.72,94.21683455037851,3.776841369029491,0.06427597512288295,-0.1317441213044305,-0.33043988190545887,0.3304398819054589,-0.05409006908055011,-0.0078857970053196,-2.63488242608861
4.73,94.41642996780999,3.7895560665184815,0.0629559539559315,-0.13225839777265566,-0.3412005659982541,0.3412005659982541,-0.05323916197544716,-0.007820335363171753,-2.6451679554531133
4.74,94.61604202616732,3.8020067816175414,0.06163097116563452,-0.13273656633733033,-0.35176470337815746,0.3517647033781574,-0.052362877391718646,-0.007753175530873438,-2.6547313267466066
4.75,94.81567043458273,3.8141925380957793,0.060301387618039604,-0.1331786694544898,-0.36212937809394585,0.3621293780939459,-0.05146243409300554,-0.007684351572276107,-2.6635733890897964
4.76,95.01531489406057,3.8261124319528608,0.05896756369117575,-0.13358476222967247,-0.37229178602002133,0.3722917860200213,-0.05053902077285678,-0.0076138979506195584,-2.671695244593449
4.7700000000000005,95.21497509785499,3.837765631341022,0.0576298591490212,-0.13395491232561138,-0.38226174681517666,0.3822617468151767,-0.04920131623070222,-0.0075418833406017795,-2.6790982465122277
4.78,95.41465073185152,3.849151376456465,0.05628863294921028,-0.1342892132622302,-0.392030023715935,0.39203002371593504,-0.04825257030223444,-0.007468323461265515,-2.685784265244604
4.79,95.61434147495306,3.860268979389604,0.05494424309223815,-0.1345877629327921,-0.40158665658518533,0.4015866565851853,-0.04728350129730591,-0.007393243711472114,-2.6917552586558418
4.8,95.81404699946802,3.871117823957048,0.053597046558931084,-0.13485066735076676,-0.4109293960859771,0.4109293960859771,-0.04629520937740456,-0.007316680323925156,-2.6970133470153352
4.8100000000000005,96.01376697150039,3.881697365516032,0.05224739920852684,-0.13507804477952853,-0.42005609880205375,0.4200560988020537,-0.045288766532814356,-0.007238669882458015,-2.7015608955905708
4.82,96.2135010513417,3.8920071307545574,0.050895655656695356,-0.1352700256288487,-0.4289757495513595,0.4289757495513595,-0.04393702298098287,-0.007159292210364228,-2.7054005125769742
4.83,96.41324889386466,3.902046717450332,0.04954216906937538,-0.13542676933835437,-0.4376796870535897,0.43767968705358967,-0.042911730583765594,-0.007078556100084746,-2.7085353867670876
4.84,96.61301014891873,3.9118157941856264,0.048187291016479464,-0.1355484356725964,-0.44616042924192895,0.4461604292419289,-0.04187070058751059,-0.00699648969399429,-2.710968713451928
4.8500000000000005,96.81278446172539,3.9213141000480918,0.04683137143023362,-0.1356351923777026,-0.45441634709911377,0.45441634709911377,-0.0408149222409066,-0.006913131198224276,-2.712703847554052
4.86,97.01257147327297,3.930541444315546,0.0454747585061609,-0.1356872190088468,-0.4624459115160271,0.4624459115160271,-0.03974535894405145,-0.006828519122185508,-2.7137443801769363
4.87,97.2123708207112,3.9394977061171303,0.044117798585560725,-0.13570470681652058,-0.47025730228789253,0.4702573022878925,-0.03838839902345127,-0.0067427462760171804,-2.7140941363304116
4.88,97.4121821377449,3.948182834062564,0.0427608359318369,-0.13568788001947976,-0.4778427564690728,0.4778427564690728,-0.03730598623725705,-0.006655812224046001,-2.713757600389595
4.89,97.61200505502748,3.9565968458237726,0.041404212589344416,-0.13563695822411312,-0.4851967379114958,0.48519673791149587,-0.03621198226638377,-0.006567747885267034,-2.7127391644822625
4.9,97.81183920055174,3.964739827707702,0.04004826836676139,-0.13555216893305405,-0.4923181929108235,0.4923181929108235,-0.03510727435705215,-0.00647859325420636,-2.7110433786610812
4.91,98.01168420003808,3.9726119342149486,0.038693340740880884,-0.13543375098297553,-0.4992061615685958,0.49920616156859576,-0.033992726357330576,-0.006388388581469151,-2.7086750196595104
4.92,98.21153967731992,3.980213387575535,0.03733976474388688,-0.13528195442157512,-0.5058680908778085,0.5058680908778084,-0.03263915036033657,-0.0062972418493081155,-2.7056390884315022
4.93,98.41140525472655,3.9875444772519373,0.03598787271779347,-0.13509706710911148,-0.5122972806584541,0.5122972806584541,-0.0315172873332781,-0.006205140760695596,-2.70194134218223
4.94,98.61128055346329,3.994605559390172,0.034637994179038026,-0.134879366335879,-0.5184897336800784,0.5184897336800784,-0.03038757366311442,-0.006112119086483344,-2.6975873267175796
4.95,98.81116519398688,4.001397056268403,0.033290455831606766,-0.13462913727560974,-0.5244449279675448,0.5244449279675448,-0.029250803726618133,-0.006018218436428296,-2.692582745512195
4.96,99.01105879637628,4.007919455733567,0.03194558147340893,-0.13434667593378533,-0.5301624291583851,0.5301624291583851,-0.02810775089992755,-0.005923480630013447,-2.6869335186757066
4.97,99.21096098069859,4.014173310616009,0.030603691888619115,-0.13403228901621103,-0.535649049153165,0.535649049153165,-0.02676586131513773,-0.005828031393569358,-2.6806457803242205
4.98,99.41087136737036,4.020159238110305,0.02926510457503617,-0.13368632694647303,-0.5408992011754223,0.5408992011754223,-0.025620580855493427,-0.005731843577654749,-2.6737265389294604
4.99,99.6107895775144,4.02587791909888,0.027930133614972062,-0.13330912245740667,-0.5459101174696857,0.5459101174696857,-0.02447081760326078,-0.00563495391297468,-2.6661824491481334
5.0,99.8107152333098,4.031330097480749,0.026599089723488498,-0.13290101623962935,-0.5506817655658408,0.5506817655658407,-0.023317281827560446,-0.005537405463961344,-2.658020324792587
5.01,100.01064795833551,4.0365165794908116,0.025272280157026657,-0.13246235929229017,-0.5552141943118281,0.5552141943118281,-0.022160665040987137,-0.005439241459345006,-2.6492471858458035
5.0200000000000005,100.21058737790722,4.041438232998115,0.023950008611019234,-0.13199351278401347,-0.559513690476762,0.559513690476762,-0.020838393494979714,-0.005340608371785907,-2.6398702556802696
5.03,100.41053311940796,4.046095986768925,0.02263257491408821,-0.13149488873886575,-0.5635757539525112,0.5635757539525112,-0.01968420686568205,-0.005241460813184632,-2.629897774777315
5.04,100.61048481261253,4.050490829666204,0.02132027490571769,-0.1309668730473985,-0.5673986108146915,0.5673986108146915,-0.01852856385492034,-0.005141838608261591,-2.6193374609479703
5.05,100.81044209000328,4.054623809863212,0.020013400525698364,-0.13040985973066446,-0.5709826770669011,0.5709826770669012,-0.017372098699847457,-0.005041786127476401,-2.608197194613289
5.0600000000000005,101.01040458707797,4.058496034050551,0.018712239724598748,-0.12982425257945593,-0.5743284436210063,0.5743284436210062,-0.01621542892540064,-0.004941347860934752,-2.5964850515891187
5.07,101.21037194264954,4.062108666623214,0.017417076366801038,-0.12921046500823435,-0.577441784798863,0.577441784798863,-0.01492026556760293,-0.004840694507174607,-2.5842093001646873
5.08,101.41034379913815,4.065462928830654,0.0161281898844772,-0.1285689698464565,-0.5803192110847727,0.5803192110847727,-0.013770269372330057,-0.0047397586038783355,-2.57137939692913
5.09,101.61031980285517,4.068560097855552,0.0148458551625037,-0.12790020384406078,-0.5829597611142228,0.5829597611142228,-0.012621530133539085,-0.004638583228870509,-2.5580040768812156
5.1000000000000005,101.81029960427772,4.071401505917224,0.013570342676058623,-0.12720461216271897,-0.5853642593179968,0.585364259317997,-0.011474613317590605,-0.00453721391877614,-2.5440922432543793
5.11,102.01028285831357,4.073988539371818,0.012301918402455434,-0.12648264918302302,-0.5875335984966187,0.5875335984966186,-0.010330069512689711,-0.004435696287969225,-2.52965298366046
5.12,102.21026922455734,4.076322637793539,0.01104084372971439,-0.1257347783527286,-0.5894733497419344,0.5894733497419343,-0.009068994839948667,-0.004334229259285075,-2.514695567054572
5.13,102.41025836753714,4.078405293016633,0.009787375062209032,-0.12496153272143187,-0.5911809291189217,0.5911809291189217,-0.007934966220424413,-0.004232718940887479,-2.4992306544286373
5.14,102.6102499569524,4.080238048096804,0.008541763713306352,-0.12416339759998146,-0.5926560456770352,0.5926560456770352,-0.006804619986998019,-0.004131211853046896,-2.483267951999629
5.15,102.81024366790093,4.081822496309547,0.0073042560990505346,-0.1233408671126887,-0.5938998930021167,0.5938998930021168,-0.005678459275029709,-0.004029754560617833,-2.466817342253774
5.16,103.01023918109587,4.083160280149021,0.006075093650815693,-0.12249444404046611,-0.5949137263712937,0.5949137263712937,-0.0045569739775884015,-0.003928396425186631,-2.449888880809322
5.17,103.21023618307272,4.0842530903086445,0.004854512724042758,-0.12162464075699486,-0.5957029160049618,0.5957029160049617,-0.0033363930508154664,-0.0038273608887534703,-2.4324928151398972
5.18,103.41023436638625,4.085102664619246,0.0036427441574137832,-0.12073204797923827,-0.5962656635475151,0.5962656635475151,-0.0022288725866978975,-0.003726530915130006,-2.4146409595847653
5.19,103.61023342979719,4.085710786898518,0.002440013173640631,-0.11981719837774407,-0.5966022338885968,0.5966022338885968,-0.001127194089404846,-0.0036259539522999016,-2.3963439675548814
5.2,103.81023307844792,4.086079285848683,0.0012465396273772333,-0.1188806328661372,-0.5967141510831929,0.596714151083193,-3.180405125010276e-05,-0.0035256774450500624,-2.377612657322744
5.21,104.01023302402763,4.086210033959323,6.253792361336991e-05,-0.11792290043662947,-0.5966029940517212,0.5966029940517212,0.0010568628138843117,-0.003425754866962125,-2.3584580087325895
5.22,104.21023298492675,4.086104946392901,-0.0011117830742858822,-0.11694456038761578,-0.5962740264941652,0.5962740264941653,0.0022311838117835634,-0.0033264378288497204,-2.3388912077523156
5.23,104.41023268638095,4.085765979823908,-0.0022762205402642507,-0.11594626058719902,-0.5957261093885637,0.5957261093885639,0.003302820672644066,-0.003227581910110469,-2.3189252117439803
5.24,104.61023186060382,4.085195131179709,-0.003430577775663899,-0.11492857888044389,-0.5949599680024591,0.5949599680024591,0.004366702526952707,-0.0031292353136814516,-2.298571577608878
5.25,104.81023024690889,4.084394436442624,-0.004574663898643128,-0.11389210075995798,-0.5939774186095312,0.5939774186095311,0.00542243447221425,-0.0030314461858518514,-2.27784201519916
5.26,105.01022759182064,4.083365969462392,-0.005708293919779164,-0.11283741919202663,-0.5927803253730245,0.5927803253730245,0.006469632057710414,-0.002934272664757494,-2.2567483838405327
5.2700000000000005,105.21022364917492,4.082111840752251,-0.006831288835913863,-0.1117651384256603,-0.5913739324151626,0.5913739324151626,0.007592626973845114,-0.0028379981597602983,-2.235302768513206
5.28,105.41021818020832,4.080634196233866,-0.007943476189413632,-0.11067596298256485,-0.589757632240578,0.589757632240578,0.008620108309917792,-0.0027424463037293866,-2.213519259651297
5.29,105.61021095363597,4.078935215872875,-0.009044690147482942,-0.10957051358791796,-0.587932528176587,0.587932528176587,0.009638151067317849,-0.0026476658263483626,-2.1914102717583592
5.3,105.81020174571876,4.077017112390611,-0.010134771119730053,-0.10844941797396306,-0.5859006907981616,0.5859006907981616,0.01064640736786049,-0.00255370533727181,-2.168988359479261
5.3100000000000005,106.01019034032011,4.074882129992073,-0.01121356582730335,-0.10731331069372525,-0.5836642314473214,0.5836642314473214,0.011644538555455363,-0.0024606284912102555,-2.146266213874505
5.32,106.21017652895219,4.0725325430783625,-0.012280927400311739,-0.10616283894419255,-0.5812284561611749,0.5812284561611749,0.012711900128463752,-0.0023687536728093017,-2.1232567788838512
5.33,106.4101601108111,4.06997065490223,-0.013336716009089282,-0.10499876319576117,-0.5785931611854915,0.5785931611854915,0.01368800350414018,-0.0022778678670515146,-2.099975263915223
5.34,106.61014089279996,4.067198796101912,-0.014380798929927281,-0.10382174450090575,-0.5757597547349337,0.5757597547349337,0.014653198732442863,-0.002188020006599676,-2.076434890018115
5.3500000000000005,106.81011868954242,4.064219323328098,-0.015413050081191282,-0.10263245020101769,-0.5727305240566165,0.5727305240566164,0.01560718071382913,-0.0020992588249571635,-2.0526490040203536
5.36,107.0100933233864,4.061034617893727,-0.016433350085189473,-0.10143155372300415,-0.569507789906556,0.569507789906556,0.01654965239384568,-0.0020116547963051137,-2.028631074460083
5.37,107.21006462439782,4.057647084409005,-0.01744158637161681,-0.10021974306867151,-0.566096999320825,0.566096999320825,0.017557888680273016,-0.0019255633597653546,-2.0043948613734304
5.38,107.41003243034328,4.054059149352752,-0.01843765388800516,-0.09899783337980093,-0.5624982237407768,0.5624982237407767,0.018476391998163193,-0.0018407303132864522,-1.9799566675960187
5.39,107.60999658666049,4.050273259508911,-0.019421455147299062,-0.0977665229865277,-0.5587131097860433,0.5587131097860433,0.019382717037141034,-0.0017572043193542965,-1.955330459730554
5.4,107.80995694642064,4.046291880515226,-0.02039289967305407,-0.09652651566275945,-0.5547441240587463,0.5547441240587462,0.020276597364397863,-0.0016750337389594095,-1.930530313255189
5.41,108.00991337028195,4.042117495442083,-0.021351904052734405,-0.09527852039898253,-0.5505937592972124,0.5505937592972124,0.02115777342009656,-0.001594297809354299,-1.9055704079796507
5.42,108.20986572643393,4.0377526033572355,-0.022298392050703948,-0.09402326352678515,-0.5462676841717673,0.5462676841717673,0.022104261418066103,-0.001515389114254956,-1.880465270535703
5.43,108.40981389053103,4.033199717818919,-0.023232295402450167,-0.09276161246899468,-0.5417661133923058,0.5417661133923058,0.022959895599934586,-0.001438008338790291,-1.8552322493798936
5.44,108.60975774561386,4.028461365221096,-0.024153553836863167,-0.09149429893568484,-0.5370908709592876,0.5370908709592878,0.02380226634181227,-0.0013622031847989927,-1.8298859787136967
5.45,108.80969718202435,4.023540083271894,-0.025062114422018736,-0.09022205903929328,-0.5322445659317473,0.5322445659317474,0.024631141693866727,-0.001288020918229896,-1.8044411807858656
5.46,109.0096320973135,4.018438419510312,-0.02595793160789916,-0.08894563303482438,-0.5272298260524141,0.527229826052414,0.025446295359768726,-0.0012155523399443686,-1.7789126606964876
5.47,109.20956239614063,4.013158929809383,-0.02684096735389933,-0.08766578247880177,-0.5220526286260116,0.5220526286260116,0.02632933110576889,-0.0011452241295373117,-1.7533156495760354
5.48,109.40948799016269,4.007704176798587,-0.027711192007027527,-0.08638342282436033,-0.5167131921985576,0.5167131921985576,0.02711773108719262,-0.0010766891735721686,-1.7276684564872067
5.49,109.60940879791121,4.002076728126786,-0.028568584288263258,-0.08509931393131773,-0.5112134623593309,0.5112134623593309,0.027891952167759096,-0.001009993226036715,-1.7019862786263547
5.5,109.80932474466563,3.996279154881085,-0.029413130532603467,-0.08381421873305199,-0.5055561543561706,0.5055561543561706,0.028651792394672217,-0.0009451814291291392,-1.6762843746610399
5.51,110.00923576232061,3.9903140300528563,-0.030244824718277056,-0.08252890293335646,-0.49974399464168734,0.49974399464168734,0.029397054144705934,-0.0008823600174153571,-1.6505780586671293
5.5200000000000005,110.20914178924632,3.9841839269906414,-0.03106366861554822,-0.0812441591457803,-0.493783368209177,0.49378336820917695,0.030215898041977097,-0.0008219822096173547,-1.624883182915606
5.53,110.40904277013917,3.9778914177620353,-0.03186967274250558,-0.07996094377571251,-0.4876743450577649,0.4876743450577649,0.03093354799121677,-0.0007636524597526245,-1.5992188755142502
5.54,110.60893865586073,3.9714390713477727,-0.03266285630044136,-0.078680037643742,-0.48141894245646216,0.4814189424564622,0.031636256168061545,-0.0007074132068282678,-1.57360075287484
5.55,110.80882940327554,3.9648294520157,-0.033443246305604475,-0.07740222291614708,-0.47501994654652724,0.47501994654652724,0.032323845568106795,-0.000653306052283994,-1.5480444583229416
5.5600000000000005,111.00871497508494,3.9580651177514294,-0.034210877600859856,-0.07612828274654992,-0.46848014724724846,0.46848014724724846,0.03299614202473272,-0.0006014577553085459,-1.5225656549309985
5.57,111.20859533965506,3.9511486186762244,-0.0349657930346493,-0.07485903498109445,-0.4618064550050758,0.4618064550050758,0.03375105745852216,-0.0005523345460953304,-1.497180699621889
5.58,111.40847047083616,3.9440824953625224,-0.0357080444789092,-0.07359546591101276,-0.45499861923098367,0.4549986192309837,0.034395225394673413,-0.0005054948361654281,-1.4719093182202552
5.59,111.60834034777048,3.9368692769792037,-0.036437692693194766,-0.07233836741690779,-0.44805868632068213,0.44805868632068213,0.03502382112247887,-0.0004609759308528854,-1.4467673483381558
5.6000000000000005,111.8082049547022,3.9295114796409845,-0.03715480635132028,-0.07108853047299793,-0.4409894794960827,0.4409894794960827,0.03563668667809299,-0.00041881401778022433,-1.4217706094599585
5.61,112.00806428078538,3.9220116048244815,-0.037859462030164416,-0.06984674472242175,-0.43379381849445847,0.4337938184944585,0.036233665206143593,-0.0003791626854087369,-1.396934894448435
5.62,112.20791831988754,3.9143721377717755,-0.03855174442973623,-0.06861384499744161,-0.4264792834570284,0.4264792834570284,0.03692594760571541,-0.0003424803798645845,-1.3722768999488322
5.63,112.40776707038516,3.9065955457795214,-0.0392317474262481,-0.06739083115636371,-0.4190451035076907,0.41904510350769064,0.03749460369993976,-0.0003082859331057617,-1.3478166231272741
5.64,112.60761053494878,3.8986842763241785,-0.03989957383922025,-0.0661784927036617,-0.41149332126941907,0.41149332126941907,0.03804716499743563,-0.0002766092114391676,-1.3235698540732341
5.65,112.80744872033337,3.8906407554146303,-0.04055533436412738,-0.06497761533842313,-0.40382676543326756,0.40382676543326756,0.038583485474361655,-0.0002474786323748527,-1.2995523067684625
5.66,113.00728163716877,3.8824673860215366,-0.04119914753184416,-0.06378898045593952,-0.39604825426120066,0.3960482542612006,0.039103418173376134,-0.00022108181982606777,-1.2757796091187903
5.67,113.20710929974732,3.8741665464944717,-0.04183113998233583,-0.06261342828288662,-0.3881662173556551,0.38816621735565515,0.03973541062386781,-0.00019784068216744828,-1.2522685656577324
5.68,113.40693172580367,3.865740588852236,-0.04245144751258844,-0.061451949495248376,-0.3801791268231571,0.3801791268231571,0.040227122483623826,-0.00017724595817609446,-1.2290389899049674
5.69,113.60674893628631,3.857191836927791,-0.04306021471617125,-0.060305313471353206,-0.3720890014274383,0.3720890014274382,0.0407022942040241,-0.00015931731912681652,-1.2061062694270641
5.7,113.80656095513697,3.8485225847610973,-0.04365759384309072,-0.059174282145164986,-0.363898646889198,0.363898646889198,0.04116078304389261,-0.00014407262160341048,-1.1834856429032996
5.71,114.00636780907269,3.8397350950782934,-0.04424374472248142,-0.05805960943502494,-0.35561085207901405,0.35561085207901405,0.041602442896630516,-0.0001317408165464973,-1.1611921887004988
5.72,114.20616952736589,3.8308315977590683,-0.044818835102634014,-0.05696212500133836,-0.3472351218469979,0.3472351218469979,0.04217753327678311,-0.0001226711262689096,-1.1392425000267672
5.73,114.40596614161764,3.821814288165391,-0.045383041639839146,-0.05588278037743566,-0.3387688866768957,0.3387688866768957,0.042591330589041805,-0.00011634326305829171,-1.1176556075487132
5.74,114.60575768552454,3.8126853253584527,-0.04593654937752556,-0.05482230220728615,-0.33021413826521445,0.33021413826521445,0.042988181329119406,-0.00011276364308634651,-1.0964460441457229
5.75,114.80554419465679,3.803446830579096,-0.046479550566126654,-0.0537814052873185,-0.3215736353549142,0.3215736353549142,0.04336793545008713,-0.00011193650019714555,-1.07562810574637
5.76,115.00532570624037,3.7941008858230294,-0.0470122445414461,-0.05276079193675848,-0.3128501142040709,0.3128501142040709,0.043730436645518046,-0.00011413793848778402,-1.0552158387351696
5.7700000000000005,115.20510225893891,3.7846495324049387,-0.04753483814125902,-0.05176125991252775,-0.30405443877390226,0.30405443877390226,0.04425303024533097,-0.00011960358039980176,-1.0352251982505551
5.78,115.40487389262867,3.7750947693739647,-0.04804754656978208,-0.05078368448764156,-0.2951826530726015,0.2951826530726015,0.04458823055807079,-0.0001278244973778443,-1.0156736897528313
5.79,115.60464064817086,3.765438551867836,-0.048550592685910186,-0.049828722054336486,-0.28623674038503155,0.2862367403850316,0.044906068966367445,-0.0001387907759935871,-0.9965744410867297
5.8,115.80440256719697,3.7556827897387555,-0.04904420582756143,-0.048897012081431435,-0.2772193944688027,0.2772193944688027,0.04520637525408005,-0.00015249000238712066,-0.9779402416286287
5.8100000000000005,116.00415969190027,3.7458293462804266,-0.04952862163915639,-0.04798917645919637,-0.2681332820700826,0.2681332820700826,0.045488969534167756,-0.00016924731049672135,-0.9597835291839274
5.82,116.20391206482765,3.735880036945326,-0.05000408256819615,-0.04710595352531554,-0.2589909818142997,0.2589909818142997,0.04596443046320752,-0.0001891445441135878,-0.9421190705063108
5.83,116.40365972866529,3.7258366279069497,-0.05047083853481654,-0.04624809940972018,-0.2497867322834457,0.2497867322834457,0.04622041801889294,-0.00021171025144035358,-0.9249619881944037
5.84,116.6034027260253,3.715700834627457,-0.05092914600869225,-0.045416168562544906,-0.24052255470294887,0.24052255470294884,0.04645856062417688,-0.00023691553928014444,-0.9083233712508981
5.8500000000000005,116.80314109924728,3.7054743206956444,-0.051379266891519025,-0.04461069301260342,-0.23120106769407262,0.23120106769407262,0.04667865250796872,-0.0002647288103226764,-0.8922138602520684
5.86,117.00287489020698,3.695158696769418,-0.05182146828965525,-0.04383218174046004,-0.22182485982219252,0.22182485982219252,0.04688047427994601,-0.0002955187021875846,-0.8766436348092008
5.87,117.20260414012647,3.6847555195110036,-0.05225602308108927,-0.043081279638467015,-0.21240866656407587,0.21240866656407587,0.047315029071380035,-0.00032918265052692147,-0.8616255927693404
5.88,117.40232888937803,3.674266290366792,-0.05268321032490347,-0.04235857821104939,-0.20294441296317023,0.20294441296317023,0.04749098000194284,-0.00036531316964070456,-0.8471715642209877
5.89,117.60204917729403,3.663692454431253,-0.05310331412690097,-0.04166449587491068,-0.19343423868719192,0.19343423868719192,0.04764846443232111,-0.00040386070628166366,-0.8332899174982136
5.9,117.80176504199233,3.6530353995684095,-0.053516622637038734,-0.04099942313714782,-0.18388068699740573,0.1838806869974057,0.04778722307492929,-0.00044477297999724906,-0.8199884627429564
5.91,118.00147652020917,3.6422964556373714,-0.053923427767685626,-0.04036372206785292,-0.1742862699432637,0.1742862699432637,0.0479069785783586,-0.0004884450993585362,-0.8072744413570585
5.92,118.20118364713464,3.631476893715048,-0.054324025800920064,-0.03975790404112745,-0.16466842437492338,0.1646684243749234,0.04830757661159304,-0.0005345806842258973,-0.795158080822549
5.93,118.40088645624203,3.620577925172196,-0.05471871749293494,-0.039182352930788054,-0.15501614888430038,0.1550161488843004,0.04840212706396607,-0.000582857817578845,-0.7836470586157611
5.94,118.60058497912826,3.6096007009149926,-0.05510780676096533,-0.03863731752175884,-0.14533182282688847,0.14533182282688845,0.048477368275355544,-0.000633206125367197,-0.7727463504351768
5.95,118.80027924536911,3.5985463108596765,-0.055491599845567494,-0.03812301380270138,-0.13561792594025174,0.13561792594025174,0.04853296716985501,-0.0006855527127069059,-0.7624602760540277
5.96,118.99996928238272,3.5874157835066622,-0.055870404980906146,-0.03763962461710684,-0.12587722647269536,0.12587722647269536,0.04891177230519366,-0.000740286733102391,-0.7527924923421369
5.97,119.19965511529536,3.576210085519305,-0.056244532984562036,-0.037187483303036006,-0.1161295691076092,0.11612956910760922,0.04894269580303551,-0.0007969424364292444,-0.7437496660607201
5.98,119.39933676680262,3.564930121177183,-0.056614297049062574,-0.036766732148606644,-0.10636124905435476,0.10636124905435475,0.04895355525413033,-0.000855293567049299,-0.7353346429721329
5.99,119.5990142570458,3.5535767320647964,-0.056980011326172204,-0.03637742102120709,-0.0965747346522917,0.0965747346522917,0.048943948679196374,-0.0009152506933196881,-0.7275484204241418
6.0,119.79868760350188,3.542150696958709,-0.057341990283698865,-0.03601956338348164,-0.0867724679641033,0.0867724679641033,0.04891344736537989,-0.0009767223116767029,-0.7203912676696328
6.01,119.99835682088097,3.530652731805937,-0.057700548340946387,-0.035693136193657264,-0.07695781186091012,0.07695781186091012,0.04927200542262741,-0.0010400415914821291,-0.7138627238731453
6.0200000000000005,120.19802192102709,3.5190834897186725,-0.058056000351008476,-0.035398248810125967,-0.06715288216775235,0.06715288216775235,0.049217046825974414,-0.0011046417692509153,-0.7079649762025193
6.03,120.39768291281584,3.5074435608806143,-0.058408661123691454,-0.035134783972460365,-0.05734133588241954,0.057341335882419533,0.04914056734977559,-0.0011703842833401268,-0.7026956794492073
6.04,120.59733980207012,3.495733472728664,-0.058758844032560695,-0.034902571868057924,-0.0475256387672325,0.0475256387672325,0.04904205205207635,-0.001237164442298878,-0.6980514373611585
6.05,120.79699259148721,3.4839536902923163,-0.05910686056193013,-0.0347014045862386,-0.03770823651043483,0.03770823651043484,0.048920954519597284,-0.0013049087797284596,-0.694028091724772
6.0600000000000005,120.9966412805724,3.4721046166094593,-0.05945301999170194,-0.0345310492385864,-0.027893345132238633,0.027893345132238637,0.04926711394936909,-0.0013737301567888932,-0.6906209847717281
6.07,121.19628586557654,3.4601865931715157,-0.05979762952025343,-0.03439132224419897,-0.018105640735757822,0.01810564073575782,0.0491213055606574,-0.0014431739114808976,-0.6878264448839794
6.08,121.39592633943563,3.4481999003701707,-0.06014099362509715,-0.03428186359910387,-0.008325782699189717,0.008325782699189717,0.04895202933152608,-0.0015131262740139388,-0.6856372719820775
6.09,121.59556269172603,3.436144758175252,-0.06048341299343725,-0.03420227537202923,0.0014437114422969797,0.0014437114422969797,0.048758636439913246,-0.0015834728602481018,-0.6840455074405847
6.1000000000000005,121.79519490862897,3.424021326933955,-0.06082518414544358,-0.03415212221211586,0.01120033511017,0.01120033511017,0.048540442644535296,-0.0016541404263508733,-0.6830424442423172
6.11,121.99482297290113,3.4118297082391997,-0.06116659914550763,-0.03413094838252809,0.020938716385235968,0.020938716385235968,0.04888185764459935,-0.001725015327731111,-0.6826189676505617
6.12,122.19444686385047,3.3995699458494895,-0.061507945320142525,-0.03413826216435072,0.03063127595840474,0.030631275958404744,0.04863807396109343,-0.001795838363815192,-0.6827652432870145
6.13,122.39406655731891,3.3872420266944308,-0.0618495046125555,-0.03417347892505084,0.040300759242596414,0.040300759242596414,0.04836829469709124,-0.001866491926788317,-0.6834695785010169
6.140000000000001,122.59368202567597,3.3748458820274743,-0.06219155294404856,-0.0342359790327801,0.04994452732652623,0.049944527326526225,0.048071720441342586,-0.001936858667260198,-0.6847195806556019
6.15,122.79329323781987,3.3623813886673766,-0.06253435986801537,-0.03432510865175054,0.05955994040051332,0.05955994040051333,0.04774751402546387,-0.0020067976652765594,-0.6865021730350108
6.16,122.99290015918488,3.3498483703110344,-0.06287818818447129,-0.0344401710849493,0.06914013938805365,0.06914013938805365,0.04809134234191979,-0.0020761165131466986,-0.688803421698986
6.17,123.19250275175625,3.337246598935496,-0.06322329341340632,-0.034580407232337906,0.07865421633100791,0.07865421633100791,0.04773990567640379,-0.002144699761862382,-0.6916081446467581
6.18,123.39210097409367,3.324575796307396,-0.06356992332985015,-0.0347450273041952,0.08812879632623764,0.08812879632623764,0.04735929674137106,-0.00221243308571371,-0.6949005460839041
6.19,123.59169478136143,3.3118356355637317,-0.06391831766225564,-0.03493321187366976,0.09756103669776994,0.09756103669776994,0.04694855693226034,-0.002279203245352619,-0.6986642374733952
6.2,123.79128412536423,3.2990257428517373,-0.06426870780122983,-0.03514411289386242,0.1069480797870454,0.1069480797870454,0.046506690256262084,-0.002344730919547632,-0.7028822578772485
6.21,123.99086895459024,3.2861456990479367,-0.06462131618621618,-0.03537678849170876,0.11628124904822153,0.11628124904822154,0.04685929864124844,-0.0024089161654472957,-0.7075357698341753
6.22,124.19044921426531,3.27319504161844,-0.06497635573293022,-0.035630275864459576,0.1255257566545793,0.12552575665457932,0.046387703378138315,-0.002471715374071021,-0.7126055172891915
6.23,124.39002484641343,3.2601732665374468,-0.06533402973806222,-0.03590361400382403,0.13471267846660004,0.13471267846660004,0.04588308268712328,-0.0025330242100281815,-0.7180722800764806
6.24,124.58959578992008,3.2470798302176487,-0.06569453177639624,-0.03619581961116727,0.1438388777111353,0.1438388777111353,0.04534432332948907,-0.00259274013966357,-0.7239163922233454
6.25,124.78916198060082,3.2339141514766503,-0.0660580454837006,-0.03650588825242394,0.15290118723699836,0.15290118723699836,0.04477027915966465,-0.0026503862101206264,-0.7301177650484789
6.26,124.98872335127798,3.220675613595283,-0.06642474360360198,-0.036832646496669404,0.16188883061058879,0.16188883061058879,0.04513697727956603,-0.0027061174185938315,-0.736652929933388
6.2700000000000005,125.18827983187387,3.207363566579334,-0.06679478756992065,-0.037175005531469685,0.17076240257835193,0.17076240257835193,0.04452981642627457,-0.0027598841909755906,-0.7435001106293937
6.28,125.38783134950305,3.1939773293638445,-0.06716832793802087,-0.03753187847165944,0.1795581350114388,0.1795581350114388,0.04388513654108787,-0.0028115977697109862,-0.7506375694331888
6.29,125.58737782856603,3.180516191991239,-0.06754550432604535,-0.03790216480349484,0.18827250654488736,0.18827250654488736,0.04320169376348288,-0.0028611200544322625,-0.7580432960698968
6.3,125.7869191908478,3.166979417817806,-0.06792644518195207,-0.03828473111345428,0.1969019501319048,0.19690195013190478,0.04247822154094938,-0.002907896407188878,-0.7656946222690857
6.3100000000000005,125.98645535562736,3.153366245834198,-0.06831126663023564,-0.03867824677976277,0.2054334214410463,0.2054334214410463,0.04286304298923295,-0.002952304377703282,-0.7735649355952554
6.32,126.18598623980537,3.1396758932001876,-0.06870007237144297,-0.03908155704842938,0.21382189730155018,0.21382189730155018,0.04210223913780452,-0.002994272040057227,-0.7816311409685877
6.33,126.38551175802453,3.125907557612391,-0.06909295453039298,-0.03949350154655225,0.22210965128882668,0.22210965128882668,0.041298909396483265,-0.0030337302174231182,-0.7898700309310449
6.34,126.58503182279004,3.112060419622548,-0.06948999360600716,-0.03991291548229311,0.23029269809534447,0.23029269809534447,0.040451730208649964,-0.0030704190785874317,-0.7982583096458622
6.3500000000000005,126.78454634459645,3.0981336449899928,-0.0698912580487799,-0.0403385542281827,0.23836699350230983,0.2383669935023098,0.0395593731916522,-0.003103972218374666,-0.806771084563654
6.36,126.98405523206887,3.084126387181805,-0.07029680325861852,-0.04076905269585529,0.2463172555748068,0.2463172555748068,0.03996491840149082,-0.003134781752985309,-0.8153810539171058
6.37,127.18355839211762,3.0700377899983806,-0.07070667189918048,-0.041203228115925465,0.2540914974170391,0.2540914974170392,0.03903037884739621,-0.0031627973703524047,-0.8240645623185093
6.38,127.38305573008316,3.0558669899949136,-0.07112089482396504,-0.041639901214497274,0.26173914907579005,0.26173914907579005,0.038048043291223306,-0.0031879716950135284,-0.8327980242899455
6.390000000000001,127.58254714988092,3.0416131188360853,-0.07153949111675527,-0.04207789730692231,0.2692557084586235,0.26925570845862346,0.03701659459694164,-0.0032099065320662164,-0.8415579461384461
6.4,127.78203255415346,3.0272753056881223,-0.07196246744006982,-0.042515907273119685,0.2766366060556686,0.2766366060556686,0.03593473856504948,-0.003228506564475469,-0.8503181454623937
6.41,127.9815118444407,3.012852679791739,-0.07238981730590072,-0.04295261016724805,0.2838646415505933,0.2838646415505933,0.03636208843088039,-0.0032441177198685293,-0.859052203344961
6.42,128.18098492135584,2.9983443730404145,-0.07282152183526586,-0.04338684819646515,0.2908791115102188,0.2908791115102188,0.03523291646829374,-0.0032567119488363504,-0.867736963929303
6.43,128.380451684751,2.9837495223412844,-0.0732575506305393,-0.04381747538545276,0.29773798285504155,0.29773798285504155,0.03405082142914452,-0.003266264154656575,-0.8763495077090553
6.44,128.57991203388283,2.9690672719017246,-0.07369786189831885,-0.04424335851175639,0.30443623008427767,0.30443623008427767,0.0328146221013103,-0.003272247743584169,-0.8848671702351278
6.45,128.7793658675863,2.9542967755568723,-0.07414240157934682,-0.04466317824713411,0.31096875980195676,0.3109687598019568,0.031523199788463685,-0.0032748605616733793,-0.8932635649426822
6.46,128.97881308446966,2.939437199305077,-0.07459110294520824,-0.0450757197400806,0.317317134552889,0.31731713455288896,0.0319719011543251,-0.003274368592109784,-0.901514394801612
6.47,129.1782535831063,2.9244877237223244,-0.07504388776809001,-0.045479897531160926,0.3234097847912016,0.3234097847912016,0.030628294505000153,-0.003270765162768334,-0.9095979506232186
6.48,129.37768726221674,2.9094475461633147,-0.07550066706015494,-0.04587464501213849,0.32931485737464794,0.32931485737464794,0.029227373882801916,-0.0032640464138159286,-0.9174929002427699
6.49,129.5771140208504,2.894315882887719,-0.07596134126576817,-0.046258915166438375,0.3350268666569166,0.3350268666569166,0.027768273223327544,-0.0032535871690245687,-0.9251783033287675
6.5,129.77653375857653,2.8790919712294776,-0.07642579922107791,-0.04663143412342871,0.34054027045319,0.34054027045319,0.02625024141281901,-0.003239850150901196,-0.9326286824685742
6.51,129.97594637569813,2.863775071991123,-0.07689391806937428,-0.046991136487196425,0.34583645144352165,0.34583645144352165,0.026718360261115376,-0.003223012459026705,-0.9398227297439286
6.5200000000000005,130.1753517734542,2.848364471604981,-0.07736556475767085,-0.04733704809421404,0.3508305916885405,0.35083059168854047,0.025144303736346595,-0.003203086717856577,-0.9467409618842808
6.53,130.37474985421267,2.832859484095558,-0.0778405966131974,-0.04766821907030357,0.35560283691906264,0.35560283691906264,0.02351007733714077,-0.003180088092372296,-0.9533643814060715
6.54,130.57414052166342,2.8172594529706996,-0.07831886158892809,-0.04798372435579107,0.3601474002943036,0.3601474002943036,0.021815360577094482,-0.0031533332505605536,-0.9596744871158214
6.55,130.7735236810201,2.8015637531555333,-0.07880019712153423,-0.04828238659080298,0.36445846543197,0.36445846543197,0.020060012401114873,-0.0031234887888925106,-0.9656477318160596
6.5600000000000005,130.9728992392458,2.785771793157109,-0.07928443031539284,-0.048563315718642856,0.36851856544888634,0.36851856544888634,0.020544245594973483,-0.003090652275467804,-0.9712663143728572
6.57,131.17226710525992,2.769883016911262,-0.0797713796565709,-0.04882567794647383,0.37222744406433866,0.37222744406433866,0.018731038012194473,-0.003054852753824184,-0.9765135589294766
6.58,131.37162719013583,2.7538969054498392,-0.08026085543373514,-0.04906866749367501,0.3756790101572016,0.3756790101572016,0.01685733736905677,-0.0030161186789136527,-0.9813733498735001
6.59,131.5709794072986,2.737812978502544,-0.08075266001432196,-0.049291505804066785,0.3788674540015463,0.3788674540015463,0.014923642720342105,-0.002973758965777209,-0.9858301160813356
6.6000000000000005,131.77032367273094,2.7216307961390878,-0.08124658668454372,-0.04949315604993424,0.3817869817358542,0.3817869817358542,0.01293070517253958,-0.002928560898489746,-0.9898631209986848
6.61,131.969659905202,2.7053499606341367,-0.08174242002945396,-0.049672913719509625,0.38442259982677834,0.3844225998267784,0.013426538517449819,-0.0028805649078263015,-0.9934582743901925
6.62,132.16898802647214,2.688970117965462,-0.08223993773929775,-0.04983010426295256,0.38665740467693566,0.38665740467693566,0.01137706413974729,-0.0028298131805660426,-0.9966020852590513
6.63,132.3683079614884,2.6724909591519443,-0.08273891090964307,-0.04996408319448832,0.3886003410495954,0.38860034104959545,0.009270451760752446,-0.002776299470468314,-0.9992816638897664
6.640000000000001,132.56761963858023,2.6559122215378386,-0.08323910424281168,-0.05007421631633849,0.39024598791471893,0.3902459879147189,0.007108315393446904,-0.0027194960167123325,-1.0014843263267696
6.65,132.76692298966208,2.6392336901185898,-0.08374027511362651,-0.05015967298139373,0.3915890039806463,0.39158900398064633,0.004892593645603044,-0.002660103534390857,-1.0031934596278747
6.66,132.9662179504538,2.6224551990256826,-0.08424217406508727,-0.05021991649222854,0.39261769801740226,0.39261769801740226,0.005394492597063802,-0.0025981726939120244,-1.004398329844571
6.67,133.16550446067637,2.6055766326751706,-0.08474454642720168,-0.050254440845564505,0.39319947269196087,0.39319947269196087,0.003127938761558549,-0.002533755498531396,-1.0050888169112902
6.68,133.36478246423854,2.5885979267676604,-0.08524713262352597,-0.05026277065232847,0.393458414467297,0.393458414467297,0.0008124577160248113,-0.0024668315018409755,-1.0052554130465694
6.69,133.56405190942178,2.571519069236683,-0.08574966833032768,-0.050244431839461506,0.39339002915485366,0.39339002915485366,-0.0015489454155118432,-0.002396992956450053,-1.00488863678923
6.7,133.7633127490709,2.554340101235621,-0.08625188372015113,-0.05019879824239459,0.39298998004547275,0.3929899800454727,-0.003952882045863415,-0.002324864022019914,-1.0039759648478919
6.71,133.96256494079753,2.537061118239243,-0.08675350400613502,-0.05012550327923478,0.3922495795800884,0.3922495795800884,-0.0034512617598795314,-0.00225050247753285,-1.0025100655846957
6.72,134.1618084471591,2.5196822708402777,-0.08725425088680547,-0.050024210508907,0.39102507380104845,0.3910250738010485,-0.005894822613495762,-0.002173967027828539,-1.00048421017814
6.73,134.36104323582802,2.502203765409918,-0.08775384284632974,-0.04989461340098993,0.38945377108858836,0.38945377108858836,-0.008373229775107044,-0.002095238625323574,-0.9978922680197987
6.74,134.5602692797574,2.484625864708894,-0.08825199529617797,-0.04973640395142288,0.3875327297061368,0.3875327297061368,-0.010881891435727514,-0.002013991617483351,-0.9947280790284576
6.75,134.75948655735084,2.4669488885313924,-0.08874841995139117,-0.0495491512879898,0.3852592462112367,0.38525924621123675,-0.013415805111854515,-0.0019307846280826818,-0.990983025759796
6.76,134.95869505264068,2.4491732144357754,-0.08924282537092605,-0.0493326543001531,0.38262563795773846,0.38262563795773846,-0.012921399692319634,-0.00184567976928356,-0.986653086003062
6.7700000000000005,135.15789475544236,2.431299278201011,-0.08973491824601192,-0.04908674045769485,0.37948632184050807,0.37948632184050807,-0.015477465146498892,-0.0017587397107861483,-0.981734809153897
6.78,135.35708566149776,2.4133275741597044,-0.09022440368422233,-0.04881126546558846,0.3759870512751556,0.3759870512751556,-0.018047844784961964,-0.0016699567471758579,-0.9762253093117692
6.79,135.55626777261386,2.395258655484155,-0.09071098534920591,-0.04850608483449163,0.37212707185078,0.37212707185078,-0.020626320875807402,-0.001579058249349581,-0.9701216966898327
6.8,135.7554410968027,2.3770931344983715,-0.09119436493242956,-0.04817094896778414,0.3679059349921724,0.3679059349921724,-0.023206289079030037,-0.001486547022518686,-0.9634189793556829
6.8100000000000005,135.95460564842722,2.358831683061576,-0.09167424265312801,-0.04780581233539476,0.36331312961318046,0.3633131296131804,-0.02272641135833159,-0.0013924871795839271,-0.9561162467078952
6.82,136.15376144832322,2.3404750327066837,-0.09215031840713318,-0.047410655699217985,0.3582155660405681,0.3582155660405681,-0.025304698666471365,-0.0012969430738511453,-0.9482131139843597
6.83,136.3529085239098,2.322023974667873,-0.09262229202765997,-0.046985485687704866,0.35275940618451523,0.35275940618451523,-0.027870477398871996,-0.0011999231523214479,-0.9397097137540973
6.84,136.55204690929293,2.303479359864163,-0.09308986343033122,-0.04653031214329091,0.34694661617544775,0.34694661617544775,-0.030416095819296343,-0.0011011880107872952,-0.9306062428658182
6.8500000000000005,136.75117664536876,2.2848420989019815,-0.0935527321525842,-0.04604504990309993,0.3407795044270144,0.3407795044270144,-0.03293360670428986,-0.0010011921727249603,-0.9209009980619987
6.86,136.95029777993014,2.2661131621423305,-0.09401059779170394,-0.04552979549395043,0.3342398215035168,0.3342398215035168,-0.032475741065170115,-0.0008999998789585307,-0.9105959098790085
6.87,137.14941036774997,2.247293579550435,-0.09446316102828457,-0.04498466897237256,0.32722455037998904,0.32722455037998904,-0.03496223820933937,-0.0007976753486265754,-0.8996933794474513
6.88,137.3485144706519,2.2283844404467112,-0.09491012385914577,-0.0444098134501008,0.31986951753236637,0.3198695175323663,-0.037404285234035745,-0.00069424401700586,-0.8881962690020161
6.890000000000001,137.54761015757344,2.2093868932172023,-0.09535118974854144,-0.04380537927811183,0.31217972273239164,0.31217972273239164,-0.03979326847275215,-0.0005894878562570478,-0.8761075855622367
6.9,137.74669750462607,2.190302145036889,-0.09578606321613661,-0.043171427485424296,0.30416050136026,0.30416050136025996,-0.04212044180818081,-0.000483818485272743,-0.8634285497084859
6.91,137.94577659515772,2.1711314616555057,-0.09621445020360117,-0.04250818090460426,0.2957818150929499,0.2957818150929499,-0.04169205482071625,-0.0003772988283378963,-0.8501636180920852
6.92,138.14484751979222,2.1518761669916113,-0.09663605898380896,-0.041815882875523826,0.28698726396192864,0.2869872639619286,-0.043955368855505536,-0.0002699915786708305,-0.8363176575104765
6.93,138.34391037645568,2.1325376426397455,-0.09705060036341467,-0.04109479674778072,0.2778908140569213,0.2778908140569213,-0.04613947934749879,-0.0001619373368664343,-0.8218959349556144
6.94,138.54296527039443,2.1131173273410697,-0.0974577878370713,-0.04034519673521404,0.26850050530167713,0.2685005053016772,-0.048235558315518526,-5.2933520476072725e-05,-0.8069039347042808
6.95,138.74201231418846,2.0936167164620136,-0.09785733721185333,-0.03956727139384042,0.25882466433693196,0.25882466433693196,-0.0502348681589628,5.664747924873486e-05,-0.7913454278768084
6.96,138.9410516277658,2.07403736153554,-0.0982489669015071,-0.0387613530228334,0.2488211638089942,0.24882116380899422,-0.049843238469309034,0.00016674512826567298,-0.775227060456668
6.97,139.14008333839504,2.0543808696346564,-0.09863239873002615,-0.03792779131448903,0.23848928157115143,0.23848928157115146,-0.051745391630822826,0.0002772992861933451,-0.7585558262897806
6.98,139.33910758066466,2.0346489026703076,-0.09900735810307267,-0.03706695285391865,0.22791206940533307,0.22791206940533307,-0.05353409412217698,0.00038825748611403556,-0.741339057078373
6.99,139.53812449645315,2.0148431766571897,-0.09937357415998227,-0.03617921774565384,0.21710028820647947,0.21710028820647947,-0.05520124985721301,0.0004998089359046672,-0.7235843549130767
7.0,139.7371342348938,1.9949654609841148,-0.09973077942747208,-0.035264883636312354,0.20606490988131967,0.20606490988131967,-0.05673910494545404,0.0006116179166104368,-0.7052976727262471
7.01,139.9361369523395,1.9750175777475873,-0.10007871004614217,-0.03432437523232798,0.19475807044110788,0.1947580704411079,-0.056391174326783935,0.0007236270543167319,-0.6864875046465596
7.0200000000000005,140.135132812307,1.9550014009398597,-0.10041710647545476,-0.03335813155197608,0.18322954845094058,0.18322954845094058,-0.05780191369570456,0.0008357794919592802,-0.6671626310395217
7.03,140.33412198540825,1.9349188555721266,-0.10074571363440392,-0.032366605437294055,0.17152866502335345,0.17152866502335343,-0.05906937380995728,0.0009480189110928766,-0.6473321087458811
7.04,140.53310464927262,1.9147719167708708,-0.10106428103731009,-0.031350263067044554,0.15966831243461788,0.15966831243461788,-0.06018718872954411,0.0010605086014755535,-0.6270052613408911
7.05,140.7320809884629,1.8945626088772882,-0.10137256248955949,-0.030309496721955546,0.14766151386441043,0.14766151386441043,-0.06114957086937266,0.0011729600401891185,-0.606189934439111
7.0600000000000005,140.93105119439096,1.87429300460553,-0.10167031625359585,-0.029244805177807146,0.1354691171205172,0.1354691171205172,-0.06085181710533629,0.001285315387036881,-0.584896103556143
7.07,141.13001546521434,1.8539652240804247,-0.10195730564498696,-0.028156700240210178,0.12316791283607849,0.12316791283607849,-0.06166437252930003,0.0013975215673440948,-0.5631340048042035
7.08,141.32897400572114,1.8335814338198533,-0.10223329915196097,-0.027045704599324538,0.11077969314748493,0.11077969314748493,-0.06231208512760056,0.0015095261328346393,-0.5409140919864908
7.09,141.5279270272058,1.8131438456956546,-0.10249807054192603,-0.02591235136626059,0.09831872001049959,0.09831872001049959,-0.06279118234763659,0.001621453695461192,-0.5182470273252118
7.1000000000000005,141.72687474733877,1.7926547158978,-0.1027513986128732,-0.024757113746181725,0.08579420939457831,0.08579420939457831,-0.06253785427668941,0.0017330730122171716,-0.4951422749236345
7.11,141.92581739003475,1.7721163439479233,-0.10299306730725671,-0.02358054715252786,0.07321227626719373,0.07321227626719373,-0.06285697418081404,0.0018443221891467159,-0.4716109430505572
7.12,142.12475518530513,1.7515310716197803,-0.1032228661894591,-0.022383220512464424,0.060621010779163896,0.06062101077916389,-0.06300242635223986,0.0019551522577611145,-0.4476644102492885
7.13,142.32368836909905,1.7309012818126959,-0.10344059055390653,-0.021165710880465132,0.04803522290608545,0.04803522290608545,-0.06297276484707494,0.00206551493855548,-0.42331421760930266
7.140000000000001,142.5226171831365,1.7102293974079228,-0.10364604150416577,-0.019928603004524398,0.03546970130648353,0.03546970130648353,-0.06276735957307347,0.0021755042686859237,-0.39857206009048796
7.15,142.7215418747355,1.6895178801291044,-0.10383902574636981,-0.018672432812641967,0.022943940130761415,0.022943940130761415,-0.06257437533086944,0.002284935428617806,-0.37344865625283935
7.16,142.92046269663774,1.6687692294447736,-0.10401935565988152,-0.017397798814171462,0.010488261262206583,0.010488261262206583,-0.06220607402450276,0.002393745722073102,-0.3479559762834292
7.17,143.119379906821,1.6479859814003408,-0.10418684967426413,-0.016105312496577026,-0.0018827080721182318,0.0018827080721182318,-0.06166342076485345,0.002501890480606441,-0.3221062499315405
7.18,143.3182937683015,1.6271707074110362,-0.1043413323619567,-0.014795590928949347,-0.014154446225909287,0.014154446225909285,-0.06094824185757955,0.0026093257676816106,-0.29591181857898696
7.19,143.51720454892939,1.6063260130421015,-0.10448263449208177,-0.013469256361626476,-0.026312509928813586,0.026312509928813586,-0.06006316429655491,0.002716122025900116,-0.2693851272325295
7.2,143.7161125211792,1.5854545367943214,-0.10461059285450233,-0.012126890826425327,-0.03830492520022576,0.03830492520022576,-0.059935205934134345,0.002822131380507321,-0.24253781652850653
7.21,143.91501796193901,1.5645589489261078,-0.10472505029537016,-0.010769123392486776,-0.05012632908490786,0.05012632908490786,-0.05889713659829535,0.002927292983526582,-0.21538246784973553
7.22,144.11392115228867,1.5436419502232135,-0.10482585600992748,-0.00939659476996151,-0.06177290628848298,0.06177290628848299,-0.057696881542746485,0.003031566565336853,-0.18793189539923022
7.23,144.31282237727007,1.5227062707369696,-0.10491286561687707,-0.008009948929927525,-0.07323128929268331,0.07323128929268331,-0.05633930531722964,0.0031349126158265535,-0.1601989785985505
7.24,144.51172192565156,1.501754668513956,-0.10498594118915852,-0.00660983273903402,-0.08448566141958591,0.08448566141958593,-0.05626622974494819,0.0032373837958580495,-0.1321966547806804
7.25,144.7106200896888,1.4807899283324752,-0.10504495109949731,-0.0051968594000132385,-0.09544262378818591,0.09544262378818592,-0.054770936222575964,0.0033388612762961273,-0.10393718800026477
7.26,144.90951716488453,1.4598148604715855,-0.10508977002781451,-0.0037716770328604047,-0.10615598553010451,0.10615598553010451,-0.05313015070941525,0.0034392880581457534,-0.07543354065720809
7.2700000000000005,145.1084134497403,1.4388322994421423,-0.10512027918409088,-0.002334943497049281,-0.11661412316983037,0.11661412316983039,-0.051350608665737776,0.0035386283001383346,-0.04669886994098562
7.28,145.30730924550193,1.4178451026934584,-0.10513636636275936,-0.000887317819657019,-0.12680564512583192,0.1268056451258319,-0.04943956651334472,0.0036368469360841668,-0.01774635639314038
7.29,145.50620485590085,1.3968561493153018,-0.1051379259527253,0.0005705401347085007,-0.13668913234175073,0.13668913234175073,-0.04943800692337878,0.0037339835542385008,0.011410802694170014
7.3,145.70510058689302,1.3758683387483521,-0.10512485879734007,0.002037999245633415,-0.14619784645237321,0.14619784645237324,-0.047417810393339116,0.0038299420275299074,0.0407599849126683
7.3100000000000005,145.90399674639798,1.3548845895242878,-0.10509707217944464,0.0035144028208546133,-0.15539470855267104,0.15539470855267104,-0.04528204623640597,0.0039246705933428825,0.07028805641709227
7.32,146.10289364403204,1.333907837979248,-0.10505447998640749,0.004999086672117443,-0.1642707067890436,0.1642707067890436,-0.04303916777629471,0.004018137817632301,0.09998173344234887
7.33,146.30179159083755,1.312941036949383,-0.10499700274395249,0.00649138731426032,-0.172817137206003,0.172817137206003,-0.04069790365534351,0.004110313047432184,0.1298277462852064
7.34,146.5006908990094,1.291987154465427,-0.10492456760764596,0.007990642260620101,-0.1809614589971194,0.18096145899711938,-0.04077033879165004,0.00420122652581605,0.15981284521240202
7.3500000000000005,146.69959188162093,1.2710491724573434,-0.10483710823202673,0.009496214119708165,-0.1886856706335238,0.18868567063352382,-0.038354653375910534,0.0042907998877672274,0.18992428239416329
7.36,146.89849485235075,1.2501300854865856,-0.10473456473792256,0.011007447086606689,-0.19604776381913402,0.196047763819134,-0.03585867072941393,0.004378987463865272,0.22014894173213378
7.37,147.09740012520675,1.229232899460586,-0.10461688382979788,0.012523680255903398,-0.20304185299507893,0.20304185299507893,-0.0332915589276569,0.004465762168631629,0.25047360511806793
7.38,147.2963080142474,1.208360630335264,-0.10448401880933071,0.014044255082421672,-0.20966242400141213,0.20966242400141216,-0.03066251192677312,0.004551097695929148,0.28088510164843344
7.390000000000001,147.49521883330263,1.1875163028198497,-0.10433592955049643,0.01556851564312489,-0.21580851348971744,0.21580851348971744,-0.030810601185607397,0.004635017834972572,0.3113703128624978
7.4,147.69413289569545,1.1667029490934018,-0.1041725823740808,0.017095828424282592,-0.22151582869961964,0.2215158286996196,-0.028144039004284707,0.004717458235148047,0.34191656848565183
7.41,147.89305051396605,1.1459236075475043,-0.10399395000092317,0.01862554697202652,-0.22683099117677996,0.22683099117677996,-0.025433806603583034,0.004798379747375611,0.37251093944053043
7.42,148.09197199959493,1.1251813215181943,-0.10380001162996384,0.020157022129058087,-0.23175147690226558,0.23175147690226558,-0.022688835320721787,0.004877759547725947,0.4031404425811618
7.43,148.2908976627256,1.1044791380111398,-0.10359075293257604,0.021689608553372822,-0.23627516317263345,0.23627516317263345,-0.01991787112903097,0.004955575583508083,0.43379217106745643
7.44,148.48982781188857,1.083820106432132,-0.10336616601325968,0.023222664948143477,-0.24028067274541848,0.24028067274541848,-0.020142458048347328,0.005031847392484453,0.4644532989628696
7.45,148.68876275372756,1.0632072773307788,-0.10312624928696242,0.024755570452542695,-0.2438497918714684,0.2438497918714684,-0.017369348019933326,0.005106521857850559,0.49511140905085393
7.46,148.88770279272978,1.0426437011694243,-0.1028710074210948,0.026287695463947634,-0.24701724665567867,0.24701724665567867,-0.014587007324311813,0.0051795664496979196,0.5257539092789527
7.47,149.086648230957,1.0221324270867782,-0.10260045138117924,0.027818409963995632,-0.2497837862402464,0.24978378624024639,-0.011803377204211653,0.005250962496660947,0.5563681992799127
7.48,149.28559936777822,1.0016765016594353,-0.10231459840743284,0.02934708901516738,-0.2521505465141784,0.2521505465141784,-0.00902606680772236,0.005320692085190353,0.5869417803033476
7.49,149.48455649960533,0.9812789676713707,-0.10201347196295826,0.030873112960294314,-0.2539855924191155,0.2539855924191155,-0.009327193252196941,0.005388772151141505,0.6174622592058863
7.5,149.68351991963257,0.9609428628979888,-0.10169710161222802,0.03239588111929037,-0.25540289747949,0.25540289747948997,-0.006578698197540006,0.005455158785310318,0.6479176223858074
7.51,149.88248991758115,0.940671218914807,-0.10136552295408184,0.033914787317122094,-0.2564279602954084,0.2564279602954083,-0.0038506125016504605,0.0055198259391528465,0.6782957463424419
7.5200000000000005,150.08146677944674,0.920467059905164,-0.10101877764064587,0.03542922706591145,-0.25706441931115354,0.25706441931115354,-0.0011494090374809113,0.0055827589674086915,0.708584541318229
7.53,150.28045078725003,0.9003334014698864,-0.10065691333797355,0.036938602047530245,-0.2573162444790452,0.2573162444790452,0.0015188461336523296,0.005643943964709425,0.7387720409506049
7.54,150.47944221879214,0.8802732494472257,-0.10027998366349083,0.03844232028444853,-0.25704991767182056,0.25704991767182056,0.0011419164591696118,0.005703396480374476,0.7688464056889706
7.55,150.67844134741497,0.8602895987486237,-0.09988804806470157,0.039939807679019744,-0.2563969851390044,0.2563969851390044,0.0037565663094338703,0.005761080354713781,0.7987961535803949
7.5600000000000005,150.87744844176808,0.8403854322186718,-0.09948117174489676,0.0414304871812958,-0.255377126281758,0.255377126281758,0.0063274501250812345,0.00581697572333346,0.828609743625916
7.57,151.07646376557972,0.8205637194976028,-0.09905942566001004,0.04291378530085569,-0.2539962799730211,0.25399627997302104,0.008849761920493443,0.00587107182636493,0.8582757060171138
7.58,151.27548757743298,0.8008274158892007,-0.0986228864652875,0.044389135641956526,-0.25226063529001513,0.2522606352900151,0.011319113454689625,0.005923358622058266,0.8877827128391305
7.59,151.47452013054763,0.7811794612410292,-0.09817163644361909,0.045855979047442985,-0.2500417386601385,0.2500417386601385,0.010867863433021221,0.005973851153680261,0.9171195809488597
7.6000000000000005,151.67356167256847,0.7616227788415493,-0.09770576338403456,0.04731377338974617,-0.24747675053119023,0.24747675053119023,0.01326565588796301,0.006022519966470975,0.9462754677949234
7.61,151.87261244536086,0.7421602743411823,-0.09722536050150501,0.04876197561127542,-0.24458219186177324,0.2445821918617732,0.015603034267924516,0.006069350985058864,0.9752395122255084
7.62,152.07167268481223,0.7227948346787101,-0.09673052641559586,0.0502000478334806,-0.24136562486525373,0.2413656248652537,0.01787682709250749,0.00611433718235908,1.004000956669612
7.63,152.2707426206396,0.7035293270161052,-0.09622136508518792,0.051627460045608295,-0.2378347723001833,0.23783477230018332,0.020084245102922393,0.0061574722243166,1.032549200912166
7.640000000000001,152.46982247620406,0.6843665976873713,-0.09569798572920407,0.05304369022336741,-0.23387028488700254,0.23387028488700254,0.01956086574693855,0.0061987712741230355,1.0608738044673482
7.65,152.66891246833256,0.6653094711652365,-0.09516050270482888,0.054448232684266205,-0.22960680762140845,0.22960680762140848,0.021685384439196265,0.006238210827878716,1.0889646536853241
7.66,152.86801280714823,0.646360749051576,-0.09460903542253488,0.055840582450829616,-0.22505913413167525,0.22505913413167522,0.02373915926709405,0.006275782152725089,1.1168116490165922
7.67,153.06712369590701,0.6275232090755423,-0.09404370830975642,0.0572202410863627,-0.22023578999532453,0.22023578999532453,0.025720464562312834,0.006311481791633219,1.144404821727254
7.68,153.26624533084183,0.6087996041026074,-0.09346465073565002,0.05858671865480314,-0.21514537778151227,0.21514537778151227,0.027627894463598687,0.00634530695264172,1.1717343730960628
7.69,153.4653779010143,0.5901926611590803,-0.09287199692561102,0.05993953381578197,-0.20967951950104208,0.20967951950104208,0.02703524065355968,0.00637727335367509,1.1987906763156395
7.7,153.6645215881748,0.5717050804752681,-0.0922658858393965,0.06127822098482292,-0.20396571877311578,0.20396571877311578,0.028854234128737777,0.006407362883880939,1.2255644196964584
7.71,153.86367656663126,0.5533395345522214,-0.09164646108234001,0.06260231662426226,-0.19801742839981742,0.19801742839981742,0.030597572295088964,0.006435571688438668,1.252046332485245
7.72,154.06284300312527,0.5350986672381348,-0.09101387085676399,0.06391136484848563,-0.19184356583640813,0.19184356583640813,0.032264705720294544,0.006461899708891754,1.2782272969697126
7.73,154.26202105671646,0.5169850928177444,-0.09036826787867694,0.06520491877586841,-0.18545305653905103,0.185453056539051,0.03385533240822667,0.006486347521384086,1.3040983755173683
7.74,154.4612108786749,0.49900139511841585,-0.08970980928736742,0.06648254060180295,-0.17874887925338098,0.17874887925338098,0.033196873816917154,0.006508931690958023,1.3296508120360588
7.75,154.6604126123824,0.48115012663550416,-0.08903865652376951,0.06774380775099027,-0.17184929351426143,0.17184929351426143,0.034698226935979126,0.006529639068503361,1.3548761550198054
7.76,154.85962639324268,0.46343380768119435,-0.08835497523871688,0.0689883008082863,-0.16476620041623855,0.16476620041623855,0.036123305150326426,0.0065484702173694495,1.3797660161657261
7.7700000000000005,155.05885234859974,0.4458549255446057,-0.08765893523441208,0.07021560888662465,-0.1575084596604332,0.1575084596604332,0.03747244555689675,0.006565428298496285,1.404312177732493
7.78,155.2580905976644,0.4284159336666196,-0.08695071037483239,0.07142533048686371,-0.15008488732025693,0.15008488732025693,0.0387461624138103,0.0065805170747600525,1.4285066097372743
7.79,155.4573412514496,0.4111192508323534,-0.0862304784915869,0.0726170735502767,-0.14240936494855627,0.14240936494855627,0.03802593053056481,0.006593754145016736,1.452341471005534
7.8,155.65660441271456,0.3939672603834492,-0.085498421262962,0.07379046075103357,-0.13459030446382403,0.13459030446382403,0.039213073611896,0.0066051309672991885,1.4758092150206714
7.8100000000000005,155.85588017591792,0.3769623094536676,-0.08475472411999066,0.07494511885201073,-0.1266376703287979,0.1266376703287979,0.04032647400231367,0.006614652081895065,1.4989023770402146
7.82,156.05516862717928,0.360106708217137,-0.08399957617998076,0.0760806838047489,-0.11855994008037239,0.11855994008037239,0.041367085943626175,0.006622323683108576,1.521613676094978
7.83,156.25446984424912,0.3434027291526701,-0.08323317015225482,0.07719680122254038,-0.1103652722910338,0.11036527229103381,0.04060067991590023,0.006628152532575612,1.5439360244508076
7.84,156.45378389648732,0.32685260632652613,-0.08245570224136532,0.07829312641379158,-0.10197834093102456,0.10197834093102456,0.04155851174623477,0.00663215737112376,1.5658625282758316
7.8500000000000005,156.65311084485066,0.3104585346953396,-0.08166737202730709,0.07936932893412478,-0.09349711431095553,0.09349711431095553,0.04244599769078276,0.006634333951850945,1.5873865786824957
7.86,156.85245074188896,0.2942226694321873,-0.08086838237013114,0.0804250832005132,-0.0849295741914805,0.0849295741914805,0.043264403649749684,0.006634690376981526,1.608501664010264
7.87,157.05180363174966,0.27814712526643004,-0.08005893933727926,0.081460073285602,-0.07628360209039209,0.07628360209039207,0.044015073434380526,0.00663323568195774,1.62920146571204
7.88,157.25116955019053,0.26223397584071517,-0.07923925210613267,0.08247399309609185,-0.06756515099903958,0.06756515099903956,0.04319538620323394,0.006629979532999033,1.649479861921837
7.890000000000001,157.4505485246008,0.24648525308698455,-0.07840953286539502,0.08346654642781635,-0.05871279676876009,0.05871279676876009,0.04386969843028951,0.006624941562894863,1.6693309285563271
7.9,157.6499405740308,0.2309029466229219,-0.0775699966973828,0.08443745071694982,-0.04981041158405434,0.049810411584054345,0.04447936730635684,0.00661812182720212,1.6887490143389963
7.91,157.84934570923016,0.2154890031711742,-0.07672086148187121,0.08538642901680743,-0.04086526762152554,0.04086526762152555,0.0450259096404784,0.006609531504524853,1.7077285803361486
7.92,158.04876393269362,0.2002453259934168,-0.0758623478183825,0.08631321429163989,-0.03188452485287072,0.03188452485287072,0.045510880224697,0.0065991822735581,1.726264285832798
7.930000000000001,158.24819523871497,0.18517377434232796,-0.07499467892706743,0.08721754941843318,-0.02287201822355348,0.02287201822355348,0.044643211333381935,0.006587086746305045,1.7443509883686636
7.94,158.4476396134487,0.1702761629330026,-0.07411808054870873,0.08809918736023775,-0.01377871039738107,0.013778710397381069,0.045059265325708614,0.006573264730193717,1.761983747204755
7.95,158.64709703497974,0.15555426143493478,-0.07323278083056649,0.08895789381603068,-0.004675428158587186,0.004675428158587185,0.04541716740919012,0.00655772101959745,1.7791578763206137
7.96,158.84656747340088,0.14100979398614139,-0.07233901023011123,0.08979344102295911,0.004431333169691797,0.004431333169691797,0.045718542534629106,0.006540469272150877,1.7958688204591822
7.97,159.04605089089753,0.12664443872320738,-0.07143700143268278,0.09060561113696251,0.013535195206834365,0.013535195206834365,0.045965024988488104,0.0065215236067076845,1.8121122227392503
7.98,159.24554724183974,0.11245982732973453,-0.07052698925237116,0.09139419621902255,0.02263418834334825,0.022634188343348252,0.04505501280817649,0.006500899253288769,1.827883924380451
7.99,159.4450564728813,0.09845754460441716,-0.06960921053174289,0.09215899847908145,0.0317667154166,0.0317667154166,0.04524047408302954,0.00647861653369302,1.8431799695816289
8.0,159.64457852306623,0.08463912804968883,-0.06868390403124297,0.09289983209155876,0.04087364905983149,0.04087364905983149,0.0453745562227809,0.006454684324474097,1.8579966418311753
8.01,159.8441133239419,0.07100606748190316,-0.0677513103334777,0.0936165184258178,0.04994929002090613,0.04994929002090613,0.045458891977365835,0.00642911855569294,1.872330368516356
8.02,160.04366079967903,0.05755980465820864,-0.06681167175796636,0.09430888869707223,0.058988055959227376,0.058988055959227376,0.045495104172946485,0.006401935578468249,1.8861777739414445
8.03,160.24322086719772,0.0443017329220986,-0.06586523226282427,0.09497678393817528,0.06798950208973616,0.06798950208973616,0.04454866467780439,0.006373152936652202,1.8995356787635056
8.040000000000001,160.44279343630015,0.03123319686860116,-0.06491223734519183,0.09562005527757168,0.0769832104376589,0.0769832104376589,0.044531807223483856,0.0063427916936754985,1.9124011055514336
8.05,160.64237840980914,0.018355492029917916,-0.06395293393428968,0.09623856513323752,0.0859202800399045,0.0859202800399045,0.04447027515887604,0.006310864231588111,1.9247713026647504
8.06,160.84197568371306,0.005669864581968729,-0.06298757029689141,0.09683218355107616,0.09479579523700378,0.09479579523700378,0.04436564310113537,0.006277388541741735,1.9366436710215231
8.07,161.04158514731586,-0.006822488931860989,-0.06201639595065852,0.09740079027530703,0.10360495427514652,0.1036049542751465,0.04421946378222964,0.006242382995238681,1.9480158055061405
8.08,161.24120668339287,-0.019120421858242864,-0.061039661567366045,0.09794427470681749,0.11234847628500086,0.11234847628500086,0.04324272939893716,0.006205867165486212,1.9588854941363498
8.09,161.44084016835174,-0.03122283767192549,-0.06005761887490644,0.09846253618809271,0.1210488528254935,0.12104885282549349,0.04305122329721086,0.006167862989528494,1.9692507237618542
8.1,161.64048547239844,-0.043128690193608404,-0.05907052055416528,0.09895548474242173,0.12966594115342417,0.12966594115342417,0.042821454491074426,0.006128385845125521,1.9791096948484346
8.11,161.84014245970818,-0.054836983787498926,-0.058078620146305736,0.09942303826475281,0.1381955771695973,0.13819557716959732,0.042554899749874954,0.006087455569706564,1.988460765295056
8.120000000000001,162.03981098860086,-0.06634677354147821,-0.05708217196597362,0.09986512413197159,0.14663370593104372,0.14663370593104372,0.042253007362190384,0.006045092338145416,1.9973024826394317
8.13,162.23949091172065,-0.07765716542863904,-0.05608143100675018,0.10028167914878282,0.15498187631673607,0.15498187631673607,0.04125226640296693,0.00600131748538692,2.005633582975656
8.14,162.43918207621988,-0.08876731644964429,-0.055076652845504614,0.10067264982044641,0.1632570403434757,0.1632570403434757,0.040912417989833284,0.005956153874738052,2.0134529964089283
8.15,162.6388843239468,-0.09967643475535298,-0.05406809354331643,0.10103799276596521,0.17142643927073195,0.17142643927073195,0.040540295395928974,0.005909619425258725,2.0207598553193042
8.16,162.8385974916369,-0.11038377974979845,-0.05305600955516539,0.10137767255976657,0.17948661751022327,0.17948661751022324,0.04013725676531613,0.005861735601693814,2.0275534511953315
8.17,163.03832141110772,-0.1208886621757995,-0.05204065764412318,0.10169166297835963,0.1874342229425459,0.1874342229425459,0.039704628913993775,0.005812524163086383,2.0338332595671926
8.18,163.2380559094565,-0.13119044418225853,-0.05102229478966206,0.10197994693467188,0.19527135309069257,0.1952713530906926,0.03868626605953266,0.0057620079508340595,2.0395989386934374
8.19,163.43780080926112,-0.1412885393727142,-0.050001178095047845,0.10224251672577703,0.20301074328650998,0.20301074328650998,0.03822259037566224,0.005710210742226893,2.0448503345155404
8.2,163.6375559287833,-0.15118241283475553,-0.04897756469257131,0.10247937421771466,0.210625789033031,0.21062578903303103,0.03773214134782028,0.0056571525886870925,2.0495874843542934
8.21,163.83732108217467,-0.16087158115050612,-0.04795171165621118,0.10269052918046959,0.21811369491587587,0.21811369491587587,0.03721615071586643,0.005602856360602631,2.053810583609392
8.22,164.03709607968432,-0.17035561238998304,-0.046923875917780036,0.10287600024784832,0.2254717628695562,0.2254717628695562,0.03667581852621517,0.005547345178850743,2.0575200049569666
8.23,164.236880727869,-0.1796341260866354,-0.045894314178667864,0.10303581484116422,0.2327024206398643,0.2327024206398643,0.035646256787102995,0.005490643146316803,2.0607162968232844
8.24,164.4366748298043,-0.1887067931947228,-0.044863282820889624,0.10317000938413441,0.23981527032515332,0.23981527032515332,0.03508128197532856,0.005432774889819096,2.063400187682688
8.25,164.6364781852977,-0.19757333602827185,-0.043831037816914394,0.10327862933211154,0.24678879690850744,0.24678879690850744,0.034494527477112125,0.00537376222138304,2.0655725866422308
8.26,164.8362905911025,-0.20623352818190804,-0.042797834645838424,0.10336172787851278,0.2536208151948566,0.2536208151948565,0.033887099286229835,0.005313629193231022,2.0672345575702558
8.27,165.03611184113282,-0.21468719443501885,-0.04176392821232251,0.10341936668877331,0.2603092310885591,0.2603092310885591,0.033260072877714666,0.005252400063804422,2.0683873337754664
8.28,165.2359417266791,-0.22293421063871552,-0.04072957276230368,0.10345161581425737,0.266856645143248,0.266856645143248,0.03222571742769583,0.005190099960429268,2.0690323162851474
8.290000000000001,165.43578003662415,-0.23097450358539617,-0.0396950217982425,0.10345855387030703,0.2732703838445417,0.2732703838445417,0.031579942715095635,0.005126754253950523,2.0691710774061405
8.3,165.63562655765924,-0.23880805086070775,-0.038660527993850946,0.1034402679631041,0.2795331219121555,0.27953312191215557,0.0309168837809477,0.005062386175659279,2.068805359262082
8.31,165.83548107450036,-0.24643488067829847,-0.0376263431142771,0.10339685267422008,0.2856432350222706,0.2856432350222706,0.030237526629138204,0.004997020734594013,2.0679370534844015
8.32,166.03534337010396,-0.25385507169851634,-0.03659271793856263,0.1033284106166287,0.29159918374334504,0.29159918374334504,0.029542828789226823,0.00493068310150909,2.066568212332574
8.33,166.2352132258822,-0.2610687528306978,-0.03555990217980511,0.10323505233971726,0.2974036369572903,0.2974036369572903,0.02851001303046931,0.004863399197482285,2.064701046794345
8.34,166.43509042191744,-0.26807610301892926,-0.0345281444050916,0.10311689646928311,0.3030623047565719,0.3030623047565719,0.02780196215081279,0.0047951950004453655,2.062337929385662
8.35,166.63497473717575,-0.27487735101117144,-0.03349769195542385,0.1029740695701257,0.30856130456047315,0.30856130456047315,0.02708065001438574,0.00472609484470089,2.059481391402514
8.36,166.83486594971927,-0.28147277511215224,-0.03246879087038235,0.10280670533792302,0.3138995254193244,0.3138995254193244,0.02634695114764636,0.004656124470960748,2.0561341067584604
8.370000000000001,167.03476383691697,-0.28786270292101285,-0.0314416858147316,0.10261494501500612,0.3190759351998854,0.3190759351998854,0.02560171405927769,0.004585309737172375,2.0522989003001224
8.38,167.23466817565378,-0.29404751105345023,-0.030416620003471034,0.1023989372873539,0.3240932088092711,0.32409320880927106,0.024576648248017127,0.004513677132900556,2.047978745747078
8.39,167.4345787425381,-0.30002762484834034,-0.029393835126882015,0.10215883838733604,0.3289559337149233,0.32895593371492327,0.02382297702272584,0.004441253083022193,2.0431767677467207
8.4,167.6344953141068,-0.30580351805877976,-0.028373571275942804,0.10189481191866645,0.33365305723745753,0.3336530572374575,0.023059629268885027,0.004368062729616416,2.037896238373329
8.41,167.8344176670284,-0.31137571252798546,-0.02735606687189577,0.1016070282024189,0.33818393675844743,0.33818393675844743,0.022287377730403533,0.004294132321039558,2.032140564048378
8.42,168.03434557830332,-0.31674477785088057,-0.026341558597543183,0.10129566458212952,0.3425480025698178,0.3425480025698178,0.02150697170365605,0.004219488178707333,2.02591329164259
8.43,168.23427882546184,-0.32191133102122105,-0.02533028132757504,0.10096090531367613,0.3467479044697942,0.3467479044697942,0.02049569443368791,0.004144157140471458,2.019218106273523
8.44,168.43421718675893,-0.3268760360642957,-0.02432246805910626,0.10060294163292713,0.35078746858827237,0.3507874685882723,0.019711324422868867,0.004068165901841329,2.0120588326585427
8.45,168.6341604413661,-0.3316396036552202,-0.02331834984285297,0.10022197156115704,0.35465797317400294,0.35465797317400294,0.018920461831822912,0.003991540135506135,2.004439431223141
8.46,168.8341083695602,-0.33620279072325443,-0.02231815571798434,0.09981819936562249,0.35835920155108025,0.35835920155108025,0.018123787491584782,0.003914306375926127,1.9963639873124497
8.47,169.03406075290843,-0.3405664000428609,-0.021322112648571857,0.09939183577716794,0.3618910042266939,0.3618910042266939,0.017321961285582894,0.003836491187051945,1.9878367155433587
8.48,169.2340173744503,-0.3447312798114565,-0.02033044545953583,0.09894309787391663,0.3652559960546858,0.36525599605468584,0.016330294096546866,0.003758121540029911,1.9788619574783326
8.49,169.4339780188754,-0.3486983232139264,-0.019343376772994858,0.09847220911684662,0.3684575004834729,0.36845750048347287,0.015528554079237158,0.0036792242145064716,1.9694441823369324
8.5,169.6339424726975,-0.35246846797398473,-0.018361126945451615,0.09797939914756269,0.37148872175683995,0.37148872175683995,0.014723141927623461,0.0035998251526789425,1.959587982951254
8.51,169.83391052442468,-0.3560426958928034,-0.01738391400826433,0.09746490333425967,0.3743498293667399,0.37434982936673994,0.013914655999075987,0.0035199509575445393,1.9492980666851933
8.52,170.03388196472514,-0.3594220323755476,-0.016411953609636917,0.09692896292002262,0.3770410544330211,0.3770410544330211,0.013103676028637065,0.0034396282189475143,1.9385792584004524
8.53,170.2338565865888,-0.3626075459458283,-0.015445458956479786,0.09637182490128733,0.37956498021957435,0.3795649802195743,0.012137181375479934,0.0033588838321031824,1.9274364980257466
8.540000000000001,170.43383418548441,-0.36560034774820066,-0.014484640756841007,0.09579374203485126,0.3819246088136098,0.3819246088136098,0.011329945490802473,0.003277744469213203,1.9158748406970252
8.55,170.63381455951216,-0.3684015910388212,-0.013529707163318649,0.0951949726354918,0.38411474177853044,0.3841147417785304,0.010521529549625592,0.0031962360957237105,1.903899452709836
8.56,170.8337975095516,-0.3710124706646883,-0.012580863719436208,0.09457578018601638,0.3861358974425923,0.38613589744259236,0.009712458115612955,0.0031143851711359764,1.8915156037203276
8.57,171.03378283940472,-0.37343422253203007,-0.011638313307494808,0.09393643343058794,0.3879886503648068,0.3879886503648068,0.008903239229797926,0.003032218100408213,1.8787286686117588
8.58,171.23377035593424,-0.37566812306391417,-0.01070225609659048,0.09327720624894255,0.389675562550841,0.389675562550841,0.007967182018893596,0.0029497615002479364,1.865544124978851
8.59,171.4337598691968,-0.3777154886472381,-0.009772889491347898,0.09259837763855654,0.3911994391326597,0.39119943913265964,0.007164998305283648,0.002867041743079358,1.8519675527711308
8.6,171.63375119257122,-0.37957767506925294,-0.008850408081736674,0.0919002315165658,0.3925564113622742,0.39255641136227415,0.006363830227278414,0.0027840845855811123,1.838004630331316
8.61,171.83374414288153,-0.3812560769440248,-0.007935003595586791,0.09118305637849847,0.3937473112852737,0.39374731128527374,0.005564136329977792,0.0027009161388561105,1.8236611275699692
8.620000000000001,172.0337385405148,-0.38275212712935847,-0.007026864852555181,0.09044714534797786,0.39477302192306973,0.3947730219230697,0.004766360493643721,0.002617562419654475,1.8089429069595573
8.63,172.23373420953354,-0.3840672961342929,-0.006126177718492597,0.08969279604771446,0.39563609687126927,0.3956360968712692,0.003865673359581137,0.002534049571359984,1.7938559209542893
8.64,172.43373097778306,-0.3852030915173615,-0.005233125060647124,0.08892031056056748,0.3963392276660539,0.3963392276660539,0.0030778797138967264,0.0024504034772194374,1.7784062112113497
8.65,172.63372867699314,-0.38616105727579064,-0.004347886704023212,0.08812999523820741,0.3968796560882678,0.3968796560882678,0.002293029456529036,0.0023666494672454903,1.7625999047641483
8.66,172.83372714287438,-0.38694277322603254,-0.0034706393902165767,0.08732216039749233,0.3972584947493428,0.3972584947493428,0.0015115219553255939,0.0022828131079578656,1.7464432079498464
8.67,173.0337262152089,-0.38754985437611267,-0.0026015567376863405,0.08649712033561498,0.3974769021092521,0.3974769021092521,0.0007337435341031556,0.0021989198336133378,1.7299424067122995
8.68,173.23372573793583,-0.3879839502899386,-0.0017408092026098471,0.08565519319890731,0.39753743573380673,0.39753743573380673,-0.00012700400097333774,0.0021149951284674447,1.7131038639781462
8.69,173.43372555923082,-0.3882467444437785,-0.0008885640406742968,0.08479670092642318,0.3974427278209145,0.3974427278209145,-0.0008921773097713741,0.0020310642032423166,1.6959340185284635
8.700000000000001,173.63372553158047,-0.3883399535751098,-4.498527006957336e-05,0.08392196906651078,0.3971909498573286,0.3971909498573286,-0.0016527225013102374,0.001947151757716473,1.6784393813302156
8.71,173.8337255118506,-0.38826532702421307,0.0007897663632304604,0.08303132650299729,0.39678346360355976,0.3967834636035598,-0.002408293436456552,0.001863282627893244,1.6606265300599456
8.72,174.03372536134947,-0.38802464606896064,0.0016155334187629529,0.08212510544308958,0.39622167165752353,0.39622167165752353,-0.0031585556191939122,0.00177948148180416,1.6425021088617917
8.73,174.23372494588514,-0.3876197232529703,0.002432161794145416,0.0812036412850463,0.3955081456470214,0.39550814564702147,-0.003975183994576375,0.0016957729690895962,1.624072825700926
8.74,174.4337241358172,-0.3870524017073471,0.0032395007566328655,0.08026727254770723,0.3946454923367658,0.39464549233676577,-0.004710524832688538,0.0016121814532772257,1.6053454509541445
8.75,174.633722806103,-0.3863245544662287,0.004037402973445214,0.07931634069539341,0.3936326624120754,0.3936326624120754,-0.005439774230205806,0.001528730815103739,1.5863268139078681
8.76,174.8337208363385,-0.38543808377649147,0.004825724539970314,0.07835118988838469,0.392471236894949,0.392471236894949,-0.006162634141324851,0.0014454449858115296,1.5670237977676937
8.77,175.0337181107932,-0.38439492040203826,0.005604325006556076,0.07737216694953776,0.3911628327421333,0.3911628327421333,-0.006878816959059416,0.0013623476954404247,1.5474433389907551
8.78,175.23371451843994,-0.3831970229228557,0.006373067404472015,0.07637962123188204,0.3897100424927707,0.3897100424927707,-0.0076475593569753555,0.0012794625951323608,1.5275924246376407
8.790000000000001,175.43370995297914,-0.38184637702907154,0.007131818270803019,0.07537390453727305,0.38811546728890833,0.38811546728890833,-0.008346796101999218,0.001196813037411639,1.507478090745461
8.8,175.63370431285745,-0.3803449948102391,0.007880447672100542,0.07435537094964265,0.3863787105552064,0.3863787105552064,-0.009038680815674268,0.001114421910468778,1.4871074189928528
8.81,175.8336975012813,-0.3786949140401849,0.008618829226054978,0.07332437660592128,0.38450154404522857,0.38450154404522857,-0.009722959125751546,0.0010323120795307356,1.4664875321184256
8.82,176.03368942622507,-0.3768981974578173,0.009346840121775538,0.07228127964629244,0.38248577064948036,0.38248577064948036,-0.010399386065645453,0.0009505061781136795,1.4456255929258488
8.83,176.23368000043376,-0.37495693204409214,0.01006436113916358,0.07122644008276181,0.38033400708224485,0.3803340070822449,-0.011116907083033496,0.0008690267077841807,1.4245288016552362
8.84,176.4336691414209,-0.3728732282953726,0.010771276667182741,0.07016021970983716,0.37804885896222923,0.3780488589622292,-0.011774641363307067,0.0007878958588981104,1.4032043941967431
8.85,176.633656771461,-0.3706492194934105,0.01146747472088859,0.0690829819459847,0.37563047518638676,0.3756304751863867,-0.012423949625354246,0.0007071353694674423,1.381659638919694
8.86,176.83364281757719,-0.36828706097227315,0.012152846956608215,0.06799509162233242,0.3730807909318676,0.3730807909318675,-0.013064617364111105,0.000626766891571283,1.3599018324466483
8.870000000000001,177.03362721152376,-0.36578892938258145,0.012827288685755901,0.0668969149206656,0.3704017678200191,0.3704017678200191,-0.01369643859283955,0.0005468118179990132,1.3379382984133121
8.88,177.23360988976387,-0.36315702195326843,0.01349069888768992,0.06578881924399717,0.36759604648047906,0.36759604648047906,-0.01435984879477357,0.00046729136353876137,1.3157763848799433
8.89,177.4335907934426,-0.3603935557510858,0.014142980221450566,0.06467117312189138,0.364666240413746,0.364666240413746,-0.014971496972030785,0.0003882264192725402,1.2934234624378278
8.9,177.63356986835512,-0.3575007669380962,0.014784039036270165,0.0635443460599612,0.3616129521688599,0.36161295216885997,-0.015573817758705739,0.0003096374317974989,1.270886921199224
8.91,177.8335470649105,-0.35448091002744964,0.015413785380353654,0.062408708344513224,0.35843825415917063,0.3584382541591707,-0.016166633225007748,0.0002315447079716559,1.2481741668902644
8.92,178.03352233809082,-0.3513362571377889,0.01603213300833034,0.06126463097174851,0.3551442406581849,0.3551442406581849,-0.016749773194200818,0.00015396827087851535,1.2252926194349703
8.93,178.23349564740602,-0.3480690972464905,0.016638999387718546,0.060112485521323505,0.3517335727376442,0.3517335727376442,-0.017356639573589024,7.692792609190335e-05,1.2022497104264702
8.94,178.4334669568445,-0.3446817354419732,0.017234305704270064,0.05895264405865723,0.348208870540713,0.3482088705407129,-0.017918381382936794,4.43143450689077e-07,1.1790528811731447
8.950000000000001,178.63343623481973,-0.341176492175297,0.01781797686611262,0.057785478992352396,0.3445711110092301,0.34457111100923016,-0.0184700548109384,-7.546704627710063e-05,1.155709579847048
8.96,178.83340345411222,-0.33755570251134454,0.018389941506274887,0.05661136289351702,0.34082247865577164,0.3408224786557717,-0.019011515634471177,-0.000150783797743944,1.1322272578703405
8.97,179.0333685918085,-0.33382171537989286,0.018950131983927643,0.05543066841911393,0.3369651753842629,0.3369651753842629,-0.019542626718787086,-0.00022548857064706257,1.1086133683822788
8.98,179.23333162923564,-0.32997689282679327,0.01949848438462732,0.054243768189455754,0.3330018764661156,0.3330018764661156,-0.020090979119486763,-0.00029956307560248546,1.084875363789115
8.99,179.43329255189218,-0.3260236092654745,0.020034938519454752,0.0530510346895599,0.32893520418834676,0.32893520418834676,-0.02059971199977442,-0.0003729893700851591,1.061020693791198
9.0,179.63325134937585,-0.3219642507289913,0.020559437922986534,0.05185284013446227,0.32476644095856133,0.3247664409585614,-0.021097785066412914,-0.00044574994645798485,1.0370568026892455
9.01,179.83320801530766,-0.31780121412288603,0.02107192984975803,0.05064955630233609,0.3204978592588863,0.3204978592588863,-0.021585085276487986,-0.000517827520886615,1.012991126046722
9.02,180.03316254725274,-0.31353690647915783,0.0215723652694935,0.04944155445451051,0.31613174461808186,0.3161317446180818,-0.022061506092540182,-0.000589205132561393,0.9888310890902102
9.03,180.23311494663812,-0.30917374421153976,0.022060698861347233,0.04822920521777849,0.3116707779951207,0.3116707779951207,-0.022549839684393915,-0.0006598660993254258,0.9645841043555697
9.040000000000001,180.43306521866754,-0.30471415237229743,0.02253688900706771,0.047012878486607325,0.3071175770019354,0.3071175770019354,-0.023003137494998098,-0.000729794095665804,0.9402575697321465
9.05,180.63301337223314,-0.3001605639107641,0.02300089778303818,0.04579294329640007,0.30247366918732466,0.30247366918732466,-0.023445323900890117,-0.0007989732271342503,0.9158588659280014
9.06,180.832959419825,-0.2955154189338506,0.023452690950915463,0.04456976766979181,0.29774139186016013,0.2977413918601601,-0.023876314784701216,-0.0008673878548442245,0.8913953533958362
9.07,181.03290337743755,-0.29078116396881576,0.0238922379470948,0.04334371853549545,0.29292309116591303,0.29292309116591303,-0.024296032017128183,-0.0009350226775922112,0.866874370709909
9.08,181.23284526447392,-0.2859602512284799,0.024319511871208496,0.04211516161623118,0.28802144347245867,0.2880214434724586,-0.02472330594124188,-0.0010018626952874835,0.8423032323246237
9.09,181.43278510364777,-0.28105513787908804,0.024734489473587563,0.04088446133335806,0.2830390532278536,0.2830390532278536,-0.025119380941610467,-0.0010678932725448004,0.8176892266671612
9.1,181.6327229208832,-0.27606828531102273,0.02513715114165281,0.03965198068820965,0.27797764004753944,0.2779776400475395,-0.025504023916539602,-0.0011331002009563951,0.7930396137641931
9.11,181.83265874521254,-0.2710021584125969,0.025527480885007354,0.03841808112111802,0.2728395839090893,0.27283958390908936,-0.02587717763161674,-0.001197469553383868,0.7683616224223604
9.120000000000001,182.03259260867236,-0.2658592248471747,0.02590546631942293,0.03718312243093324,0.2676272695631277,0.2676272695631277,-0.026238790374966944,-0.0012609877517187839,0.7436624486186648
9.13,182.23252454619768,-0.26064195433380855,0.026271098649894443,0.03594746266930271,0.2623433572165791,0.2623433572165791,-0.026604422705438457,-0.0013236415365301235,0.7189492533860542
9.14,182.43245459551486,-0.25535281793156994,0.026624372652708762,0.03471145804906203,0.25699042846241066,0.2569904284624106,-0.02694208985482535,-0.0013854180191189213,0.6942291609812407
9.15,182.63238279703288,-0.24999428732778006,0.026965286656502458,0.03347546283382709,0.2515703480912954,0.2515703480912954,-0.02726812708702452,-0.001446304732969848,0.6695092566765417
9.16,182.83230919373335,-0.24456883413033811,0.027293842522124537,0.032239829209395006,0.2460855175883978,0.2460855175883978,-0.02758250217038141,-0.0015062895129932291,0.6447965841879001
9.17,183.03223383105964,-0.23907892916438037,0.027610045621465802,0.031004907205515197,0.24053833930740304,0.240538339307403,-0.027885187970764225,-0.001565360551213281,0.620098144110304
9.18,183.23215675680478,-0.23352704177344003,0.02791390481540306,0.029771044597155377,0.23493144486383674,0.2349314448638367,-0.028189047164701483,-0.0016235063713580559,0.5954208919431075
9.19,183.43207802099872,-0.2279156391252862,0.028205432430816288,0.02853858681778572,0.22926738245674583,0.22926738245674583,-0.028467689971601887,-0.0016807158716501435,0.5707717363557143
9.200000000000001,183.6319976757948,-0.2222471855226145,0.028484644236662263,0.02730787685743361,0.22354812049382639,0.22354812049382636,-0.028734619909708693,-0.0017369783666854304,0.5461575371486722
9.21,183.83191577535564,-0.21652414171879014,0.02875155941895546,0.02607925514617306,0.21777606182645756,0.21777606182645753,-0.02898982799175738,-0.001792283487539919,0.5215851029234612
9.22,184.03183237573893,-0.2107489642388331,0.02900620055479434,0.024853059479479352,0.21195360644184053,0.21195360644184053,-0.029233309934245576,-0.0018466212273067768,0.49706118958958706
9.23,184.23174753478258,-0.2049241047058249,0.029248593585557637,0.023629624927030062,0.20608334445172857,0.20608334445172857,-0.029475702965008874,-0.0018999819196086811,0.47259249854060126
9.24,184.43166131198998,-0.19905200917288565,0.02947876778924068,0.022409283751820518,0.2001677795613457,0.2001677795613457,-0.02969524027348082,-0.0019523562739140895,0.4481856750364104
9.25,184.6315737684152,-0.1931351174608874,0.02969675575192066,0.02119236531689494,0.19420894688656193,0.19420894688656193,-0.029903089224164067,-0.002003735409026623,0.4238473063378988
9.26,184.83148496654826,-0.18717586250207874,0.029902593338231948,0.019979195980661727,0.18820923155351918,0.18820923155351918,-0.03009926240521685,-0.0020541107705963364,0.39958391961323453
9.27,185.0313949702009,-0.18117666968980511,0.03009631966096886,0.018770099026949386,0.18217101227606886,0.18217101227606886,-0.0302837767385927,-0.0021034741681241814,0.3754019805389877
9.28,185.2313038443925,-0.1751399562344711,0.03027797704992239,0.017565394581792668,0.17609682459367282,0.17609682459367282,-0.03046543412754623,-0.0021518177565854504,0.35130789163585335
9.290000000000001,185.43121165523678,-0.16906813052589212,0.030447611019929637,0.01636539953914386,0.16998911630170802,0.169989116301708,-0.03062628736847043,-0.0021991340656691504,0.3273079907828772
9.3,185.63111846982886,-0.16296359150218798,0.03060527023812945,0.01517042747647659,0.16384995640929767,0.1638499564092977,-0.030775576949401747,-0.002245416025996661,0.3034085495295318
9.31,185.83102435613344,-0.1568287280253599,0.030751006490330742,0.013980788561675358,0.15768169431066217,0.15768169431066217,-0.030913335428960773,-0.0022906569011004003,0.27961577123350717
9.32,186.03092938287367,-0.15066591826373738,0.030884874646593757,0.012796789488709185,0.15148666963655658,0.1514866696365566,-0.03103959934754698,-0.002334850317262942,0.2559357897741837
9.33,186.230833619421,-0.14447752908141018,0.03100693262611535,0.011618733402760838,0.14526735040520794,0.14526735040520794,-0.031161657327068576,-0.00237799024760888,0.23237466805521675
9.34,186.43073713568634,-0.13826591543478686,0.031117241361404573,0.010446919833138864,0.1390261169882372,0.1390261169882372,-0.03126471788577541,-0.002420071036354391,0.20893839666277728
9.35,186.63064000201234,-0.13203341977640837,0.031215864761745843,0.00928164461791459,0.13276504311208404,0.13276504311208404,-0.03135643251274306,-0.002461087418800559,0.18563289235829178
9.36,186.83054228906704,-0.1257823714661581,0.03130286967587628,0.008123199822133512,0.12648642555423484,0.1264864255542348,-0.031436852176818804,-0.002501034465287077,0.16246399644267023
9.370000000000001,187.030444067739,-0.1195150861900118,0.03137832585396463,0.006971873679841831,0.12019254818618473,0.12019254818618473,-0.031506031490085136,-0.0025399076050221635,0.13943747359683661
9.38,187.23034540903387,-0.11323386538645214,0.031442305908968786,0.005827950527824676,0.1138857989059624,0.11388579890596241,-0.031570011545089295,-0.0025777026121355053,0.11655901055649351
9.39,187.4302463839729,-0.10694099568064966,0.03149488527736515,0.004691710746177769,0.10756847924861986,0.10756847924861986,-0.031616608003052174,-0.002614415625783476,0.09383421492355537
9.4,187.63014706349284,-0.10063874832654839,0.03153614217924951,0.003563430692095689,0.10124264174562178,0.1012426417456218,-0.03165216219235592,-0.0026500431648791775,0.07126861384191378
9.41,187.83004751834798,-0.09432937865696253,0.031566157577753176,0.0024433826291367046,0.09491051483217706,0.09491051483217706,-0.03167674196248281,-0.0026845820819106497,0.048867652582734095
9.42,188.02994781901393,-0.088015125541817,0.03158501513785057,0.0013318346761776758,0.0885743111144833,0.08857431111448331,-0.03169041847768314,-0.0027180295817393523,0.026636693523553516
9.43,188.2298480355935,-0.08169821085463386,0.03159280118462404,0.00022905074993502506,0.08223632631196848,0.08223632631196848,-0.03169820452445661,-0.0027503832092146212,0.004581014998700501
9.44,188.42974823772468,-0.07538083894736865,0.03158960466098421,-0.0008647094864711348,0.07589877199418768,0.07589877199418768,-0.03169006962302812,-0.0027816408657946367,-0.017294189729422697
9.450000000000001,188.62964849449074,-0.06906519613369533,0.031575517084848084,-0.0019491906805169038,0.06956365653737276,0.06956365653737276,-0.03167127497694464,-0.002811800819884221,-0.03898381361033808
9.46,188.82954887433254,-0.06275345018085342,0.03155063250573226,-0.003024141850238916,0.06323312550423127,0.06323312550423127,-0.031641903807573334,-0.0028408616687364448,-0.060482837004778314
9.47,189.02944944496343,-0.05644774981014787,0.03151504746082813,-0.004089316427925218,0.05690930593474781,0.05690930593474781,-0.031602042330301214,-0.0028688223530461622,-0.08178632855850436
9.48,189.22935027328612,-0.05015022420621298,0.031468860930615565,-0.00514447230871853,0.05059439000819753,0.05059439000819753,-0.03155585580008865,-0.0028956821458115075,-0.1028894461743706
9.49,189.42925142531232,-0.043862982535111755,0.031412174294017464,-0.0061893718938469105,0.04429048865078948,0.044290488650789474,-0.03149509304991588,-0.0029214406659909477,-0.12378743787693822
9.5,189.62915296608472,-0.03758811347136249,0.03134509128309921,-0.00722378213840676,0.03799954581522891,0.0379995458152289,-0.0314241248653158,-0.002946097885223884,-0.14447564276813518
9.51,189.8290549596016,-0.03132768473398126,0.03126771793728166,-0.008247474600861194,0.03172361089011481,0.03172361089011481,-0.0313430483455071,-0.0029696540963197464,-0.16494949201722386
9.52,190.02895746874398,-0.025083742631630154,0.031180162557126693,-0.009260225479079126,0.025464712285557314,0.025464712285557318,-0.03125196326907367,-0.0029921099243443157,-0.18520450958158252
9.53,190.22886055520556,-0.01885831161694512,0.031082535657743885,-0.010261815650051211,0.019224928103003393,0.01922492810300339,-0.031154336369690852,-0.00301346631648093,-0.20523631300102424
9.540000000000001,190.42876427942522,-0.01265339385011548,0.03097494992182415,-0.0112520307048043,0.01300625854967687,0.01300625854967687,-0.031043386291920015,-0.0030337245531393176,-0.225040614096086
9.55,190.62866870052227,-0.00647096877179128,0.03085752015230568,-0.012230660987023065,0.006810565360219636,0.006810565360219637,-0.03092274979176452,-0.0030528862517374823,-0.2446132197404613
9.56,190.8285738762346,-0.000312992685375507,0.030730363224649834,-0.013197501632406334,0.0006397897055793655,0.0006397897055793655,-0.030792536363785695,-0.0030709533405287935,-0.26395003264812666
9.57,191.02847986285957,0.005818601651204355,0.030593598038779524,-0.014152352596877207,-0.0055041504322940315,0.0055041504322940315,-0.030652857872397864,-0.0030879280667693884,-0.28304705193754415
9.58,191.22838671519764,0.011921905424202944,0.030447345470722035,-0.015095018687469956,-0.011619300641377837,0.011619300641377837,-0.030506605304340375,-0.0031038129873844533,-0.3019003737493991
9.59,191.42829448649903,0.01799503415317731,0.030291728323964554,-0.01602530958890875,-0.017703780772636436,0.017703780772636436,-0.03034821134061295,-0.0031186109778670586,-0.32050619177817496
9.6,191.62820322841307,0.024036128070467604,0.030126871280528905,-0.01694303989318425,-0.02375582681439607,0.02375582681439607,-0.030180707576360075,-0.003132325233705748,-0.33886079786368495
9.61,191.8281129909407,0.03004335249098084,0.029952900851750612,-0.017848029129109932,-0.02977361657422431,0.029773616574224313,-0.03000421442971427,-0.0031449592485126915,-0.35696058258219865
9.620000000000001,192.0280238223896,0.03601489817222331,0.029769945328808743,-0.01874010178263147,-0.03575535300802099,0.03575535300802099,-0.029818854383859325,-0.003156516819767294,-0.3748020356526294
9.63,192.22793576933236,0.04194898166453105,0.029578134733043455,-0.019619087319007782,-0.04169921399764569,0.04169921399764569,-0.029627043788094044,-0.003167002040134465,-0.39238174638015566
9.64,192.42784887656774,0.04784384565147167,0.029377600766070825,-0.02048482020111628,-0.04760344793845781,0.04760344793845782,-0.02942421795704235,-0.0031764193044344614,-0.4096964040223256
9.65,192.62776318708458,0.05369775928035704,0.02916847675970295,-0.021337139910154283,-0.05346640191347869,0.0534664019134787,-0.029212909468470324,-0.0031847733092119413,-0.4267427982030857
9.66,192.8276787420288,0.05950901848284152,0.028950897625663764,-0.022175890965760663,-0.059286382167952574,0.05928638216795258,-0.0289932482041844,-0.003192069034310666,-0.4435178193152133
9.67,193.02759558067328,0.06527594628556031,0.028724999805142298,-0.02300092293844197,-0.06506172179917331,0.06506172179917331,-0.028765365810944507,-0.0031983117466095456,-0.4600184587688394
9.68,193.2275137403906,0.07099689311077964,0.028490921218215465,-0.023812090463232093,-0.07079073851732468,0.07079073851732468,-0.028531287224017675,-0.0032035069918724983,-0.4762418092646419
9.69,193.42743325662883,0.07667023706703133,0.028248801213151813,-0.02460925324985376,-0.07647181679689465,0.07647181679689465,-0.028287275633812444,-0.0032076606000280674,-0.4921850649970752
9.700000000000001,193.6273541628901,0.08229438422970851,0.027998780515604137,-0.025392276094769833,-0.08210342618837639,0.08210342618837639,-0.02803545198272374,-0.003210778683294435,-0.5078455218953967
9.71,193.82727649071188,0.08786776891159107,0.02774100117768672,-0.026161028892252747,-0.08768400951934058,0.08768400951934058,-0.027775954170851835,-0.003212867620501903,-0.5232205778450549
9.72,194.0272002696515,0.0933888539232928,0.027475606526973687,-0.026915386639027414,-0.09321203791462365,0.09321203791462367,-0.02750892156818187,-0.0032139340591708734,-0.5383077327805483
9.73,194.2271255272732,0.09885613082359594,0.027202741115447692,-0.02765522943964375,-0.09868597533008776,0.09868597533008776,-0.02723605615665587,-0.0032139849077989576,-0.5531045887928749
9.74,194.42705228913795,0.1042681201596754,0.026922550668410542,-0.028380442508689003,-0.10410434882233341,0.1041043488223334,-0.026954304507397987,-0.003213027339657572,-0.56760885017378
9.75,194.62698057879624,0.10962337169719756,0.026635182033364388,-0.029090916174459695,-0.10946575989971608,0.10946575989971608,-0.026665447824255856,-0.0032110687898149006,-0.5818183234891939
9.76,194.82691041778344,0.11492046464028466,0.026340783128862497,-0.029786545881381844,-0.11476879479621181,0.11476879479621183,-0.02636963059856471,-0.0032081169416394006,-0.5957309176276369
9.77,195.02684182561785,0.12015800784133772,0.02603950289336287,-0.03046723218703832,-0.12001206922846826,0.12001206922846826,-0.026066998502069786,-0.0032041797275131705,-0.6093446437407664
9.78,195.2267748198015,0.125334640000718,0.02573149123410987,-0.031132880759537563,-0.1251941986652667,0.1251941986652667,-0.025758986842816786,-0.0031992653214827733,-0.6226576151907512
9.790000000000001,195.4267094158236,0.13044902985629056,0.025416898976056458,-0.03178340237202405,-0.13031385815418514,0.1303138581541851,-0.025443106070244113,-0.0031933821417561873,-0.635668047440481
9.8,195.62664562716625,0.13549987636282954,0.02509587781083609,-0.03241871289828576,-0.1353697888723215,0.1353697888723215,-0.025120856769098258,-0.0031865388469023612,-0.6483742579657152
9.81,195.82658346531312,0.1404859088613046,0.024768580245785075,-0.03303873330694465,-0.14036072596461455,0.14036072596461452,-0.024792388617841637,-0.003178744324080217,-0.660774666138893
9.82,196.0265229397603,0.14540588723803827,0.024435159553046443,-0.03364338965109945,-0.14528543498460328,0.14528543498460328,-0.024457852192245395,-0.003170007688634016,-0.672867793021989
9.83,196.2264640580296,0.15025860207376265,0.024095769718776833,-0.034232613058013804,-0.15014268701073571,0.15014268701073574,-0.02411846235797578,-0.00316033827705122,-0.6846522611602761
9.84,196.42640682568432,0.155042874782587,0.023750565392469548,-0.03480633971621969,-0.15493130935130073,0.15493130935130073,-0.02377219458208574,-0.0031497456483246342,-0.6961267943243938
9.85,196.6263512463473,0.15975755774089698,0.023399701836402588,-0.0353645108634156,-0.1596501888760684,0.15965018887606838,-0.023420317410022318,-0.003138239579553076,-0.707290217268312
9.86,196.82629732172117,0.16440153440620614,0.023043334875215225,-0.03590707277286207,-0.16429821383445678,0.16429821383445678,-0.023062984331487225,-0.0031258300555335266,-0.7181414554572414
9.870000000000001,197.02624505161086,0.16897371942598316,0.022681620845639898,-0.03643397673592502,-0.16887430355290498,0.16887430355290498,-0.02270034945765306,-0.003112527267445958,-0.7286795347185004
9.88,197.2261944339481,0.17347305873647947,0.02231471654640987,-0.03694517904444332,-0.17337738763701604,0.17337738763701604,-0.022333445158423032,-0.0030983416060755375,-0.7389035808888664
9.89,197.42614546481832,0.17789852965160033,0.02194277918835428,-0.03744064097076233,-0.17780644875794463,0.1778064487579446,-0.021960630107892367,-0.003083283662189839,-0.7488128194152466
9.9,197.62609813848914,0.18224914094183728,0.021565966344690768,-0.037920328748311215,-0.18216052390024434,0.18216052390024437,-0.02158298070160583,-0.003067364221720009,-0.7584065749662243
9.91,197.82605244744116,0.18652393290330907,0.02118443590151966,-0.03838421355065698,-0.18643865731636863,0.1864386573163686,-0.02120065289845567,-0.003050594256430887,-0.7676842710131395
9.92,198.0260083824003,0.1907219774169439,0.020798346008544116,-0.03883227146727822,-0.19063992475030908,0.19063992475030908,-0.020813803011220017,-0.00303298492187062,-0.7766454293455644
9.93,198.22596593237225,0.1948423779978465,0.020407855030034217,-0.03926448347900664,-0.1947634160751043,0.1947634160751043,-0.02042331203271012,-0.0030145475508259398,-0.7852896695801328
9.94,198.42592508467843,0.19888426983489502,0.02001312149604721,-0.03968083543136298,-0.1988082712464874,0.1988082712464874,-0.02002785411931604,-0.0029952936528519917,-0.7936167086272595
9.950000000000001,198.62588582499373,0.20284681982061664,0.019614304053912575,-0.04008131800823469,-0.20277368026427084,0.20277368026427084,-0.019628346243783318,-0.0029752349091762414,-0.8016263601646938
9.96,198.82584813738572,0.20672922657138623,0.019211561419988223,-0.04046592670405646,-0.20665884501128656,0.20665884501128656,-0.019224945531819363,-0.002954383164225218,-0.8093185340811292
9.97,199.02581200435563,0.21053072043801024,0.018805052331708223,-0.04083466179318652,-0.21046299902776217,0.21046299902776217,-0.01881780920472536,-0.002932750422987566,-0.8166932358637303
9.98,199.2257774068804,0.2142505635067381,0.018394935499939664,-0.0411875282988444,-0.2141853930294351,0.2141853930294351,-0.0184076923729568,-0.002910348844680876,-0.823750565976888
9.99,199.42574432445647,0.2178880495907698,0.01798136956165932,-0.04152453596015604,-0.2178253249995576,0.2178253249995576,-0.01799352858998957,-0.002887190741560957,-0.8304907192031208
10.0,199.62571273514456,0.22144250421231676,0.01756451303295898,-0.041845699199379714,-0.22138213940927992,0.22138213940927992,-0.017576102233336822,-0.002863288573660954,-0.8369139839875943
10.01,199.82568261561588,0.2249132845752789,0.01714452426238575,-0.04215103708769761,-0.22485519615935498,0.22485519615935498,-0.017155570338691167,-0.002838654941005426,-0.8430207417539521
10.02,200.02565394119935,0.2282997795286024,0.016721561384636492,-0.04244057330860124,-0.22824388673195248,0.2282438867319525,-0.016732089789403003,-0.0028133025805137904,-0.8488114661720247
10.03,200.22562668593,0.23160140952038757,0.01629578227462093,-0.0427143361207756,-0.23154762211755345,0.23154762211755342,-0.016306310679387436,-0.0027872443598653414,-0.8542867224155121
10.040000000000001,200.42560082259828,0.23481762654281824,0.015867344501904333,-0.04297235831928872,-0.23476585790614668,0.23476585790614668,-0.01587737949495152,-0.0027604932757052513,-0.8594471663857745
10.05,200.62557632280016,0.23794791406798274,0.015436405285538413,-0.04321467719683896,-0.23789809312787452,0.23789809312787452,-0.015445969989854133,-0.0027330624483078818,-0.8642935439367793
10.06,200.8255531569884,0.24099178697467025,0.015003121449285707,-0.043441334503656684,-0.24094384488807064,0.2409438448880706,-0.015012237904298568,-0.0027049651143512,-0.8688266900731336
10.07,201.02553129452428,0.243948791466208,0.014567649377256109,-0.04365237640533794,-0.24390266156404913,0.24390266156404913,-0.01457633858959854,-0.0026762146234697265,-0.8730475281067589
10.08,201.22551070373015,0.24681850497942914,0.014130144969967322,-0.043847853440148236,-0.24677411274071265,0.24677411274071265,-0.014138834182309754,-0.002646824432311378,-0.8769570688029648
10.09,201.42549135194247,0.24960053608485083,0.013690763600839928,-0.04402782047481798,-0.2495578100575435,0.2495578100575435,-0.013699045592746349,-0.0026168081022486674,-0.8805564094963596
10.1,201.6254732055655,0.25229452437814837,0.013249660073134651,-0.04419233666030687,-0.2522534058989058,0.2522534058989058,-0.013257553928565691,-0.002586179294037063,-0.8838467332061374
10.11,201.82545623012547,0.25490014036301223,0.012806988577338198,-0.044341465386328764,-0.2548605726067072,0.2548605726067072,-0.0128145124859452,-0.0025549517610567274,-0.8868293077265753
10.120000000000001,202.02544039032497,0.2574170853254769,0.012362902649012684,-0.04447527423410059,-0.2573790132617864,0.25737901326178647,-0.012370073948045832,-0.0025231393456094913,-0.8895054846820117
10.13,202.2254256500977,0.25984509119981175,0.011917555127120621,-0.04459383492856024,-0.2598084532901589,0.2598084532901589,-0.011924726426153769,-0.0024907559731670676,-0.8918766985712048
10.14,202.42541197266362,0.2621839204260739,0.011471098112833625,-0.04469722328925305,-0.26214865772540363,0.26214865772540363,-0.011477933327076903,-0.0024578156496876994,-0.893944465785061
10.15,202.62539932058405,0.2644333657994111,0.011023682928833491,-0.044785519181127845,-0.26439942988590737,0.2643994298859073,-0.011030197808683771,-0.0024243324563265707,-0.8957103836225568
10.16,202.82538765581694,0.2665932503112181,0.010575460079110546,-0.04485880646421256,-0.26656059428064416,0.26656059428064416,-0.010581669636857572,-0.0023903205430789256,-0.8971761292842512
10.17,203.02537693977212,0.2686634269822439,0.010126579209272945,-0.044917172941768904,-0.26863200541208393,0.2686320054120839,-0.0101324977536921,-0.0023557941249036886,-0.898343458835378
10.18,203.22536713336657,0.27064377868775236,0.009677189067376973,-0.04496071030793842,-0.2706135407684019,0.27061354076840183,-0.00968310761179613,-0.00232076747616735,-0.8992142061587683
10.19,203.42535819707956,0.2725342179748408,0.009227437465286738,-0.044989514094224865,-0.2725051150718897,0.2725051150718896,-0.009233078634600576,-0.0022852549276586604,-0.8997902818844973
10.200000000000001,203.62535009100745,0.27433468687202195,0.008777471240569549,-0.04500368361585409,-0.2743066790180198,0.27430667901801986,-0.008782848033873643,-0.002249270861397645,-0.9000736723170819
10.21,203.82534277491837,0.27604515669117613,0.008327436218933103,-0.04500332191714024,-0.27601820517150655,0.27601820517150655,-0.008332561026141437,-0.0022128297046355204,-0.9000664383428048
10.22,204.02533620830664,0.27766562782198567,0.007877477177214697,-0.044988535715557616,-0.2776396951452478,0.2776396951452478,-0.00788236180760849,-0.0021759459258775685,-0.8997707143111523
10.23,204.22533035044668,0.2791961295189584,0.007427737806932856,-0.044959435345344946,-0.2791711737396675,0.2791711737396675,-0.007432622437326648,-0.00213863402953106,-0.8991887069068989
10.24,204.42532516044645,0.2806367196811569,0.006978360678407567,-0.044916134700106775,-0.2806127006672796,0.2806127006672796,-0.0069830163878466175,-0.0021009085527030533,-0.8983226940021355
10.25,204.6253205973005,0.2819874846247471,0.006529487205455229,-0.0448587511752833,-0.2819643693877527,0.2819643693877527,-0.00653392472230695,-0.0020627840601470052,-0.8971750235056659
10.26,204.8253166199423,0.28324853884848195,0.0060812576106632245,-0.04478740560975807,-0.28322629543408034,0.2832262954340803,-0.00608548716052399,-0.0020242751385911185,-0.8957481121951615
10.27,205.02531318729612,0.28442002479223777,0.0056338108912538975,-0.04470222222637585,-0.2843986222559167,0.2843986222559168,-0.005637842220509292,-0.0019853963927250516,-0.894044444527517
10.28,205.2253102583281,0.28550211258872293,0.0051872847855454025,-0.044603328572048864,-0.2854815163064366,0.2854815163064366,-0.005191316114800797,-0.0019461624400632113,-0.8920665714409772
10.290000000000001,205.42530779209665,0.2864949998084796,0.0047418157400156745,-0.04449085545701482,-0.28647517666123495,0.28647517666123495,-0.004745658138295651,-0.0019065879076034756,-0.8898171091402963
10.3,205.62530574780183,0.2873989111983,0.004297538876974818,-0.04436493689397448,-0.2873798339583994,0.28737983395839933,-0.004301201198562796,-0.0018666874269447236,-0.8872987378794895
10.31,205.82530408483436,0.28821409841318335,0.003854587962848982,-0.04422571003650068,-0.2881957407066871,0.2881957407066871,-0.003858078647076748,-0.0018264756289278713,-0.8845142007300135
10.32,206.02530276282326,0.2889408397419536,0.003413095377085465,-0.044073315116544776,-0.2889231760284766,0.2889231760284766,-0.0034164224677838435,-0.001785967139643664,-0.8814663023308955
10.33,206.22530174168284,0.28957943982666806,0.0029731920816840856,-0.04390789538159947,-0.28956244152792976,0.28956244152792976,-0.002976519172382464,-0.00174517657552507,-0.8781579076319894
10.34,206.4253009816585,0.2901302293759422,0.002535007591360509,-0.04372959703116233,-0.2901138691588605,0.2901138691588605,-0.0025381787553890906,-0.0017041185399378363,-0.8745919406232466
10.35,206.62530044337169,0.29059356487232035,0.0020986699443454014,-0.043538569153107234,-0.2905778202644283,0.2905778202644283,-0.002101692489262745,-0.0016628076184977748,-0.8707713830621446
10.36,206.8253000878637,0.29096982827382084,0.001664305673822854,-0.04333496365946123,-0.2909546775073976,0.2909546775073977,-0.0016671865647220167,-0.0016212583740180845,-0.8666992731892247
10.370000000000001,207.02529987663834,0.2912594267097863,0.001232039780014619,-0.0431189352214521,-0.29124484870517225,0.29124484870517225,-0.0012347856555698776,-0.0015794853425893218,-0.862378704429042
10.38,207.22529977170336,0.2914627921711706,0.0008019957029155886,-0.04289064120428975,-0.29144876334137876,0.29144876334137876,-0.0008047415784708473,-0.0015375030289159876,-0.8578128240857951
10.39,207.42529973561096,0.2915803811953963,0.00037429529568348195,-0.04265024160139192,-0.2915668789817819,0.29156687898178196,-0.0003769124834540909,-0.0014953259029030453,-0.8530048320278384
10.4,207.62529973149688,0.29161267454591383,-5.0941201312712145e-05,-0.042397898968560735,-0.2915996804010739,0.2915996804010739,4.844667031084419e-05,-0.0014529683951985486,-0.8479579793712146
10.41,207.82529972311818,0.29156017688659874,-0.00047359518578412435,-0.04213377835769732,-0.2915476728448518,0.2915476728448518,0.0004712175631766654,-0.0014104448924473017,-0.8426755671539464
10.42,208.0252996748899,0.2914234164511208,-0.0008935497181476176,-0.041858047249949244,-0.29141138511472847,0.29141138511472847,0.0008912835249551865,-0.0013677697334885425,-0.8371609449989849
10.43,208.2252995519203,0.291202944707421,-0.0013106895454819615,-0.04157087548867596,-0.29119136660938905,0.291191366609389,0.0013084233522895306,-0.0013249572049525442,-0.8314175097735192
10.44,208.42529932004476,0.29089933601743323,-0.0017249011248115717,-0.04127243521199775,-0.2908881925395317,0.2908881925395317,0.0017227411388294996,-0.0012820215379006391,-0.825448704239955
10.450000000000001,208.62529894585845,0.29051318729218767,-0.002136072645715836,-0.04096290078534956,-0.29050246312675737,0.2905024631267573,0.002134013889475242,-0.00123897690361597,-0.8192580157069912
10.46,208.82529839674729,0.2900451176424337,-0.002544094052261953,-0.04064244873370371,-0.29003479796197135,0.29003479796197135,0.002542131781566689,-0.0011958374091679339,-0.8128489746740741
10.47,209.025297640918,0.2894957680249196,-0.0029488570642586453,-0.04031125767337748,-0.28948583847070103,0.28948583847070103,0.002946986757247605,-0.0011526170937679629,-0.8062251534675496
10.48,209.22529664742632,0.2888658008844691,-0.0033502551978267557,-0.03996950824374844,-0.2888562453897957,0.2888562453897957,0.0033483848908157153,-0.0011093299246419626,-0.7993901648749688
10.49,209.42529538620383,0.2881558997919928,-0.003748183785285942,-0.039617383038686844,-0.28814670299111367,0.28814670299111367,0.0037464011320160555,-0.0010659897937750392,-0.7923476607737369
10.5,209.62529382808353,0.2873667690785746,-0.004142539994355969,-0.0392550665380568,-0.2873579183378437,0.28735791833784363,0.004140840886871705,-0.0010226105139705824,-0.785101330761136
10.51,209.82529194482376,0.2864991334657726,-0.0045332228466719825,-0.038882745039013,-0.28649061654785385,0.28649061654785385,0.004531603369537255,-0.0009792058147325496,-0.77765490078026
10.52,210.0252897091308,0.28555373769227455,-0.004920133235611402,-0.03850060658702717,-0.28554554274674887,0.28554554274674887,0.004918589656887563,-0.0009357893388149746,-0.7700121317405434
10.53,210.22528709467974,0.2845313461370478,-0.005303173943431067,-0.03810884090691382,-0.28452345990323247,0.28452345990323247,0.005301630364707229,-0.0008923746383854503,-0.7621768181382764
10.540000000000001,210.42528407613423,0.2834327424391244,-0.005682249657713943,-0.0377076393337023,-0.2834251522361362,0.2834251522361362,0.005680778420362108,-0.0008489751719193668,-0.7541527866740461
10.55,210.62528062916425,0.28225872911416333,-0.006057266987124903,-0.03729719474364812,-0.28225142451537427,0.28225142451537427,0.006055864700808505,-0.0008056043005453518,-0.7459438948729624
10.56,210.82527673046295,0.2810101271679264,-0.006428134476476895,-0.03687770148516227,-0.28100309807380436,0.2810030980738043,0.006426797909748157,-0.0007622752842536028,-0.7375540297032455
10.57,211.02527235776148,0.2796877757068133,-0.006794762621105048,-0.0364493553096074,-0.2796810123371667,0.27968101233716663,0.006793488693959831,-0.0007190012786700134,-0.728987106192148
10.58,211.22526748984265,0.278292531545593,-0.007157063880549552,-0.03601235330218639,-0.2782860229551752,0.2782860229551752,0.007155789953404335,-0.0006757953315248003,-0.7202470660437278
10.59,211.42526210655294,0.2768252688124733,-0.007514952691547198,-0.035566893812801016,-0.2768190045368127,0.2768190045368127,0.007513738468327228,-0.0006326703797351532,-0.7113378762560203
10.6,211.6252561888131,0.27528687855164835,-0.007868345480332582,-0.0351131763871243,-0.27528084998565633,0.27528084998565633,0.007867188162960313,-0.0005896392460523886,-0.702263527742486
10.61,211.82524971862725,0.27367826832346465,-0.008217160674250216,-0.034651401697709985,-0.2736724671320146,0.27367246713201454,0.008216057595782315,-0.0005467146356048547,-0.6930280339541997
10.620000000000001,212.02524267909055,0.2720003618023451,-0.008561318712677768,-0.03418177147509686,-0.27199477991387017,0.27199477991387017,0.008560267331157811,-0.0005039091329230207,-0.6836354295019371
10.63,212.22523505439514,0.27025409837261194,-0.00890074205726098,-0.033704488439099636,-0.2702487267524255,0.2702487267524255,0.008899690675741024,-0.0004612351987257033,-0.6740897687819927
10.64,212.42522682983517,0.26844043272234414,-0.00923535520146254,-0.033219756230186796,-0.2684352627356807,0.2684352627356807,0.00923435309406592,-0.00041870516722406664,-0.664395124603736
10.65,212.62521799180988,0.26656033443541377,-0.009565084679425578,-0.03272777934115034,-0.2665553589805425,0.2665553589805425,0.00956412953687486,-0.0003763312430836615,-0.6545555868230069
10.66,212.82520852782548,0.26461478758183554,-0.009889859074154931,-0.032228763048925094,-0.26460999977982796,0.264609999779828,0.00988894869539633,-0.00033412549830935055,-0.6445752609785018
10.67,213.02519842649568,0.26260479030656914,-0.010209609025017113,-0.03172291334652447,-0.26260018349601466,0.26260018349601466,0.01020874131215344,-0.0002920998695435361,-0.6344582669304893
10.68,213.22518767754067,0.2605313544169116,-0.010524267234561036,-0.031210436875254034,-0.26052692113960363,0.26052692113960363,0.010523399521697363,-0.0002502661551802581,-0.6242087375050807
10.69,213.42517627178495,0.25839550496861724,-0.010833768474661873,-0.030691540857124458,-0.25839123810022135,0.25839123810022135,0.010832941428113183,-0.00020863601291808023,-0.6138308171424891
10.700000000000001,213.62516420115355,0.2561982798508803,-0.011138049591990952,-0.030166433027633544,-0.25619417353039914,0.25619417353039914,0.01113726130589222,-0.0001672209570473939,-0.6033286605526709
10.71,213.8251514586671,0.25394072937031936,-0.01143704951281449,-0.029635321568805422,-0.2539367779206332,0.2539367779206332,0.011436298170616144,-0.00012603235568359625,-0.5927064313761085
10.72,214.02513803843573,0.25162391583409244,-0.011730709247124414,-0.029098415042459014,-0.251620113757597,0.25162011375759696,0.011729993117415103,-8.508142835617156e-05,-0.5819683008491803
10.73,214.22512393565137,0.24924891313228417,-0.012018971892103159,-0.02855592232384399,-0.24924525427163174,0.24924525427163174,0.012018255762393848,-4.437924345885147e-05,-0.5711184464768798
10.74,214.4251091465791,0.2468168063196945,-0.012301782634926638,-0.028008052535580575,-0.24681328479734796,0.24681328479734793,0.012301100067436331,-3.936716073332794e-06,-0.5601610507116115
10.75,214.62509366854712,0.2443286911971627,-0.012579088754908775,-0.027455014982045632,-0.24432530217609735,0.24432530217609735,0.012578438176710017,3.623539441026324e-05,-0.5491002996409127
10.76,214.82507749993553,0.24178567389255912,-0.012850839624991704,-0.026897019084115667,-0.2417824126875008,0.24178241268750078,0.012850219536873406,7.612648670777027e-05,-0.5379403816823134
10.77,215.02506064016413,0.23918887044157566,-0.013116986712585077,-0.02633427431424581,-0.23918573251540065,0.23918573251540065,0.013116395685596506,0.00011572611974723419,-0.5266854862849162
10.78,215.22504308967882,0.2365394063684451,-0.013377483579758428,-0.025766990132000216,-0.23653638663729545,0.23653638663729545,0.013376892552769856,0.00015502401487724893,-0.5153398026400043
10.790000000000001,215.4250248499372,0.2338384162667183,-0.0136322858827909,-0.025195375919984362,-0.23383550988215077,0.23383550988215077,0.013631722554952744,0.0001940100577553735,-0.5039075183996873
10.8,215.6250059233927,0.2310870433802309,-0.013881351371082689,-0.024619640920298638,-0.23108424635029148,0.23108424635029148,0.013880814444245031,0.00023267430038942516,-0.49239281840597277
10.81,215.82498631347835,0.22828643918437896,-0.014124639885433724,-0.0240399941714408,-0.22828374764234916,0.22828374764234916,0.014124128122284755,0.00027100696319734877,-0.480799883428816
10.82,216.02496602458874,0.22543776296784027,-0.014362113355693101,-0.02345664444564311,-0.2254351731692659,0.22543517316926592,0.014361625576910847,0.000308998436799112,-0.4691328889128622
10.83,216.22494506206166,0.2225421814148588,-0.014593735797784776,-0.022869800186740123,-0.22253968916181618,0.22253968916181618,0.014593248019002521,0.0003466392838805772,-0.45739600373480244
10.84,216.42492343215855,0.21960086818821972,-0.014819473310114361,-0.022279669448528727,-0.21959846948158143,0.21959846948158143,0.014819008391644304,0.0003839202407818583,-0.44559338897057454
10.85,216.62490114204402,0.2166150035130377,-0.01503929406936249,-0.02168645983371973,-0.21661269505826936,0.21661269505826936,0.015038850939831976,0.00042083221919807386,-0.4337291966743946
10.86,216.82487819976467,0.21358577376147983,-0.015253168325670379,-0.021090378433424727,-0.2135835523673997,0.2135835523673997,0.015252745963916474,0.00045736630788490226,-0.42180756866849456
10.870000000000001,217.02485461422702,0.2105143710385441,-0.015461068397222924,-0.020491631767165647,-0.21051223361487112,0.21051223361487112,0.01546066582994075,0.0004935137741302188,-0.40983263534331293
10.88,217.2248303951746,0.20740199276901547,-0.015662968664234743,-0.019890425723489927,-0.2073999358490494,0.20739993584904942,0.015662566096952567,0.0005292660652732551,-0.39780851446979854
10.89,217.42480555316453,0.20424984128571022,-0.015858845562345604,-0.019286965501158906,-0.20424786157118335,0.20424786157118338,0.01585846186184623,0.000564614809985144,-0.38573931002317813
10.9,217.62478009954316,0.2010591234191361,-0.016048677575430697,-0.018681455550994666,-0.20105721819107725,0.20105721819107722,0.016048311857501645,0.0005995518196294573,-0.3736291110198933
10.91,217.82475404642116,0.1978310500886759,-0.016232445227832605,-0.018074099518339073,-0.19782921671340709,0.19782921671340709,0.016232096649699358,0.0006340690896162172,-0.36148199036678147
10.92,218.02472740664803,0.19456683589541238,-0.01641013107602086,-0.017465100186116078,-0.19456507182252566,0.19456507182252564,0.01640979883440864,0.0006681588005508435,-0.34930200372232156
10.93,218.22470019378594,0.19126769871670624,-0.016581719699685516,-0.016854659418566436,-0.1912660010831009,0.19126600108310088,0.016581387458073294,0.0007018133194110608,-0.33709318837132873
10.94,218.4246724220831,0.1879348593026398,-0.016747197692271284,-0.01624297810563048,-0.18793322538832588,0.18793322538832588,0.016746881021549972,0.0007350252005158703,-0.32485956211260963
10.950000000000001,218.62464410644668,0.18456954087443553,-0.016906553650959156,-0.015630256108048343,-0.18456796843543888,0.18456796843543888,0.016906251821383046,0.0007677871865489546,-0.31260512216096686
10.96,218.82461526241508,0.18117296872496155,-0.017059778166102293,-0.015016692203142494,-0.18117145558769765,0.18117145558769765,0.017059490482122876,0.0008000922095662141,-0.3003338440628499
10.97,219.0245859061301,0.1777463698214234,-0.01720686381012341,-0.014402484031273782,-0.17774491388102773,0.17774491388102773,0.01720658960879077,0.0008319333918229987,-0.28804968062547565
10.98,219.2245560543085,0.1742909724103591,-0.01734780512588011,-0.013787828043031188,-0.1742895713020447,0.1742895713020447,0.01734753092454747,0.0008633040466136796,-0.2757565608606238
10.99,219.42452572421314,0.17080800562503376,-0.01748259861450584,-0.01317291944713426,-0.17080665710588028,0.17080665710588028,0.017482337263942316,0.000894197678929123,-0.2634583889426852
11.0,219.6244949336242,0.16729869909533965,-0.017611242722733716,-0.012557952159106867,-0.16729740131337606,0.16729740131337606,0.017610993620671297,0.0009246079861484601,-0.25115904318213733
11.01,219.82446370080973,0.1637642825603032,-0.01773373782971079,-0.011943118750693343,-0.1637630337216488,0.1637630337216488,0.017733500402111652,0.0009545288587076397,-0.23886237501386687
11.02,220.0244320444963,0.16020598548329842,-0.0178500862333102,-0.011328610400011476,-0.16020478385078496,0.16020478385078496,0.017849859933035457,0.000983954380608848,-0.22657220800022954
11.03,220.2243999838393,0.15662503667006525,-0.017960292135948772,-0.010714616842490796,-0.15662388029035149,0.1566238802903515,0.017960065835674027,0.001012878829930149,-0.2142923368498159
11.040000000000001,220.4243675383931,0.15302266388962912,-0.018064361629917904,-0.010101326322580413,-0.15302155091331596,0.15302155091331598,0.018064145935472488,0.0010412966791748717,-0.20202652645160826
11.05,220.6243347280812,0.1494000934982207,-0.018162302682235502,-0.009488925546275275,-0.14939902239684807,0.14939902239684807,0.01816209709656668,0.0010692025956396032,-0.18977851092550552
11.06,220.82430157316634,0.14575855006627988,-0.018254125119027395,-0.00887759963443566,-0.14575751935932843,0.14575751935932843,0.018253929168373803,0.0010965914417533776,-0.1775519926887132
11.07,221.02426809422045,0.14209925600864876,-0.018339840609445685,-0.00826753207689774,-0.14209826426240302,0.142098264262403,0.018339653842253195,0.001123458275276045,-0.16535064153795478
11.08,221.22423431209475,0.1384234312180344,-0.01841946264913248,-0.007658904687413737,-0.13842247681891784,0.13842247681891784,0.018419275881939992,0.0011497983494875503,-0.15317809374827474
11.09,221.42420024788981,0.13473229270183415,-0.018493006543237114,-0.007051897559409463,-0.13473137412500816,0.13473137412500816,0.018492828529109676,0.0011756071132356224,-0.14103795118818926
11.1,221.6241659229258,0.13102705422240954,-0.01856048938899521,-0.006446689022599029,-0.13102617020640195,0.13102617020640195,0.01856031971771252,0.0012008802109900888,-0.12893378045198056
11.11,221.82413135871278,0.12730892594089485,-0.018621930057878145,-0.0058434556004371375,-0.12730807526379834,0.12730807526379834,0.018621768338441303,0.0012256134828642442,-0.11686911200874275
11.120000000000001,222.02409657692115,0.12357911406462266,-0.018677349177321174,-0.0052423719684053065,-0.12357829554315662,0.12357829554315662,0.01867719503705973,0.0012498029645114286,-0.10484743936810613
11.13,222.22406159935227,0.11983882049825288,-0.018726769112038764,-0.004643610913165565,-0.11983803279944771,0.11983803279944773,0.01872661497177732,0.0012734448870055277,-0.0928722182633113
11.14,222.42402644790948,0.11608924249867567,-0.018770213944935832,-0.00404734329256923,-0.11608848436534357,0.11608848436534355,0.01877006702864048,0.001296535676596028,-0.08094686585138461
11.15,222.62399114456923,0.11233157233377986,-0.018807709457623435,-0.0034537379965556246,-0.11233084272479081,0.11233084272479081,0.01880756942673544,0.0013190719544606483,-0.06907475993111249
11.16,222.82395571135245,0.10856699694515415,-0.01883928311054788,-0.0028629619089224853,-0.10856629485203083,0.10856629485203081,0.018839149642374924,0.0013410505364222815,-0.0572592381784497
11.17,223.02392017029638,0.10479669761480004,-0.018864964022741886,-0.0022751798699655766,-0.10479602206094366,0.10479602206094366,0.018864836809715103,0.001362468432555196,-0.045503597399311535
11.18,223.2238845434267,0.10102184963592933,-0.01888478295120662,-0.0016905546400140417,-0.10102119952014614,0.10102119952014614,0.01888465573817984,0.0013833228467701763,-0.033811092800280836
11.19,223.42384885273003,0.097243621987918,-0.018898772269933563,-0.0011092468638520961,-0.09724299627371488,0.09724299627371487,0.018898651018896463,0.0014036111762882526,-0.022184937277041922
11.200000000000001,223.62381312012693,0.09346317701548555,-0.018906965948575147,-0.000531415036053537,-0.09346257484357991,0.09346257484357991,0.01890685038011368,0.0014233310111054305,-0.010628300721070742
11.21,223.82377736744505,0.08968167011217221,-0.018909399530773256,4.278453278483711e-05,-0.08968109065023006,0.08968109065023006,0.018909289378566122,0.0014424801334201468,0.0008556906556967422
11.22,224.0237416163932,0.08590024940817022,-0.018906110112154543,0.0006131977489154567,-0.08589969185016745,0.08589969185016745,0.01890600512236157,0.00146105651696244,0.012263954978309134
11.23,224.22370588853562,0.08212005546258738,-0.01889713631800164,0.0011796727673946147,-0.08211951889879217,0.08211951889879218,0.01889703132820867,0.001479058326298704,0.023593455347892294
11.24,224.42367020526675,0.07834222096019554,-0.018882518280609363,0.0017420600231295295,-0.07834170453607292,0.0783417045360729,0.0188824182112902,0.0014964839160374014,0.03484120046259059
11.25,224.62363458778665,0.07456787041272922,-0.01886229761633511,0.002300212260995972,-0.07456737341907643,0.07456737341907642,0.01886220223688344,0.0015133318300211678,0.04600424521991944
11.26,224.82359905707702,0.07079811986479309,-0.018836517402352686,0.0028539845650395797,-0.07079764161464856,0.07079764161464856,0.018836426492974772,0.0015296008004811363,0.057079691300791595
11.27,225.02356363387764,0.06703407660443553,-0.01880522215311869,0.0034032343867640307,-0.06703361643255165,0.06703361643255165,0.01880513550431734,0.0015452897471039985,0.06806468773528061
11.28,225.22352833866364,0.06327683887844432,-0.018768457796560688,0.003947821572489612,-0.06327639603326245,0.06327639603326245,0.01876837114775933,0.0015603977760727315,0.07895643144979224
11.290000000000001,225.4234931916232,0.05952749561241746,-0.018726271649996407,0.004487608389790242,-0.05952706938941189,0.05952706938941189,0.018726189062095333,0.0015749241790193012,0.08975216779580485
11.3,225.62345821263594,0.05578712613566537,-0.018678712395793322,0.005022459552991781,-0.0557867159494962,0.0557867159494962,0.018678633678473215,0.0015888684319606992,0.10044919105983562
11.31,225.82342342125213,0.05205679991098475,-0.01862583005677781,0.005552242247745024,-0.05205640519466853,0.05205640519466853,0.018625755028640327,0.0016022301941976283,0.11104484495490048
11.32,226.02338883667244,0.048337576269365884,-0.018567675971403293,0.006076826154675027,-0.0483371964738406,0.0483371964738406,0.018567604459549077,0.0016150093071358247,0.12153652309350053
11.33,226.22335447772835,0.0446305041496702,-0.01850430276868653,0.006596083472095821,-0.044630138654058696,0.04463013865405869,0.018504231256832315,0.0016272057930802365,0.1319216694419164
11.34,226.4233203628634,0.0409366218433269,-0.01843576434292144,0.007109888937797723,-0.04093627006676537,0.040936270066765375,0.01843569618255609,0.0016388198539511007,0.14219777875595446
11.35,226.62328651011504,0.03725695674409109,-0.018362115828179745,0.007618119849894754,-0.03725661820346661,0.0372566182034666,0.018362050862232235,0.001649851869981634,0.15236239699789508
11.36,226.82325293709738,0.03359252510290476,-0.0182834135726078,0.008120656086743503,-0.033592199330254945,0.03359219933025494,0.018283351651367553,0.0016603023983794948,0.16241312173487008
11.370000000000001,227.0232196609846,0.029944331787899372,-0.01819971511252888,0.008617380125937567,-0.029944018330053324,0.029944018330053324,0.01819965609330304,0.0016701721719198975,0.17234760251875134
11.38,227.22318669849494,0.026313370049581633,-0.01811107914636026,0.009108177062368267,-0.026313068393635338,0.026313068393635338,0.01811102012713442,0.0016794620975117015,0.18216354124736533
11.39,227.42315406587585,0.022700621291228632,-0.018017565508354167,0.00959293462536075,-0.022700330958256403,0.022700330958256403,0.018017509255134196,0.0016881732546943902,0.191858692507215
11.4,227.6231217788896,0.019107054844539346,-0.017919235142172252,0.010071543194874664,-0.019106775435799635,0.019106775435799635,0.017919181525327732,0.0016963068941160267,0.20143086389749326
11.41,227.82308985279985,0.015533627750565068,-0.017816150074302574,0.0105438958167817,-0.015533358879820955,0.015533358879820955,0.017816098970276566,0.0017038644359767513,0.21087791633563402
11.42,228.02305830235886,0.011981284545953106,-0.017708373387328443,0.011009888217224125,-0.011981025839176047,0.011981025839176047,0.017708324678353034,0.0017108474684121345,0.2201977643444825
11.43,228.2230271417956,0.008450957054531786,-0.017595969193058333,0.011469418816048743,-0.008450708088032013,0.008450708088032013,0.017595920484082924,0.0017172577458504075,0.22938837632097486
11.44,228.42299638480472,0.0049435641842636505,-0.017479002605526033,0.01192238873932429,-0.004943324563143648,0.004943324563143648,0.017478956179356568,0.0017230971873088477,0.2384477747864858
11.450000000000001,228.6229660445362,0.0014600117295913242,-0.01735753971387024,0.01236870183093635,-0.0014597811247448109,0.001459781124744811,0.017357495463519522,0.0017283678746713136,0.247374036618727
11.46,228.82293613358576,-0.0019988078207969313,-0.017231647555102887,0.012808264663270154,0.001999029728155103,0.001999029728155103,0.017231605378597154,0.0017330720509336857,0.25616529326540305
11.47,229.0229066639863,-0.005432015470769707,-0.017101394086774965,0.013240986546987767,0.0054322289893482,0.0054322289893482,0.017101353886923073,0.001737212118396665,0.26481973093975536
11.48,229.2228776472,-0.008838745898090854,-0.016966848159549356,0.013666779539895202,0.008838951377865435,0.008838951377865435,0.016966807959697464,0.0017407906368340099,0.27333559079790404
11.49,229.42284909411114,-0.012218147630285094,-0.016828079489689417,0.01408555845490891,0.01221834539688719,0.01221834539688719,0.016828041173851248,0.001743810321607533,0.2817111690981782
11.5,229.62282101501995,-0.015569383215010878,-0.016685158631472432,0.014497240867117938,0.0155695735400733,0.0155695735400733,0.016685122111353725,0.0017462740417641797,0.2899448173423588
11.51,229.82279341963707,-0.018891629384926657,-0.01653815694953695,0.014901747119952635,0.018891812531563294,0.01889181253156329,0.01653812214097636,0.0017481848181037708,0.2980349423990527
11.52,230.02276631707883,-0.022184077217037804,-0.01638714659117288,0.015299000330465985,0.02218425344004545,0.022184253440045452,0.016387113413957793,0.0017495458212010465,0.3059800066093197
11.53,230.22273971586347,-0.02544593228651326,-0.01623220045856321,0.01568892639372705,0.02544610187496044,0.02544610187496044,0.016232167281348124,0.0017503603694052432,0.31377852787454097
11.540000000000001,230.42271362390792,-0.028676414814963153,-0.016073392180986204,0.016071453986335242,0.028676578037383733,0.028676578037383736,0.016073360558661553,0.0017506319267935292,0.32142907972670487
11.55,230.62268804852553,-0.03187475981316651,-0.015910796086986985,0.016446514569054202,0.03187491689375692,0.03187491689375692,0.015910765946681178,0.0017503641011079895,0.32893029138108404
11.56,230.82266299642455,-0.03504021721825176,-0.01574448717652688,0.01681404238857717,0.035040368374177025,0.035040368374177025,0.015744458448782365,0.0017495606416663802,0.33628084777154343
11.57,231.0226384737073,-0.0381720520253146,-0.0155745410931197,0.017173974478429346,0.038172197466874995,0.038172197466874995,0.015574513711735984,0.0017482254372337106,0.3434794895685869
11.58,231.22261448587014,-0.041269544413479284,-0.015401034095963183,0.01752625065900978,0.041269684379419753,0.041269684379419753,0.015401006714579467,0.001746362513873826,0.35052501318019563
11.59,231.42259103780418,-0.044331989866399316,-0.015224043032074322,0.017870813536781577,0.04433212457818459,0.04433212457818459,0.015224016933952547,0.0017439760327614933,0.35741627073563154
11.6,231.6225681337967,-0.047358699287199046,-0.015043645308437053,0.018207608502611623,0.04735882892987318,0.04735882892987318,0.01504362043343466,0.001741070287980011,0.36415217005223244
11.61,231.82254577753335,-0.05034899910785882,-0.014859918864170756,0.018536583729271017,0.050349123860662245,0.050349123860662245,0.01485989515496549,0.0017376497042959319,0.37073167458542033
11.620000000000001,232.02252397210103,-0.053302231393048544,-0.014672942142727888,0.018857690168103763,0.05330235142955566,0.05330235142955566,0.014672919544683341,0.0017337188349007642,0.37715380336207527
11.63,232.22250271999133,-0.05621775393841251,-0.014482794064129261,0.0191708815448668,0.05621786945579097,0.05621786945579097,0.014482771466084714,0.0017292823591354505,0.38341763089733605
11.64,232.42248202310492,-0.05909494036332085,-0.014289553997244686,0.019476114354751817,0.059095051544231246,0.059095051544231246,0.014289532458285181,0.0017243450801816436,0.38952228709503633
11.65,232.62246188275648,-0.06193318019808649,-0.014093301732127826,0.01977334785659074,0.06193328719525789,0.06193328719525789,0.014093281202617956,0.001718911922740804,0.3954669571318148
11.66,232.82244229968015,-0.06473187896566622,-0.013894117452412863,0.020062544066257123,0.06473198192703722,0.06473198192703722,0.013894097885041694,0.0017129879306940396,0.40125088132514247
11.67,233.0224232740358,-0.06749045825785525,-0.013692081707781184,0.020343667749271366,0.06749055732668757,0.06749055732668757,0.013692063057460452,0.0017065782647346464,0.4068733549854273
11.68,233.2224048054158,-0.07020835580598977,-0.013487275386505971,0.020616686412614785,0.0702084511451024,0.0702084511451024,0.013487256736185239,0.001699688199986511,0.4123337282522957
11.69,233.42238689285261,-0.07288502554617314,-0.013279779688082582,0.020881570295762597,0.07288511730623373,0.07288511730623373,0.01327976191183089,0.001692323123595279,0.41763140591525194
11.700000000000001,233.62236953482667,-0.07551993767904334,-0.013069676095952453,0.021138292360940555,0.07552002598610885,0.07552002598610885,0.0130696591528059,0.0016844885323099204,0.4227658472188111
11.71,233.82235272927488,-0.07811257872409769,-0.012857046350328456,0.021386828282616514,0.07811266370027119,0.0781126637002712,0.012857030201244275,0.0016761900300487924,0.42773656565233026
11.72,234.02233647359998,-0.08066245156860191,-0.012641972421128763,0.02162715643623663,0.08066253333212636,0.08066253333212638,0.012641957028890502,0.0016674333254438818,0.43254312872473266
11.73,234.2223207646801,-0.08316907551109622,-0.012424536481027485,0.021859257886211615,0.08316915419641481,0.08316915419641482,0.012424521088789223,0.001658224229374179,0.4371851577242323
11.74,234.42230559887892,-0.08563198629952846,-0.012204820878628958,0.022083116373164218,0.08563206203092978,0.0856320620309298,0.012204806207765656,0.001648568652477409,0.4416623274632844
11.75,234.62229097205642,-0.08805073616403654,-0.011982908111773277,0.022298718300443807,0.08805080904556313,0.08805080904556314,0.011982894128477868,0.0016384726026551007,0.44597436600887613
11.76,234.82227687957996,-0.09042489384440655,-0.0117588808009803,0.02250605271991988,0.0904249639768374,0.09042496397683741,0.011758867473029557,0.001627942182565885,0.45012105439839756
11.77,235.02226331633597,-0.09275404461223459,-0.011532821663039285,0.022705111317064187,0.09275411209316241,0.09275411209316242,0.011532808959719223,0.0016169835871022648,0.4541022263412837
11.78,235.22225027674187,-0.09503779028782117,-0.011304813484751233,0.022895888395328974,0.09503785522825062,0.09503785522825063,0.01130480078143117,0.0016056031008598762,0.45791776790657945
11.790000000000001,235.42223775475875,-0.09727574925182927,-0.01107493909683089,0.023078380859832336,0.0972758117542967,0.09727581175429671,0.01107492698886759,0.0015938070955904865,0.46156761719664674
11.8,235.6222257439039,-0.09946755645173566,-0.010843281347975537,0.023252588200357815,0.09946761660211322,0.09946761660211323,0.010843269807465214,0.0015816020276513594,0.4650517640071563
11.81,235.8222142372643,-0.10161286340311462,-0.010609923079106758,0.023418512473680785,0.10161292128458077,0.10161292128458078,0.010609912079457457,0.0015689944354467388,0.4683702494736157
11.82,236.02220322751012,-0.10371133818578102,-0.010374947097792665,0.023576158285231283,0.10371139387888445,0.10371139387888445,0.010374936613655107,0.0015559909368577374,0.47152316570462566
11.83,236.22219270690857,-0.10576266543483465,-0.010138436152856598,0.02372553277010223,0.10576271903122086,0.10576271903122086,0.01013842566871904,0.0015425982266682576,0.47451065540204457
11.84,236.42218266733812,-0.10776654632664091,-0.009900472909178991,0.023866645573414304,0.10776659791090709,0.10776659791090708,0.009900462916392948,0.001528823073979771,0.4773329114682861
11.85,236.62217310030306,-0.10972269855978684,-0.009661139922698786,0.02399950883004579,0.10972274820280804,0.10972274820280803,0.009661130398237123,0.0015146723196255256,0.47999017660091575
11.86,236.8221639969482,-0.11163085633105252,-0.00942051961562067,0.024124137143739753,0.11163090410148031,0.1116309041014803,0.009420510537534165,0.0015001528735808808,0.4824827428747951
11.870000000000001,237.0221553480739,-0.1134907703064396,-0.009178694251834263,0.024240547565599388,0.11349081627075473,0.11349081627075472,0.009178685599203429,0.0014852717123667,0.48481095131198776
11.88,237.22214714415122,-0.11530220758729717,-0.0089357459125516,0.024348759571980728,0.11530225182115712,0.11530225182115711,0.008935737259920768,0.0014700358764523887,0.48697519143961454
11.89,237.42213937533748,-0.11706495167159403,-0.008691756472168202,0.024448795041794875,0.11706499424480048,0.11706499424480048,0.008691748225054322,0.0014544524676525666,0.4889759008358975
11.9,237.62213203149176,-0.11877880241037539,-0.008446807574354493,0.02454067823322847,0.11877884338142478,0.11877884338142478,0.008446799713749882,0.0014385286465265223,0.49081356466456943
11.91,237.8221251021907,-0.12044357595945537,-0.008200980608382633,0.024624435759895348,0.12044361538500901,0.12044361538500901,0.008200973116175667,0.001422271629777509,0.49248871519790693
11.92,238.0221185767444,-0.12205910472639046,-0.007954356685694686,0.02470009656643045,0.12205914266131813,0.12205914266131813,0.007954349544619288,0.001405688687649764,0.494001931328609
11.93,238.22211244421237,-0.12362523731278278,-0.007707016616717598,0.024767691903536164,0.12362527381953917,0.12362527381953917,0.0077070094756422,0.0013887871413285867,0.4953538380707233
11.94,238.42210669341972,-0.12514183845196278,-0.007459040887930384,0.02482725530249316,0.12514187358814502,0.12514187358814502,0.007459034081530274,0.0013715743603388035,0.4965451060498632
11.950000000000001,238.6221013129733,-0.12660878894210217,-0.007210509639188815,0.024878822549145627,0.12660882275599009,0.12660882275599009,0.0072105031517786505,0.001354057759949177,0.49757645098291253
11.96,238.82209629127783,-0.1280259855748076,-0.006961502641313038,0.02492243165737373,0.12802601811316622,0.12802601811316622,0.0069614964579426675,0.0013362447985805041,0.4984486331474746
11.97,239.0220916165523,-0.12939334105925135,-0.006712099273942544,0.024958122842064934,0.12939337236736675,0.12939337236736675,0.006712093380364363,0.0013181429752157044,0.4991624568412987
11.98,239.22208727684617,-0.13071078394188815,-0.006462378503664328,0.02498593849159477,0.1307108140713135,0.1307108140713135,0.0064623726100861475,0.0012997598268165282,0.49971876983189545
11.99,239.42208326005564,-0.1319782585218166,-0.006212418862418414,0.025005923139829547,0.1319782875200808,0.1319782875200808,0.006212413245048513,0.0012811029257429913,0.5001184627965909
12.0,239.62207955393984,-0.13319572476183958,-0.005962298426185754,0.02501812343766141,0.13319575266878997,0.13319575266878997,0.005962293072081372,0.0012621798771820533,0.5003624687532282
