t_s,x_m,y_m,heading_rad,yaw_rate_radps,signed_error_m,distance_error_m,heading_error_rad,curvature_command_pm,lateral_accel_mps2
0.0,0.0,0.0,0.0,0.0,3.152737647920627e-06,3.1527376479212332e-06,6.200881182970891e-07,1.2717036130733843e-06,0.0
0.01,0.19999999999999998,1.687126793344023e-10,2.526535958213328e-09,5.036283733129272e-07,3.2765865589007025e-06,3.276586558900703e-06,6.175615823388756e-07,1.2678890302667584e-06,1.0072567466258543e-05
0.02,0.39999999999999997,1.3425141207624092e-09,1.0031748326897582e-08,9.957735606822618e-07,3.404003893187679e-06,3.404003893187679e-06,6.405464504305893e-07,1.3151329397930554e-06,1.9915471213645236e-05
0.03,0.5999999999999999,4.512506352217539e-09,2.2503385556698746e-08,1.4968834621398815e-06,3.534148469862539e-06,3.534148469862539e-06,6.600641047497912e-07,1.3554696941982078e-06,2.993766924279763e-05
0.04,0.7999999999999998,1.0679963244828604e-08,4.001648158836685e-08,2.0040451477558284e-06,3.666172621981328e-06,3.6661726219813286e-06,6.761132277220752e-07,1.3888881816639639e-06,4.008090295511657e-05
0.05,0.9999999999999996,2.0858270376211772e-08,6.26172083478821e-08,2.514398966902384e-06,3.799220256712023e-06,3.7992202567120233e-06,6.5351250096256e-07,1.3450172044922403e-06,5.028797933804768e-05
0.06,1.1999999999999988,3.6057871115339404e-08,9.018361651893527e-08,2.997273032357173e-06,3.934289095642014e-06,3.934289095642014e-06,6.611585818271954e-07,1.361660054610811e-06,5.994546064714346e-05
0.07,1.399999999999998,5.7252632440947345e-08,1.2256386314954657e-07,3.477176560940275e-06,4.068904359043006e-06,4.068904359043007e-06,6.657222355798971e-07,1.3721335147502243e-06,6.95435312188055e-05
0.08,1.5999999999999959,8.540155274023278e-08,1.5971628102151213e-07,3.9517251310964334e-06,4.202288703485544e-06,4.202288703485544e-06,6.673302676686682e-07,1.3766834223721919e-06,7.903450262192867e-05
0.09,1.7999999999999925,1.2145296096629652e-07,2.0157608397504468e-07,4.418678894138245e-06,4.333679920746462e-06,4.333679920746462e-06,6.661367796972249e-07,1.3756103586019144e-06,8.837357788276489e-05
0.1,1.9999999999999876,1.6634004372635343e-07,2.4805690703712616e-07,4.875961391454848e-06,4.46233541072085e-06,4.4623354107208495e-06,6.196559566351433e-07,1.283935267377495e-06,9.751922782909696e-05
0.11,2.1999999999999797,2.2096537806014155e-07,2.9888299619379325e-07,5.2878833200925115e-06,4.589785828106966e-06,4.589785828106966e-06,6.11495762406627e-07,1.2688893830943236e-06,0.00010575766640185023
0.12,2.399999999999969,2.861631236511254e-07,3.5375749352568434e-07,5.6856900786664585e-06,4.713378403053479e-06,4.71337840305348e-06,6.013850571921829e-07,1.2499038984149005e-06,0.00011371380157332917
0.13,2.5999999999999543,3.627284179412615e-07,4.125328225506787e-07,6.06810097998243e-06,4.8325381034968e-06,4.8325381034968e-06,5.895745740683086e-07,1.227474529171585e-06,0.0001213620195996486
0.14,2.799999999999935,4.514256766490797e-07,4.750497119890777e-07,6.434057012774266e-06,4.94672603027937e-06,4.946726030279371e-06,5.763318079669641e-07,1.2021308762367219e-06,0.00012868114025548532
0.15,2.999999999999909,5.529864795110609e-07,5.411394578228766e-07,6.782729871601356e-06,5.055441531408589e-06,5.055441531408589e-06,5.102420621331652e-07,1.0710385395804163e-06,0.0001356545974320271
0.16,3.199999999999876,6.680941999520008e-07,6.10420850730414e-07,7.072582501618448e-06,5.16094950454749e-06,5.16094950454749e-06,4.926576171702804e-07,1.0369247293860357e-06,0.00014145165003236895
0.17,3.3999999999998343,7.973416031498643e-07,6.825042019001917e-07,7.343185691033307e-06,5.260453630584594e-06,5.260453630584594e-06,4.7481317036827607e-07,1.002230877042398e-06,0.00014686371382066616
0.18,3.599999999999782,9.412698820521936e-07,7.571977767123791e-07,7.594690892225891e-06,5.353679410905633e-06,5.353679410905632e-06,4.5702544325669206e-07,9.675876806224405e-07,0.0001518938178445178
0.19,3.7999999999997187,1.1003821168029229e-06,8.343125930550559e-07,7.827496331789514e-06,5.440397016410681e-06,5.440397016410681e-06,4.396145521620453e-07,9.336330744881973e-07,0.00015654992663579028
0.2,3.9999999999996425,1.2751440713412494e-06,9.136648789291938e-07,8.042244989836518e-06,5.52042049091575e-06,5.52042049091575e-06,3.602622662879075e-07,7.757287374849725e-07,0.00016084489979673036
0.21,4.199999999999551,1.4659688585709692e-06,9.948296051581378e-07,8.19020703237262e-06,5.596909049432954e-06,5.596909049432954e-06,3.417371235790088e-07,7.394433376523471e-07,0.00016380414064745238
0.22,4.3999999999994435,1.6731687577444128e-06,1.0773871643429834e-06,8.320869249063867e-06,5.6668804341554634e-06,5.6668804341554634e-06,3.248991520548127e-07,7.064671084511801e-07,0.00016641738498127736
0.23,4.599999999999318,1.8970055893990625e-06,1.1611728511719145e-06,8.435884718786477e-06,5.730395969323384e-06,5.730395969323385e-06,3.100645006625432e-07,6.774329610183203e-07,0.00016871769437572953
0.24,4.799999999999173,2.1377099590897005e-06,1.2460395843361844e-06,8.537124436865265e-06,5.787556138599075e-06,5.787556138599076e-06,2.975391395019569e-07,6.529538403899046e-07,0.00017074248873730528
0.25,4.999999999999007,2.3954849960111253e-06,1.3318600243801911e-06,8.626665092933213e-06,5.83849684644521e-06,5.838496846445209e-06,2.1171869945795025e-07,4.818223673803526e-07,0.00017253330185866425
0.26,5.199999999998818,2.6704903642022997e-06,1.4182269837127617e-06,8.646660121220214e-06,5.887386905198663e-06,5.887386905198663e-06,2.012501510146975e-07,4.6137417108138165e-07,0.00017293320242440428
0.27,5.399999999998604,2.9627862738605278e-06,1.5047512819755488e-06,8.658161193127193e-06,5.930930974915388e-06,5.930930974915387e-06,1.9435620228819908e-07,4.4802171432555207e-07,0.00017316322386254384
0.28,5.5999999999983645,3.2723966965268275e-06,1.5913629207083405e-06,8.66414660139183e-06,5.969496627662992e-06,5.969496627662993e-06,1.9129034917812807e-07,4.422756646328861e-07,0.0001732829320278366
0.29,5.7999999999980965,3.599334630335459e-06,1.6780224030848131e-06,8.66773790249204e-06,6.003472034888087e-06,6.003472034888087e-06,1.9228460795563274e-07,4.4460393626014635e-07,0.0001733547580498408
0.3,5.9999999999978,3.943608336982201e-06,1.764722067379259e-06,8.672180148407206e-06,6.033259730449264e-06,6.0332597304492635e-06,1.0558494366118694e-07,2.715024846268665e-07,0.00017344360296814412
0.31,6.199999999997473,4.30520342447424e-06,1.8511218064309465e-06,8.607981664154578e-06,6.064118782008461e-06,6.06411878200846e-06,1.1114888883253449e-07,2.8293896548515355e-07,0.00017215963328309156
0.32,6.399999999997115,4.684016204382073e-06,1.9369086591412756e-06,8.549583544927981e-06,6.092232972951279e-06,6.092232972951278e-06,1.2184758145296395e-07,3.0461749263544067e-07,0.00017099167089855964
0.33,6.599999999996723,5.079931220104839e-06,2.0221604011863495e-06,8.500927057892009e-06,6.1181921794932635e-06,6.1181921794932635e-06,1.3782558088563207e-07,3.368330835661968e-07,0.0001700185411578402
0.34,6.799999999996297,5.492852524439311e-06,2.1069944155226524e-06,8.465992262645882e-06,6.14257843208903e-06,6.142578432089031e-06,1.5919877690850795e-07,3.798233381379062e-07,0.00016931984525291765
0.35000000000000003,6.999999999995835,5.922711631953674e-06,2.1915679623843708e-06,8.448774504177609e-06,6.16595796306057e-06,6.16595796306057e-06,7.46252300467896e-08,2.109100397241849e-07,0.00016897549008355216
0.36,7.1999999999953355,6.369445936128744e-06,2.2756354563357378e-06,8.365003532164548e-06,6.194748180374856e-06,6.194748180374856e-06,1.0198715112321843e-07,2.6592178405018543e-07,0.00016730007064329097
0.37,7.399999999994798,6.832917822027562e-06,2.358982855762275e-06,8.304677446931548e-06,6.22433707512644e-06,6.224337075126439e-06,1.3554814610568575e-07,3.333396629626359e-07,0.00016609354893863096
0.38,7.599999999994222,7.31300820599471e-06,2.4418669282760004e-06,8.272245167089151e-06,6.255418568403894e-06,6.255418568403895e-06,1.7532084233294985e-07,4.1319587034993866e-07,0.00016544490334178302
0.39,7.799999999993606,7.80965378157568e-06,2.5245885526949638e-06,8.2720802663912e-06,6.288644936173725e-06,6.288644936173725e-06,2.2128700256375506e-07,5.054604544892474e-07,0.000165441605327824
0.4,7.999999999992948,8.322855758668363e-06,2.607491849612429e-06,8.308457854351968e-06,6.324618070132223e-06,6.324618070132223e-06,1.3838370564628984e-07,3.400135919939019e-07,0.00016616915708703937
0.41000000000000003,8.199999999992245,8.852652582144018e-06,2.6904266099845576e-06,8.278593770405271e-06,6.3709994264851245e-06,6.370999426485125e-06,1.9046428917812388e-07,4.44638572621099e-07,0.00016557187540810543
0.42,8.399999999991499,9.399020571955942e-06,2.7732735580522825e-06,8.29075530331826e-06,6.422057719228379e-06,6.422057719228379e-06,2.4927135929116743e-07,5.627632957746187e-07,0.0001658151060663652
0.43,8.599999999990706,9.961985703456034e-06,2.8564755956879764e-06,8.34945654635672e-06,6.478463482315787e-06,6.478463482315786e-06,3.1468843289391505e-07,6.94161500610988e-07,0.0001669891309271344
0.44,8.799999999989867,1.0541666986503164e-05,2.940519867761731e-06,8.459032602453606e-06,6.5408113384692024e-06,6.540811338469203e-06,3.8657083061664813e-07,8.385497746179883e-07,0.00016918065204907213
0.45,8.999999999988976,1.1138285128677583e-05,3.0259358764732075e-06,8.623620494877849e-06,6.609611335969572e-06,6.609611335969572e-06,3.011548219051717e-07,6.684057571700391e-07,0.000172472409897557
0.46,9.199999999988034,1.175212739628064e-05,3.1126433837053883e-06,8.717567783281503e-06,6.693905913913307e-06,6.693905913913307e-06,3.7804084406086097e-07,8.23020747260855e-07,0.00017435135566563006
0.47000000000000003,9.399999999987038,1.2383425001690125e-05,3.2005882101657797e-06,8.870886429265063e-06,6.786490758081492e-06,6.786490758081491e-06,4.6173337781169093e-07,9.913316632041967e-07,0.00017741772858530125
0.48,9.599999999985984,1.3032486203272074e-05,3.2903853818298446e-06,9.08782475121861e-06,6.88790154328683e-06,6.88790154328683e-06,5.520128981474629e-07,1.172904811727794e-06,0.0001817564950243722
0.49,9.799999999984871,1.3699746427188864e-05,3.3826911242102804e-06,9.372375191148856e-06,6.998567524127125e-06,6.998567524127125e-06,6.48638131184042e-07,1.3672619376093552e-06,0.00018744750382297714
0.5,9.999999999983695,1.438577624721568e-05,3.4782002404783776e-06,9.728261733656404e-06,7.118803555177821e-06,7.118803555177821e-06,5.531290149159448e-07,1.1774460653836679e-06,0.0001945652346731281
0.51,10.19999999998245,1.5091236234085389e-05,3.5768557560681595e-06,1.0001929128630309e-05,7.259253540450581e-06,7.259253540450581e-06,6.526941046968908e-07,1.3779807447982873e-06,0.0002000385825726062
0.52,10.399999999981135,1.5816725780408316e-05,3.6786191693329706e-06,1.0349594600020002e-05,7.410869014912429e-06,7.410869014912429e-06,7.588976823897685e-07,1.5919040549286611e-06,0.00020699189200040004
0.53,10.599999999979744,1.6562941749166973e-05,3.7842497099536485e-06,1.077509514075011e-05,7.5739756752175585e-06,7.573975675217558e-06,8.714597290958244e-07,1.8186592149438244e-06,0.00021550190281500222
0.54,10.79999999997827,1.733073658695465e-05,3.894543490211154e-06,1.128197126621263e-05,7.74876877296171e-06,7.748768772961709e-06,9.90086903581022e-07,2.057661494891661e-06,0.0002256394253242526
0.55,10.999999999976708,1.8121125402276628e-05,4.010330514134883e-06,1.1873461816321837e-05,7.935306036396082e-06,7.935306036396082e-06,8.742998796572928e-07,1.8279528196785464e-06,0.00023746923632643675
0.56,11.199999999975052,1.893522871469504e-05,4.13151731697809e-06,1.2362269338506841e-05,8.146164165627022e-06,8.146164165627022e-06,9.932898913557565e-07,2.0680414243677833e-06,0.00024724538677013685
0.5700000000000001,11.399999999973293,1.9774086804535728e-05,4.258020630567141e-06,1.2936479281075852e-05,8.370065431797402e-06,8.370065431797402e-06,1.1187726735270218e-06,2.3212460013720175e-06,0.00025872958562151707
0.58,11.599999999971422,2.063884954991781e-05,4.390712053453506e-06,1.3599594835851919e-05,8.607098948186034e-06,8.607098948186034e-06,1.2504572603835642e-06,2.586985510248989e-06,0.00027199189671703837
0.59,11.799999999969433,2.1530844551540023e-05,4.530496713739077e-06,1.4354819719380375e-05,8.85720656457176e-06,8.85720656457176e-06,1.3880477054173846e-06,2.8646674764804867e-06,0.0002870963943876075
0.6,11.999999999967313,2.245158353958504e-05,4.678310281355796e-06,1.5205059574739132e-05,9.120176460354704e-06,9.120176460354704e-06,1.2402341378006656e-06,2.5716700402048782e-06,0.00030410119149478263
0.61,12.199999999965051,2.340269097009084e-05,4.833959679759775e-06,1.592242879401313e-05,9.41098057922475e-06,9.410980579224752e-06,1.3755980672659352e-06,2.845305940324118e-06,0.00031844857588026257
0.62,12.399999999962635,2.4385677193309933e-05,4.997255150853445e-06,1.6733960227955438e-05,9.715704220865608e-06,9.715704220865608e-06,1.5176246994266297e-06,3.1324064410619154e-06,0.00033467920455910875
0.63,12.599999999960051,2.5402166747689202e-05,5.169155713593827e-06,1.764312167889944e-05,1.003422407580408e-05,1.0034224075804082e-05,1.6660585296833504e-06,3.4324593001247416e-06,0.0003528624335779888
0.64,12.799999999957285,2.6453979352308698e-05,5.350653702792513e-06,1.8653109420551964e-05,1.0366258559290234e-05,1.0366258559290234e-05,1.8206453303551811e-06,3.7449532463032646e-06,0.0003730621884110393
0.65,12.99999999995432,2.7543136300453888e-05,5.542772082731432e-06,1.9766853959195434e-05,1.0711361417769039e-05,1.0711361417769039e-05,1.628526950416262e-06,3.3641675150102143e-06,0.00039533707918390867
0.66,13.199999999951135,2.867177276371244e-05,5.7451607526815816e-06,2.0707743625299223e-05,1.1087506675860673e-05,1.1087506675860672e-05,1.778747854319692e-06,3.6683707753979906e-06,0.0004141548725059845
0.67,13.399999999947712,2.98418619670242e-05,5.957469225207158e-06,2.1750474990407267e-05,1.1477691217498227e-05,1.1477691217498229e-05,1.9363862058357874e-06,3.987549323846557e-06,0.0004350094998081453
0.68,13.599999999944028,3.105549102377478e-05,6.180735552587263e-06,2.289896206518568e-05,1.1881646894428775e-05,1.1881646894428775e-05,2.1012563538346536e-06,4.321329176613595e-06,0.00045797924130371357
0.6900000000000001,13.799999999940063,3.231495849623816e-05,6.416035795396923e-06,2.41568932502118e-05,1.229893882497551e-05,1.2298938824975512e-05,2.2731765470340247e-06,4.669342482317804e-06,0.000483137865004236
0.7000000000000001,13.999999999935786,3.362278177393586e-05,6.664481801000913e-06,2.5527738231930943e-05,1.2728958015754347e-05,1.2728958015754347e-05,2.024730541430035e-06,4.176750663017613e-06,0.0005105547646386189
0.71,14.199999999931167,3.4981590653948524e-05,6.925521432663959e-06,2.6676359233811877e-05,1.3193440138227211e-05,1.3193440138227211e-05,2.1909335801974636e-06,4.513801561777199e-06,0.0005335271846762375
0.72,14.39999999992618,3.639379317752767e-05,7.198602804419824e-06,2.793571711501103e-05,1.3671766012549881e-05,1.3671766012549883e-05,2.3661015113003682e-06,4.868920682726235e-06,0.0005587143423002206
0.73,14.599999999920792,3.786191009206717e-05,7.484858181568515e-06,2.9310774633804142e-05,1.4163618834187523e-05,1.4163618834187523e-05,2.5501348656198385e-06,5.241905919581552e-06,0.0005862154926760828
0.74,14.799999999914963,3.938869350104677e-05,7.785468562477647e-06,3.08063162398185e-05,1.4668504620481232e-05,1.4668504620481232e-05,2.742936204029653e-06,5.6325574542641185e-06,0.00061612632479637
0.75,14.999999999908654,4.097713643382328e-05,8.101661917754592e-06,3.242695251097026e-05,1.5185742640988887e-05,1.5185742640988887e-05,2.4267428487527086e-06,5.005343123915306e-06,0.0006485390502194053
0.76,15.19999999990182,4.263034471326912e-05,8.43265453952075e-06,3.376710451700407e-05,1.5741749622474558e-05,1.5741749622474558e-05,2.6134217658950567e-06,5.384261028014859e-06,0.0006753420903400814
0.77,15.399999999894417,4.4351133049172126e-05,8.777668363944812e-06,3.523078127936189e-05,1.6311645158344517e-05,1.631164515834452e-05,2.811532013895429e-06,5.786180479374304e-06,0.0007046156255872378
0.78,15.599999999886395,4.61424314389776e-05,9.137972065993133e-06,3.6824646067014976e-05,1.6895169639148662e-05,1.689516963914866e-05,3.021056264256915e-06,6.211064224905317e-06,0.0007364929213402995
0.79,15.799999999877699,4.800743022925113e-05,9.5149002174029e-06,3.855521545415757e-05,1.7491868749040668e-05,1.7491868749040665e-05,3.241972799732445e-06,6.658864286955297e-06,0.0007711043090831514
0.8,15.999999999868267,4.994959314788823e-05,9.909851812999681e-06,4.042885797774613e-05,1.8101080433799163e-05,1.8101080433799163e-05,2.8470212041356628e-06,5.875053212609317e-06,0.0008085771595549225
0.81,16.199999999858036,5.197250361406636e-05,1.0321796488841092e-05,4.1954989911107036e-05,1.8754992333582063e-05,1.8754992333582063e-05,3.062315342297495e-06,6.312180607930811e-06,0.0008390997982221408
0.8200000000000001,16.399999999846937,5.407937701623428e-05,1.0749719338724156e-05,4.3624016454513236e-05,1.94236530032764e-05,1.9423653003276405e-05,3.2924705320187165e-06,6.779177594070197e-06,0.0008724803290902647
0.8300000000000001,16.5999999998349,5.627355489864126e-05,1.119509445698681e-05,4.544493725561601e-05,2.010695643447566e-05,2.010695643447566e-05,3.537528811844722e-06,7.2761271880342e-06,0.0009088987451123201
0.84,16.799999999821843,5.8558682575367624e-05,1.1659485205381158e-05,4.7426606634040964e-05,2.0804572381465957e-05,2.0804572381465957e-05,3.797517470520644e-06,7.803080664855947e-06,0.0009485321326808192
0.85,16.99999999980768,6.093872683523256e-05,1.214454271116679e-05,4.957772388841208e-05,2.15159286567237e-05,2.15159286567237e-05,3.312459964735013e-06,6.840079216037263e-06,0.0009915544777682416
0.86,17.199999999792315,6.34177916862317e-05,1.2648984477600057e-05,5.1304872041960454e-05,2.2280263192456656e-05,2.2280263192456656e-05,3.5680124584131383e-06,7.358827548750843e-06,0.001026097440839209
0.87,17.39999999977565,6.599952940252554e-05,1.3171556771032608e-05,5.320325847459569e-05,2.3061528859682164e-05,2.3061528859682164e-05,3.84280014402585e-06,7.916215576648523e-06,0.0010640651694919139
0.88,17.59999999975758,6.868774131811097e-05,1.3714031730785874e-05,5.528479478574857e-05,2.3859844588791597e-05,2.3859844588791597e-05,4.136887807303662e-06,8.51237406049524e-06,0.0011056958957149714
0.89,17.79999999973799,7.148659504478245e-05,1.4278299688703781e-05,5.756120849411085e-05,2.4675059392779896e-05,2.46750593927799e-05,4.450312324457161e-06,9.147375242842121e-06,0.001151224169882217
0.9,17.99999999971676,7.440064792001338e-05,1.4866367230371242e-05,6.004402350791278e-05,2.5506728920075587e-05,2.5506728920075587e-05,3.8622447827897e-06,7.979556854780157e-06,0.0012008804701582557
0.91,18.199999999693745,7.743462571866593e-05,1.547669614389046e-05,6.201518842278642e-05,2.640264237499209e-05,2.640264237499209e-05,4.17276012810928e-06,8.609546679968482e-06,0.0012403037684557282
0.92,18.399999999668808,8.059271096817853e-05,1.6107792519391682e-05,6.419681434377136e-05,2.731936598108522e-05,2.731936598108522e-05,4.50778110033875e-06,9.288755860488354e-06,0.0012839362868754273
0.93,18.5999999996418,8.387927275566167e-05,1.6761837846175097e-05,6.660422603439988e-05,2.82572805160995e-05,2.82572805160995e-05,4.867351770017315e-06,1.0017276345195625e-05,0.0013320845206879978
0.9400000000000001,18.799999999612556,8.729913170139348e-05,1.744116552154314e-05,6.925248122174205e-05,2.9216431971487466e-05,2.921643197148747e-05,5.2514736774097655e-06,1.0795111674534406e-05,0.001385049624434841
0.9500000000000001,18.999999999580897,9.085759006342607e-05,1.814825803131845e-05,7.21563408720052e-05,3.019650144905373e-05,3.019650144905373e-05,4.544381167634456e-06,9.390727349759449e-06,0.001443126817440104
0.96,19.199999999546616,9.45601652097841e-05,1.8881310540707418e-05,7.444652679313101e-05,3.125560071254097e-05,3.125560071254096e-05,4.927061515856759e-06,1.0166679038838927e-05,0.0014889305358626202
0.97,19.399999999509525,9.841172879527198e-05,1.963857901895795e-05,7.699866145216551e-05,3.234129946752228e-05,3.234129946752228e-05,5.34037924321004e-06,1.1004171481095303e-05,0.0015399732290433102
0.98,19.599999999469407,0.00010241739238921002,2.042277919740036e-05,7.983192968771882e-05,3.34542411166334e-05,3.34542411166334e-05,5.784314990253049e-06,1.190317239167243e-05,0.0015966385937543764
0.99,19.799999999426024,0.00010658282976048026,2.1236816685851753e-05,8.296512366748501e-05,3.4594648306638335e-05,3.459464830663834e-05,6.258792021064876e-06,1.2863530525196135e-05,0.0016593024733497002
1.0,19.999999999379114,0.00011091431444737538,2.2083782848570645e-05,8.641660355212568e-05,3.576228536078115e-05,3.5762285360781155e-05,5.411825858345984e-06,1.118127457029978e-05,0.0017283320710425136
1.01,20.19999999932839,0.00011541839777255021,2.2961578757648346e-05,8.91335215620902e-05,3.7027695973458e-05,3.7027695973458e-05,5.885890944563272e-06,1.2142058848861124e-05,0.001782670431241804
1.02,20.39999999927357,0.00012010086663932829,2.3868182779399335e-05,9.217713705813267e-05,3.832746922253749e-05,3.832746922253749e-05,6.397608112066907e-06,1.317849091635919e-05,0.0018435427411626535
1.03,20.599999999214347,0.00012496781723657152,2.4806979727628994e-05,9.557093952821703e-05,3.9662481609773506e-05,3.9662481609773506e-05,6.94685925981493e-06,1.4290343335727594e-05,0.0019114187905643408
1.04,20.799999999150376,0.0001300260460194031,2.57815865257981e-05,9.933786326616987e-05,4.1033080731551725e-05,4.1033080731551725e-05,7.53345468238175e-06,1.5477240172079017e-05,0.0019867572653233974
1.05,20.999999999081275,0.00013528309555992647,2.6795846415207024e-05,0.00010350023955618363,4.243903943204704e-05,4.243903943204704e-05,6.519194792972825e-06,1.346277998026612e-05,0.0020700047911236725
1.06,21.199999999006636,0.0001407468645923992,2.7847314395718277e-05,0.00010678241558726758,4.396586902802505e-05,4.396586902802505e-05,7.1056787693966435e-06,1.4651016229073538e-05,0.0021356483117453517
1.07,21.39999999892604,0.00014642434526449698,2.8933638804677408e-05,0.00011047017326097874,4.553675807687605e-05,4.553675807687605e-05,7.737828314924233e-06,1.5931024210617225e-05,0.002209403465219575
1.08,21.59999999883905,0.00015232292392823398,3.0059017495342734e-05,0.00011459182556389498,4.715276818514026e-05,4.715276818514026e-05,8.415403165285766e-06,1.7302334012422936e-05,0.0022918365112778996
1.09,21.799999998745157,0.00015845085456911,3.122792770472987e-05,0.00011917493875008989,4.8814300926557e-05,4.8814300926557e-05,9.138078097478672e-06,1.8764299204222913e-05,0.002383498775001798
1.1,21.999999998643816,0.00016481731391766456,3.24451183097708e-05,0.0001242462772216972,5.052104273734777e-05,5.052104273734777e-05,7.92088749243774e-06,1.634698541224896e-05,0.002484925544433944
1.11,22.19999999853442,0.00017143192838872656,3.370771597178085e-05,0.00012825987606257668,5.2376543962342165e-05,5.2376543962342165e-05,8.642862548857246e-06,1.7809490537337914e-05,0.0025651975212515337
1.12,22.39999999841637,0.00017830324339302645,3.50129565323517e-05,0.00013277319115637018,5.4287664189917086e-05,5.4287664189917086e-05,9.419752235023294e-06,1.938238111194576e-05,0.0026554638231274033
1.1300000000000001,22.59999999828901,0.00018544029855619738,3.6366006820317704e-05,0.00013782004302521648,5.6255598990003495e-05,5.62555989900035e-05,1.0251184151207094e-05,2.1064924292314222e-05,0.0027564008605043297
1.1400000000000001,22.799999998151616,0.00019285320036859231,3.7772367054151576e-05,0.00014343329227447445,5.828072856366044e-05,5.8280728563660435e-05,1.1136687996435474e-05,2.2856183278507553e-05,0.002868665845489489
1.1500000000000001,22.999999998003375,0.00020055318788260375,3.9237860932944934e-05,0.00014964477782829076,6.036255205782586e-05,6.036255205782586e-05,9.671194117642116e-06,1.994601375586249e-05,0.002992895556565815
1.16,23.199999997843396,0.000208552058372353,4.075907090821017e-05,0.00015458076338010511,6.262639714655153e-05,6.262639714655152e-05,1.0554507055445924e-05,2.1735278082357364e-05,0.003091615267602102
1.17,23.399999997670808,0.00021686031147614656,4.233270520572175e-05,0.0001601276060180249,6.495926729925074e-05,6.495926729925074e-05,1.1503590625446786e-05,2.365677392388608e-05,0.0032025521203604985
1.18,23.599999997484648,0.00022548905640618506,4.396507442459257e-05,0.0001663255771498377,6.736245359838014e-05,6.736245359838013e-05,1.2517942223804928e-05,2.570950898359366e-05,0.003326511542996754
1.19,23.799999997283848,0.0002344507043671169,4.5662885906156814e-05,0.00017321375778014668,6.983624979405054e-05,6.983624979405056e-05,1.3596947712183202e-05,2.7892257922306908e-05,0.0034642751556029335
1.2,23.99999999706721,0.00024375904669105778,4.7433231485195776e-05,0.00018082996979099154,7.237987419034707e-05,7.237987419034706e-05,1.182660213314424e-05,2.437700300819195e-05,0.0036165993958198308
1.21,24.199999996833434,0.0002534285574643857,4.927199874111636e-05,0.00018690323648242716,7.514499121898735e-05,7.514499121898735e-05,1.290114039474435e-05,2.6553730701678575e-05,0.003738064729648543
1.22,24.39999999658122,0.0002634721434483396,5.117521994334864e-05,0.00019371828635863405,7.799450808171174e-05,7.799450808171173e-05,1.4054419515492336e-05,2.888878411180179e-05,0.003874365727172681
1.23,24.599999996309155,0.00027390345329936287,5.3150553788450126e-05,0.0002013231323131518,8.092979915292341e-05,8.09297991529234e-05,1.5285816307415334e-05,3.1380930606359904e-05,0.004026462646263036
1.24,24.799999996015668,0.00028473771494408134,5.520613188356144e-05,0.00020976434836547314,8.395102858175972e-05,8.395102858175972e-05,1.6594580063410693e-05,3.4028670412638985e-05,0.004195286967309463
1.25,24.999999995698992,0.0002959918286966484,5.735054396986184e-05,0.00021908699235792794,8.705705721252034e-05,8.705705721252034e-05,1.4450167977110288e-05,2.977090652634578e-05,0.0043817398471585585
1.26,25.199999995357214,0.0003076835208062003,5.9578797374269705e-05,0.00022653884815965054,9.043144670344792e-05,9.043144670344793e-05,1.5751610851173692e-05,3.2407536169381866e-05,0.004530776963193011
1.27,25.399999994988413,0.0003198286158138526,6.188606737417844e-05,0.0002348873226275858,9.390790938831973e-05,9.390790938831973e-05,1.7147514842414988e-05,3.523410877871317e-05,0.004697746452551716
1.28,25.599999994590505,0.0003324438329088056,6.428160845516318e-05,0.0002441898839771016,9.748792604601122e-05,9.748792604601123e-05,1.8637147443257288e-05,3.8249174146974686e-05,0.0048837976795420325
1.29,25.79999999416117,0.00034554779907197615,6.677524119507647e-05,0.0002545022881560649,0.00010117151667363859,0.00010117151667363859,2.0219628278008467e-05,4.145097172275332e-05,0.005090045763121298
1.3,25.999999993697802,0.0003591611605523688,6.937733469489331e-05,0.00026587848984553256,0.00010495712907711987,0.00010495712907711987,1.7617534778191623e-05,3.628464084715444e-05,0.0053175697969106515
1.31,26.199999993197583,0.000373305556071101,7.208179601588808e-05,0.0002749834235424048,0.00010906699384755973,0.00010906699384755973,1.9189505825188168e-05,3.946968158885193e-05,0.005499668470848096
1.32,26.39999999265768,0.00038800031093897617,7.488273004669747e-05,0.0002851694281163268,0.00011329948779541268,0.00011329948779541268,2.0875162049863873e-05,4.2883318977681876e-05,0.005703388562326535
1.33,26.59999999207502,0.0004032658239247153,7.779129426669336e-05,0.0002965056272674078,0.0001176562601193821,0.0001176562601193821,2.2673667777220745e-05,4.652389815563531e-05,0.005930112545348156
1.34,26.799999991446175,0.00041912479373852374,8.081932723796918e-05,0.00030905912058711027,0.00012213720148388865,0.00012213720148388865,2.4584012594601205e-05,5.038939720404129e-05,0.006181182411742205
1.35,26.999999990767318,0.00043560235318925274,8.397932783607008e-05,0.000322894878272525,0.00012674030998061783,0.00012674030998061783,2.1424011996500314e-05,4.4115427092806806e-05,0.0064578975654505
1.36,27.199999990034282,0.0004527248243911169,8.726384690742351e-05,0.0003339720109669409,0.00013173471558448682,0.00013173471558448682,2.3320537822213373e-05,4.795842280027162e-05,0.006679440219338818
1.37,27.399999989242897,0.0004705157128965158,9.066567194795489e-05,0.00034635173000598676,0.00013687604812043518,0.00013687604812043518,2.5354341158459977e-05,5.207744279812431e-05,0.0069270346001197355
1.3800000000000001,27.59999998838864,0.0004889998104640582,9.419824781318353e-05,0.00036011755539477923,0.000142166224247105,0.000142166224247105,2.7524477873838417e-05,5.6470617990147886e-05,0.007202351107895585
1.3900000000000001,27.79999998746646,0.0005082046805414345,9.787584254868522e-05,0.000375350613119835,0.00014760504461602892,0.00014760504461602892,2.982979357182146e-05,6.113563758980321e-05,0.0075070122623967
1.4000000000000001,27.99999998647072,0.0005281608204666845,0.0001017135228101992,0.00039212950763272835,0.00015319003188102442,0.00015319003188102442,2.599211331030747e-05,5.3516126939425185e-05,0.007842590152654566
1.41,28.199999985395284,0.0005489001531796145,0.00010570218732159798,0.00040555862938570044,0.00015924719910774958,0.00015924719910774955,2.828031362091572e-05,5.8153099232908935e-05,0.00811117258771401
1.42,28.399999984234025,0.0005704511740038557,0.00010983302147375657,0.00042055820077454686,0.00016548046569422713,0.00016548046569422713,3.073472952346334e-05,6.312426370386895e-05,0.008411164015490937
1.43,28.599999982980282,0.0005928439212354986,0.00011412223771054037,0.00043722947378252685,0.00017189214567068882,0.00017189214567068882,3.3354286660292555e-05,6.8427494777292e-05,0.008744589475650537
1.44,28.799999981626634,0.0006161117759576799,0.0001185870467146622,0.00045567085368520004,0.00017848200427396258,0.00017848200427396258,3.613765423856234e-05,7.406012851986431e-05,0.009113417073704
1.45,28.999999980164787,0.0006402916587890916,0.00012324562815381332,0.00047597774221484355,0.0001852470615729731,0.0001852470615729731,3.147907279941122e-05,6.481061621455217e-05,0.009519554844296872
1.46,29.199999978585733,0.0006654222029853097,0.00012808688494522994,0.0004922194751178313,0.0001925823046608133,0.0001925823046608133,3.424205368479969e-05,7.040993041620751e-05,0.009844389502356625
1.47,29.39999997688045,0.000691537875370148,0.0001331000700102372,0.0005103570771542998,0.0002001290853903631,0.0002001290853903631,3.720664126206019e-05,7.641457337802402e-05,0.010207141543085996
1.48,29.599999975039168,0.0007186749986641738,0.0001383047589910085,0.0005305135285439668,0.0002078902674937846,0.0002078902674937846,4.0371589549782694e-05,8.282208177450324e-05,0.010610270570879335
1.49,29.799999973050973,0.0007468739325538976,0.00014372174022149852,0.0005528083987927881,0.00021586563909519455,0.00021586563909519458,4.373533740234184e-05,8.962933119563562e-05,0.011056167975855761
1.5,29.999999970903694,0.0007761793127543127,0.00014937297964571572,0.0005773576524226079,0.00022405167431234708,0.00022405167431234708,3.8084097978124634e-05,7.840871269937274e-05,0.011547153048452158
1.51,30.199999968584102,0.0008066378386348874,0.00015524498058841927,0.00059697713561695,0.00023292696104360047,0.00023292696104360047,4.1424086396483285e-05,8.517744240340257e-05,0.011939542712339001
1.52,30.399999966078962,0.0008382911520150217,0.0001613246750899313,0.000618888723575287,0.00024205712094675888,0.0002420571209467589,4.5008797153472084e-05,9.243816551641176e-05,0.01237777447150574
1.53,30.599999963373925,0.0008711831337763489,0.00016763573396755025,0.0006432418720266138,0.00025144573379643224,0.00025144573379643224,4.883675027259152e-05,0.00010018795788314736,0.012864837440532276
1.54,30.799999960452986,0.0009053625470401127,0.00017420330193991388,0.0006701819192351455,0.0002610926609487328,0.00026109266094873285,5.290607751132513e-05,0.00010842308163213759,0.01340363838470291
1.55,30.99999995729828,0.0009408833277492872,0.00018105395524472954,0.0006998498452783692,0.00027099375593893284,0.00027099375593893284,4.605542420650947e-05,9.482078597240827e-05,0.013996996905567384
1.56,31.199999953890405,0.0009778019056540684,0.00018817131656290035,0.0007235434370309909,0.00028172889119943177,0.00028172889119943177,5.009725623901924e-05,0.00010301180139003279,0.014470868740619819
1.57,31.39999995020995,0.0010161685788957957,0.00019553953351953535,0.0007500117236737341,0.0002927719959512024,0.0002927719959512024,5.4436139526896213e-05,0.00011179999901330445,0.01500023447347468
1.58,31.59999994623586,0.0010560363541146838,0.0002031872638763884,0.0007794362625653498,0.0003041275402722574,0.0003041275402722574,5.9070276909211885e-05,0.00012118182922114634,0.015588725251306996
1.59,31.799999941944677,0.0010974641493849652,0.0002111449558813475,0.0008119936102438901,0.00031579549146576783,0.0003157954914657678,6.399739341707667e-05,0.00013115274174881102,0.016239872204877805
1.6,31.9999999373102,0.0011405171472116402,0.00021944479676898055,0.0008478550251681485,0.00032777096315895826,0.00032777096315895826,5.569755252944359e-05,0.00011467281469047676,0.01695710050336297
1.61,32.19999993230398,0.0011852635503722434,0.000228066948232018,0.0008764798481182644,0.00034075648717074266,0.0003407564871707427,6.059270002485557e-05,0.00012459296492141857,0.01752959696236529
1.62,32.39999992689756,0.001231764134798013,0.00023699221312319628,0.0009084665043044753,0.0003541149468867518,0.0003541149468867518,6.584821739886423e-05,0.00013523758426659598,0.018169330086089504
1.6300000000000001,32.59999992106007,0.0012800829588151081,0.00024625531514850703,0.0009440353339604922,0.00036785188285827844,0.0003678518828582785,7.146188696807672e-05,0.00014660229276473622,0.01888070667920984
1.6400000000000001,32.799999914757116,0.0013302912437876645,0.00025589315082659957,0.0009834005797102017,0.00038196737721533117,0.00038196737721533117,7.743090471741456e-05,0.00015868148320698244,0.019668011594204032
1.6500000000000001,32.99999990795029,0.0013824678024602136,0.0002659447266801852,0.0010267700212858233,0.0003964556290467773,0.0003964556290467773,6.737932886382892e-05,0.00013872321401812562,0.020535400425716468
1.6600000000000001,33.19999990059788,0.0014366951101914551,0.0002763860370150926,0.001061376686223259,0.0004121676662326522,0.00041216766623265223,7.331070959429428e-05,0.00015074309585091507,0.02122753372446518
1.67,33.399999892658165,0.0014930466516535185,0.0002871938565885347,0.0011000582854167394,0.00042833187327132066,0.00042833187327132066,7.967891829825744e-05,0.0001636411553292281,0.02200116570833479
1.68,33.59999988408591,0.0015515998930931958,0.0002984102746574875,0.001143081911410525,0.00044495505030331975,0.0004449550503033197,8.648119336541217e-05,0.00017741193723385754,0.0228616382282105
1.69,33.79999987483068,0.0016124409832043705,0.00031008001403422003,0.001190707207550603,0.00046203737720781375,0.00046203737720781375,9.371405599916576e-05,0.00019204848577040966,0.02381414415101206
1.7,33.99999986483617,0.0016756652722399806,0.0003222503543530483,0.0012431859212211104,0.0004795719011028896,0.0004795719011028896,8.154371568033748e-05,0.00016788315037170385,0.02486371842442221
1.71,34.199999854041224,0.0017413725538806802,0.00033489225867074687,0.0012850553727343948,0.0004985893783935317,0.0004985893783935317,8.873157511500742e-05,0.00018244904401395015,0.025701107454687896
1.72,34.39999984238468,0.0018096517403666068,0.00034797763687825865,0.0013318642339249513,0.0005181552922801087,0.0005181552922801087,9.644848097368076e-05,0.00019807851487016261,0.026637284678499025
1.73,34.59999982980022,0.0018805965742047035,0.00036155750545216724,0.0013839359027251993,0.0005382779086819217,0.0005382779086819217,0.00010469098247822573,0.00021476474404327067,0.027678718054503986
1.74,34.79999981621389,0.001954311321542821,0.00037568606917577776,0.0014415846728952865,0.0005589574638019036,0.0005589574638019035,0.0001134547538709035,0.00023249908237982605,0.02883169345790573
1.75,34.99999980154315,0.0020309114005440418,0.00039042062736554086,0.0015051151894676907,0.0005801855474965389,0.000580185547496539,9.87201956811404e-05,0.0002032422468372462,0.030102303789353815
1.76,35.19999978569832,0.0021105176186445116,0.0004057260542808798,0.0015558012343719113,0.0006032104008398861,0.0006032104008398861,0.00010742937244907546,0.0002208908489065498,0.031116024687438227
1.77,35.39999976858973,0.0021932376130802127,0.00042156836972853147,0.0016124729430392279,0.0006269002332767866,0.0006269002332767866,0.00011677877369784758,0.00023982654972846303,0.032249458860784556
1.78,35.59999975012015,0.0022791848782410373,0.00043800939287223594,0.0016755215166432043,0.0006512650121263696,0.0006512650121263696,0.00012676408744743186,0.0002600408250161274,0.033510430332864084
1.79,35.799999730181135,0.0023684856598205108,0.0004551147990913634,0.0017453270342114003,0.0006763049682291906,0.0006763049682291906,0.0001373799357680784,0.00028152292121844867,0.03490654068422801
1.8,35.99999970865164,0.002461279714714047,0.0004729540054353377,0.0018222577900108311,0.000702009856905936,0.0007020098569059361,0.00011954072942410408,0.00024610155741726754,0.03644515580021662
1.81,36.19999968540017,0.00255771333168311,0.0004914845044882852,0.0018836374148718433,0.0007298910408832138,0.0007298910408832138,0.0001300896237080044,0.00026747815782484095,0.037672748297436866
1.82,36.39999966029524,0.0026579168564426956,0.0005106651721470908,0.0019522673426841685,0.0007585778858787605,0.0007585778858787605,0.0001414127726786904,0.00029041132421616837,0.03904534685368337
1.83,36.599999633194244,0.0027620277313734447,0.0005305708837018659,0.002028620449261086,0.0007880823406817184,0.0007880823406817184,0.00015350479496486363,0.0003148904133365444,0.040572408985221714
1.84,36.7999996039382,0.002870198842233213,0.0005512811750816381,0.0021131560318361593,0.0008184045534274253,0.0008184045534274253,0.00016635901078883915,0.0003409020671119526,0.04226312063672319
1.85,36.99999957234957,0.0029825994364348447,0.0005728801030237842,0.0022063190027966483,0.0008495319903545273,0.0008495319903545273,0.00014476008284669312,0.00029801548559693153,0.044126380055932966
1.86,37.19999953823555,0.0030994066708711935,0.0005953162019754945,0.0022806529991320004,0.0008832942809972746,0.0008832942809972746,0.00015753164267859874,0.0003238962281671702,0.04561305998264001
1.87,37.399999501403315,0.003220778398714327,0.0006185396749330981,0.0023637645444836617,0.0009180317033577423,0.0009180317033577423,0.00017123904750247646,0.00035165841203853033,0.047275290889673235
1.8800000000000001,37.59999946164376,0.0033468810635982706,0.0006426411633764449,0.0024562249324123803,0.0009537585278599637,0.0009537585278599637,0.00018587558720377644,0.0003812887596861525,0.049124498648247604
1.8900000000000001,37.79999941872374,0.0034778998031815373,0.0006677169385916931,0.002558588885856345,0.0009904747296541191,0.000990474729654119,0.00020143296849195634,0.0004127706842804539,0.0511717777171269
1.9000000000000001,37.99999937238296,0.0036140395582062767,0.000693868731036448,0.002671393574679017,0.0010281649453046573,0.0010281649453046573,0.00017528117604720145,0.0003608440015474495,0.05342787149358034
1.9100000000000001,38.19999932233866,0.003755514837912119,0.0007210342002561826,0.002761400236858528,0.0010690436692404079,0.0010690436692404079,0.0001907362072467081,0.0003921628511858203,0.05522800473717056
1.92,38.399999268308136,0.003902516774609348,0.0007491530173384511,0.0028620277431683156,0.0011111013991181534,0.0011111013991181536,0.0002073218871272046,0.00042575478824559074,0.05724055486336631
1.93,38.59999920998481,0.004055246889654921,0.0007783348517038542,0.002973965989735746,0.0011543551413157065,0.0011543551413157065,0.00022502984442047196,0.000461603240254101,0.05947931979471492
1.94,38.79999914702683,0.004213929321386294,0.0008086961702771988,0.003097884648690697,0.0011988045930356672,0.0011988045930356672,0.0002438497735927157,0.0004996875931157881,0.06195769297381394
1.95,38.999999079052586,0.004378812163992034,0.0008403600292268833,0.0032344319680376434,0.001244430920122006,0.001244430920122006,0.00021218591464303114,0.0004368161384872823,0.06468863936075286
1.96,39.19999900564757,0.0045501550767135645,0.0008732508883998655,0.0033433767050865923,0.0012939138491376261,0.0012939138491376261,0.00023087901129670253,0.0004746971610847813,0.06686753410173185
1.97,39.39999892639734,0.0047281894063353445,0.000907295632226603,0.00346516608186703,0.0013448208272372351,0.0013448208272372351,0.0002509375113471237,0.0005153232309666197,0.0693033216373406
1.98,39.59999884085249,0.0049131590530977435,0.0009426268848376567,0.003600632869031571,0.0013971720954803208,0.0013971720954803208,0.0002723509463585427,0.0005586736136718887,0.07201265738063142
1.99,39.79999874851197,0.005105335266519047,0.000979385474151608,0.003750585135872424,0.0014509669446776479,0.0014509669446776479,0.00029510647835173155,0.0006047226261502395,0.07501170271744848
2.0,39.99999864881645,0.005305018260951582,0.0010177201774836787,0.003915804779668379,0.001506182306853669,0.0015061823068536688,0.0002567717750196609,0.0005286053731078585,0.07831609559336758
2.0100000000000002,40.199998541158486,0.005512522217460877,0.0010575394402011662,0.004047608403476552,0.0015660600253854025,0.0015660600253854025,0.00027937016115337095,0.0005744009225605959,0.08095216806953104
2.02,40.39999842493071,0.005728127026848934,0.0010987546297687061,0.004194938393365706,0.001627656102829234,0.0016276561028292337,0.0003036166269918859,0.0006235098150120642,0.08389876786731412
2.0300000000000002,40.59999829947463,0.0059521277368916785,0.0011415260502386402,0.004358799478430669,0.0016909946023528687,0.0016909946023528685,0.000329498025817032,0.0006759059976575927,0.08717598956861339
2.04,40.79999816405609,0.0061848524507054315,0.0011860239013878366,0.004540166175195308,0.0017560742380160143,0.001756074238016014,0.00035699829904312216,0.0007315573404664045,0.09080332350390616
2.05,40.99999801785569,0.006426664275060267,0.0012324279675193814,0.004739980979118774,0.0018228667935636664,0.0018228667935636664,0.0003105942329115773,0.0006394171337587912,0.09479961958237548
2.06,41.19999785998356,0.006677943170876387,0.0012806272747335843,0.004899349218193891,0.0018952928774376417,0.0018952928774376417,0.0003378997984925076,0.0006947525257593916,0.09798698436387782
2.07,41.399997689550084,0.006939027572345947,0.0013305143698966945,0.005077476038171421,0.001969790495670735,0.0019697904956707353,0.0003671934014831163,0.00075408470792294,0.10154952076342842
2.08,41.599997505590835,0.007210274200492887,0.0013822829159590856,0.005275572829215822,0.002046388205695434,0.002046388205695434,0.0003984584344865853,0.000817380751030125,0.10551145658431643
2.09,41.7999973070307,0.007492079707778803,0.0014361385040157276,0.005494813953514581,0.0021250839017038833,0.0021250839017038837,0.0004316746995674573,0.0008846002381519534,0.10989627907029162
2.1,41.999997092669844,0.007784883025932848,0.0014922982718285902,0.005736334513149645,0.0022058431174262327,0.002205843117426233,0.0003755149317545947,0.0007730882946834517,0.1147266902629929
2.11,42.1999968612054,0.008089143409435284,0.0015506277088953215,0.005928910956889556,0.0022934054498578754,0.0022934054498578754,0.0004084897259956613,0.0008399135064899014,0.11857821913779112
2.12,42.39999661133509,0.00840526983057067,0.001610996544373258,0.006144138688529651,0.002383462601976136,0.002383462601976136,0.0004438607031209175,0.0009115560322615964,0.12288277377059302
2.13,42.59999634164725,0.008733693307458573,0.001673638611756192,0.006383476966668414,0.0024760483672981123,0.0024760483672981123,0.000481606734994206,0.0009879739536613932,0.12766953933336828
2.14,42.79999605056846,0.00907489306869008,0.0017388021088854697,0.006648339553874425,0.0025711594576068556,0.0025711594576068556,0.0005217022500259899,0.0010691160946280484,0.1329667910774885
2.15,42.99999573634292,0.009429399379733397,0.001806749129116463,0.006940091951263648,0.002668753828750092,0.002668753828750092,0.00045375522979499653,0.000934197997877494,0.13880183902527296
2.16,43.19999539706439,0.00979776699014926,0.001877316645330619,0.0071726361179863425,0.002774558305554784,0.002774558305554784,0.0004935506202783802,0.0010148468236123084,0.14345272235972684
2.17,43.39999503082777,0.01018048977952366,0.0019503467307600052,0.007432514676572485,0.002883363989075699,0.0028833639890756984,0.000536231123698254,0.001101295887287265,0.1486502935314497
2.18,43.59999463556831,0.010578088181271407,0.0020261215375419464,0.007721483417923518,0.0029952106901186782,0.0029952106901186782,0.0005817696485223042,0.0011934914039457953,0.15442966835847036
2.19,43.79999420898491,0.010991140795810102,0.002104940494451987,0.008041242065681744,0.003110093388817971,0.003110093388817971,0.0006301335832448948,0.0012913681003779694,0.16082484131363486
2.2,43.99999374851025,0.011420287788595433,0.002187119728976766,0.008393430836783386,0.0032279608752829093,0.003227960875282909,0.0005479543487201161,0.0011281883061930612,0.16786861673566772
2.21,44.19999325135737,0.011866198792217801,0.0022724616712175654,0.008674022274779002,0.0033557285747636014,0.0033557285747636014,0.0005959439326056869,0.00122544515095901,0.17348044549558003
2.22,44.39999271474165,0.01232946977234672,0.0023607748782355706,0.008987573921126606,0.0034871017411922537,0.0034871017411922532,0.000647402735457487,0.0013296764883268964,0.1797514784225321
2.23,44.599992135645586,0.012810728643484067,0.0024523995344139984,0.009336195204100497,0.003622126971355763,0.003622126971355763,0.0007022957316245352,0.001440812732962628,0.18672390408200995
2.24,44.79999151070692,0.013310673442447156,0.002547696570627749,0.009721926224858062,0.003760796682774845,0.003760796682774845,0.0007605810103721031,0.0015587699875719548,0.19443852449716123
2.25,44.99999083617491,0.013830076406772158,0.0026470469494248795,0.010146733462292569,0.0039030486385308832,0.0039030486385308832,0.0006612306315749725,0.0013614917495352538,0.20293466924585138
2.2600000000000002,45.19999010797889,0.014369745192891272,0.0027502112624099686,0.010485001536136506,0.004057227179350406,0.004057227179350406,0.0007190467467783745,0.0014786657653502531,0.2097000307227301
2.27,45.39998932205253,0.01493039833149194,0.0028569574472336167,0.010862975472629297,0.004215729787371912,0.004215729787371912,0.0007810275705945379,0.0016042124390627948,0.21725950945258593
2.2800000000000002,45.59998847399041,0.015512792740813353,0.0029676952525128134,0.011283184837696036,0.0043786105179563425,0.004378610517956343,0.000847127441244887,0.0017380409876693375,0.22566369675392073
2.29,45.7999875588847,0.016117769788210654,0.003082859290883513,0.011748073156022358,0.004545857979714892,0.004545857979714892,0.0009172920721054493,0.0018800427240080475,0.23496146312044716
2.3000000000000003,45.999986571261736,0.016746260174886535,0.0032029081515645413,0.012259992524263536,0.004717396809729088,0.004717396809729087,0.000797243211424421,0.001641660390946133,0.2451998504852707
2.31,46.199985505182234,0.01739923710622528,0.003327551751437161,0.012667369480896735,0.004903285974260899,0.0049032859742609,0.0008668164749623974,0.0017826658096674038,0.2533473896179347
2.32,46.39998435471511,0.01807756599846522,0.003456508793572718,0.013122521720492566,0.005094350033271734,0.005094350033271734,0.0009413792174573408,0.001933701935247399,0.26245043440985133
2.33,46.599983113436316,0.01878215831261652,0.0035902722133031592,0.01362847565513066,0.005290650946438892,0.005290650946438891,0.0010208714229350104,0.0020946493553344095,0.27256951310261324
2.34,46.79998177419083,0.019514027084873837,0.0037293646722070225,0.014188150479456681,0.005492171663530797,0.005492171663530798,0.0011052222216793306,0.002265366159993969,0.28376300958913364
2.35,46.9999803290007,0.020274292761977022,0.0038743374518890638,0.014804351384090206,0.005698821496590538,0.005698821496590538,0.0009602494419972893,0.001977487098960484,0.2960870276818041
2.36,47.19997876921174,0.021064126694369315,0.004024839090347046,0.015294342946758417,0.005922712080578494,0.005922712080578494,0.0010438500511451914,0.0021469272230961677,0.3058868589351683
2.37,47.399977086184904,0.02188456992664862,0.004180528602645812,0.01584173481139937,0.006152779339792086,0.006152779339792086,0.0011334134044119638,0.0023283546022218483,0.31683469622798743
2.38,47.5999752705659,0.022736718614269864,0.004341998105329475,0.016450137646920764,0.006389093156183701,0.006389093156183701,0.0012288599988266946,0.002521610929215226,0.3290027529384153
2.39,47.79997331193906,0.023621790897537936,0.004509875148445403,0.01712302793237502,0.006631628100725364,0.006631628100725364,0.0013300966070085045,0.0027265094950242627,0.3424605586475004
2.4,47.99997119869414,0.024541133850543483,0.004684821330548521,0.017863739366178466,0.006880276195649594,0.006880276195649594,0.0011551504249053858,0.0023791036117672675,0.3572747873235693
2.41,48.19996891824114,0.02549615535693313,0.0048664108443364235,0.01845220178330959,0.007149599203948614,0.007149599203948613,0.00125542887839956,0.002582353748838606,0.36904403566619176
2.42,48.39996645801755,0.026488105851883607,0.005054230330222976,0.019109504311071904,0.007426270130096682,0.007426270130096682,0.0013628116108151296,0.002799885922931226,0.3821900862214381
2.43,48.59996380442585,0.027518301556751886,0.005248989725566404,0.019839939889557564,0.007710366064227606,0.007710366064227605,0.0014771925287124113,0.0030314887180670986,0.3967987977911513
2.44,48.799960942330806,0.028588204909467188,0.0054514410506522875,0.02064763272661261,0.008001849231156268,0.008001849231156268,0.0015984480986835177,0.003276914689678598,0.41295265453225216
2.45,48.99995785486754,0.029699432807507937,0.005662376666553274,0.021536527370682106,0.008300593331801158,0.008300593331801158,0.0013875124827825312,0.002858030898883074,0.43073054741364214
2.46,49.19995452375536,0.030853674564896218,0.005881280718674019,0.022241931625993822,0.008624073724940815,0.008624073724940813,0.0015075357664648785,0.0031013122701791652,0.44483863251987643
2.47,49.39995093076336,0.03205242936258604,0.0061076520760502484,0.02302971381931306,0.008956259249678694,0.008956259249678692,0.0016359921368529944,0.0033615468662027757,0.46059427638626116
2.48,49.5999470561673,0.03329727465230946,0.006342340016448923,0.02390495668499679,0.009297232304363112,0.009297232304363114,0.0017727390666979368,0.003638450456439505,0.4780991336999358
2.49,49.79994287802163,0.03458996273988819,0.006586243575388488,0.024872529749693496,0.00964693701955241,0.009646937019552408,0.001917611759219358,0.0039316928886342405,0.4974505949938699
2.5,49.99993837188354,0.035932430516783964,0.0068403093440067946,0.025937075367910546,0.010005230032225967,0.010005230032225967,0.0016635459906010513,0.003427144281524362,0.5187415073582109
2.5100000000000002,50.19993351127146,0.037326700781681564,0.007103912416858023,0.026780726934817867,0.010393034773424278,0.010393034773424278,0.0018068229427505742,0.0037175762332353913,0.5356145386963573
2.52,50.39992826979307,0.03877456689356079,0.007376445210683358,0.027722691840461323,0.010791099491528833,0.010791099491528833,0.0019600651291189096,0.004028041253153107,0.5544538368092264
2.5300000000000002,50.59992261890973,0.04027791495825432,0.0076589208931152,0.02876895697685892,0.011199508141586404,0.011199508141586403,0.0021230799524458678,0.004358154986307599,0.5753791395371783
2.54,50.79991652688479,0.04183883958908567,0.007952411142377356,0.02992523847285761,0.011618178482516539,0.011618178482516539,0.0022956462491875145,0.004707474283200195,0.5985047694571523
2.5500000000000003,50.99990995838924,0.04345965532856518,0.008258043349741083,0.031196963771410277,0.012046956142910445,0.012046956142910443,0.0019900140418237875,0.004100497645076679,0.6239392754282056
2.56,51.1999028751702,0.045142778146918736,0.008575060580418735,0.03220312836808561,0.01251081970195199,0.01251081970195199,0.00216050035992601,0.00444610891687154,0.6440625673617122
2.57,51.399895239134075,0.04689034738134608,0.008902726145460038,0.03332624080475158,0.012986698142180326,0.012986698142180326,0.002342697199290986,0.004815261380003775,0.6665248160950316
2.58,51.599887009116316,0.04870461171992173,0.009242244676125853,0.034573308295421504,0.01347467041411614,0.013474670414116138,0.0025363430432597516,0.005207432790660664,0.69146616590843
2.59,51.79987813936777,0.05058806762994469,0.009594889142184653,0.03595099247956812,0.013974616059869403,0.013974616059869403,0.0027411395879447472,0.005622025336488188,0.7190198495913624
2.6,51.9998685789939,0.05254347266604842,0.00996199728036091,0.037465586337810934,0.014486385043175945,0.014486385043175945,0.0023740314497684902,0.00489292674996874,0.7493117267562187
2.61,52.199858272928374,0.05457370343330666,0.010342652377949221,0.038661446842621766,0.015039686054122606,0.015039686054122604,0.0025761004119000345,0.005302597684341295,0.7732289368524353
2.62,52.399847166387204,0.056681303355933646,0.010735961194690329,0.039995868282876115,0.015606943580398542,0.015606943580398542,0.002791836952697132,0.00573974334119825,0.7999173656575223
2.63,52.59983520021719,0.058868943989246025,0.011143350160704158,0.04147698768732771,0.01618822084767821,0.01618822084767821,0.0030208846949671703,0.006203651598411123,0.8295397537465542
2.64,52.79982230872628,0.06113959009693248,0.011566324853296162,0.04311249894150821,0.01678334235154104,0.01678334235154104,0.0032628397504870766,0.0066935129244895634,0.8622499788301642
2.65,52.99980841889167,0.06349651501663905,0.012006465416018896,0.04490962298585851,0.017392194830881617,0.017392194830881613,0.0028226991877643437,0.005819320323837504,0.8981924597171702
2.66,53.19979345177521,0.06594313080487921,0.012462661911293532,0.046324958124844294,0.018049944460885845,0.018049944460885845,0.003061058485138027,0.0063026164148849125,0.9264991624968859
2.67,53.39977732893612,0.06848244875059661,0.012933831343737035,0.0479036658259112,0.01872374047879489,0.01872374047879489,0.0033152347193538163,0.006817706843495581,0.958073316518224
2.68,53.599759965760086,0.07111762912805354,0.013421654376954766,0.049655102496874035,0.019413613654743506,0.019413613654743506,0.003584741200740026,0.007363618538027487,0.9931020499374807
2.69,53.79974126836455,0.07385217739627556,0.013927902375961915,0.05158805391407067,0.02011930973547389,0.02011930973547389,0.003869029792466965,0.007939252682288669,1.0317610782814133
2.7,53.99972113249041,0.07668996173766904,0.01445443150773265,0.053710696723444744,0.020840814993306506,0.020840814993306506,0.0033425006606962303,0.006893409471325526,1.0742139344688948
2.71,54.19969944555444,0.07963501050320328,0.014999898399767233,0.05537712672790573,0.021619499990301626,0.02161949999030163,0.0036220287959888107,0.007460252591880638,1.1075425345581145
2.72,54.39967609584439,0.08269087074689375,0.015562990220366951,0.05723504412345862,0.022416392706657337,0.022416392706657337,0.003919668555046682,0.008063501037159937,1.1447008824691722
2.73,54.599650962998226,0.085861261095628,0.016145675149395675,0.05929507468026508,0.023231466258514376,0.023231466258514376,0.004234754972312297,0.008701824607209738,1.1859014936053016
2.74,54.799623913617026,0.08915030399922802,0.016750023926137815,0.06156710696966477,0.024064354634171226,0.024064354634171226,0.004566543658882059,0.00937373086410583,1.2313421393932953
2.75,54.999594799729714,0.09256254545816225,0.017378202228217187,0.06406024271114828,0.024915258491460396,0.024915258491460392,0.003938365356802687,0.008125883298519978,1.2812048542229657
2.7600000000000002,55.199563461760974,0.09610271429139265,0.01802858508756385,0.06600983031186303,0.025832459404080618,0.025832459404080618,0.004263833268548014,0.008785991131136836,1.3201966062372605
2.77,55.39952974164995,0.09977496244127967,0.018699581615618653,0.06818223370820808,0.026769968109952903,0.026769968109952903,0.004609766192843413,0.009487232066786354,1.3636446741641617
2.7800000000000002,55.59949346934236,0.10358363704539149,0.019393479557066443,0.07058933065202713,0.027727663284558075,0.027727663284558075,0.004975256891646917,0.010227790416139415,1.4117866130405425
2.79,55.79945445661612,0.10753355402656006,0.020112680646923585,0.07324204463876853,0.028705021848304386,0.028705021848304386,0.005359295797271863,0.011005641813026771,1.4648408927753707
2.8000000000000003,55.99941249498249,0.11163001986526655,0.02085969074818169,0.07615028116146313,0.029702660559747754,0.02970266055974775,0.004612285696013758,0.009521597997624993,1.5230056232292628
2.81,56.19936735996178,0.11587854666959266,0.02163254592082848,0.07841321001521948,0.030776338720889623,0.030776338720889623,0.004987921774652872,0.01028360693651464,1.5682642003043896
2.82,56.399318829687566,0.12028395677609603,0.022429319498762784,0.08093310563395664,0.031872152182695256,0.03187215218269525,0.005386293922614357,0.011091309367055666,1.6186621126791327
2.83,56.599266665877096,0.12485129116218337,0.023252646404195554,0.08372297556991347,0.032989833090461065,0.032989833090461065,0.0058061688188037934,0.011942235968512198,1.6744595113982694
2.84,56.79921060521772,0.12958612985059614,0.024105285436851316,0.08679459189200672,0.0341286402764697,0.03412864027646971,0.006246182156834177,0.01283365071643305,1.7358918378401345
2.85,56.99915035654347,0.1344946153409596,0.024990106511994854,0.09015841002829299,0.03528994869200761,0.03528994869200761,0.00536136108169064,0.011075621650301355,1.8031682005658598
2.86,57.199085606966584,0.13958311704844284,0.025904738883073628,0.09275939394625589,0.0365372665460282,0.0365372665460282,0.00579021295831918,0.011945798582098642,1.8551878789251177
2.87,57.39901604806875,0.1448571820788947,0.02684685152977591,0.0956534880856909,0.037807957449367546,0.03780795744936755,0.006243777861250064,0.012865635296993803,1.913069761713818
2.88,57.59894134932037,0.1503225975342468,0.027819445098470372,0.09885455506709938,0.03910153564606463,0.03910153564606463,0.006720389336635133,0.013831794029730914,1.9770911013419876
2.89,57.7988611461905,0.1559857631049997,0.028825650853414875,0.10237486116910287,0.040416961754196915,0.040416961754196915,0.0072182150494838546,0.014840599716509677,2.047497223382057
2.9,57.998775036424476,0.16185371543400479,0.029868714201790325,0.10622497435895571,0.0417569300509605,0.04175693005096049,0.006175151701108405,0.012767872702726415,2.124499487179114
2.91,58.19868258878601,0.16793373531911743,0.0309457782688046,0.10917799530601785,0.0431924439751879,0.0431924439751879,0.006658200451577636,0.013748325342907151,2.183559906120357
2.92,58.398583379604666,0.17423212684653133,0.03205402709997397,0.11246082778084185,0.0446515260647677,0.0446515260647677,0.00716734723654959,0.014781209733746857,2.249216555616837
2.93,58.59847695602584,0.18075545053577896,0.03319683021610512,0.11608770544207843,0.046133378567457396,0.046133378567457396,0.007700360279026208,0.015862054343726992,2.3217541088415685
2.94,58.79836281980426,0.18751095296743187,0.03437768917692611,0.12007080925792711,0.04763656222028206,0.04763656222028205,0.008254801059427705,0.01698596774105823,2.401416185158542
2.95,58.99824042252055,0.1945065908955859,0.03560021642385984,0.1244201418604831,0.04916597961909231,0.049165979619092304,0.0070322738124939735,0.01455620742117887,2.488402837209662
2.96,59.198109177953135,0.2017505748335026,0.0368609776627966,0.127721102351081,0.050799033682761625,0.05079903368276163,0.007567272454880391,0.015642535246588398,2.55442204702162
2.97,59.39796851253496,0.209249960476424,0.03815657884392913,0.13138691408745146,0.052454192761365905,0.0524541927613659,0.008128768807136873,0.016782079541887405,2.6277382817490293
2.98,59.59781781516206,0.21701206752827956,0.03949073796354307,0.1354314276649784,0.05413022892978704,0.05413022892978704,0.008713809997479019,0.01796892228425591,2.708628553299568
2.99,59.797656415436215,0.22504497009587596,0.04086729839047295,0.13986587572482118,0.05582518008781449,0.05582518008781449,0.009319191287042373,0.01919663437496289,2.7973175144964237
3.0,59.99748357771593,0.2333575187937154,0.04229020193124676,0.14469872239325854,0.05754751205880289,0.05754751205880289,0.007896287746268563,0.016368050613125153,2.8939744478651708
3.0100000000000002,60.19729851846229,0.24195881515089743,0.04375533421818069,0.14831567806464088,0.059378684049270825,0.05937868404927083,0.008476335870209767,0.017546458580912243,2.9663135612928175
3.02,60.397100475003306,0.25085660303822727,0.045258617947898365,0.15232769403757027,0.06122804691233539,0.06122804691233538,0.009081811639892018,0.01877590374890739,3.0465538807514054
3.0300000000000002,60.596888637981124,0.26005888385695625,0.046804065876748804,0.1567471596794325,0.0630938036007377,0.0630938036007377,0.009708869593701463,0.020048677223410305,3.1349431935886503
3.04,60.79666212266582,0.26957446955200415,0.048395798108520065,0.16158316610525394,0.0649733306258964,0.0649733306258964,0.010353367027950047,0.02135646736215906,3.231663322105079
3.0500000000000003,60.99641996186827,0.2794130002901902,0.05003800824205295,0.166841332783052,0.0668806302837852,0.0668806302837852,0.008711156894417163,0.01809112009167218,3.33682665566104
3.06,61.19616112997173,0.28958434578652953,0.051725790339346,0.1707022166251346,0.06889716577039108,0.06889716577039108,0.009323098447904375,0.019335168553512663,3.414044332502692
3.0700000000000003,61.39588463519355,0.300096790931291,0.05345426934027612,0.1749793260446796,0.07092457200347878,0.07092457200347878,0.009957382370383273,0.020624010460801336,3.499586520893592
3.08,61.595589430236274,0.31095885121737127,0.055227655146787506,0.1796821586159772,0.07296033479850651,0.07296033479850651,0.010609101125263164,0.021947805598511394,3.5936431723195437
3.09,61.79527437527025,0.3221798874322464,0.05705023214322694,0.1848161268625027,0.07500103007810655,0.07500103007810653,0.011273011604217315,0.023296033509215695,3.696322537250054
3.1,61.994938229969286,0.33377011581015886,0.05892631740017045,0.19038236975230216,0.07706891446295526,0.07706891446295526,0.0093969263472738,0.019564541839177153,3.807647395046043
3.11,62.194579686306675,0.3457399351495413,0.06085009867511342,0.1943606239380869,0.07923926568680716,0.07923926568680716,0.010019777480327403,0.02083194761752288,3.8872124787617377
3.12,62.39419749002584,0.3580979106507133,0.06281578530271106,0.19876202972990095,0.08140871135992668,0.08140871135992668,0.010659332962921556,0.022132753039442378,3.975240594598019
3.13,62.59379032488324,0.370852783508111,0.06482763312073865,0.20359143530962254,0.0835738876728577,0.0835738876728577,0.011309486861527093,0.023454712599782764,4.07182870619245
3.14,62.79335676607762,0.38401414255303173,0.06688992163863512,0.2088487433137429,0.08573045859580376,0.08573045859580376,0.011963777684453253,0.024784859954864544,4.176974866274858
3.15,62.99289527202334,0.39759242321718363,0.06900690364120853,0.2145287232905417,0.08791241893413883,0.08791241893413881,0.00984679568187985,0.020572715553101088,4.290574465810834
3.16,63.19240422825945,0.4115981634610756,0.07117175280558459,0.2184281111830302,0.09018031568004752,0.09018031568004753,0.010450573427995907,0.02180295001279229,4.3685622236606045
3.17,63.39188210376177,0.4260398034350061,0.07337765264449904,0.22273749151031805,0.09243007505464347,0.09243007505464347,0.011062454851572506,0.023049210453691446,4.454749830206361
3.18,63.5913273045998,0.4409258698063863,0.07562869419436931,0.2274550925920543,0.09465740801585598,0.094657408015856,0.011675078816227688,0.024296731712613935,4.549101851841086
3.19,63.79073811706796,0.4562656948978317,0.07792892161635985,0.23257333043311856,0.09685702822870713,0.09685702822870715,0.012280742123157622,0.025530054528602315,4.651466608662371
3.2,63.990112700267986,0.47206940056172664,0.08028227327162409,0.23807864893403125,0.09907871286549193,0.09907871286549193,0.009927390467893385,0.02084556806444169,4.761572978680625
3.21,64.18944914349073,0.48834709163702145,0.08268082440650062,0.24161977389005465,0.10135764191543595,0.10135764191543593,0.010472897213314902,0.021959370845784164,4.832395477801093
3.22,64.38874566186807,0.5051065064671243,0.08511664785650058,0.2455318753283686,0.10359504412083459,0.1035950441208346,0.01101483389876623,0.023065618238740804,4.9106375065673715
3.23,64.58800041662955,0.5223553399761586,0.08759340152433753,0.24980461528819084,0.10578574513509813,0.10578574513509813,0.01154466567998369,0.02414718881131836,4.996092305763817
3.24,64.78721144803052,0.5401019954368141,0.09011460694433657,0.25442107997272034,0.10792360392695259,0.10792360392695259,0.01205357973379022,0.025186395506849965,5.088421599454406
3.25,64.98637667029016,0.5583555497085441,0.09268358305354947,0.2593576859570343,0.11007820278777146,0.11007820278777145,0.009484603624577315,0.020069989277032345,5.187153719140686
3.2600000000000002,65.18549394432,0.5771249001648561,0.09529126990181884,0.2621703079713087,0.11224771494556907,0.11224771494556907,0.009924865553913904,0.0209722082572835,5.243406159426174
3.27,65.38456131450408,0.5964163216630063,0.09792859604225738,0.2652845389933448,0.11434609488495692,0.11434609488495694,0.010347203767511068,0.021837868483871706,5.305690779866897
3.2800000000000002,65.58357679531788,0.616235873524729,0.10059847497161495,0.26867992852817857,0.11636750786152386,0.11636750786152386,0.010742190243540256,0.02264805556569575,5.373598570563571
3.29,65.78253829533467,0.636590163477065,0.10330358013532401,0.2723289404270386,0.11830525583052919,0.11830525583052919,0.01110024845006688,0.02338354945843905,5.446578808540772
3.3000000000000003,65.9814436163849,0.6574862919154859,0.1060462741675763,0.2761969721459098,0.12025164947578589,0.12025164947578589,0.008357554417814592,0.017917625330387044,5.523939442918197
3.31,66.180290542232,0.6789309766362722,0.108816404945977,0.2778237607212631,0.12215741165263945,0.12215741165263945,0.008641609799429614,0.018504793715385624,5.556475214425261
3.3200000000000003,66.37907711354413,0.7009280938938027,0.11160380855737966,0.27965087098461217,0.12395721091326056,0.12395721091326056,0.008891788749516086,0.01902314960816478,5.593017419692243
3.33,66.5778013845453,0.7234810950296809,0.1144103316073032,0.2816470847280308,0.1256450255521556,0.1256450255521556,0.00909829245430338,0.019453035164128316,5.632941694560616
3.34,66.77646134077888,0.7465937570849913,0.11723747256540526,0.28377401687747783,0.12721415680310635,0.12721415680310635,0.009251374385280816,0.019774890338592695,5.675480337549557
3.35,66.97505490424713,0.7702701059694188,0.12008631100305558,0.28598629613761445,0.12877990003859258,0.12877990003859258,0.006402535947630489,0.014092870895646904,5.719725922752289
3.36,67.17358003632417,0.7945135520708201,0.12294576381543175,0.2859045388711208,0.13023962593945954,0.13023962593945954,0.00648199278907359,0.014266381837541775,5.7180907774224154
3.37,67.37203504113019,0.8193245137895199,0.1258047518966094,0.2858931154437823,0.13155573714211405,0.13155573714211405,0.006511869481756111,0.014339296334933362,5.717862308875646
3.38,67.5704183009335,0.8447027521676713,0.12866377173994117,0.28591079429109195,0.13272277828550091,0.13272277828550091,0.0064827589961626575,0.014292745775180324,5.718215885821839
3.39,67.7687281916763,0.8706480790179195,0.13152287413203967,0.28590968781696724,0.13373488269847097,0.13373488269847095,0.006385568625416005,0.01410848607781672,5.718193756339344
3.4,67.96696309503979,0.8971602620177288,0.13438159949442752,0.28583563152331815,0.13472610714867006,0.13472610714867006,0.0035268432630281565,0.008400947597543014,5.716712630466363
3.41,68.16512151048343,0.9242382120209828,0.1372282522934343,0.28350270496432184,0.13554314167045084,0.13554314167045084,0.0033649831739021863,0.008085397764508881,5.670054099286437
3.42,68.36320236880415,0.9518778032399716,0.14005118065862732,0.28109100733973924,0.13618008352396763,0.1361800835239676,0.0031405809493108006,0.007642962733861277,5.621820146794785
3.43,68.56120476058356,0.9800740219448282,0.14284935261715445,0.27855184851622955,0.13663304683838795,0.13663304683838798,0.002845553782139798,0.007057438032663475,5.571036970324591
3.44,68.75912785438423,1.0088216014645341,0.14562122193757868,0.27583108508844645,0.13692451699015032,0.13692451699015032,7.368446171557297e-05,0.0015166140933326492,5.516621701768929
3.45,68.95697100866578,1.0381142863302835,0.14835514575568048,0.27096988308957587,0.13711834087565256,0.13711834087565256,-0.0002614979929773942,0.0008481874228017372,5.419397661791518
3.46,69.15473407540358,1.0679428868725236,0.1510396124638488,0.2659402246423599,0.13710731069508017,0.13710731069508017,-0.0006604940479982002,5.008501095440129e-05,5.318804492847198
3.47,69.35241713245725,1.0982972249541987,0.15367269660038468,0.2606940903736699,0.1368900056201793,0.13689000562017928,-0.0011300274097054972,-0.0008911547632092013,5.213881807473398
3.48,69.55002040480476,1.1291667014435764,0.1562519705352907,0.25517908059857425,0.13646513311649894,0.1364651331164989,-0.001676037659186613,-0.0019874239872082365,5.103581611971485
3.49,69.74754428377473,1.160540193808387,0.1587744642205239,0.2493391236332245,0.13587670386159095,0.13587670386159095,-0.004198531344419831,-0.007038295650223753,4.98678247266449
3.5,69.94498942889818,1.1924054503976254,0.16122910372286664,0.2416145263684496,0.1351241649596492,0.13512416495964924,-0.004758215873038847,-0.0081651900964812,4.832290527368992
3.5100000000000002,70.14235702986987,1.2247475477976628,0.16360502574954583,0.2335966062764987,0.1341485060183481,0.13414850601834807,-0.005385105012316066,-0.00942872496444865,4.671932125529974
3.52,70.33964856867411,1.2575504618186544,0.1658990547419209,0.22523705830596916,0.1329515881961906,0.1329515881961906,-0.006083167419846769,-0.010836818957731632,4.504741166119383
3.5300000000000002,70.5368657524084,1.2907975094421726,0.1681075211569481,0.216485397892822,0.13153571240363768,0.13153571240363765,-0.006855350222840534,-0.012395343321644691,4.32970795785644
3.54,70.73401053219655,1.3244712504288993,0.1702262439563124,0.2072898149654357,0.12995125430069468,0.12995125430069468,-0.00897407302220482,-0.016648633501402693,4.145796299308714
3.5500000000000003,70.93108518060541,1.358553054293882,0.17224547423158248,0.19659190101433427,0.12815932395979915,0.12815932395979912,-0.009722736678909383,-0.018163880118220774,3.931838020286685
3.56,71.12809247823441,1.3930220622202334,0.17415577767149182,0.18550574208722745,0.1261418564841351,0.1261418564841351,-0.010533590777825452,-0.019805762990809554,3.710114841744549
3.5700000000000003,71.32503552994102,1.427856292616534,0.17595305880077172,0.17398887463234364,0.12390484394400972,0.12390484394400972,-0.011407260012135045,-0.021575471584829992,3.479777492646873
3.58,71.52191771385971,1.4630329360033347,0.1776327993636721,0.16199920487261107,0.12145497296029407,0.12145497296029406,-0.012343225144136716,-0.023471900558670492,3.2399840974522216
3.59,71.71874269445446,1.4985282725884512,0.17919006654414688,0.1494959102881935,0.1188285930166742,0.1188285930166742,-0.013900492324611491,-0.02661269871905624,2.9899182057638702
3.6,71.91551446140858,1.5343174459141395,0.1806173028859854,0.1359963581168937,0.1159868523370389,0.11598685233703891,-0.014767032446866973,-0.028374196370363557,2.719927162337874
3.61,72.1122374115939,1.5703740030119797,0.18190738508052462,0.12206651517967007,0.11293783326540587,0.11293783326540587,-0.01568195539614209,-0.03023453245963012,2.4413303035934013
3.62,72.30891624152365,1.6066704690568672,0.18305585659813647,0.10767575916059402,0.10969210852341785,0.10969210852341785,-0.016642455520897215,-0.03218798995656025,2.1535151832118804
3.63,72.5055559161661,1.6431784818069763,0.1840579690861669,0.09279633820190938,0.1062610946381693,0.1062610946381693,-0.017644568008927636,-0.03422652507147358,1.8559267640381876
3.64,72.70216167095172,1.6798687360692974,0.1849087154110265,0.07740423552360044,0.10264472959085028,0.10264472959085028,-0.018495360010045037,-0.03596427272418157,1.5480847104720088
3.65,72.89873900211582,1.7167109842032617,0.18560361726808947,0.06162872271980217,0.09884851898722428,0.09884851898722428,-0.019378324726388757,-0.037768164262905274,1.2325744543960435
3.66,73.0952936267603,1.7536741897008574,0.18613874723252166,0.045451197085775316,0.09488660821660244,0.09488660821660244,-0.020288705744451768,-0.03962854540673751,0.9090239417155064
3.67,73.29183146793346,1.7907265379581372,0.1865100128808538,0.028857247626416335,0.09077398449120505,0.09077398449120505,-0.021220759991290333,-0.04153378013766862,0.5771449525283266
3.68,73.48835864616349,1.8278354056676123,0.18671320222887075,0.011837356875314627,0.0865070005945361,0.0865070005945361,-0.021423949339307274,-0.04198282867266919,0.23674713750629253
3.69,73.6848814312709,1.8649675334521085,0.18674699122889815,-0.005023352593807484,0.08208710215155686,0.08208710215155686,-0.022201606949336625,-0.04358234287715768,-0.10046705187614968
3.7,73.88140611032459,1.90208963528702,0.18661067021272343,-0.022183647712321498,0.07754675020007445,0.07754675020007445,-0.022988992038438155,-0.04520251657487557,-0.44367295424642994
3.71,74.0779390482969,1.939167984175534,0.18630123203878862,-0.03964577799440171,0.07290372887358001,0.07290372887358001,-0.023779098679856475,-0.04682916007097715,-0.7929155598880342
3.72,74.27448669893938,1.9761682574760344,0.18581567548499295,-0.05740632891520166,0.06817656327775834,0.06817656327775834,-0.024564205718137,-0.04844664580349642,-1.148126578304033
3.73,74.47105558477425,2.013055540275915,0.18515106418309496,-0.07545576463280382,0.06332765016968661,0.06332765016968663,-0.023899594416239015,-0.047165912330781164,-1.5091152926560762
3.74,74.66765220390855,2.049794715194875,0.18431029597068166,-0.09264059314029013,0.05839903668165606,0.05839903668165606,-0.02449520852632217,-0.04840642668582778,-1.8528118628058028
3.75,74.86428279115974,2.0863516395634454,0.18329692198555508,-0.10997641584436765,0.05342786787434253,0.05342786787434253,-0.02507790181439576,-0.04962152495004809,-2.199528316887353
3.7600000000000002,75.06095347924531,2.122692191750325,0.1821094977800042,-0.1274501774132856,0.048434112632953656,0.048434112632953656,-0.0256396134070781,-0.05079488568782666,-2.549003548265712
3.77,75.2576703377053,2.1587819602813414,0.18074674058910284,-0.14504261730661308,0.043438246482758486,0.043438246482758486,-0.026171916571905818,-0.05190945067898405,-2.9008523461322615
3.7800000000000002,75.45443934665384,2.194586278545406,0.17920759223018556,-0.16272810086037262,0.03835537814630644,0.03835537814630644,-0.024632768212988543,-0.04888198264451402,-3.2545620172074523
3.79,75.65126627262705,2.2300708029694416,0.17749936062437507,-0.1788644307065568,0.03329669120074197,0.03329669120074197,-0.024957908399127177,-0.049582849886246935,-3.577288614131136
3.8000000000000003,75.84815635516075,2.265203177499117,0.1756299762130104,-0.1949588018383267,0.028284366943282072,0.028284366943282072,-0.025252185852159714,-0.05022152803488661,-3.899176036766534
3.81,76.04511455748374,2.2999515989116146,0.17359997796834128,-0.21098741656294268,0.023338498844169595,0.023338498844169595,-0.025507772597525152,-0.05078216020660861,-4.219748331258853
3.8200000000000003,76.24214563431559,2.3342843641370767,0.17141017197896063,-0.2269206686668253,0.018453756037413185,0.018453756037413185,-0.023317966608144503,-0.04645139565591487,-4.538413373336506
3.83,76.43925400014204,2.3681705542211815,0.1690712202989861,-0.2408233235692418,0.013568064707908388,0.013568064707908388,-0.023377874146396273,-0.04662006764571346,-4.816466471384836
3.84,76.63644339078115,2.401581985828552,0.1665942880071187,-0.254517486043792,0.00879638088452946,0.008796380884529458,-0.023404208296206985,-0.04672045278356868,-5.09034972087584
3.85,76.83371716965291,2.4344914587694473,0.16398157498445914,-0.2679802411119008,0.00415675148457728,0.00415675148457728,-0.02339014714514293,-0.04673872677544009,-5.3596048222380155
3.86,77.03107841828513,2.4668721999111796,0.16123553545078245,-0.281183652754723,-0.00033288506590155385,0.00033288506590155385,-0.02332903042646503,-0.04666138970358907,-5.623673055094461
3.87,77.22852992133325,2.498697918378925,0.1583589270317172,-0.29409499179802856,-0.004712830584430504,0.004712830584430504,-0.020452422007399773,-0.04095197232064385,-5.881899835960571
3.88,77.42607403758248,2.5299435944110145,0.15536583088143038,-0.3044895884257121,-0.00899972267931448,0.00899972267931448,-0.020221372660138542,-0.04053274254707023,-6.089791768514242
3.89,77.62371235886707,2.560587713324358,0.15227065422721242,-0.31451233213610463,-0.013094114464210157,0.013094114464210157,-0.01995624513402916,-0.04004343141270042,-6.290246642722092
3.9,77.82144606222784,2.5906101809124147,0.14907721789258274,-0.3241428320319251,-0.016982022212360733,0.016982022212360733,-0.019651818654960546,-0.039473457532044696,-6.482856640638502
3.91,78.01927602150627,2.619991657759578,0.14578956560686052,-0.33335691047329896,-0.020649876453336383,0.020649876453336387,-0.01930322674998472,-0.038812952264502806,-6.667138209465979
3.92,78.21720280468499,2.648713608826419,0.14241200008039534,-0.3421269603261694,-0.024174042903188423,0.024174042903188423,-0.01592566122351954,-0.032093062876070964,-6.842539206523388
3.93,78.41522656162972,2.676759142995665,0.13896095587116453,-0.34806209705813645,-0.02752148446462009,0.027521484464620095,-0.01545499662153871,-0.03118520808772362,-6.961241941162729
3.94,78.61334671232675,2.7041154012931545,0.13545295353668318,-0.35352017562426297,-0.03061784449948446,0.03061784449948446,-0.014960184110149476,-0.030226546665293796,-7.070403512485259
3.95,78.81156231230344,2.7307712388893153,0.1318928172084749,-0.3584905216339642,-0.033455072807210336,0.033455072807210336,-0.014437800134872098,-0.0292101509978163,-7.169810432679284
3.96,79.0098721746249,2.756716472184652,0.128285490464927,-0.3629599285459947,-0.03602573937420548,0.03602573937420548,-0.013884836453467386,-0.028129930300676828,-7.259198570919894
3.97,79.2082748788141,2.7819419072992075,0.12463605973870959,-0.3669130392138309,-0.038438362610411794,0.038438362610411794,-0.010235405727249985,-0.02085519508060409,-7.338260784276618
3.98,79.40676868139788,2.8064401794651213,0.1209619435536036,-0.3679068848758604,-0.040615505880045144,0.040615505880045144,-0.009624637328590285,-0.019655429715981023,-7.358137697517208
3.99,79.60535125148915,2.830208176356892,0.11728037125103447,-0.3684059121571147,-0.04251151479815008,0.04251151479815008,-0.009008122781850175,-0.018441360711681853,-7.368118243142295
4.0,79.80402001758313,2.8532445852941173,0.11359627027871945,-0.36841425449715726,-0.04412539512355622,0.04412539512355622,-0.008383886886208641,-0.017209027723652844,-7.368285089943145
4.01,80.00277228655264,2.8755490780112156,0.10991453502872935,-0.36793439508663806,-0.04545682001362869,0.0454568200136287,-0.007750309965483662,-0.015955188131103613,-7.358687901732761
4.0200000000000005,80.2016052585962,2.897122307291177,0.10624004175012297,-0.36696748378186717,-0.04663926396747242,0.04663926396747243,-0.004075816686877287,-0.008618026013429298,-7.339349675637344
4.03,80.40051595875352,2.917966705671431,0.1025896985193699,-0.36311400772573266,-0.047561667424658366,0.04756166742465837,-0.003455811787464416,-0.007387240249175416,-7.262280154514653
4.04,80.59950102363392,2.9380888456564915,0.09897995250081572,-0.3588494117882944,-0.0482059065328004,0.0482059065328004,-0.002852879879377185,-0.006187818824082374,-7.176988235765887
4.05,80.79855700392534,2.9574969455046327,0.09541481174141676,-0.3541942577991294,-0.048578154484037954,0.04857815448403795,-0.002265738241117296,-0.005017258027074972,-7.083885155982587
4.0600000000000005,80.99768046759344,2.9762000198210417,0.09189808568658316,-0.3491677089002923,-0.048685110894811826,0.048685110894811826,-0.0016933199205686061,-0.0038734909500853306,-6.983354178005846
4.07,81.19686801323398,2.99420784157842,0.0884333981603032,-0.3437877302277665,-0.04867640943660629,0.0486764094366063,0.001771367605711352,0.003055971117056641,-6.87575460455533
4.08,81.3961162160582,3.011531674423277,0.0850357429848713,-0.33577003143008005,-0.04841981438882642,0.04841981438882642,0.002262870760968233,0.004041543378048202,-6.715400628601601
4.09,81.59542145968543,3.0281864994280454,0.08171942641520667,-0.3275207809395316,-0.047920305938492655,0.04792030593849265,0.0027152484922944864,0.004951293925204046,-6.550415618790631
4.1,81.79478017931899,3.0441885637182926,0.07848659032913835,-0.31907459119731335,-0.04719024818745887,0.04719024818745888,0.0031300173365065576,0.0057881321911385265,-6.381491823946267
4.11,81.99418894069903,3.0595545278625425,0.07533903969863445,-0.31046423705985,-0.04624805842276431,0.04624805842276431,0.0062775679670104565,0.01209265534979327,-6.209284741197
4.12,82.19364439224539,3.0743021322156565,0.0722892626919367,-0.2995276209065373,-0.04523368766768734,0.045233687667687345,0.006558418776086775,0.012664500675496676,-5.990552418130745
4.13,82.3931431247839,3.0884522871999853,0.06934890154394886,-0.28858109834036305,-0.04402548127963373,0.04402548127963373,0.006781887305414153,0.013123519798031967,-5.7716219668072615
4.14,82.59268186479893,3.1020266935032854,0.06651783017915083,-0.27766954769155433,-0.04264012025447353,0.042640120254473536,0.00695062896973979,0.013474856736934843,-5.553390953831086
4.15,82.79225753186448,3.1150470007811193,0.06379548841657878,-0.26683492147163596,-0.04109409648524084,0.041094096485240844,0.007067385182971675,0.013723829401090942,-5.336698429432719
4.16,82.99186723607195,3.1275347223455743,0.06118091128284386,-0.25611623544372986,-0.03941739534541672,0.03941739534541672,0.0096819623167066,0.018969750679959034,-5.122324708874597
4.17,83.19150823404283,3.139511830351654,0.0586828784975157,-0.2435322696010901,-0.03772475300122876,0.03772475300122876,0.00963300301448844,0.01888875849896459,-4.870645392021801
4.18,83.39117781614091,3.1510026611741404,0.05630927441152797,-0.23122955802952894,-0.03591663550747367,0.03591663550747367,0.009519742882451887,0.018680319409829036,-4.624591160590579
4.19,83.59087344306288,3.1620316987083874,0.054057061218010814,-0.2192530038785625,-0.03401170481470262,0.03401170481470262,0.009346456846667552,0.018352796645188078,-4.38506007757125
4.2,83.79059278017483,3.1726227887957092,0.05192277315464207,-0.20764330909374992,-0.032027909737343895,0.032027909737343895,0.009117568489736124,0.01791485788209881,-4.152866181874998
4.21,83.9903336872603,3.182799056423867,0.04990255870320191,-0.19643693703803025,-0.0300005418689144,0.0300005418689144,0.011137782941176282,0.02197556046366342,-3.928738740760605
4.22,84.19009417824087,3.192583441079972,0.04800136230184906,-0.18384432004985937,-0.02802269235835811,0.02802269235835811,0.010738822418568529,0.021197417913553476,-3.6768864009971876
4.23,84.3898723302553,3.2020004166423495,0.046223295200039156,-0.1718092186808176,-0.0260118740281121,0.026011874028112097,0.010280205811794452,0.020300292883307782,-3.436184373616352
4.24,84.58966637720141,3.2110739827759796,0.04456260123686507,-0.1603677136011465,-0.023985924924474714,0.023985924924474718,0.009767918039191553,0.019295976829138358,-3.20735427202293
4.25,84.78947472875898,3.2198269615337027,0.043013190455329406,-0.14955050130641998,-0.02196148274326464,0.02196148274326464,0.009208070565994854,0.01819652630455706,-2.9910100261283996
4.26,84.9892959572882,3.2282809349402934,0.04156869293592348,-0.13938289574578547,-0.019973757117264564,0.019973757117264564,0.010652568085400778,0.02110539859962891,-2.7876579149157092
4.2700000000000005,85.18912876316388,3.236456735775094,0.04023064060963044,-0.12826463165334726,-0.018096919381196952,0.018096919381196952,0.00994491719862846,0.01970886520344495,-2.565292633066945
4.28,85.38897190240404,3.244375993445209,0.03899989193351852,-0.1179195882197456,-0.016260593507662936,0.016260593507662936,0.009193176108922112,0.018223746282767593,-2.358391764394912
4.29,85.58882425189682,3.2520593605399495,0.037868615514347725,-0.10836753686829713,-0.014479288785296873,0.014479288785296874,0.008404677663005303,0.016664562438157636,-2.1673507373659424
4.3,85.78868482087074,3.25952590995275,0.03682881305723345,-0.09962210697880566,-0.012765950959226622,0.01276595095922662,0.00758678020585641,0.015045900902120553,-1.9924421395761134
4.3100000000000005,85.98855273924079,3.2667931069935605,0.03587238030833119,-0.09169088112015251,-0.011151647317810778,0.011151647317810778,0.00854321295475867,0.016974909436339232,-1.8338176224030502
4.32,86.18842723006681,3.273877269993044,0.03499830438203138,-0.08315276549301734,-0.009693753108026894,0.009693753108026896,0.007620897408853529,0.01514485728662679,-1.6630553098603467
4.33,86.38830755296722,3.2807949586353002,0.03420512563844933,-0.07550846509120265,-0.008329900316678006,0.008329900316678006,0.006678114158557451,0.013272929313948122,-1.5101693018240532
4.34,86.58819305249195,3.287561445375651,0.03348391151786359,-0.06875686512445205,-0.007069487535203971,0.00706948753520397,0.005722817683531194,0.011374940491710348,-1.375137302489041
4.3500000000000005,86.7880831670032,3.294190221619416,0.03282577191785051,-0.06289060972774142,-0.005920174539914199,0.005920174539914199,0.004762833449121609,0.009466465152844076,-1.2578121945548284
4.36,86.98797742029542,3.300693012062442,0.03222192050597609,-0.05789632084285504,-0.004906394655879447,0.004906394655879447,0.005366684860996028,0.01068430577543326,-1.1579264168571006
4.37,87.1878754008271,3.3070802150320384,0.03166993539149992,-0.05251862830372949,-0.004070643446142425,0.004070643446142424,0.004357793483520417,0.008674880532579409,-1.0503725660745897
4.38,87.38777671762702,3.3133621492726384,0.03116720080825299,-0.04804320692420395,-0.0033557012423334046,0.0033557012423334046,0.0033556957115606356,0.006677834410697937,-0.9608641384840789
4.39,87.58768103837593,3.319547764222733,0.030704808267261,-0.04444728807794085,-0.0027650715862282084,0.002765071586228209,0.002368043265480738,0.004708435815099193,-0.888945761558817
4.4,87.78758809727948,3.325644253509909,0.030274105038303318,-0.04170250729398568,-0.0023005600665403332,0.002300560066540333,0.0014021880134809477,0.002781370426296492,-0.8340501458797136
4.41,87.98749768931118,3.3316571114233433,0.029866748394767967,-0.03977524583639641,-0.0019790657190018874,0.001979065719001888,0.0018095446570162987,0.0035992986568425785,-0.7955049167279282
4.42,88.18740965426451,3.3375905564427173,0.029480097923359417,-0.03756222543084231,-0.0018302704204447948,0.0018302704204447948,0.0008517869337682782,0.0016852711633321084,-0.7512445086168462
4.43,88.38732384161493,3.343448648547416,0.02911155515971378,-0.03615103143821821,-0.0018006126956850725,0.0018006126956850727,-7.329176235658375e-05,-0.00016458965167001822,-0.7230206287643642
4.44,88.5872401409595,3.349234219265001,0.028753308972543915,-0.03550037492454649,-0.0018879924400836366,0.0018879924400836369,-0.0009592638386341951,-0.0019374076016692265,-0.7100074984909298
4.45,88.78715848840469,3.3549485813401634,0.02839798259994639,-0.03556468522001911,-0.0020888563859284086,0.0020888563859284086,-0.0018001493663079295,-0.003621187296475143,-0.7112937044003822
4.46,88.98707886177459,3.360591619643432,0.02803867429151886,-0.03629454352175408,-0.0024130769317830475,0.0024130769317830475,-0.0014408410578804001,-0.002905812885078631,-0.7258908704350817
4.47,89.18700126734628,3.366162194665753,0.02767356115995375,-0.036726642412655296,-0.0028799399901791004,0.002879939990179101,-0.002225337518951067,-0.004479474437803925,-0.7345328482531059
4.48,89.38692571097327,3.371659137257563,0.027301043516880903,-0.03777339690163129,-0.003439291827731058,0.003439291827731058,-0.0029572329543184335,-0.005948858826914177,-0.7554679380326258
4.49,89.58685222182568,3.3770803697893395,0.026915243035074757,-0.039381339468784624,-0.004084670934432191,0.00408467093443219,-0.003632051638141763,-0.007304949985627847,-0.7876267893756925
4.5,89.78678085667008,3.382422693621798,0.026510828663743838,-0.04149449072037386,-0.004808562492410415,0.004808562492410414,-0.004245857520097762,-0.008539800665119628,-0.8298898144074772
4.51,89.98671169503503,3.3876819008274954,0.026083039374291885,-0.04405483240751774,-0.005615379611105932,0.0056153796111059326,-0.003818068230645809,-0.007692290257402677,-0.8810966481503547
4.5200000000000005,90.18664482763455,3.392853149170234,0.02563158478095454,-0.046228839323804324,-0.006516778818993937,0.006516778818993937,-0.004343818456918589,-0.008752804702027118,-0.9245767864760865
4.53,90.38658033268617,3.397931836714546,0.02515649911765713,-0.04877978987802027,-0.007466681027252257,0.007466681027252258,-0.00480629067074995,-0.009687248151772422,-0.9755957975604055
4.54,90.58651829398075,3.4029128800179325,0.02465430086179272,-0.05165029262700034,-0.008456163224191226,0.008456163224191226,-0.005203353810853774,-0.01049126925394946,-1.0330058525400068
4.55,90.78645880344101,3.407790556947552,0.024122085349088856,-0.054782369303172304,-0.009475729522945004,0.009475729522945002,-0.005533432994296959,-0.011161623283823367,-1.0956473860634461
4.5600000000000005,90.98640195658417,3.4125586224196045,0.023557528384983692,-0.05811790468849162,-0.010526511518626916,0.010526511518626915,-0.004968876030191794,-0.010043017175569857,-1.1623580937698326
4.57,91.18634784305455,3.4172106436803578,0.02296216978003425,-0.060944394348820596,-0.011615458976829463,0.011615458976829463,-0.005200152235066504,-0.010516459059901303,-1.218887886976412
4.58,91.38629652845624,3.4217407547993903,0.022337886449769747,-0.06390241131225202,-0.01270172235750752,0.01270172235750752,-0.00536812571977445,-0.010863268663123975,-1.2780482262450406
4.59,91.58624806836185,3.4261430567236206,0.02168362777121698,-0.06693920142039599,-0.013776079452120634,0.013776079452120634,-0.005473001182737893,-0.011083763159996993,-1.3387840284079198
4.6000000000000005,91.78620251040545,3.430411492473413,0.020998864792422665,-0.07000318072680645,-0.014829211482179317,0.01482921148217932,-0.005515477055420137,-0.011179246225662067,-1.400063614536129
4.61,91.98615989119304,3.4345399501558997,0.020283576686666017,-0.07304430300555788,-0.015861280351065963,0.015861280351065963,-0.004800188949663488,-0.009758990702837636,-1.4608860601111575
4.62,92.18612022995734,3.4385225476848835,0.019541001122061,-0.07546274815748281,-0.016877293390908623,0.016877293390908623,-0.004754155279509507,-0.0096770834929281,-1.5092549631496563
4.63,92.38608351650392,3.442354267365126,0.01877464407400081,-0.0778008674585336,-0.01784282622242097,0.017842826222420973,-0.004654811571294841,-0.009488051404813892,-1.556017349170672
4.64,92.58604972274485,3.4460304455126862,0.017985513650258272,-0.080017827172974,-0.01875036594702078,0.018750365947020783,-0.00450430373479401,-0.009196111129058228,-1.60035654345948
4.65,92.78601880547137,3.4495466599214404,0.01717501386223661,-0.08207527204855422,-0.019592696642224204,0.019592696642224204,-0.004305142503187527,-0.008806211972797295,-1.6415054409710845
4.66,92.98599070553846,3.452898806498883,0.016344918630825395,-0.08393756637485063,-0.02037102402570468,0.02037102402570468,-0.0034750472717763096,-0.007153804783809666,-1.6787513274970125
4.67,93.18596534507054,3.4560833257015755,0.015499668342704543,-0.08510858771213273,-0.021090679963591107,0.021090679963591107,-0.003214926841796263,-0.006640760483228436,-1.7021717542426544
4.68,93.38594262124214,3.4590977200976605,0.014643843448780553,-0.08605324211757606,-0.02172451392651691,0.02172451392651691,-0.002919066895256551,-0.006055378929778271,-1.7210648423515211
4.69,93.58592241608899,3.4619401072372793,0.013779828846666798,-0.08674736448526002,-0.022268218875646256,0.022268218875646256,-0.0025908645530957255,-0.005404411294947914,-1.7349472897052003
4.7,93.78590460012435,3.4646091047709167,0.012910235271777586,-0.0871699418534607,-0.022718037035618713,0.02271803703561871,-0.002233911312181556,-0.004695002994719299,-1.7433988370692142
4.71,93.98588903351214,3.4671038724604117,0.012037867305750538,-0.08730320711929429,-0.023077604507983396,0.023077604507983396,-0.0013615433461545094,-0.0029538627373888525,-1.7460641423858858
4.72,94.18587556604521,3.469424277813068,0.011167639106579693,-0.08674429581590812,-0.023354078077616462,0.023354078077616462,-0.000981733064246846,-0.0021970069092698565,-1.7348859163181625
4.73,94.38586403520011,3.471571303965707,0.010304448170759043,-0.08589671670797482,-0.023527812894659345,0.02352781289465935,-0.0005876561902746995,-0.0014105905094959925,-1.7179343341594964
4.74,94.58585427394095,3.4735466473493823,0.009451211230009795,-0.08475447903027471,-0.02359845488445648,0.023598454884456478,-0.00018311745609392828,-0.0006022194610324214,-1.6950895806054942
4.75,94.78584611429164,3.475352592830977,0.008610889217661788,-0.08331472278999166,-0.0235662813824053,0.023566281382405303,0.00022806430737227525,0.0002204658009204975,-1.6662944557998332
4.76,94.98583938921458,3.4769920194478465,0.007786456203363653,-0.08157767044102719,-0.023437935713368142,0.023437935713368142,0.0010524973216704103,0.001870615286207139,-1.631553408820544
4.7700000000000005,95.18583393370014,3.4784685088665652,0.006982499566552322,-0.07922151105292162,-0.02322300120392345,0.023223001203923455,0.0014460433517666516,0.0026598566914940685,-1.5844302210584325
4.78,95.3858295848134,3.479786656069388,0.006203438482810297,-0.07659944620883996,-0.022908835788415752,0.022908835788415755,0.001832624164165542,0.0034361599704469266,-1.5319889241767992
4.79,95.58582618674758,3.480951701676778,0.005451879887928765,-0.07372186503089816,-0.02249895543127591,0.02249895543127591,0.0022088619070034796,0.0041927342596942,-1.4744373006179632
4.8,95.78582359313239,3.4819693966331746,0.0047303143668639604,-0.07060164028489091,-0.021997423682045273,0.021997423682045273,0.0025715228146625654,0.004923071392504678,-1.4120328056978182
4.8100000000000005,95.98582166818173,3.4828459764940645,0.004041092125659975,-0.06725396724548094,-0.021413639771048577,0.021413639771048577,0.003260745055866551,0.006307353714022617,-1.3450793449096188
4.82,96.18582028729575,3.483588222128442,0.003387764268000227,-0.06342437004455245,-0.020759347946330695,0.020759347946330692,0.0035708684077122564,0.006934143335961206,-1.2684874008910492
4.83,96.38581933714461,3.484203690275555,0.00277359722676404,-0.05942237862769566,-0.020027713257960475,0.020027713257960475,0.0038568412588457436,0.007513405385111882,-1.1884475725539132
4.84,96.58581871765455,3.4847003777717998,0.002200203394430823,-0.05527022880898454,-0.01922528959827655,0.01922528959827655,0.004116387034538049,0.008040521173093331,-1.1054045761796907
4.8500000000000005,96.78581834241628,3.4850865813122995,0.0016689658380686888,-0.05099154522702272,-0.01835896285526549,0.01835896285526549,0.00434748335125834,0.008511377073964025,-1.0198309045404543
4.86,96.98581813840674,3.4853708502560816,0.00118102555247492,-0.04661111382624965,-0.017439945303034235,0.017439945303034235,0.004835423636852109,0.009496447820673876,-0.932222276524993
4.87,97.18581804541225,3.4855620132712053,0.0007384115163231461,-0.04192730662567663,-0.01648119049936396,0.01648119049936396,0.004990988045786304,0.009817164186578967,-0.8385461325135326
4.88,97.38581801530212,3.485669348790234,0.00034280745627717635,-0.03720923283095319,-0.015479963925192882,0.01547996392519288,0.005112042238302683,0.010069284837353438,-0.7441846566190637
4.89,97.58581801157527,3.4857022837280383,-5.583647044499879e-06,-0.03248473668936855,-0.014444491835105683,0.014444491835105681,0.005197813970005137,0.010251183021659217,-0.649694733787371
4.9,97.78581800825134,3.4856702577345633,-0.0003068377214627068,-0.02778175533186817,-0.013383040821671329,0.013383040821671329,0.005247831731171947,0.010361833054127181,-0.5556351066373634
4.91,97.98581798852815,3.4855826673934702,-0.0005613093286894972,-0.023128078895763807,-0.012307256866156878,0.01230725686615688,0.005502303338398737,0.010881534108135905,-0.46256157791527613
4.92,98.18581794341499,3.4854488744921714,-0.0007686739448527853,-0.018360736020182962,-0.011229951394308817,0.011229951394308817,0.005469288328403096,0.010826277142863104,-0.3672147204036592
4.93,98.38581787049013,3.485278337067014,-0.0009289484850651896,-0.013709676082613004,-0.010150549849239729,0.010150549849239729,0.005399533869580566,0.010697562240668736,-0.2741935216522601
4.94,98.5858177723786,3.485080347877142,-0.0010434301688792547,-0.00920168781871709,-0.009077351921591361,0.009077351921591363,0.005293850684802861,0.010496927850389809,-0.18403375637434183
4.95,98.78581765522547,3.48486391382813,-0.0011136783856128415,-0.004862420245094083,-0.008018395079074965,0.008018395079074965,0.005153330490601473,0.010226477030412197,-0.09724840490188166
4.96,98.98581752729015,3.4846377047456762,-0.0011415022886458145,-0.0007161816268633457,-0.006984260135568769,0.006984260135568769,0.0051811543936344465,0.010292466185913205,-0.014323632537266914
4.97,99.18581739772911,3.484410058373332,-0.0011281445761651481,0.003374089422540516,-0.005986194906771961,0.005986194906771961,0.004965975149646532,0.009872088350225345,0.06748178845081032
4.98,99.3858172756371,3.4841890909080986,-0.0010751256457410042,0.0072168869017826326,-0.005023923524711705,0.005023923524711706,0.004719649365283749,0.00938905949532038,0.14433773803565264
4.99,99.585817168848,3.4839824804458828,-0.0009850201207437107,0.010792299649916117,-0.00410430848970197,0.00410430848970197,0.004444336132454993,0.008847629180012967,0.21584599299832236
5.0,99.78581708305373,3.483797370944483,-0.0008605913155045386,0.014082493711442885,-0.003233698362109012,0.0032336983621090117,0.004142399211432589,0.008252461439244088,0.2816498742288577
5.01,99.9858170212008,3.483640336604064,-0.0007047698461503681,0.01707183534843211,-0.0024203046693401066,0.0024203046693401066,0.0039865777420784185,0.007948952437463436,0.3414367069686422
5.0200000000000005,100.1858169831291,3.4835173957959484,-0.0005199549031108391,0.019881786437338643,-0.001672630019095645,0.001672630019095645,0.00363157001915036,0.007246413738109764,0.3976357287467729
5.03,100.38581696541776,3.483434116079364,-0.000308715337408894,0.022357872801178597,-0.0009892010487202519,0.0009892010487202519,0.003257083385815055,0.006504274761142907,0.44715745602357193
5.04,100.58581696122133,3.4833954454782408,-7.443530647781833e-05,0.024491022643773553,-0.00037430192080679426,0.00037430192080679426,0.0028661463572751617,0.0057285496953422554,0.48982045287547105
5.05,100.78581696042379,3.4834056469700325,0.00017942316403861421,0.026274725580877543,0.00016845095863217476,0.00016845095863217476,0.002461878661812294,0.00492544183321091,0.5254945116175509
5.0600000000000005,100.98581695000752,3.483468285480143,0.0004493459156620571,0.027705056810915153,0.0006340723904450292,0.0006340723904450293,0.002191955910188851,0.004390252544282152,0.554101136218303
5.07,101.1858169145459,3.4835862583761443,0.0007323666168492723,0.028895116426253545,0.001017510980592965,0.001017510980592965,0.0017644441823488355,0.0035390634745036008,0.5779023285250708
5.08,101.38581683670087,3.4837619046375474,0.001025478611936651,0.029724517825880196,0.0013223634673225544,0.0013223634673225544,0.0013324419002104923,0.00267810743509421,0.594490356517604
5.09,101.58581669791575,3.4839968829457733,0.001325091740987899,0.03019653454181536,0.0015475048726281454,0.0015475048726281456,0.000899233287976716,0.0018139416246797135,0.6039306908363072
5.1000000000000005,101.78581647921378,3.48429213806605,0.0016276612816102764,0.03031697211044254,0.0016925092511161889,0.001692509251116189,0.00046806807685774205,0.000953061246226646,0.6063394422088508
5.11,101.98581616201469,3.4846479124423726,0.0019297128943084043,0.030094093383536937,0.0017558805561986987,0.0017558805561986987,0.0001660164641596141,0.0003495917338812152,0.6018818676707387
5.12,102.18581572887396,3.485063795568378,0.002228358926771451,0.029636638012163326,0.0017361244537514391,0.0017361244537514391,-0.00025651003700572893,-0.0004956588294739435,0.5927327602432665
5.13,102.38581516398948,3.485538841196269,0.0025207965601432665,0.028853499213630122,0.0016392267347945058,0.0016392267347945055,-0.0006683877183586474,-0.0013203831693693498,0.5770699842726025
5.14,102.58581445404195,3.4860714868103626,0.002803842092590652,0.02775925488098762,0.0014671711515947584,0.0014671711515947584,-0.0010666983662823192,-0.0021187250210486907,0.5551850976197524
5.15,102.78581358888827,3.4866595484140475,0.0030744677879280336,0.026370513481893322,0.0012225499942752683,0.0012225499942752685,-0.0014486709639072084,-0.002885116427871664,0.5274102696378664
5.16,102.98581256208357,3.487300253704301,0.0033298214068615815,0.024705759672877584,0.0009070031029673852,0.0009070031029673852,-0.0017040245828407563,-0.0033989791346518386,0.49411519345755167
5.17,103.18581137117216,3.487990307561832,0.0035676719506308636,0.022870466931478314,0.000522099869120294,0.000522099869120294,-0.002049552277403572,-0.004093883556115941,0.4574093386295663
5.18,103.38581001760272,3.4887260159288735,0.0037859712890718385,0.020796314832150022,7.585617383711747e-05,7.585617383711747e-05,-0.0023720997183559528,-0.004743440874973534,0.41592629664300046
5.19,103.58580850709184,3.4895032372986323,0.003982444648697969,0.01850599176290822,-0.0004272635641373612,0.00042726356413736117,-0.0026696255644621846,-0.0053435237645657425,0.3701198352581644
5.2,103.78580684969035,3.490317398306567,0.004155050086011439,0.016023371382455028,-0.0009823744907014797,0.00098237449070148,-0.0029403145098843082,-0.005890452764675631,0.3204674276491005
5.21,103.98580505960591,3.4911635414150894,0.004301989332678085,0.013373311783251534,-0.0015855720939485685,0.0015855720939485687,-0.003087253756550954,-0.006190363234041394,0.2674662356650307
5.22,104.18580315477084,3.4920363998574686,0.004422095389313244,0.01065695437636471,-0.002233198924052575,0.002233198924052575,-0.0033026946518155626,-0.006627721292871651,0.2131390875272942
5.23,104.38580115604837,3.4929305229421517,0.004514438791935738,0.007821179053970883,-0.0029160463116139706,0.0029160463116139706,-0.0034878386595559225,-0.0070048377822279845,0.15642358107941765
5.24,104.58579908700561,3.493840247553409,0.004577956907902276,0.004892207709146673,-0.0036282156077874182,0.0036282156077874187,-0.0036418321566134685,-0.007319946469304811,0.09784415418293346
5.25,104.78579697338968,3.4947597243390742,0.004611850227738491,0.0018964424817523805,-0.0043636322034331515,0.0043636322034331515,-0.0037640796541673696,-0.00757179563036907,0.03792884963504761
5.26,104.98579484241849,3.495682970443445,0.004615583127509311,-0.0011397415699368222,-0.0051173256881990115,0.0051173256881990115,-0.0037678125539381893,-0.007586798364758369,-0.022794831398736445
5.2700000000000005,105.18579272191437,3.4966039451174935,0.004589225984733814,-0.004121746630289382,-0.005884806665925336,0.005884806665925336,-0.0038278878468025637,-0.00771462376026438,-0.08243493260578764
5.28,105.38579063921263,3.4975166692669934,0.004533091058823377,-0.007095326282574194,-0.006656767215949157,0.006656767215949157,-0.0038564589383192167,-0.007779485548797925,-0.14190652565148387
5.29,105.5857886207279,3.4984152041167267,0.004447386858803479,-0.010035712102053502,-0.007427112348110631,0.00742711234811063,-0.003853925938968571,-0.0077821230014182485,-0.20071424204107002
5.3,105.78578669132072,3.4992936770930685,0.0043325656487997735,-0.012918918882613322,-0.008189822742710878,0.008189822742710877,-0.003820929400669335,-0.007723757028765779,-0.25837837765226646
5.3100000000000005,105.98578487359919,3.5001463297307023,0.004189314736764749,-0.015721919870049793,-0.00894014895359528,0.008940148953595278,-0.0036776784886343103,-0.007444758466804573,-0.3144383974009959
5.32,106.1857831871983,3.500967585066682,0.00401886655137313,-0.018358926885988322,-0.009674064094733441,0.009674064094733441,-0.0035878938232211163,-0.007272528287389567,-0.36717853771976644
5.33,106.38578164799821,3.5017521543953376,0.0038226524227475155,-0.02087550994369286,-0.01038325958746444,0.01038325958746444,-0.0034713649276966177,-0.00704656245126788,-0.4175101988738572
5.34,106.58578026799606,3.5024950112906237,0.003601971386376016,-0.023252772851456955,-0.011062626703926003,0.011062626703926003,-0.003329571583860434,-0.006769769434760128,-0.4650554570291391
5.3500000000000005,106.78577905507785,3.5031914075067574,0.003358303784212231,-0.02547334542103362,-0.01170734387552869,0.01170734387552869,-0.0031641731515743843,-0.0064454197419040555,-0.5094669084206724
5.36,106.98577801281328,3.503836907676453,0.0030932954369763095,-0.027521496623323344,-0.01231401810911268,0.01231401810911268,-0.0028991648043384627,-0.0059214697897680526,-0.5504299324664669
5.37,107.18577714031262,3.5044274413847654,0.002809049983065663,-0.02932159363140922,-0.012880184728536302,0.012880184728536302,-0.002692747674409457,-0.005514297196104277,-0.5864318726281844
5.38,107.38577643212594,3.5049593920950146,0.002507791318074869,-0.030924795179869298,-0.013399406526570904,0.013399406526570904,-0.0024690532079168406,-0.00507210048109939,-0.6184959035973859
5.39,107.5857758786531,3.5054295573642484,0.0021915384212508843,-0.03232112957866104,-0.013868469785733318,0.013868469785733317,-0.0022302765314089123,-0.004599237760675158,-0.6464225915732208
5.4,107.78577546649069,3.505835147870368,0.001862400339772438,-0.033502548519974334,-0.014284582707122271,0.014284582707122273,-0.0019787026484286434,-0.00410025112392851,-0.6700509703994867
5.41,107.98577517880892,3.5061738034932644,0.0015225567804845682,-0.03446296185096996,-0.014646498755948536,0.014646498755948537,-0.0016388590891407736,-0.0034241831658410327,-0.6892592370193993
5.42,108.18577499578895,3.5064436261336454,0.0011745476588935968,-0.0351366168741244,-0.014954040211067578,0.01495404021106758,-0.0013686782915314439,-0.0028868969851735633,-0.702732337482488
5.43,108.38577489512362,3.506643249092257,0.0008209363500802358,-0.03558415305056708,-0.015203115983803327,0.015203115983803327,-0.0010933361525958182,-0.00233870346502967,-0.7116830610113416
5.44,108.58577485276267,3.506771777973249,0.00046398325059398415,-0.035805728237606506,-0.015392891010264866,0.015392891010264868,-0.0008152707456448817,-0.001784470401392412,-0.7161145647521301
5.45,108.78577484357423,3.506828769665645,0.00010593752307983006,-0.03580342494313515,-0.015522990436683166,0.015522990436683167,-0.0005369102512318433,-0.0012290504068305183,-0.716068498862703
5.46,108.98577484198397,3.506814228187439,-0.0002509819288740097,-0.03558120620195966,-0.015594643502104714,0.015594643502104714,-0.00017999079927800353,-0.0005159280335770542,-0.7116241240391932
5.47,109.185774822621,3.50672861817407,-0.0006042844838954255,-0.035080972305347645,-0.015610212690909557,0.015610212690909555,9.264823576498747e-05,2.919434462087938e-05,-0.7016194461069529
5.48,109.38577476100869,3.5065729168983943,-0.0009515513787190831,-0.034374760777851975,-0.015567947672581005,0.015567947672581005,0.00035809045888417527,0.0005605014410425405,-0.6874952155570395
5.49,109.58577463418064,3.5063485342891236,-0.0012907707454481593,-0.03347212146797681,-0.0154693903684366,0.0154693903684366,0.0006141386249439985,0.001073583346203631,-0.6694424293595362
5.5,109.78577442119335,3.5060572725832975,-0.0016200340273350156,-0.03238416156572165,-0.015316484375754813,0.015316484375754813,0.0008586958894037651,0.001564226935049982,-0.6476832313144331
5.51,109.98577410356879,3.5057013041414136,-0.0019375510065367302,-0.031123436833298244,-0.015112783408093761,0.015112783408093761,0.0011762128686054797,0.002201297903130022,-0.6224687366659649
5.5200000000000005,110.18577366570706,3.5052831693004727,-0.002241320284478757,-0.02963537911616212,-0.014862971810441062,0.01486297181044106,0.0013935497109076357,0.002638469703710861,-0.5927075823232424
5.53,110.38577309535053,3.5048058169376595,-0.0025294882601542175,-0.028003655283326878,-0.01456716820747763,0.014567168207477632,0.0015933635088654099,0.0030410553356560433,-0.5600731056665376
5.54,110.58577238368291,3.504272505468258,-0.0028007012572132937,-0.026244807154946335,-0.014228840258269933,0.014228840258269933,0.001774101124833478,0.0034059138470842565,-0.5248961430989267
5.55,110.78577152536482,3.5036867471904407,-0.0030537756145322063,-0.024376292901474837,-0.01385171964037022,0.01385171964037022,0.0019343748770345244,0.0037302325576653466,-0.4875258580294967
5.5600000000000005,110.98577051851318,3.503052273413897,-0.003287706106501048,-0.022416338894470915,-0.013441125235016426,0.013441125235016426,0.0021683053690033666,0.004202199485656569,-0.4483267778894183
5.57,111.1857693646773,3.502373023347652,-0.003501294081269636,-0.02030828315067115,-0.013003463262128504,0.013003463262128504,0.0022865585051425052,0.004443082377663725,-0.406165663013423
5.58,111.38576806893532,3.50165318196408,-0.0036935323357599826,-0.018146573690625004,-0.012539882956696313,0.012539882956696313,0.0023807132515241978,0.004636027673481432,-0.36293147381250007
5.59,111.58576663940947,3.500897066143943,-0.0038639849018112203,-0.015951257489129997,-0.012054994932863905,0.012054994932863905,0.0024501133310953346,0.00477967671286203,-0.31902514978259994
5.6000000000000005,111.78576508683432,3.500109059859432,-0.004012416988906417,-0.013742522629794661,-0.011553488141806383,0.011553488141806383,0.0024942973156791256,0.004873059749940187,-0.27485045259589325
5.61,111.98576342414997,3.4992935738505455,-0.004138795608574195,-0.011540541490483072,-0.01104162436650625,0.01104162436650625,0.0026206759353469035,0.0051309356270287446,-0.23081082980966144
5.62,112.18576166617808,3.498455033900871,-0.004242860823714425,-0.009280036809391157,-0.010526707063869222,0.010526707063869222,0.0026170639996936,0.005128860928748508,-0.18560073618782313
5.63,112.38575982952973,3.4975979263096253,-0.004324549664915971,-0.007065114755488706,-0.010009871426062321,0.010009871426062321,0.002587405938607638,0.005074713162954652,-0.14130229510977413
5.64,112.58575793178926,3.496726674128211,-0.004384416885723482,-0.004915495048691867,-0.009495928783475544,0.009495928783475544,0.002532008043938862,0.004969056800042969,-0.09830990097383735
5.65,112.78575599090522,3.495845569940588,-0.004423211356537377,-0.0028502833870467557,-0.008989572721217087,0.008989572721217087,0.0024513624667716546,0.004812829206331138,-0.057005667740935115
5.66,112.98575402471354,3.49495873770094,-0.004441869244545261,-0.0008878359284985723,-0.008497107851012623,0.008497107851012623,0.002470020354779539,0.004855069631048952,-0.017756718569971446
5.67,113.18575205063942,3.4940701289349643,-0.004441013680496903,0.0010524807958242526,-0.008025875521865037,0.008025875521865037,0.0023452843220288845,0.0046103098888391186,0.02104961591648505
5.68,113.38575008573123,3.493183586235964,-0.004421433966139496,0.002857445322645047,-0.0075759310287686924,0.007575931028768692,0.0021971089371748817,0.004318458564062076,0.05714890645290094
5.69,113.58574814586908,3.4923027136971716,-0.004384563736428736,0.004511088288848473,-0.007151374401030576,0.007151374401030576,0.0020266432242815927,0.003981772704552879,0.09022176577696946
5.7,113.78574624531021,3.4914308131250436,-0.004331990249456014,0.005998650396724146,-0.006756017980795256,0.006756017980795255,0.0018351794502579062,0.0036027987207078596,0.11997300793448293
5.71,113.98574439644268,3.4905708545558305,-0.004265441831111962,0.007306673048319156,-0.006395419116828861,0.006395419116828861,0.0017686310319138547,0.003473307872659421,0.1461334609663831
5.72,114.1857426097694,3.489725487704717,-0.004186200384646274,0.008537513304451518,-0.006076248059126787,0.006076248059126788,0.0015448985587953662,0.0030290346369994644,0.17075026608903035
5.73,114.3857408942637,3.488897132729459,-0.004095655455633891,0.009568037301226618,-0.005796565586913097,0.005796565586913097,0.0013039444048365476,0.0025499231538039643,0.19136074602453235
5.74,114.58573925681426,3.4880878467062972,-0.003995859522226573,0.010388414695933545,-0.00555904884447492,0.00555904884447492,0.001047491473820412,0.0020393924591960745,0.2077682939186709
5.75,114.7857377020677,3.4872992669097895,-0.003888955596776651,0.010990363828712114,-0.005365972095939381,0.005365972095939381,0.0007773404807371303,0.0015010212405148667,0.2198072765742423
5.76,114.98573623249078,3.4865325942650798,-0.003777161575665158,0.011367184282695062,-0.005221620608966747,0.005221620608966748,0.0006655464596256374,0.0012788767131616072,0.22734368565390126
5.7700000000000005,115.18573484865038,3.485788625112387,-0.003662078124038966,0.011648568064707356,-0.005131580879286502,0.005131580879286502,0.00038027022811091583,0.0007092246474289666,0.2329713612941471
5.78,115.38573354983598,3.485067876437754,-0.0035453405330670143,0.011698782741735032,-0.005091283129092838,0.005091283129092838,8.602452135573124e-05,0.00012113621142053409,0.23397565483470065
5.79,115.58573233370043,3.4843704469965733,-0.003429274158382185,0.011515104476933586,-0.005101590514692361,0.005101590514692361,-0.00021524956116055925,-0.0004815150274680421,0.23030208953867173
5.8,115.78573119628682,3.4836959682836985,-0.0033162236276634803,0.011096397404508964,-0.005162918668330307,0.005162918668330306,-0.000521606945817904,-0.001094843078319111,0.22192794809017927
5.8100000000000005,115.9857301322337,3.483043602257419,-0.003208537093987022,0.010443087105828374,-0.005278117593188716,0.005278117593188716,-0.0006292934794943622,-0.0013113681349206116,0.2088617421165675
5.82,116.18572913514522,3.4824120957280376,-0.003107748943177461,0.009716963550241018,-0.005451656228750098,0.005451656228750098,-0.0009319031618111707,-0.0019183228859098423,0.19433927100482035
5.83,116.38572819825016,3.481799944905607,-0.0030153557544657884,0.008764848018453753,-0.005676037355970276,0.005676037355970277,-0.0012350647614578188,-0.00252688989647534,0.17529696036907505
5.84,116.58572731402562,3.481205246105039,-0.0029335982014542365,0.007590576953840534,-0.005950290331381981,0.005950290331381981,-0.0015369871830611397,-0.0031334772694360993,0.1518115390768107
5.8500000000000005,116.78572647416007,3.4806256517942713,-0.002864671838268929,0.006199333319695396,-0.006273023755277985,0.006273023755277985,-0.001835942545281381,-0.003734615328115542,0.12398666639390792
5.86,116.98572566964324,3.4800583809394054,-0.002810714010939055,0.004597571533789463,-0.0066458748004256255,0.0066458748004256255,-0.0018899003726112551,-0.0038462594932267666,0.09195143067578926
5.87,117.18572489098145,3.479500295665391,-0.0027728364949759325,0.0029833127045725445,-0.0070725482749779515,0.007072548274977952,-0.0021681575147333076,-0.004407040512216394,0.05966625409145089
5.88,117.38572412869767,3.4789481079239666,-0.0027520553345568746,0.0011789341788479082,-0.007542647976318773,0.007542647976318773,-0.0024401749884037627,-0.004955776456570713,0.023578683576958165
5.89,117.58572337272963,3.47839821119747,-0.002750228910438759,-0.0008070292520165655,-0.00805369782896459,0.00805369782896459,-0.0027046207841411,-0.005489778546571847,-0.01614058504033131
5.9,117.78572261213694,3.4778466361280183,-0.0027691257613942214,-0.002965146968734528,-0.008602885936286891,0.008602885936286891,-0.0029602738007152283,-0.006006576460793326,-0.05930293937469056
5.91,117.9857218349187,3.4772890693473824,-0.002810416148939388,-0.005285196777961474,-0.009191197497325212,0.009191197497325212,-0.0029189834131700615,-0.0059298788013133754,-0.10570393555922947
5.92,118.1857210279833,3.4767209500461607,-0.002874524190765597,-0.0075289322148343555,-0.009822252097954988,0.009822252097954988,-0.0031419249985614323,-0.006382072518102414,-0.1505786442966871
5.93,118.38572017752519,3.476137720356236,-0.0029617450900916225,-0.009907319423423216,-0.010483027057415556,0.010483027057415556,-0.003354845338877249,-0.006814520948328654,-0.19814638846846433
5.94,118.58571926811327,3.4755346265918807,-0.0030733727601574812,-0.012409872462623145,-0.011170129987030396,0.011170129987030396,-0.0035570657254523027,-0.007225832750774909,-0.2481974492524629
5.95,118.78571828211959,3.4749066668913353,-0.0032105945322065703,-0.01502576201883487,-0.01187995185748042,0.011879951857480418,-0.0037480381435059133,-0.0076148758055866305,-0.3005152403766974
5.96,118.98571719930408,3.4742486128416545,-0.00337448827087399,-0.017743924863734616,-0.012613621508554947,0.012613621508554947,-0.003584144404838494,-0.007294425024762538,-0.35487849727469234
5.97,119.18571599667663,3.473555122627651,-0.0035646569745059814,-0.020281357466375587,-0.013375562552035869,0.013375562552035869,-0.0037371802070205445,-0.007608116039561448,-0.40562714932751176
5.98,119.3857146490775,3.472821036714607,-0.0037805711644632325,-0.02289277550228587,-0.014150512873984328,0.014150512873984328,-0.0038801706304690126,-0.007901846389677869,-0.4578555100457174
5.99,119.58571312796562,3.4720411352284795,-0.004022923689094193,-0.02556880900889503,-0.01493488296092126,0.01493488296092126,-0.004013138957881647,-0.008175626745372505,-0.5113761801779005
6.0,119.78571140067507,3.471210069049112,-0.004292314649101479,-0.028300277787029385,-0.0157249906751063,0.0157249906751063,-0.004136228269217494,-0.008429706445186052,-0.5660055557405876
6.01,119.98570942994188,3.4703223781434853,-0.004589253750495528,-0.031078282162315635,-0.016523003314861236,0.016523003314861232,-0.0038392891678234453,-0.007843808368795504,-0.6215656432463127
6.0200000000000005,120.18570717394786,3.4693726182257834,-0.0049125329147095415,-0.03356924718140602,-0.01733510448555763,0.017335104485557633,-0.003926420610324522,-0.00802619226550462,-0.6713849436281204
6.03,120.38570458763648,3.4683557046503717,-0.005260836633119704,-0.03608311665078747,-0.01814414376425479,0.01814414376425479,-0.004007257140796163,-0.008195955719234874,-0.7216623330157494
6.04,120.58570162114205,3.467266611617217,-0.005634366601522465,-0.03861443900167583,-0.0189470375058524,0.0189470375058524,-0.004082425378961879,-0.008354321132982283,-0.7722887800335165
6.05,120.7856982189528,3.466100278279103,-0.006033272970155852,-0.041158354717601896,-0.01974070923079367,0.01974070923079367,-0.0041526330721769955,-0.008502673236661928,-0.8231670943520379
6.0600000000000005,120.98569431953489,3.4648516184475175,-0.006457660527910487,-0.043710648896757624,-0.02052922043761386,0.02052922043761386,-0.0037282455144223604,-0.007661783233220859,-0.8742129779351525
6.07,121.18568985584396,3.463515659123491,-0.006905646866861026,-0.045879389512144826,-0.02132139267608824,0.021321392676088236,-0.003770677092735003,-0.0077545681122308885,-0.9175877902428965
6.08,121.385684757972,3.462087938060629,-0.007375289515313799,-0.04804193146013157,-0.02209836075841952,0.022098360758419523,-0.003813674778257274,-0.007848333164098744,-0.9608386292026314
6.09,121.58567895090229,3.460564130450538,-0.007866529049691847,-0.050198785657014904,-0.022858100384388944,0.022858100384388944,-0.0038582475038321557,-0.007945076011508201,-1.003975713140298
6.1000000000000005,121.78567235347458,3.4589399226648974,-0.008379315073572079,-0.052351244013857934,-0.02359864660004466,0.02359864660004466,-0.003905426427336201,-0.00804683932067285,-1.0470248802771587
6.11,121.98566487810528,3.457211009676548,-0.008913614039540815,-0.054501381810189535,-0.024326658741035213,0.024326658741035213,-0.003371127461367465,-0.006985521510145282,-1.0900276362037906
6.12,122.18565643193706,3.4553732461529885,-0.00946709224047987,-0.05618863401236948,-0.02505427435356209,0.025054274353562087,-0.003402779118569215,-0.007056100980674051,-1.1237726802473897
6.13,122.38564692138964,3.4534231066091263,-0.010037415580017882,-0.05787042772556302,-0.02576080334726533,0.025760803347265333,-0.0034437943354463803,-0.007145196704365414,-1.1574085545112605
6.140000000000001,122.58563624857285,3.4513572257783243,-0.010624566802350507,-0.05955420396264413,-0.026445588280177262,0.026445588280177262,-0.0034952657003554603,-0.007254987283512693,-1.1910840792528825
6.15,122.78562430970605,3.4491722342621918,-0.011228606650938364,-0.061248119178873434,-0.027108021797476258,0.02710802179747626,-0.0035582391916131276,-0.007387558601201018,-1.2249623835774686
6.16,122.98561099474972,3.4468647422422616,-0.011849680767653213,-0.06296099438592408,-0.02775784655924532,0.02775784655924532,-0.0029371650748982792,-0.006151908615389012,-1.2592198877184815
6.17,123.18559618924682,3.4444315066536118,-0.012485258578109937,-0.06415060221116618,-0.02841091092845045,0.02841091092845045,-0.002998129158892591,-0.006280367427069686,-1.2830120442233237
6.18,123.38557978136214,3.441869966753926,-0.013132869508546209,-0.06536752732112146,-0.029044254927431252,0.029044254927431252,-0.0030777570799328784,-0.00644595670914007,-1.307350546422429
6.19,123.58556165596015,3.439177685132577,-0.013792857786544419,-0.06662593344878125,-0.02965860511371557,0.02965860511371557,-0.0031769029434508787,-0.006650391938038913,-1.332518668975625
6.2,123.785541691947,3.4363521413631295,-0.014465711278232892,-0.06794038324061981,-0.030254664951421744,0.030254664951421747,-0.0032963062667348535,-0.0068951591829839246,-1.3588076648123961
6.21,123.98551976152488,3.4333907029238317,-0.01515206498202337,-0.06932573950623236,-0.030845520863879934,0.030845520863879934,-0.0026099525629443756,-0.00552836033452755,-1.386514790124647
6.22,124.1854957327632,3.4302908148114892,-0.015849419166964213,-0.07014237527016165,-0.03145080279772836,0.03145080279772836,-0.0027392331878276846,-0.005792974403632653,-1.402847505403233
6.23,124.38546947984717,3.427050627172242,-0.0165553843052613,-0.0710476347550207,-0.032044514421349424,0.032044514421349424,-0.0028955627456776455,-0.006111570635568785,-1.4209526951004139
6.24,124.58544087360568,3.423668324472994,-0.017270945078701083,-0.0720611414623686,-0.032628504845500526,0.032628504845500526,-0.0030792633682060963,-0.006484811784867198,-1.4412228292473719
6.25,124.78540977717422,3.42014187483272,-0.017997281771469077,-0.07320239279077943,-0.033204471400436676,0.033204471400436676,-0.003290484552566874,-0.006913013819138115,-1.4640478558155887
6.26,124.98537604459753,3.416468991097644,-0.01873576833267327,-0.07449062519602623,-0.033788933522377565,0.033788933522377565,-0.0025519979913626797,-0.005441885317949135,-1.4898125039205246
6.2700000000000005,125.1853395242768,3.4126473516592166,-0.01948408650918604,-0.07517074297018049,-0.03440504159185172,0.03440504159185171,-0.002780884634460034,-0.005905819684838585,-1.5034148594036099
6.28,125.38530007343175,3.4086753399906273,-0.02024006001667884,-0.07602112382913027,-0.03502275273643798,0.03502275273643797,-0.0030431313802541556,-0.0064364902878726905,-1.5204224765826055
6.29,125.58525754372442,3.4045512496484642,-0.02100550715973728,-0.07706482565816242,-0.03564455972350358,0.03564455972350358,-0.0033383034028251907,-0.0070330524028854174,-1.5412965131632483
6.3,125.7852117746498,3.4002729879910105,-0.021782472853064647,-0.07832411523266178,-0.03627263623061941,0.036272636230619416,-0.0036657507879380366,-0.007694227938182268,-1.5664823046532357
6.3100000000000005,125.98516259129936,3.395838031743714,-0.022573219927983543,-0.0798203122580971,-0.036926959871062,0.036926959871062,-0.002875003713019141,-0.006119277024748902,-1.596406245161942
6.32,126.1851098090145,3.39124368938785,-0.023375651338453454,-0.08066316024705679,-0.03763361056427327,0.03763361056427327,-0.003222181895185007,-0.006820699896012747,-1.6132632049411357
6.33,126.38505325346247,3.386487974554019,-0.024187821043302332,-0.08176710079576407,-0.03835737972481339,0.03835737972481339,-0.003606224090607388,-0.007596021978462909,-1.6353420159152816
6.34,126.58499273985063,3.3815686741881383,-0.025012460850089253,-0.08315622997357533,-0.03910080223816297,0.03910080223816297,-0.004025802547267945,-0.008442613116917519,-1.6631245994715065
6.3500000000000005,126.78492806345241,3.3764830057129775,-0.02585253590802674,-0.08485312510446759,-0.03986590957420456,0.03986590957420455,-0.004479348949100955,-0.009357356993943956,-1.6970625020893517
6.36,126.98485899642354,3.3712275720092095,-0.02671122870551904,-0.0868786823070605,-0.04067624544662644,0.04067624544662644,-0.0036206561516086556,-0.007648074757683576,-1.7375736461412101
6.37,127.18478529418722,3.365798676319959,-0.027586579974941766,-0.08818720967128842,-0.04155987712743005,0.04155987712743005,-0.004089713076842499,-0.0085950249249593,-1.7637441934257683
6.38,127.38470672300058,3.3601933520842335,-0.028476767870722498,-0.0898448438497106,-0.04247538313100227,0.04247538313100226,-0.004596083662019243,-0.009616921155348509,-1.796896876994212
6.390000000000001,127.58462303099097,3.354408281000349,-0.02938539767973782,-0.09187435269381962,-0.04342472402289828,0.043424724022898285,-0.005137498840075808,-0.0107092449203806,-1.8374870538763923
6.4,127.7845339351456,3.3484394024239283,-0.030316291128585384,-0.09429626376427663,-0.044409177749741964,0.044409177749741964,-0.005711437746434951,-0.011866967270367321,-1.8859252752855327
6.41,127.98443911709731,3.3422818724982983,-0.03127346318914828,-0.09712870655129767,-0.04545621536008274,0.04545621536008274,-0.004754265685872054,-0.009963093525344935,-1.9425741310259534
6.42,128.1843382319525,3.335930441997768,-0.032254895822724707,-0.0991510786942827,-0.04659451388722886,0.04659451388722885,-0.005333709544247411,-0.011133364227367111,-1.983021573885654
6.43,128.38423094580162,3.329380664032562,-0.03325867629783627,-0.10159686343500633,-0.047775680870801765,0.047775680870801765,-0.005948052903558514,-0.012373862615825047,-2.0319372687001267
6.44,128.58411689638262,3.322627648357651,-0.03428913620374993,-0.10448548866950937,-0.04900057068880067,0.04900057068880066,-0.00659410359325862,-0.013678212893405246,-2.0897097733901875
6.45,128.7839956756981,3.3156656212010795,-0.03535078681178129,-0.10783347261080863,-0.050269199985457765,0.05026919998545776,-0.007268414979101842,-0.015039521958058261,-2.1566694522161725
6.46,128.98386682467938,3.3084878924853043,-0.03644828923975658,-0.11165427653808123,-0.051613759365009934,0.05161375936500993,-0.006170912551126554,-0.012857962695903207,-2.2330855307616244
6.47,129.18372984539002,3.3010873054491525,-0.037579285984573704,-0.11453546812680815,-0.05306154201618718,0.053061542016187166,-0.006836307278516154,-0.014203229977194181,-2.290709362536163
6.48,129.38358425167,3.2934576404520852,-0.038741481124659735,-0.11789236983751415,-0.05455696142191966,0.05455696142191966,-0.007531812052693293,-0.015609193719605783,-2.357847396750283
6.49,129.58342951666603,3.2855921924323916,-0.039939705093458955,-0.12173959938775789,-0.05609939247883621,0.05609939247883621,-0.008253362948981678,-0.01706771982275172,-2.434791987755158
6.5,129.78326505004623,3.2774832788563746,-0.04117891688922785,-0.12608826372532064,-0.05768725467281703,0.05768725467281703,-0.008996640919031053,-0.018570154384790274,-2.521765274506413
6.51,129.98309019148817,3.269122217868,-0.04246416828337817,-0.13094582269093594,-0.05935884776058712,0.05935884776058711,-0.007711389524880729,-0.01601636752736733,-2.6189164538187186
6.5200000000000005,130.1829042275177,3.2604998559894556,-0.043792439039993115,-0.13469582818865342,-0.06113718085178967,0.06113718085178968,-0.008428821981331144,-0.017469015771180187,-2.6939165637730684
6.53,130.38270645941174,3.251608180718306,-0.04516072336322658,-0.1389468658506584,-0.0629600532510255,0.06296005325102551,-0.009169795912830042,-0.01896919235817034,-2.778937317013168
6.54,130.5824961342088,3.2424387104275874,-0.046574076230000136,-0.14370783706037926,-0.06482518455452213,0.06482518455452213,-0.009929424781833472,-0.020507101409212164,-2.8741567412075852
6.55,130.78227241535404,3.2329819482327142,-0.04803762128503617,-0.14898358751399188,-0.06672926574433924,0.06672926574433924,-0.010702563435383186,-0.022072419528209763,-2.9796717502798375
6.5600000000000005,130.98203437511458,3.223227372809861,-0.04955650963882852,-0.15477477861769168,-0.06871882182086678,0.06871882182086676,-0.009183675081590834,-0.019054538381390335,-3.0954955723538333
6.57,131.18178101778025,3.213164047080629,-0.05112673890096704,-0.15925613544597061,-0.07080839883282723,0.07080839883282725,-0.009913602743409385,-0.02053528947514704,-3.1851227089194123
6.58,131.3815113700003,3.2027824441154746,-0.05274427842589522,-0.1642351721861729,-0.0729308414002953,0.0729308414002953,-0.010659239638783145,-0.022047787691569242,-3.284703443723458
6.59,131.58122439132006,3.1920726439244174,-0.05441411864793561,-0.16971460681871964,-0.07508223911301627,0.07508223911301627,-0.011414898646044247,-0.023580619683218656,-3.3942921363743928
6.6000000000000005,131.78091893708094,3.1810237322493164,-0.05614125423594222,-0.17569258351599454,-0.07725762604764552,0.07725762604764554,-0.012174627276061924,-0.025121830812600304,-3.513851670319891
6.61,131.98059375017436,3.1696238049646452,-0.057930637734167345,-0.1821625488445842,-0.0795146433071085,0.07951464330710852,-0.010385243777836797,-0.02156563398874468,-3.6432509768916836
6.62,132.18024749287179,3.1578606564530642,-0.05977701296611933,-0.1870960519761779,-0.08185355901833723,0.08185355901833721,-0.01108586063343113,-0.022990256857045633,-3.7419210395235583
6.63,132.37987886566128,3.1457238121738746,-0.06167506349737105,-0.19249605365649253,-0.08420525404481004,0.08420525404481004,-0.011793395651519573,-0.024428843843487244,-3.8499210731298508
6.640000000000001,132.57948649301684,3.1332025355234556,-0.06362943571597804,-0.19835884675667412,-0.08656439178705008,0.08656439178705008,-0.012501353133386739,-0.02586835018464398,-3.9671769351334825
6.65,132.77906887754264,3.120285173238855,-0.06564471339049426,-0.20467563148149906,-0.08892459862443376,0.08892459862443376,-0.013202968077529215,-0.027295182141302766,-4.0935126296299815
6.66,132.97862439189726,3.10695917386511,-0.06772536615852946,-0.21143239880194953,-0.09135819263369764,0.09135819263369764,-0.011122315309494007,-0.02315821254532499,-4.228647976038991
6.67,133.17815132195182,3.093211849506027,-0.0698646963496308,-0.21641702343787664,-0.0938435587702498,0.0938435587702498,-0.01175191131601233,-0.024442258219727158,-4.328340468757533
6.68,133.3776480204446,3.0790325940534906,-0.07205592868743835,-0.2218114620501522,-0.0963140930280525,0.0963140930280525,-0.012378746220062811,-0.025720633370406146,-4.436229241003044
6.69,133.57711276382267,3.06441071606217,-0.07430310933634293,-0.2276053541005062,-0.09876338152198753,0.09876338152198755,-0.012995504409496594,-0.026978642634213065,-4.552107082010124
6.7,133.77654369699187,3.0493347367161365,-0.07661015268876559,-0.23378272444934586,-0.1011840364052046,0.1011840364052046,-0.013594613077248963,-0.02820106651854997,-4.675654488986917
6.71,133.97593882667942,3.033792422755438,-0.0789807847355759,-0.240321886963145,-0.10366692135163454,0.10366692135163454,-0.011223981030438646,-0.023484631274393635,-4.8064377392629
6.72,134.17529607866905,3.0177716093888223,-0.08140678852980322,-0.24486373188444763,-0.10615947276524793,0.10615947276524793,-0.011742284970498009,-0.024546164668648496,-4.897274637688953
6.73,134.37461349157797,3.001262565677628,-0.08387986858528759,-0.24973603764093893,-0.10860351007390036,0.10860351007390036,-0.01224720403614919,-0.025580443173037384,-4.994720752818779
6.74,134.57388904155877,2.9842556860370304,-0.08640324253530444,-0.25492146701012,-0.110992008180984,0.110992008180984,-0.01273064419660104,-0.02657120847501192,-5.098429340202399
6.75,134.77312057763476,2.9667407523582985,-0.08897992406219528,-0.26039658734634286,-0.11331707679272982,0.11331707679272982,-0.013184301001050405,-0.027501772770028108,-5.207931746926857
6.76,134.97230581808822,2.948706981787376,-0.09161266169534826,-0.2661318211880479,-0.11569156266291293,0.11569156266291294,-0.01055156336789742,-0.02226004236242397,-5.322636423760958
6.7700000000000005,135.17144242388017,2.9301438918322913,-0.09429176802738101,-0.2696776254689526,-0.1180225754558207,0.1180225754558207,-0.010920615365129796,-0.0230214564848178,-5.3935525093790515
6.78,135.37052823494412,2.9110437544111027,-0.09700749290066209,-0.2734547583163174,-0.12026725997641195,0.12026725997641194,-0.011264755568522203,-0.023732183736808524,-5.469095166326348
6.79,135.5695610616843,2.8913991982016807,-0.09976202592015262,-0.2774385657720595,-0.12241855120878747,0.12241855120878747,-0.011575280304860686,-0.024374746121809246,-5.54877131544119
6.8,135.76853861176608,2.871202452943157,-0.10255727787615632,-0.2815979603087756,-0.12446867614051683,0.12446867614051682,-0.011843376135303285,-0.02493143903201174,-5.631959206175512
6.8100000000000005,135.9674584911659,2.8504454121817755,-0.10539481659749993,-0.28589545847889375,-0.1265542752690844,0.1265542752690844,-0.009005837413959675,-0.019277217580610195,-5.717909169577875
6.82,136.16631829427732,2.829120514233086,-0.1082636699711697,-0.28786863876379815,-0.12853466584573328,0.12853466584573328,-0.009191347102434855,-0.019668040863327043,-5.757372775275963
6.83,136.36511587988878,2.8072232054660073,-0.11115283560017948,-0.28995752385110923,-0.13038924112953282,0.1303892411295328,-0.009339933826352481,-0.01998376006400029,-5.7991504770221844
6.84,136.56384913204118,2.7847495263461126,-0.1140633098270407,-0.29213007942298674,-0.1321115750290525,0.1321115750290525,-0.009442649422586866,-0.020206414595464257,-5.842601588459734
6.8500000000000005,136.76251588027603,2.761695362242399,-0.11699573615037179,-0.29434779261451083,-0.13370721441308775,0.13370721441308778,-0.00651022309925578,-0.014357518342642437,-5.886955852290217
6.86,136.9611140006286,2.738057305507454,-0.1199384991082331,-0.29420527403584507,-0.1352985430157282,0.1352985430157282,-0.0065478397486409545,-0.014448664927439191,-5.884105480716901
6.87,137.15964171571068,2.7138350532955426,-0.12288003212158652,-0.2941016739801138,-0.13673537460597818,0.13673537460597818,-0.006545367116037426,-0.014458087978134634,-5.882033479602276
6.88,137.35809733410773,2.6890290317622196,-0.12582055814675575,-0.29400385712102906,-0.1380129314826051,0.1380129314826051,-0.0064938509464257665,-0.014367831207677585,-5.880077142420581
6.890000000000001,137.5564791657772,2.6636396626559717,-0.12875993640400069,-0.2938722330896106,-0.13912606672537464,0.13912606672537464,-0.006384521817292904,-0.014160304301839555,-5.877444661792212
6.9,137.7547855322293,2.6376674417596107,-0.13169759919540233,-0.293661029227543,-0.1401091652953425,0.1401091652953425,-0.003446859025891258,-0.008294809704735942,-5.87322058455086
6.91,137.9530148773212,2.611113755657993,-0.13462151775483838,-0.2911311159905652,-0.14101831411022644,0.14101831411022647,-0.0032849872694790394,-0.007980157680060343,-5.822622319811304
6.92,138.15116608217494,2.583983108515659,-0.13751976336538677,-0.2885266878414925,-0.1417416172613695,0.1417416172613695,-0.003071664473927732,-0.00756074512046916,-5.77053375682985
6.93,138.3492381909832,2.5562809024033037,-0.14039139014874275,-0.28580773232296813,-0.14227606035301163,0.14227606035301163,-0.00279868956217072,-0.007020139727871556,-5.716154646459363
6.94,138.5472303260547,2.528012766732943,-0.1432350234301381,-0.2829285216513262,-0.1426185122720023,0.1426185122720023,-0.002458322722451722,-0.006342830567623467,-5.658570433026524
6.95,138.74514170314075,2.499184648043579,-0.14604880498332193,-0.2798380907720079,-0.14282828346401413,0.14282828346401413,0.00035545883073209716,-0.0007173651731759471,-5.596761815440158
6.96,138.94297174341975,2.4698035393751234,-0.1488208129212,-0.27458102096552206,-0.14289642203234013,0.14289642203234013,0.0007286075503838696,2.8250880444337942e-05,-5.491620419310442
6.97,139.1407203777112,2.439879418689884,-0.15153929104053665,-0.26913276437467104,-0.14275417922761036,0.14275417922761033,0.001161500679687677,0.0008954595670992505,-5.382655287493421
6.98,139.33838777756498,2.4094232962137956,-0.15420210489320915,-0.26344895284248626,-0.1424011050909437,0.1424011050909437,0.0016606526679595057,0.0018972942850095744,-5.268979056849725
6.99,139.53597427542408,2.3784466397164543,-0.1568066548630226,-0.25748093518885556,-0.14183691187231626,0.14183691187231626,0.002231830845827315,0.0030452925729314677,-5.1496187037771115
7.0,139.7334803828977,2.3469614694402403,-0.15934983673281483,-0.25117645442009856,-0.14113517836232878,0.14113517836232878,0.004775012715619559,0.00813867364761583,-5.023529088401971
7.01,139.93090689180215,2.3149809561735775,-0.16182048087106368,-0.2429796966845546,-0.14023714805354667,0.14023714805354665,0.005350596498137571,0.009298821515739675,-4.859593933691092
7.0200000000000005,140.12825513575797,2.2825209560857544,-0.16420766676610704,-0.2344857962881718,-0.13911546579528633,0.13911546579528633,0.0059886465949477155,0.010586138531942568,-4.689715925763435
7.03,140.3255267499857,2.2495984323096354,-0.16650819985731208,-0.2256502746929848,-0.13777305537910542,0.13777305537910542,0.006693112412950869,0.012008494272110684,-4.513005493859696
7.04,140.52272360224077,2.216231005530082,-0.1687184295822679,-0.21642641753422895,-0.13621327215401577,0.13621327215401577,0.007466959815413704,0.01357178690928725,-4.328528350684579
7.05,140.71984781004198,2.1824370449876684,-0.17083423115726812,-0.20676609962051376,-0.13450671095334546,0.13450671095334546,0.009582761390413917,0.01782045567129438,-4.135321992410275
7.0600000000000005,140.91690181652405,2.14823609427228,-0.17284594820506008,-0.19561448325641162,-0.13257456164168382,0.13257456164168382,0.010323814846127932,0.019321884075839027,-3.9122896651282324
7.07,141.11388857574246,2.113649902366286,-0.17474427391574948,-0.1840890782046974,-0.13042141724277434,0.1304214172427743,0.011122595741462488,0.02094097731049723,-3.6817815640939475
7.08,141.31081136624266,2.0787013115791013,-0.17652527376474247,-0.17215068758251267,-0.12805422137794184,0.12805422137794184,0.011979889485180946,0.022679236756582476,-3.4430137516502537
7.09,141.5076737379034,2.0434139564069196,-0.17818462216945988,-0.15976029607044506,-0.12549031403009017,0.12549031403009017,0.013639237889898348,0.026023572639495795,-3.1952059214089013
7.1000000000000005,141.70447955825472,2.0078125342441084,-0.1797146531756718,-0.1462908050022222,-0.12274632904380028,0.1227463290438003,0.014425400286109195,0.02762333728178039,-2.925816100044444
7.11,141.9012331198057,1.9719234059277897,-0.18110814897980548,-0.13245447848124292,-0.1197944726184375,0.1197944726184375,0.01525810749173473,0.029318270257285083,-2.6490895696248584
7.12,142.09793900745285,1.9357738759580343,-0.18236128859344466,-0.11822089115105078,-0.11664522885215621,0.1166452288521562,0.016135996051745705,0.031105539814969847,-2.3644178230210153
7.13,142.29460205873707,1.8993920103031268,-0.18346995542289612,-0.1035613415661602,-0.1133098033376881,0.1133098033376881,0.01705660002191467,0.032980102010452456,-2.0712268313232043
7.140000000000001,142.49122736618457,1.8628066937679275,-0.18442975873209017,-0.08844969414359023,-0.10980016459491039,0.10980016459491039,0.018016403331108707,0.03493480501626831,-1.7689938828718046
7.15,142.68782027783877,1.8260476825574188,-0.1852360632341228,-0.0728631631330179,-0.10611387237082627,0.10611387237082627,0.01882266215688355,0.03658418559005884,-1.4572632626603579
7.16,142.8843863862924,1.789145601461158,-0.18588477386071994,-0.05693206764380043,-0.10225966101863464,0.10225966101863465,0.019659344176335667,0.03829609174248499,-1.1386413528760086
7.17,143.08093148757413,1.7521317884463354,-0.18637235497333057,-0.0406384687215855,-0.09825197400534615,0.09825197400534615,0.020522084534213003,0.04006164932837254,-0.8127693744317099
7.18,143.27746156534286,1.7150382826969832,-0.1866951109564162,-0.023968297024065582,-0.09410600482857985,0.09410600482857985,0.02140553673687995,0.0418700134254741,-0.47936594048131165
7.19,143.4739827817788,1.6778978546603318,-0.1868492284445853,-0.0069120566775365926,-0.08980697405820057,0.08980697405820058,0.021559654225049046,0.042221238709516086,-0.13824113355073187
7.2,143.67050142897241,1.6407438334986877,-0.18683378004837167,0.009945542013842262,-0.08537612928459294,0.08537612928459294,0.022287981259734992,0.043722201226624055,0.19891084027684525
7.21,143.867023796727,1.6036094984225615,-0.18664844823064147,0.027063758869031094,-0.08083739164888419,0.08083739164888419,0.02302626133697597,0.0452441487574631,0.5412751773806219
7.22,144.06355623342589,1.5665284940924957,-0.18629061100706995,0.044445743924872896,-0.07620839893045063,0.07620839893045063,0.023767873454395988,0.04677366291948747,0.8889148784974579
7.23,144.26010515728606,1.5295349870114692,-0.18575764186462596,0.06208927080778116,-0.07150561399575121,0.07150561399575121,0.023234904311951993,0.045754752483946476,1.2417854161556232
7.24,144.45667697485644,1.4926633330924668,-0.1850520144058277,0.07897991688376285,-0.06667456647831091,0.0666745664783109,0.023799843471720983,0.04693294127865886,1.579598337675257
7.25,144.65327786858333,1.4559470421853586,-0.18417681759979723,0.09600269978316509,-0.06179108340544242,0.061791083405442426,0.024360930277723958,0.048103949721393494,1.9200539956633018
7.26,144.8499139357613,1.4194196083467348,-0.18313075746977658,0.11315215941168077,-0.05687417637099581,0.05687417637099581,0.024910836732546824,0.04925293170138369,2.2630431882336155
7.2700000000000005,145.04659122283488,1.383114790637949,-0.18191262359282626,0.13041706433833491,-0.051943339069967176,0.051943339069967176,0.025441735742997604,0.050364038095295535,2.608341286766698
7.28,145.24331570290926,1.3470665941071218,-0.18052134823260557,0.14778012885601133,-0.046991731911074634,0.046991731911074634,0.024050460382776917,0.04763100344644309,2.9556025771202266
7.29,145.4400931611347,1.3113087441401392,-0.17896359682719845,0.16371702742377392,-0.041983087228645244,0.04198308722864524,0.024387663951094374,0.04835549702990229,3.2743405484754784
7.3,145.63692890074546,1.275873143763047,-0.17724662017894238,0.1796252729392223,-0.037004996642444915,0.03700499664244492,0.0247039509882632,0.04903785201010195,3.592505458784446
7.3100000000000005,145.83382797605768,1.2407912053720052,-0.17537078569022937,0.19548874476583838,-0.03207674935649736,0.03207674935649736,0.024991667274378765,0.04966256705519256,3.909774895316768
7.32,146.03079525655198,1.2060942802636927,-0.17333665116545946,0.2112855025383752,-0.027217848148643326,0.027217848148643323,0.025243003402757258,0.050213828324028084,4.225710050767503
7.33,146.22783540505574,1.1718136172463653,-0.17114502305108728,0.22698777763924166,-0.022386264191649807,0.022386264191649803,0.023051375288385082,0.04587888793485367,4.5397555527848334
7.34,146.42495274728782,1.1379796822664634,-0.16880654436794323,0.24066237544689464,-0.017589990663299148,0.017589990663299148,0.023111637968647236,0.04604737603066148,4.813247508937893
7.3500000000000005,146.62215093499324,1.1046202105419638,-0.16633234335477046,0.2541329238328149,-0.012908965014895152,0.012908965014895152,0.0231405817468332,0.046152073843517445,5.082658476656298
7.36,146.81943325262088,1.0717619623048222,-0.1637245669704788,0.26737820060163814,-0.008360648579820941,0.00836064857982094,0.02313133150314231,0.046179056520486414,5.3475640120327625
7.37,147.0168027084865,1.0394312821479508,-0.16098559995275843,0.2803718891743916,-0.00396240529781124,0.003962405297811239,0.023077157195303653,0.046114690337629195,5.607437783487832
7.38,147.21426202053144,1.0076540470012112,-0.1581181146774621,0.2930827947588502,0.0003680562455058776,0.0003680562455058776,0.020209671920007305,0.04042302440246967,5.8616558951770035
7.390000000000001,147.4118134881474,0.9764548803641923,-0.15513609082774754,0.30328795682041004,0.004566027740950999,0.004566027740950999,0.01998956009164371,0.04002478046069693,6.065759136408201
7.4,147.60945865211806,0.9458549213928283,-0.1520538203087136,0.3131333279666205,0.008572895029577931,0.008572895029577931,0.019737198930348084,0.03956012681099195,6.262666559332411
7.41,147.8071986465321,0.9158739119956002,-0.1488749972274636,0.322599732528517,0.012375166647208738,0.012375166647208738,0.019447240622957412,0.03901823291238691,6.45199465057034
7.42,148.0050343104337,0.8865308649091285,-0.14560352706034066,0.3316640853592255,0.015959736486002997,0.015959736486002997,0.01911468010965503,0.03838895758417009,6.633281707184509
7.43,148.20296618529636,0.85784401633175,-0.14224356398977672,0.3402997422517653,0.019447937016197587,0.019447937016197587,0.01575471703909109,0.031703913448344154,6.805994845035306
7.44,148.40099440291982,0.8298299884340763,-0.13881138358767672,0.3461169468269038,0.022718494676253993,0.022718494676253993,0.015302759526069715,0.030832703998901968,6.922338936538076
7.45,148.599118373883,0.8025014031159986,-0.13532333986239098,0.3514739409758928,0.025741385530932095,0.025741385530932095,0.014827742555495236,0.029912898966299794,7.0294788195178555
7.46,148.7973371521787,0.7758692012317729,-0.1317840857488759,0.35636059233538225,0.028508885548176356,0.028508885548176356,0.014326071003469292,0.028937230862420348,7.127211846707645
7.47,148.99564955672534,0.7499433965914256,-0.1281983889377674,0.3607640910581331,0.031016196984574095,0.0310161969845741,0.010740374192360777,0.021790910354567296,7.215281821162662
7.48,149.19405407844798,0.7247322443477665,-0.12458329240147946,0.36225026212738476,0.03341144262380483,0.03341144262380483,0.010179463816088573,0.020693042058415195,7.245005242547695
7.49,149.39254860646494,0.7002398275202899,-0.12095566295731902,0.3632722200624298,0.03553642878211062,0.03553642878211062,0.009614997742163817,0.01958535977214874,7.265444401248597
7.5,149.59113078035733,0.6764684969923246,-0.11732011612102375,0.3638352702986986,0.03738953127774414,0.03738953127774414,0.009044316311255726,0.018462527935288894,7.276705405973972
7.51,149.78979811058545,0.6534196844051373,-0.11368122548133744,0.3639425001934414,0.03896973004958886,0.03896973004958886,0.008465090025605138,0.017319877351706165,7.278850003868827
7.5200000000000005,149.98854799245,0.6310939067120345,-0.11004354333656645,0.3635950868445823,0.040298911418365946,0.04029891141836594,0.0048274078808341475,0.010057804875851955,7.271901736891646
7.53,150.18737763294354,0.6094899630333872,-0.10642372861585721,0.36037857935350454,0.04148914219214834,0.04148914219214834,0.004255541937730423,0.008925975297382328,7.207571587070091
7.54,150.38628382558997,0.5886025585330057,-0.10283800809647746,0.3567775284336979,0.04240904715508076,0.04240904715508076,0.0036999408921562366,0.00782397225586328,7.135550568673958
7.55,150.58526326239112,0.568424804205594,-0.09929012975607693,0.3528113606552421,0.04306380571664271,0.0430638057166427,0.0031586480008092277,0.006747934058784882,7.056227213104842
7.5600000000000005,150.7843126398438,0.5489490667750858,-0.09578365690852816,0.3484975885836587,0.043459071132224594,0.043459071132224594,0.002629935288712637,0.00569446128874752,6.969951771673174
7.57,150.98342867170385,0.530167003272617,-0.09232198623542519,0.3438520317529517,0.04363811672315293,0.043638116723152924,-0.0008317353843903391,-0.0012270896015491488,6.877040635059034
7.58,151.1826080305198,0.5120688144431432,-0.08892006093237102,0.3365573453062237,0.04368198685920747,0.04368198685920747,-0.0012896028071455736,-0.0021423857456990725,6.731146906124474
7.59,151.38184716759733,0.49464098226127123,-0.0855921763133076,0.32904462176981725,0.04348586835131165,0.04348586835131165,-0.0017115966972902769,-0.002988334711067437,6.580892435396345
7.6000000000000005,151.58114256815495,0.47786874142743274,-0.08234035331570205,0.3213456418901791,0.04306089461097484,0.04306089461097484,-0.0020997541803694925,-0.0037688994146292364,6.426912837803583
7.61,151.7804908343409,0.4617369349426938,-0.07916630609981058,0.3134899876925445,0.04241838117905596,0.04241838117905596,-0.002456020133769915,-0.00448785645574927,6.26979975385089
7.62,151.97988869122534,0.4462300739873065,-0.0760714634473118,0.3055051598052473,0.04161636450628776,0.041616364506287765,-0.0055508627862686935,-0.01068556192747451,6.110103196104946
7.63,152.17933293711073,0.4313316611773539,-0.07306798907555062,0.2952239862907352,0.04071125859934042,0.04071125859934042,-0.005785710247537754,-0.011164307909082103,5.904479725814705
7.640000000000001,152.3788203003965,0.4170220898175325,-0.07016725628202782,0.28495679754005643,0.0396216692061106,0.0396216692061106,-0.005969863700237707,-0.011543510708414308,5.699135950801129
7.65,152.5783476335253,0.40328101186499654,-0.06736892884254704,0.2747427383777293,0.03836295360541349,0.03836295360541348,-0.0061061894230855784,-0.011828749310117022,5.494854767554585
7.66,152.7779119705434,0.39008816750824643,-0.06467229405713718,0.26461796908286284,0.03695023845790686,0.03695023845790686,-0.00619758209830365,-0.012025661812028231,5.292359381657256
7.67,152.9775105243483,0.37742345881180506,-0.06207629241647475,0.25461570107672676,0.0354494692784514,0.0354494692784514,-0.008793583738966078,-0.017232672785147642,5.092314021534535
7.68,153.17714064209943,0.3652663430203489,-0.05958966480617817,0.2427493767420747,0.033898330097549084,0.03389833009754909,-0.008733578941265412,-0.01712817458155533,4.854987534841494
7.69,153.3767996907955,0.3535939160922902,-0.05722031406805857,0.2311594054332129,0.03223413472173698,0.03223413472173698,-0.00861644220399277,-0.016910543060768172,4.623188108664258
7.7,153.57648519610694,0.3423831173740809,-0.05496527935811447,0.21988511878901756,0.03047413520736855,0.03047413520736855,-0.008446372352544258,-0.01658800335301483,4.3977023757803515
7.71,153.776194877915,0.33161150377315995,-0.052821226764169324,0.20896181225992147,0.028634887277007446,0.028634887277007446,-0.00822766202308172,-0.016168975173393368,4.179236245198429
7.72,153.97592664072897,0.3212573216761824,-0.0507844896534035,0.1984207479690326,0.026783951000230174,0.026783951000230174,-0.010264399133847543,-0.020260958757692783,3.9684149593806524
7.73,154.17567853360111,0.31129896131960344,-0.048860245751543,0.18646787666223394,0.024944852212740353,0.024944852212740357,-0.009888919384926448,-0.019528390247725493,3.729357533244679
7.74,154.3754486585159,0.3017132274722718,-0.04705288778608023,0.17504180463221838,0.02306842685943295,0.02306842685943295,-0.009460047684370039,-0.01868941110014575,3.500836092644368
7.75,154.57523526655356,0.2924773380632059,-0.045356988685170595,0.16417424199034097,0.021171295291772134,0.021171295291772134,-0.008983440902619787,-0.017755168852321854,3.2834848398068193
7.76,154.7750367783042,0.2835696186197923,-0.04376682957301693,0.15389185622510507,0.019268944604345764,0.019268944604345768,-0.008464840515373523,-0.016736991584703587,3.0778371245021012
7.7700000000000005,154.97485177154115,0.2749695566004299,-0.04227645005387138,0.14421630055293208,0.017425352182147795,0.0174253521821478,-0.009955220034519076,-0.019736186547216674,2.8843260110586417
7.78,155.1746789469006,0.2666573034656488,-0.040887823554604255,0.13354457293551134,0.015653048179935406,0.015653048179935406,-0.009298666122911067,-0.018440801764022782,2.670891458710227
7.79,155.37451705526,0.25861212282129853,-0.03960228065353398,0.12359716642776183,0.013911565509371183,0.013911565509371185,-0.008602267307488106,-0.017065418959882502,2.471943328555237
7.8,155.57436496496376,0.25081415755035646,-0.03841249115647366,0.11439141984968834,0.012214607355609149,0.012214607355609147,-0.007872856494592344,-0.015623566915628596,2.287828396993767
7.8100000000000005,155.77422167419022,0.24324502763388597,-0.037310980081496685,0.10593897093348253,0.010574413913290094,0.010574413913290096,-0.007117270036180304,-0.014128795933227706,2.118779418669651
7.82,155.97408629967296,0.23588785405903703,-0.036290184146244915,0.09824586068968803,0.009047612980418458,0.009047612980418458,-0.008138065971432074,-0.016185655813059963,1.9649172137937607
7.83,156.17395804926397,0.22872679534621373,-0.03534964153758843,0.08989051314715121,0.007637842522902944,0.007637842522902944,-0.0072828486987661575,-0.014489318972303286,1.7978102629430244
7.84,156.3738361652263,0.22174565766713092,-0.03448845224303751,0.08237240696912818,0.006309446295301895,0.006309446295301894,-0.006408738252093045,-0.01275438204123307,1.6474481393825635
7.8500000000000005,156.57371997357674,0.21492942154866446,-0.033698250329627186,0.07569025032581396,0.005071552065895001,0.005071552065895002,-0.005523124006897147,-0.010995532493135344,1.5138050065162791
7.86,156.77360889320056,0.20826473514590815,-0.032970711834457454,0.06983696033822046,0.0039316609751846214,0.003931660975184621,-0.004633266885924005,-0.009227217162096164,1.396739206764409
7.87,156.97350242741385,0.20173990045831308,-0.03229761162183524,0.06479987304813763,0.002936862154462755,0.002936862154462755,-0.005306367098546218,-0.010583365575547808,1.2959974609627525
7.88,157.17340014308763,0.19534443465948828,-0.03167707621991069,0.0593254560140695,0.002083447941056081,0.002083447941056081,-0.004366789682988038,-0.008712744886565515,1.18650912028139
7.890000000000001,157.37330162658083,0.18906782629758784,-0.03110702475350985,0.05470025512664137,0.0013379485192895157,0.0013379485192895157,-0.003432809681595657,-0.006852239877998418,1.0940051025328272
7.9,157.57320652195605,0.18290082744381042,-0.030579069516627158,0.05090344870167668,0.0007041437873411021,0.0007041437873411021,-0.002511559874398814,-0.005016078310924216,1.0180689740335336
7.91,157.77311453870396,0.1768358438703596,-0.03008505721850919,0.047908992781071094,0.00018421717108257747,0.00018421717108257747,-0.00160989462288362,-0.0032179470740564143,0.9581798556214218
7.92,157.97302544580637,0.17086688322310573,-0.029617119613061647,0.045685938740553475,-0.00018492582268696264,0.00018492582268696262,-0.002077832228331161,-0.004157513714889192,0.9137187748110696
7.930000000000001,158.17293905575514,0.16498913710215,-0.029173058385605268,0.043134810799684925,-0.00041289251138868947,0.00041289251138868947,-0.001178409208080225,-0.002360947341274337,0.8626962159936985
7.94,158.372855189763,0.15919787053761844,-0.02875068571871172,0.041345686529388116,-0.0005322540867509836,0.0005322540867509837,-0.00030812950428840344,-0.0006215815494443167,0.8269137305877623
7.95,158.57277370797607,0.15348949772433845,-0.02834257091288239,0.04028082429795173,-0.000544380804038032,0.000544380804038032,0.0005269574915060249,0.0010484711749716694,0.8056164859590347
7.96,158.77269451573207,0.14786187918279675,-0.027941681000086867,0.03989843294234935,-0.0004520238798917044,0.0004520238798917044,0.0013212133046047426,0.0026379063704105683,0.797968658846987
7.97,158.9726175587955,0.14231423840165688,-0.02754141923148079,0.0401530719533014,-0.00022776500304313494,0.00022776500304313494,0.0009209515359986653,0.0018396254219668993,0.803061439066028
7.98,159.1725428103662,0.13684676660342046,-0.027140222339125348,0.040086528337377324,0.00011452610565365552,0.00011452610565365552,0.0016682458949306771,0.003337637050917891,0.8017305667475465
7.99,159.37247024293674,0.13145963721897647,-0.02673670812307123,0.040614554725636215,0.0005430808676258437,0.0005430808676258438,0.0023679716743578716,0.004741374157392002,0.8122910945127243
8.0,159.57239985181621,0.12615389233633542,-0.026325177244215178,0.04168804263088087,0.0010524476863564124,0.0010524476863564124,0.003015829435753112,0.0060421833483697875,0.8337608526176175
8.01,159.7723316595055,0.12093166362930503,-0.02590043376203687,0.04325542900587212,0.0016361530313286615,0.0016361530313286615,0.003608015405925008,0.007232392342163303,0.8651085801174424
8.02,159.97226571118068,0.11579606945108328,-0.02545780748716492,0.045263133392993475,0.0023138268115316532,0.0023138268115316537,0.003165389131053055,0.006353916530221426,0.9052626678598695
8.03,160.1722020636625,0.11075084908533833,-0.024997048904261333,0.046883182839274826,0.0030692449409135967,0.0030692449409135967,0.0036804813192414586,0.0073916550878920535,0.9376636567854966
8.040000000000001,160.37214076266503,0.10579949808662001,-0.024518189047422867,0.04888212516075518,0.00387222688294422,0.0038722268829442202,0.004137758925714895,0.008314240120259234,0.9776425032151036
8.05,160.5720818607394,0.10094599773083293,-0.02401770540520012,0.05120685392441331,0.0047149254856714996,0.0047149254856714996,0.004535046629786487,0.00911724251442969,1.0241370784882662
8.06,160.77202542006282,0.09619498039033486,-0.023492610054523834,0.05380356022883254,0.005588908384360323,0.005588908384360324,0.004870682858767791,0.009797254801379185,1.076071204576651
8.07,160.97197150831514,0.09155162211543816,-0.022940454585874393,0.05661815121208525,0.006508295273939623,0.0065082952739396235,0.00431852739011835,0.008702137732976097,1.132363024241705
8.08,161.17192018976058,0.08702131582909588,-0.02236260850506243,0.05894331414365169,0.0074565692680814005,0.0074565692680814005,0.0045656763366335494,0.009205918365947913,1.1788662828730339
8.09,161.3718715078534,0.08260892585527793,-0.021760740891093668,0.061421946262093255,0.008406401756169865,0.008406401756169865,0.004754345313398099,0.009592754644357897,1.228438925241865
8.1,161.57182549907057,0.07831939383391806,-0.02113356463446417,0.06400469560657733,0.009349501220478756,0.009349501220478756,0.004884498571373318,0.009862492154951424,1.2800939121315467
8.11,161.77178219512163,0.07415786988816632,-0.020480281549597003,0.06664312629882348,0.010277429163509488,0.01027742916350949,0.004956561153166221,0.010015896597967536,1.3328625259764695
8.120000000000001,161.9717416200798,0.07012961589885533,-0.019800571476997028,0.06929006479281116,0.011201208255810596,0.011201208255810596,0.004276851080566246,0.008665714243690599,1.3858012958562234
8.13,162.17170378429168,0.06623972706259248,-0.019097337409793486,0.07134988235588025,0.012105994924355296,0.012105994924355296,0.004268172806010248,0.008657405561264049,1.426997647117605
8.14,162.3716686726458,0.06249250407975507,-0.018373726289506242,0.07336562233981131,0.012968636581563598,0.012968636581563596,0.004209491433834913,0.008548669233485462,1.4673124467962262
8.15,162.57163625573673,0.05889196650739351,-0.0176303740363575,0.07529838552690794,0.013782237446500019,0.013782237446500019,0.004102575888970041,0.008342974152405081,1.5059677105381588
8.16,162.7716064924692,0.05544196864545449,-0.01686829480686434,0.07711141672888358,0.014540122682916014,0.014540122682916014,0.003949542017015086,0.008044485260859331,1.5422283345776715
8.17,162.97157932911674,0.052146126104068886,-0.016088858383658058,0.07877033798681467,0.015252362416792264,0.015252362416792262,0.003170105593808802,0.006492734811785527,1.5754067597362933
8.18,163.17155469638004,0.04900759253715915,-0.015296080453922677,0.07978187605205807,0.015907367318710203,0.015907367318710206,0.0029600517237932766,0.006079177120773656,1.5956375210411613
8.19,163.3715325029913,0.04602854585682773,-0.01449410925520446,0.08060960450293105,0.016487180647028334,0.01648718064702833,0.002715521535818855,0.005595914878107993,1.6121920900586209
8.2,163.57151264498924,0.043210634609725414,-0.013684903108968973,0.08122955816170323,0.01698770191948197,0.016987701919481974,0.002439479764217949,0.005048836547630718,1.6245911632340646
8.21,163.7714950089288,0.04055509264283111,-0.012870645909030674,0.08162057838087923,0.01740529469808713,0.017405294698087135,0.002135084968685929,0.004444222884352729,1.6324115676175845
8.22,163.9714794726715,0.03806269680885447,-0.012053718555664554,0.08176441282788804,0.017750642748491256,0.017750642748491256,0.0013181576153198094,0.002813821658124531,1.6352882565577609
8.23,164.17146590495796,0.035733601152208534,-0.01123860631832572,0.08125971701646016,0.018016365675444575,0.018016365675444575,0.0009905489267608494,0.0021612615102761445,1.6251943403292033
8.24,164.37145416299904,0.03356692975211647,-0.010429787367299312,0.08050658371851778,0.01819016014974597,0.01819016014974597,0.0006477865217382438,0.0014774746449739472,1.6101316743703555
8.25,164.571444099777,0.03156117452394965,-0.009629783437659144,0.079497565717227,0.01827145575052996,0.01827145575052996,0.00029327309785687726,0.0007692607532190541,1.58995131434454
8.26,164.77143556719983,0.02971431642000336,-0.00884117648769291,0.07822805611858215,0.018260236109542163,0.018260236109542163,-6.955887191568803e-05,4.348461726404556e-05,1.564561122371643
8.27,164.97142841759396,0.02802381620726112,-0.00806658044850313,0.07669625788710821,0.018168609428343384,0.01816860942834338,-0.0008441549111054669,-0.0015066237279274999,1.5339251577421642
8.28,165.17142250440787,0.026486502920177436,-0.007310229879817442,0.07458090725856584,0.017993605548459045,0.01799360554845904,-0.0011936254547904044,-0.0022073148540962184,1.4916181451713166
8.290000000000001,165.3714176818229,0.025098261473436495,-0.006576214771953507,0.07222995110119934,0.01772835037899379,0.01772835037899379,-0.0015388643111933532,-0.0029004451185967684,1.4445990220239868
8.3,165.57141380956622,0.02385439259751522,-0.005866852754516038,0.06965104901888572,0.01737578926908936,0.017375789269089364,-0.001876791458387205,-0.0035798250240835165,1.3930209803777145
8.31,165.77141075502627,0.022749741791561032,-0.005184373325069415,0.0668541601503591,0.01693936005879481,0.01693936005879481,-0.0022044431600694823,-0.004239492719551017,1.337083203007182
8.32,165.97140839423977,0.021778719213580496,-0.00453089553449033,0.06385140748138056,0.01643262372311004,0.016432623723110044,-0.002857920950648567,-0.005551515664066034,1.2770281496276112
8.33,166.17140661234603,0.0209352339794822,-0.003909753626878034,0.060388517400529605,0.015856483875554276,0.015856483875554276,-0.003140135522457771,-0.00612170620616,1.2077703480105921
8.34,166.37140530347708,0.020212460631584134,-0.0033240294446729123,0.05676838655365542,0.015208616872590246,0.015208616872590246,-0.0034021528096059026,-0.006652219450485903,1.1353677310731083
8.35,166.5714043728593,0.019603164987940347,-0.002775200947551583,0.053009841779218456,0.014494782557164711,0.014494782557164713,-0.003641840993486523,-0.007138734161401399,1.0601968355843692
8.36,166.7714037373336,0.01909983647298165,-0.0022645511118585455,0.04913304844327188,0.013721049150713848,0.013721049150713847,-0.003857288610877438,-0.007577366730247738,0.9826609688654376
8.370000000000001,166.97140332519731,0.018694728399955774,-0.0017931555477431569,0.04515931062294154,0.012901791858706865,0.012901791858706865,-0.004328684174992827,-0.008528350431398586,0.9031862124588308
8.38,167.17140307574286,0.018379825748996173,-0.001362991974980405,0.040887643304856676,0.012040663997501866,0.012040663997501866,-0.0044769797804735025,-0.008833552920971986,0.8177528660971335
8.39,167.37140293858818,0.0181466719121919,-0.0009757270981654654,0.03657969238283808,0.011138515744396081,0.01113851574439608,-0.004595131005990705,-0.009078876854537449,0.7315938476567616
8.4,167.571402873588,0.017986659093185742,-0.0006316011863222327,0.03225988981733671,0.010202719657065184,0.010202719657065184,-0.004682340820735543,-0.009262654444900435,0.6451977963467342
8.41,167.77140285002793,0.017891155913640558,-0.00033060930241119157,0.027952844271554533,0.009240699156711513,0.009240699156711513,-0.004738079839081046,-0.009383752686594977,0.5590568854310907
8.42,167.97140284554962,0.017851556566077627,-7.250061632365441e-05,0.02368312582474155,0.008266564530744504,0.008266564530744504,-0.0049961885251685835,-0.009909711405029721,0.473662516494831
8.43,168.17140284501352,0.017859267782174476,0.00014229008517599386,0.019289659859730447,0.007285254633768672,0.007285254633768671,-0.004976876979063124,-0.00988090141178856,0.3857931971946089
8.44,168.37140283940477,0.017905576637601478,0.000313639797063515,0.014994599871240065,0.006299166316134014,0.006299166316134013,-0.004924783433300908,-0.009786575203440475,0.2998919974248013
8.45,168.5714028246998,0.01798190137848989,0.0004426529670308553,0.010821943449929278,0.005315849303076061,0.00531584930307606,-0.004840540978060914,-0.009627923463091067,0.21643886899858555
8.46,168.7714028006212,0.018079904821320388,0.0005306692692660824,0.0067947414602217955,0.00434263187572094,0.00434263187572094,-0.004725037495665641,-0.009406648672574073,0.1358948292044359
8.47,168.97140276944313,0.018191540390315883,0.0005792532144280209,0.00293491410086837,0.003392126233879609,0.0033921262338796085,-0.004773621440827579,-0.009513321619316362,0.0586982820173674
8.48,169.17140273492222,0.018309044371608938,0.0005894103776811551,-0.0008907288733643621,0.002469043777834921,0.002469043777834921,-0.004589561740670117,-0.009154433043561885,-0.01781457746728724
8.49,169.37140270140023,0.01842482713218441,0.0005624041537092837,-0.004498489642845296,0.0015757346444425875,0.0015757346444425875,-0.004377226847466984,-0.008738696348489543,-0.08996979285690591
8.5,169.57140267282293,0.018531679974448042,0.0005005046629215647,-0.007870169200665602,0.0007185472402148845,0.0007185472402148845,-0.00413848968074972,-0.008269793889097292,-0.15740338401331205
8.51,169.7714026519603,0.018622865814104727,0.0004061548921101419,-0.010989387214681602,-9.662214951935428e-05,9.662214951935428e-05,-0.0038754129012984855,-0.007751792024092164,-0.21978774429363204
8.52,169.9714026398293,0.01869215189574159,0.0002819519254506132,-0.013841698090999345,-0.0008597579821171744,0.0008597579821171744,-0.003751209934638956,-0.007511017449099084,-0.2768339618199869
8.53,170.17140263530038,0.018733795937349054,0.00012998754395661602,-0.01654217630765092,-0.001567660202106006,0.001567660202106006,-0.003438265124956468,-0.006892206851933996,-0.33084352615301843
8.540000000000001,170.37140263485017,0.018742446633479647,-4.748395155907412e-05,-0.01894411605739357,-0.002219320869712288,0.002219320869712288,-0.003107211314479459,-0.006236615837656041,-0.3788823211478714
8.55,170.57140263239327,0.018713303998864814,-0.0002474337593627832,-0.021038862776848515,-0.0028106558546467327,0.0028106558546467327,-0.0027607438543302745,-0.005549594267207017,-0.4207772555369703
8.56,170.77140261934613,0.018642181697474655,-0.0004667580205496897,-0.02282005196135746,-0.0033381783227087675,0.0033381783227087675,-0.0024016475832735625,-0.004836676949774213,-0.4564010392271492
8.57,170.97140258485857,0.018525519755492107,-0.0007023008595869392,-0.024283637063192604,-0.0037951970958151273,0.0037951970958151277,-0.002166104744236313,-0.004370161459430777,-0.48567274126385207
8.58,171.1714025161447,0.018360357272417326,-0.0009514073201019589,-0.02553348872593484,-0.004180863546517007,0.004180863546517007,-0.0017836667575949232,-0.0036091421506550163,-0.5106697745186968
8.59,171.37140239880708,0.018144232921626306,-0.001211376198718341,-0.02645720782896405,-0.00449631498381589,0.00449631498381589,-0.0013965149873459096,-0.0028379931245299784,-0.529144156579281
8.6,171.5714022173974,0.017875299548291486,-0.0014789584417132136,-0.02705724059278627,-0.004740299095086014,0.004740299095086014,-0.0010076194127450456,-0.0020626418164409513,-0.5411448118557254
8.61,171.77140195605043,0.01755235659656843,-0.0017509409908028355,-0.02733833222118339,-0.004912196490875367,0.004912196490875368,-0.0006199262748061637,-0.0012889745145210811,-0.5467666444236678
8.620000000000001,171.97140159913226,0.017174840631858295,-0.00202416946285345,-0.027307465082890676,-0.005008853749870257,0.005008853749870256,-0.0003466978027555491,-0.0007434841430098007,-0.5461493016578135
8.63,172.17140113182947,0.01674278211555082,-0.0022960085858556227,-0.027061180494090245,-0.0050320532594640465,0.005032053259464046,3.550422694416312e-05,2.068792129368577e-05,-0.5412236098818048
8.64,172.37140054054566,0.016256701948302026,-0.00256389112194734,-0.026517140253389335,-0.004985296112223623,0.004985296112223623,0.0004086457751969418,0.0007674385892716474,-0.5303428050677867
8.65,172.57139981362815,0.01571768494826478,-0.0028249037043323313,-0.0256881396529107,-0.004870160855507216,0.004870160855507216,0.0007700464568381558,0.0014913913051212394,-0.513762793058214
8.66,172.77139894196492,0.015127385182260157,-0.003076270329876517,-0.024588849879773843,-0.00468878387121622,0.004688783871216221,0.0011171528949855342,0.0021874179512589064,-0.4917769975954769
8.67,172.97139791944133,0.014487996660558364,-0.003315370438132329,-0.023235682482758677,-0.00444121780963583,0.0044412178096358305,0.001356253003241346,0.0026680938283863338,-0.46471364965517353
8.68,173.1713967432113,0.01380219633298827,-0.0035401183167690325,-0.021718949194130758,-0.00413159117678267,0.00413159117678267,0.0016723051131858476,0.0033032943146038686,-0.43437898388261514
8.69,173.37139541366318,0.013073037643153625,-0.0037485875557692542,-0.019980692990288797,-0.0037654241567629436,0.0037654241567629436,0.0019678462053235833,0.003898038169079537,-0.3996138598057759
8.700000000000001,173.57139393477425,0.012303991013672829,-0.003938665307867709,-0.01804132221845983,-0.0033465965757975653,0.003346596575797565,0.002240957536487898,0.00444844910721782,-0.3608264443691966
8.71,173.77139231421316,0.011498928639974268,-0.004108448483117916,-0.015922376225072324,-0.0028793805196572404,0.0028793805196572404,0.0024899214098918244,0.004951049014587076,-0.3184475245014465
8.72,173.97139056323965,0.010662081467404265,-0.004256254155476778,-0.013646345274519812,-0.0023662368825190026,0.002366236882519002,0.0026377270822506866,0.005251791795676183,-0.2729269054903962
8.73,174.1713886963973,0.009797974238474937,-0.004380928115950024,-0.011296280635302892,-0.0018128925564572574,0.0018128925564572572,0.002837905915519065,0.005657682905473557,-0.22592561270605785
8.74,174.37138673091638,0.008911320757340701,-0.0044815284802212745,-0.008832006744571018,-0.0012261019223309528,0.0012261019223309528,0.0030105044041656022,0.006008747789107895,-0.17664013489142036
8.75,174.57138468655674,0.008007041882014005,-0.004557033426032787,-0.006277497737304887,-0.0006111250226739203,0.0006111250226739203,0.0031546621692721943,0.006303213088317649,-0.12554995474609776
8.76,174.77138258520435,0.0070902387770314405,-0.0046066620141559395,-0.003656955325731575,2.660571131060222e-05,2.6605711310602217e-05,0.0032697524128014023,0.006539770882715911,-0.0731391065146315
8.77,174.9713804503122,0.006166144574382031,-0.004629875516855993,-0.0009946199672451576,0.0006833201016665891,0.000683320101666589,0.003292965915501456,0.0065927650320195775,-0.019892399344903153
8.78,175.17137830621527,0.0052400593982284,-0.004626624848248351,0.0016359847083473335,0.0013527226259177178,0.0013527226259177178,0.003352132895745012,0.006717793017749201,0.03271969416694667
8.790000000000001,175.37137617727154,0.004317254062835718,-0.00459708105111772,0.004264014321186171,0.0020278553557546626,0.002027855355754663,0.00338210321992152,0.006784484993400586,0.08528028642372343
8.8,175.57137408747678,0.0034029768418285694,-0.004541385518389256,0.006866417253089421,0.0027031892195734154,0.0027031892195734154,0.0033831523748155297,0.006793336641826794,0.13732834506178843
8.81,175.77137205992582,0.0025024249008696407,-0.004459906884509356,0.009420794642060281,0.0033732528328590645,0.003373252832859064,0.003355776984812788,0.006745286497954167,0.18841589284120563
8.82,175.9713701162218,0.001620699558661197,-0.0043532336828974805,0.011905562838018139,0.004034153848640866,0.0040341538486408654,0.0032491037832009127,0.006538549104888234,0.23811125676036277
8.83,176.17136827587413,0.000762749490831011,-0.004222370359986103,0.014259255834150622,0.004680119609214773,0.004680119609214772,0.0031698244161161883,0.006386450028324524,0.28518511668301244
8.84,176.37136655566013,-6.671026405653097e-05,-0.004068506095435372,0.016506107316378915,0.0053050407951880105,0.00530504079518801,0.0030651413993110456,0.0061833332065739715,0.3301221463275783
8.85,176.57136496943642,-0.0008631924377781364,-0.0038928000497594306,0.018628028507656567,0.005904197815356383,0.005904197815356384,0.002936325145293775,0.005931692268741113,0.3725605701531314
8.86,176.7713635278948,-0.0016224592222948628,-0.0036965855201880077,0.020608276356010116,0.0064731259961193,0.0064731259961193,0.002784815112685117,0.005634361485331427,0.4121655271202023
8.870000000000001,176.97136223834787,-0.002340555715292454,-0.0034813559403318655,0.022431561790430755,0.007008869310166947,0.007008869310166947,0.0025695855328289746,0.0052092597587596184,0.4486312358086151
8.88,177.17136110457523,-0.003013851769179205,-0.0032489191889992323,0.02405039219126929,0.007507115845390091,0.007507115845390091,0.002379769281915583,0.004834609722285066,0.48100784382538575
8.89,177.3713601267156,-0.003639102337419745,-0.0030011992725899306,0.02548879624736467,0.007963468589221903,0.007963468589221903,0.0021726825220097093,0.004424999729911638,0.5097759249472934
8.9,177.57135930150147,-0.004213434630407145,-0.0027400519877094423,0.026736501569568312,0.008374862619631858,0.00837486261963186,0.001950273265273868,0.003984295156744055,0.5347300313913662
8.91,177.77135862248136,-0.00473435670474559,-0.002467427154960272,0.027784969966767558,0.00873861838153874,0.00873861838153874,0.0017145793103061787,0.003516544804427745,0.5556993993353512
8.92,177.97135808028315,-0.005199774522851054,-0.0021853510848114177,0.028627435748240917,0.009053466921234673,0.009053466921234673,0.0014325032401573245,0.0029555411495269957,0.5725487149648183
8.93,178.17135766293492,-0.005608014812683432,-0.0018960486092516556,0.029231047256932166,0.009317171199733302,0.009317171199733302,0.0011784084233811781,0.0024499885587596893,0.5846209451386433
8.94,178.3713573562301,-0.005957862175066969,-0.0016017743775440466,0.029622494217020803,0.009527564192214798,0.009527564192214798,0.0009176986988773172,0.0019306730396767824,0.592449884340416
8.950000000000001,178.57135714426792,-0.006248534812881767,-0.0013046563027239695,0.02980052728325148,0.009683705256356583,0.009683705256356583,0.0006525783578981883,0.0014019937683599425,0.5960105456650296
8.96,178.7713570099617,-0.006479677172825023,-0.001006825927183962,0.029765664039515433,0.009785083735536295,0.009785083735536297,0.00038525179898767244,0.0008683544353307078,0.5953132807903087
8.97,178.97135693554287,-0.006651358916392211,-0.0007104009199338,0.029520155799147386,0.009832450674560976,0.009832450674560978,8.882679173751037e-05,0.0002759780902206305,0.5904031159829477
8.98,179.1713569030642,-0.006764078142149599,-0.00041758350094778923,0.029044912197263614,0.009825838210203875,0.009825838210203877,-0.00017491123391165256,-0.00025156408572126637,0.5808982439452723
8.99,179.37135689489773,-0.006818775968024751,-0.00013051939449103332,0.028370158350061597,0.00976540141382937,0.00976540141382937,-0.0004342540858286345,-0.0007708541575189753,0.567403167001232
9.0,179.57135689423748,-0.006816800143947509,0.0001488325103963947,0.02750311287727916,0.009652356742670901,0.009652356742670901,-0.0006871796538227737,-0.0012778357402188384,0.5500622575455831
9.01,179.77135688553176,-0.006759882493454994,0.0004185928527533772,0.02645245789647767,0.009488307823977691,0.00948830782397769,-0.0009317482794833325,-0.001768613480726888,0.5290491579295533
9.02,179.97135685485645,-0.006650121574848348,0.0006769759693696293,0.025228246270954425,0.00927591585472212,0.009275915854722119,-0.0011901313960995846,-0.002287503633651948,0.5045649254190885
9.03,180.17135679023278,-0.0064899689750690425,0.0009222076824696686,0.023822781391293586,0.009017247402768668,0.009017247402768666,-0.00141134850551635,-0.002732524537005013,0.4764556278258717
9.040000000000001,180.3713566818962,-0.006282225234372171,0.0011526402231066804,0.022268906495217386,0.008714453812637201,0.008714453812637201,-0.0016188887110370734,-0.003150632883947775,0.4453781299043477
9.05,180.5713565224618,-0.006029994051643287,0.001366857701745668,0.020580218384360326,0.008370530289221256,0.008370530289221254,-0.0018112838195976078,-0.003538862336303003,0.41160436768720654
9.06,180.77135630700943,-0.005736648403080525,0.001563584739530082,0.01877121937427033,0.007988743876869707,0.007988743876869707,-0.001987208573315836,-0.003894529707862975,0.3754243874854066
9.07,180.97135603309522,-0.0054058015771613005,0.0017416948709226047,0.016857187228340127,0.007573172432450414,0.007573172432450414,-0.002165318704708359,-0.004254905685092214,0.3371437445668025
9.08,181.17135570069863,-0.005041281921441224,0.0019001388434626014,0.014838337009223285,0.00712732618783629,0.007127326187836289,-0.002303932913495987,-0.004536592565113611,0.2967667401844657
9.09,181.37135531212286,-0.004647116353469644,0.0020380352229485955,0.012747907224205893,0.0066546959780330005,0.0066546959780330005,-0.002422926690971495,-0.00477930642216266,0.25495814448411785
9.1,181.57135487177214,-0.004227480325563901,0.002154752753200899,0.010602749594836262,0.0061593676223347625,0.0061593676223347625,-0.002521625528087691,-0.004981657379952035,0.21205499189672522
9.11,181.77135438588604,-0.003786658613874157,0.002249829782575011,0.008419932584107268,0.005645538383538723,0.005645538383538723,-0.0025995265291843977,-0.005142597674533408,0.16839865168214535
9.120000000000001,181.97135386223724,-0.0033290112277662583,0.002322975730159712,0.006216601619124181,0.005117951860635029,0.005117951860635029,-0.0026726724767690982,-0.005294165434931846,0.12433203238248362
9.13,182.17135330980489,-0.002858943509023566,0.002374006114926354,0.003996874675618203,0.004580750556494688,0.004580750556494687,-0.0027073301704703683,-0.00536885283537579,0.07993749351236407
9.14,182.37135273844572,-0.0023808846470257704,0.002402911346585373,0.0017915230781498947,0.004037921056639175,0.004037921056639175,-0.002720628548701957,-0.005400877886837522,0.03583046156299789
9.15,182.57135215848922,-0.0018992397204240779,0.002409918509308989,-0.00038284240203230024,0.00349379440519544,0.0034937944051954403,-0.00271275893983105,-0.005390579935610145,-0.007656848040646005
9.16,182.77135158035335,-0.001418351935082988,0.002395418470732669,-0.0025100742991236713,0.002952641526318218,0.0029526415263182184,-0.002684078118989543,-0.005338629822715903,-0.050201485982473426
9.17,182.97135101418334,-0.0009424703723670256,0.0023599606363322767,-0.004574610559409203,0.0024190282180093265,0.002419028218009327,-0.0026486202845891504,-0.005273050286998208,-0.09149221118818406
9.18,183.1713504695222,-0.00047572249248864214,0.0023041928125289335,-0.006572295026601755,0.0018968647887876342,0.0018968647887876342,-0.002579335161827358,-0.005139701675766839,-0.13144590053203511
9.19,183.37134995502882,-2.209488492788597e-05,0.002228911515500575,-0.00847761310285173,0.0013897724465898812,0.0013897724465898812,-0.002491169056286176,-0.004968440388106453,-0.1695522620570346
9.200000000000001,183.5713494781842,0.0004146065463060773,0.002135106556165238,-0.010277379339423949,0.0009014959555915162,0.0009014959555915161,-0.0023850822292116694,-0.004761149498867423,-0.20554758678847898
9.21,183.7713490450655,0.0008307867050798739,0.002023894548962265,-0.01195941512456493,0.0004355707206639865,0.0004355707206639865,-0.0022621631217641844,-0.004519970536321729,-0.2391883024912986
9.22,183.9713486601835,0.001223085629285053,0.0018965084300201808,-0.013512631101209415,-4.381814809612169e-06,4.381814809612169e-06,-0.0021347770028221002,-0.0042695978237922965,-0.2702526220241883
9.23,184.1713483263821,0.0015883976812211594,0.0017542418664231248,-0.014935937103532184,-0.00041543538287612953,0.00041543538287612953,-0.001981351245874364,-0.0039668568455774895,-0.2987187420706437
9.24,184.37134804480394,0.0019238827651085915,0.001598485094869544,-0.016211166298655984,-0.0007950515050711575,0.0007950515050711576,-0.0018149575791096858,-0.0036378656732700835,-0.3242233259731197
9.25,184.5713478148791,0.0022269934119496793,0.0014307563261106006,-0.0173308550304461,-0.0011407331976264823,0.0011407331976264826,-0.001637089798354004,-0.0032855869286842728,-0.346617100608922
9.26,184.77134763438474,0.0024954928146062928,0.00125264178010457,-0.01828886070990772,-0.0014502929421117588,0.0014502929421117586,-0.0014493108470894724,-0.0029131246236000627,-0.3657772141981544
9.27,184.9713474995635,0.002727467099143322,0.0010657823256716896,-0.01908039165048196,-0.0017216010087908026,0.0017216010087908026,-0.001262451392656592,-0.002542118795401092,-0.3816078330096392
9.28,185.17134740529053,0.002921332454135377,0.0008718232795240111,-0.019709321076347017,-0.001953221707589973,0.001953221707589973,-0.0010592803571478516,-0.002138092931371603,-0.39418642152694033
9.290000000000001,185.37134734528178,0.0030758348581751064,0.0006724401065219765,-0.020165791902891722,-0.0021441499982369832,0.0021441499982369832,-0.0008511164550627678,-0.0017236744101079054,-0.40331583805783444
9.3,185.5713473123184,0.003190062173451518,0.0004693609086350155,-0.020449103271160948,-0.002293515427534947,0.002293515427534947,-0.0006396676199073129,-0.0013022703940899752,-0.40898206542321897
9.31,185.77134729850428,0.003263448127978165,0.0002643139576777383,-0.02055991752688237,-0.0024007924200237503,0.0024007924200237503,-0.0004266428963077679,-0.0008772937168157733,-0.4111983505376474
9.32,185.9713472955411,0.0032957709949425038,5.9014187412659205e-05,-0.020500235473078516,-0.00246558107366464,0.00246558107366464,-0.00022134312604268883,-0.00046734206282202404,-0.4100047094615703
9.33,186.17134729500873,0.0032871475811511418,-0.00014488022631462154,-0.02027938347075276,-0.0024881204849111576,0.002488120484911158,-9.844474638603007e-06,-4.4570154126317586e-05,-0.4055876694150552
9.34,186.37134728863884,0.003238020759930556,-0.0003457481236769798,-0.01989547573767857,-0.0024690590594789283,0.0024690590594789283,0.00019827159930614686,0.00037185260801750444,-0.3979095147535714
9.35,186.57134726857592,0.003149156968292257,-0.0005419877588407976,-0.019354255424143936,-0.0024091976508983388,0.002409197650898339,0.00040142000784357766,0.0007787480391781719,-0.3870851084828787
9.36,186.7713472276213,0.0030216368670662073,-0.00073206056117488,-0.01866261060380451,-0.0023096505205368874,0.002309650520536887,0.0005980780602323663,0.0011730596152593638,-0.37325221207609016
9.370000000000001,186.9713471594501,0.0028568415843294483,-0.0009145022290446501,-0.01782850342196115,-0.0021716517302538536,0.002171651730253853,0.0007805197281021364,0.0015393229389017344,-0.356570068439223
9.38,187.17134705879232,0.002656435148136014,-0.0010879580149691843,-0.0168658626745514,-0.0019969662617867878,0.0019969662617867878,0.0009602523788486777,0.0019005350950794875,-0.337317253491028
9.39,187.3713469215708,0.002422341750723602,-0.001251165386711583,-0.015779233893034823,-0.001787687969479354,0.0017876879694793538,0.001129442661024561,0.0022410084423543286,-0.31558467786069644
9.4,187.57134674500648,0.002156731493858601,-0.0014029379829717335,-0.01457928532357281,-0.0015460153692324046,0.0015460153692324048,0.0012869179698653185,0.002558375786038313,-0.2915857064714562
9.41,187.77134652767904,0.0018620008393016368,-0.0015421997681477175,-0.013277411438805538,-0.0012743726630065062,0.0012743726630065062,0.0014316153834180805,0.002850487040206096,-0.2655482287761108
9.42,187.9713462695412,0.001540749850696372,-0.0016679917911224655,-0.011885632576773629,-0.0009752385247203484,0.0009752385247203484,0.0015574074063928285,0.0031050624275384534,-0.23771265153547258
9.43,188.1713459718865,0.0011957568108074427,-0.0017794985067419264,-0.010420594174519352,-0.0006514745801120624,0.0006514745801120625,0.0016740951669093561,0.0033416755880175918,-0.20841188349038703
9.44,188.3713456372701,0.0008299491716244685,-0.0018760302831172344,-0.008890860386561728,-0.00030614832517167806,0.00030614832517167806,0.00177556532107332,0.0035480691588949233,-0.17781720773123455
9.450000000000001,188.57134526940567,0.00044638217640161835,-0.001957006631281315,-0.007309680026675375,5.766153989963818e-05,5.766153989963818e-05,0.0018612487391847538,0.003723074093768504,-0.1461936005335075
9.46,188.77134487302465,4.8213848583962614e-05,-0.002021980556895258,-0.00569050253794012,0.0004367740913413144,0.0004367740913413144,0.0019307092550541816,0.0038657862510217762,-0.11381005075880239
9.47,188.9713444537053,-0.00036132187111877526,-0.002070640020316434,-0.004046869110689089,0.0008280555872671931,0.0008280555872671931,0.0019793687184753578,0.0039670179928233875,-0.08093738221378177
9.48,189.17134401767666,-0.0007789433055029116,-0.002102825302055157,-0.0023956913500823218,0.0012281555409400376,0.0012281555409400374,0.002015830432582072,0.004043942420573544,-0.04791382700164644
9.49,189.37134357160232,-0.0012013513554375679,-0.0021185100003578666,-0.0007467449852475198,0.001633659264956618,0.0016336592649566183,0.002035591244459446,0.004087519081568458,-0.014934899704950395
9.5,189.57134312237088,-0.001625252552170758,-0.0021177824606426693,0.0008868075679494339,0.0020412539273860415,0.002041253927386042,0.0020387488784260758,0.004097910296126012,0.017736151358988678
9.51,189.77134267687993,-0.002047384149691772,-0.002100861022488627,0.002492128810091719,0.0024476578787162883,0.0024476578787162883,0.002025530614263184,0.004075537807313531,0.04984257620183438
9.52,189.97134224182315,-0.002464539765994287,-0.0020680902873435594,0.004056802462726961,0.0028497474449773585,0.0028497474449773585,0.001992759879118116,0.004014017232686006,0.08113604925453921
9.53,190.17134182348738,-0.002873595119605975,-0.002019950470113512,0.005566129721341234,0.0032443415327516913,0.0032443415327516913,0.0019481497581665397,0.003928742931660597,0.11132259442682467
9.540000000000001,190.37134142756435,-0.0032715345300390105,-0.001957036729132413,0.00701179941204352,0.0036283290631093854,0.003628329063109385,0.0018886003590365475,0.0038134840087041886,0.1402359882408704
9.55,190.57134105899743,-0.003655470429937289,-0.001880038887996681,0.0083831973332537,0.003998806485740524,0.003998806485740523,0.0018148092485378402,0.0036696065619330857,0.16766394666507398
9.56,190.771340721852,-0.004022663577862504,-0.0017897491438664292,0.009670460469766398,0.004353018955764816,0.004353018955764817,0.0017275760047305683,0.003498682199018785,0.19340920939532796
9.57,190.9713404192139,-0.004370542759477453,-0.0016870542219294352,0.010864543505499894,0.004688463527704203,0.004688463527704204,0.0016248810827935744,0.003296646800864191,0.2172908701099979
9.58,191.17134015312018,-0.0046967236285782536,-0.0015729384763236267,0.011954970734633925,0.005002708951998539,0.005002708951998539,0.0015136786427052866,0.0030773843749305587,0.2390994146926785
9.59,191.3713399245221,-0.004999027272780255,-0.0014484623938030125,0.012936972319564895,0.005293497582112429,0.005293497582112428,0.0013919793771546153,0.0028368937301303547,0.2587394463912979
9.6,191.57133973329084,-0.005275492144984295,-0.0013147416349775767,0.013804288293966141,0.005558854678522127,0.005558854678522126,0.001260905339146408,0.0025773992250780376,0.2760857658793228
9.61,191.7713395782531,-0.005524385752715542,-0.0011729494190689767,0.014551663552180134,0.005797034869582594,0.005797034869582594,0.0011216358411053205,0.002301242030906467,0.29103327104360266
9.620000000000001,191.97133945725653,-0.005744215156436777,-0.0010243063430480106,0.015174874212500933,0.006006601563634954,0.006006601563634954,0.0009729927650843545,0.0020060515458050587,0.30349748425001866
9.63,192.17133936726287,-0.005933736046109788,-0.0008700795328699246,0.01566884121046677,0.006186271732268515,0.006186271732268515,0.0008211704778193376,0.0017042036729613603,0.3133768242093354
9.64,192.37133930446566,-0.006091960940428871,-0.0007115618129777759,0.016033487239867,0.006334992912350544,0.006334992912350544,0.0006649446220062511,0.0013932391731360076,0.32066974479734
9.65,192.57133926443194,-0.00621816132634109,-0.0005500516590499852,0.01626776260126581,0.006452025701796374,0.006452025701796374,0.0005056189502826102,0.0010757581575831841,0.3253552520253162
9.66,192.77133924225714,-0.006311869084260275,-0.00038685277375798924,0.016371668093715083,0.006536891350530167,0.006536891350530166,0.00034450219523735114,0.000754373303980004,0.32743336187430166
9.67,192.97133923272938,-0.006372876488444054,-0.00022326366116825068,0.0163462391901276,0.006589428639361145,0.006589428639361146,0.00018091308264761254,0.00042772045168883654,0.32692478380255197
9.68,193.17133923049835,-0.006401234667167955,-6.057528370194285e-05,0.016191950615870514,0.006609656738157737,0.0066096567381577365,2.0209277899734307e-05,0.00010651512318104599,0.3238390123174103
9.69,193.3713392302439,-0.006397251048896375,9.994738520147494e-05,0.015913511327336097,0.006597829442718593,0.006597829442718593,-0.00013842180586210343,-0.00021086531729702093,0.31827022654672193
9.700000000000001,193.5713392268395,-0.0063614815951800645,0.0002570827701499224,0.015514894430520381,0.0065544937267852585,0.0065544937267852585,-0.00029375423726952404,-0.0005219635372711955,0.31029788861040764
9.71,193.77133921550347,-0.00629472231065297,0.0004096535142004286,0.015000967527510895,0.0064804368205813815,0.006480436820581381,-0.0004446065073655435,-0.0008244086465252732,0.3000193505502179
9.72,193.97133919193536,-0.006197999522107601,0.0005565351632262367,0.014377440770849176,0.006376723434287274,0.006376723434287273,-0.0005914881563913516,-0.0011192090784398305,0.2875488154169835
9.73,194.17133915243326,-0.006072558909113333,0.0006966577939102463,0.013649511878105234,0.006244572869768064,0.006244572869768064,-0.0007299728351184262,-0.0013974999415391717,0.27299023756210467
9.74,194.37133909399,-0.005919853796822808,0.0008290205559625106,0.012825786377385049,0.006085394186441108,0.006085394186441107,-0.0008607743949499545,-0.0016606948480354978,0.25651572754770097
9.75,194.5713390143633,-0.005741529319560489,0.0009527049910591633,0.011914139567977558,0.005900825100157552,0.005900825100157552,-0.0009829707819506296,-0.0019069333128996836,0.23828279135955116
9.76,194.77133891212011,-0.005539406233242054,0.0010668743078508707,0.010923027609234286,0.005692679124518663,0.005692679124518663,-0.0010957217775530823,-0.002134516763860978,0.21846055218468574
9.77,194.97133878665463,-0.005315464026265391,0.0011707788111852808,0.009861411897021093,0.005462967427314899,0.0054629674273149,-0.0011996262808874924,-0.0023446228875018357,0.19722823794042188
9.78,195.1713386381804,-0.005071823379815856,0.0012637551899243166,0.008737609984542307,0.005213788917530796,0.005213788917530797,-0.0012912507986312333,-0.0025303637080871587,0.17475219969084616
9.790000000000001,195.37133846769842,-0.004810728460479539,0.00134523616679494,0.007562502547566039,0.004947351227788589,0.004947351227788588,-0.0013714432609825934,-0.002693413009687301,0.15125005095132077
9.8,195.57133827693875,-0.00453452630315019,0.0014147588650690861,0.006346091947142849,0.0046659952699638725,0.004665995269963873,-0.001439737823331254,-0.002832815693962869,0.126921838942857
9.81,195.7713380682822,-0.004245646454635498,0.0014719613355537384,0.005098560728588422,0.004372144613272652,0.004372144613272652,-0.0014957697076103025,-0.0029478179690878782,0.10197121457176843
9.82,195.97133784466433,-0.003946580635910484,0.0015165839405922603,0.0038301883308762517,0.004068317125545514,0.004068317125545513,-0.0015403923126488244,-0.0030401014540421935,0.07660376661752503
9.83,196.17133760946544,-0.0036398625067452133,0.0015484654748640666,0.0025503846807157877,0.0037570284947541486,0.0037570284947541486,-0.0015711581140630195,-0.0031047459431784974,0.05100769361431576
9.84,196.37133736639126,-0.0033280479672654355,0.00156754767270148,0.0012703219077695885,0.003440804469284032,0.0034408044692840318,-0.0015891768623176724,-0.0031439456799425046,0.02540643815539177
9.85,196.57133711934412,-0.0030136937635140628,0.0015738785205547333,8.194008610691583e-08,0.0031221967415388883,0.0031221967415388887,-0.0015944940941744635,-0.003157766220933538,1.6388017221383167e-06
9.86,196.77133687229303,-0.0026993370377627964,0.001567605692405937,-0.0012504788919896887,0.0028037375202008756,0.0028037375202008756,-0.0015872551486779368,-0.003146472922153865,-0.025009577839793774
9.870000000000001,196.971336629146,-0.0023874756417881565,0.0015489739192540296,-0.002471804514547617,0.00248794623781,0.00248794623781,-0.0015686233755260294,-0.003112367288673959,-0.04943609029095234
9.88,197.1713363936284,-0.0020805492940281093,0.0015183179710916961,-0.0036554395336925068,0.002177247777655754,0.002177247777655754,-0.0015370465831048572,-0.0030523206884331567,-0.07310879067385014
9.89,197.37133616917185,-0.0017809219449098242,0.0014760625476775175,-0.004791856962237386,0.0018739812062640998,0.0018739812062640998,-0.001493913467215607,-0.002969087122368573,-0.09583713924474771
9.9,197.57133595881314,-0.001490863506960571,0.0014227212007973367,-0.005872809117424428,0.0015804122652286064,0.0015804122652286067,-0.001439735557712395,-0.002863666992772504,-0.11745618234848856
9.91,197.77133576510946,-0.0012125331226600922,0.0013588871522346808,-0.006890607817408094,0.0012986960251837392,0.0012986960251837392,-0.001375104149170694,-0.002737221338089551,-0.13781215634816188
9.92,197.97133559007176,-0.0009479638075855362,0.0012852274351993964,-0.007838176918573322,0.0010308833135954983,0.0010308833135954983,-0.0013014444321354096,-0.0025925800311348644,-0.15676353837146645
9.93,198.1713354351175,-0.0006990485175063516,0.0012024735192143097,-0.008709701099057072,0.0007788548406315102,0.0007788548406315102,-0.0012179305218902115,-0.002428072495374108,-0.17419402198114142
9.94,198.3713353010438,-0.00046752791648435317,0.0011114177683362748,-0.009498818595450624,0.0005443307339738774,0.0005443307339738773,-0.0011261503916051062,-0.0022468574758704738,-0.18997637190901248
9.950000000000001,198.57133518801953,-0.00025497829577037737,0.001012909256715735,-0.010200544562557874,0.0003288838424939925,0.0003288838424939925,-0.001026951446586478,-0.002050614054748016,-0.20401089125115748
9.96,198.77133509559758,-6.280140316996898e-05,0.0009078430758888182,-0.01081065782280323,0.00013391255339537691,0.00013391255339537691,-0.0009212271877199568,-0.0018411152499059598,-0.2162131564560646
9.97,198.97133502274698,0.00010778398948862168,0.000797152587335883,-0.011325722945659727,-3.93496606390421e-05,3.934966063904211e-05,-0.0008105366991670215,-0.0016214668949404334,-0.22651445891319455
9.98,199.1713349679021,0.00025574878311777357,0.0006817989951152256,-0.011743602519194572,-0.00018988380794652298,0.00018988380794652298,-0.0006945558681323609,-0.001391010574344187,-0.23487205038389142
9.99,199.37133492902746,0.00038025832999938564,0.0005627659731771288,-0.012061940705056041,-0.00031687218948514453,0.00031687218948514453,-0.0005749250015073789,-0.0011530187249096091,-0.24123881410112083
10.0,199.5713349036944,0.00048067662337112645,0.0004410540183750069,-0.012279724285415631,-0.00041968163958815667,0.0004196816395881567,-0.00045264321875284713,-0.0009094832539015759,-0.2455944857083126
10.01,199.7713348891686,0.0005565684982840552,0.00031766970170231737,-0.012396748953630875,-0.0004978797669143325,0.0004978797669143324,-0.0003287157780077332,-0.0006624103536846097,-0.2479349790726175
10.02,199.97133488250427,0.000607700041075573,0.0001936176311545581,-0.012413608954009194,-0.0005512205248901541,0.0005512205248901541,-0.0002046637074599739,-0.00041483962016884934,-0.2482721790801839
10.03,200.17133488064258,0.0006340372664759994,6.989049244788675e-05,-0.012332090524663388,-0.0005796782703413487,0.0005796782703413488,-8.041889721439405e-05,-0.0001666345771322016,-0.24664181049326775
10.040000000000001,200.37133488051043,0.0006357429704530547,-5.2536442501888945e-05,-0.012153890485616728,-0.0005834297872211316,0.0005834297872211316,4.25014494547006e-05,7.916860103718989e-05,-0.24307780971233456
10.05,200.57133487911653,0.0006131729153698154,-0.00017271073349154684,-0.011881874463222537,-0.0005628331827472284,0.0005628331827472283,0.00016314602917582663,0.000320663726524181,-0.23763748926445075
10.06,200.7713348736426,0.0005668702524699513,-0.000289712099006565,-0.011519606241582832,-0.0005184338973201738,0.0005184338973201738,0.0002805956439937036,0.0005560069490142055,-0.23039212483165664
10.07,200.9713348615259,0.0004975584048279437,-0.00040265920459786814,-0.011071309250794548,-0.0004509453405731321,0.0004509453405731321,0.0003935427495850067,0.000782576045764282,-0.22142618501589095
10.08,201.17133484053178,0.00040613251932631396,-0.0005107177402332135,-0.01054216176121815,-0.0003612695443330216,0.0003612695443330216,0.0005020285278907826,0.001000444360338235,-0.21084323522436302
10.09,201.37133480881326,0.00029364947078900706,-0.0006131045184777434,-0.009937210460593805,-0.0002504749279799323,0.00025047492797993225,0.0006048225265713216,0.0012071403038628437,-0.19874420921187608
10.1,201.57133476495696,0.00016131743044908413,-0.0007090912278408646,-0.009262380920322435,-0.00011977159803872824,0.00011977159803872824,0.0007011973724098216,0.001401197028839256,-0.1852476184064487
10.11,201.77133470801428,1.048415090774751e-05,-0.0007980111381543028,-0.008524062288159868,2.949080356877001e-05,2.9490803568770007e-05,0.0007904872295473015,0.0015812693671302907,-0.17048124576319737
10.120000000000001,201.97133463751678,-0.0001573757945750847,-0.0008792634485410921,-0.007729049920534074,0.00019584596785588167,0.00019584596785588167,0.0008717395399340908,0.0017454375395467403,-0.15458099841068149
10.13,202.17133455347596,-0.00034067467775758276,-0.0009523184507497565,-0.006884764900298064,0.00037770048414898844,0.0003777004841489885,0.0009451471517166089,0.0018940713082747076,-0.13769529800596128
10.14,202.37133445636803,-0.0005377261518255609,-0.001016719175552897,-0.005998334927381916,0.0005733584777682956,0.0005733584777682956,0.0010098839613096198,0.0020255015073969225,-0.11996669854763832
10.15,202.57133434710468,-0.0007467597782911153,-0.0010720825388680164,-0.005077407597792925,0.0007810479129736105,0.0007810479129736107,0.0010655676590177363,0.0021389457971652086,-0.1015481519558585
10.16,202.7713342269911,-0.0009659362028265818,-0.0011181027271864508,-0.0041297889022899915,0.0009989278761299014,0.0009989278761299014,0.001111893169439425,0.002233775617640149,-0.08259577804579983
10.17,202.97133409767275,-0.001193362746308624,-0.0011545524602670067,-0.0031633791890728394,0.0012251125088611715,0.0012251125088611715,0.001148342902519981,0.0023089369301285737,-0.06326758378145679
10.18,203.17133396107303,-0.0014271092616154652,-0.0011812847706500387,-0.0021863397962553657,0.001457666973931095,0.0014576669739310949,0.0011753662262308823,0.0023653091222010755,-0.043726795925107316
10.19,203.37133381932364,-0.0016652241988877592,-0.001198231746428317,-0.0012063221958183987,0.0016946318581379752,0.0016946318581379752,0.00119259057711448,0.00240212747281034,-0.024126443916367975
10.200000000000001,203.57133367469126,-0.0019057501282071052,-0.0012054027496394947,-0.00023112920027175703,0.0019340484133217209,0.0019340484133217209,0.0012000259563354006,0.0024193923968040183,-0.004622584005435141
10.21,203.77133352950165,-0.0021467392431382404,-0.0012028843945167443,0.0007315910482043288,0.0021739675461248976,0.002173967546124898,0.0011977595873084105,0.00241725885007807,0.014631820964086576
10.22,203.97133338606443,-0.0023862686369430985,-0.0011908387091180482,0.0016744032174381435,0.0024124719792200365,0.002412471979220036,0.0011857139019097141,0.0023955525236116285,0.03348806434876287
10.23,204.17133324660023,-0.0026224552175534302,-0.0011695016825275335,0.002589950173701745,0.002647674749376908,0.002647674749376908,0.0011646170521337413,0.002355710851761252,0.0517990034740349
10.24,204.3713331131726,-0.002853470208202761,-0.001139179288534716,0.0034715897264205905,0.002877740590291725,0.002877740590291725,0.0011345235790956665,0.0022978245640942504,0.0694317945284118
10.25,204.57133298762753,-0.003077552612772718,-0.0011002430827663297,0.004312847140521499,0.0031009074178881568,0.0031009074178881568,0.0010958055659146067,0.002222620206008095,0.08625694281042998
10.26,204.77133287154118,-0.0032930220814223823,-0.0010531272815692816,0.005107663620530622,0.003315493820216584,0.003315493820216584,0.0010488977317085165,0.0021309504016191988,0.10215327241061244
10.27,204.9713327661777,-0.003498291012800869,-0.0009983243934479178,0.005850438004935556,0.0035199168420667246,0.0035199168420667246,0.0009940948435871527,0.0020233888555949726,0.11700876009871111
10.28,205.171332672458,-0.003691875794877596,-0.0009363812423228082,0.006535907244923309,0.0037126896762350557,0.0037126896762350557,0.0009323499130674138,0.0019018267228971782,0.13071814489846617
10.290000000000001,205.37133259093994,-0.0038724071573856,-0.0008678930025683132,0.007159661454573309,0.0038924376967067937,0.0038924376967067937,0.0008640506042883357,0.0017670255855437393,0.14319322909146617
10.3,205.5713325218111,-0.0040386391442933855,-0.0007934969962942883,0.00771767967624274,0.004057914049550281,0.004057914049550281,0.0007898346747063108,0.0016202484899081244,0.15435359352485478
10.31,205.77133246489308,-0.0041894570905178724,-0.0007138678464221181,0.008206520772461635,0.0042080031931151585,0.004208003193115159,0.0007103771621943519,0.0014628343563198554,0.16413041544923268
10.32,205.97133241965722,-0.0043238844960983526,-0.0006297115853391249,0.008623341992823578,0.004341732462007173,0.004341732462007172,0.0006262209011113586,0.001295859126842789,0.17246683985647157
10.33,206.17133238525065,-0.004441088748618247,-0.0005417602529373819,0.008965782978757197,0.004458266606672992,0.004458266606672992,0.0005384331622390035,0.001121448990544737,0.17931565957514395
10.34,206.37133236053194,-0.004540385706240997,-0.0004507650340538302,0.009232372137207978,0.004556917065190984,0.004556917065190984,0.0004475938700252483,0.0009407569107024064,0.18464744274415956
10.35,206.57133234411478,-0.004621242773000974,-0.0003574893926422327,0.009422123618665738,0.0046371505005486195,0.0046371505005486195,0.00035446684772488926,0.0007553052004552648,0.18844247237331474
10.36,206.7713323344181,-0.004683280823156085,-0.0002627035287901924,0.009534673971143756,0.00469858706356214,0.0046985870635621405,0.0002598226378910297,0.0005666311464176808,0.19069347942287512
10.370000000000001,206.97133232972087,-0.004726274928200748,-0.0001671781868224938,0.009570275745775467,0.004741004990440324,0.004741004990440325,0.00016429729592333113,0.0003760046417510655,0.19140551491550933
10.38,207.17133232821934,-0.004750153889300303,-7.167908770115244e-05,0.009529679404233207,0.004764330905859301,0.004764330905859301,6.89332121458937e-05,0.0001855097333503804,0.19059358808466415
10.39,207.37133232808588,-0.004754998630016098,2.3039618125664078e-05,0.009414445885919725,0.004768642085454548,0.004768642085454548,-2.5656805896273027e-05,-3.6271909380005765e-06,0.1882889177183945
10.4,207.5713323275263,-0.004741039190886464,0.00011624167105089547,0.009226590903694062,0.004754167958166596,0.004754167958166596,-0.00011873620205276343,-0.0001899307245238609,0.18453181807388125
10.41,207.7713323248348,-0.00470865066645443,0.0002072136996013285,0.008968674556783653,0.004721283021470193,0.004721283021470193,-0.00020959132220878748,-0.000371969814202873,0.17937349113567308
10.42,207.97133231844427,-0.004658348092727213,0.0002952705221054035,0.008643772986094356,0.004670504923236821,0.004670504923236821,-0.00029764814471286243,-0.0005485912401933566,0.17287545972188711
10.43,208.17133230697124,-0.0045907803334241095,0.0003797597038672165,0.008255358126493393,0.004602480730899628,0.004602480730899628,-0.00038202589705964757,-0.0007180269868102988,0.16510716252986785
10.44,208.3713322892534,-0.00450672305581057,0.0004600666972247944,0.0078075333450541235,0.004517983101053001,0.004517983101053001,-0.0004622266832068664,-0.0008792735354032028,0.15615066690108248
10.450000000000001,208.5713322643793,-0.004407070627427836,0.0005356195742960571,0.007304718176750262,0.00441790589647544,0.00441790589647544,-0.0005376783305366513,-0.0010311776021085482,0.14609436353500524
10.46,208.7713322317092,-0.004292827258153902,0.0006058924547942447,0.0067517013749104765,0.004303252834273732,0.004303252834273732,-0.0006078547254895082,-0.0011726769226362791,0.13503402749820953
10.47,208.97133219088718,-0.004165097435949429,0.0006704089807030036,0.006153597554038457,0.004175130558010557,0.004175130558010557,-0.0006723712513982671,-0.0013029911972164286,0.12307195108076914
10.48,209.17133214184355,-0.004025075736075938,0.0007287449823298108,0.005515729071898282,0.00403473216043022,0.00403473216043022,-0.0007306152893408512,-0.0014208832570774001,0.11031458143796564
10.49,209.3713320847887,-0.003874036116426879,0.000780531442778943,0.00484380284816907,0.003883329114697703,0.003883329114697703,-0.0007823140960488295,-0.001525794900950682,0.0968760569633814
10.5,209.57133202019807,-0.003713320595015576,0.0008254569564421564,0.0041436338604623835,0.00372226302223803,0.00372226302223803,-0.0008271560639264203,-0.0016170894976304602,0.08287267720924767
10.51,209.77133194878948,-0.003544327609963981,0.0008632689546632683,0.0034211740649679892,0.003552931914482165,0.003552931914482165,-0.0008648884317979958,-0.0016942475444511698,0.06842348129935978
10.52,209.97133187149336,-0.0033685001315844503,0.0008937748292137679,0.0026824632980865363,0.0033767805408010986,0.0033767805408010986,-0.0008953943063484954,-0.0017570208072889798,0.053649265961730724
10.53,210.17133178941745,-0.003187313618998403,0.0009168422634269441,0.0019335201067446073,0.0031952831367321995,0.0031952831367321995,-0.0009183858421507822,-0.0018048188529342425,0.038670402134892146
10.540000000000001,210.3713317038069,-0.003002263937595754,0.0009323997012763021,0.0011804776898720814,0.003009933517019399,0.003009933517019399,-0.0009338709386281365,-0.0018376425420860792,0.02360955379744163
10.55,210.57133161600115,-0.002814855171489556,0.0009404363077631227,0.00042934746006402416,0.0028222354219612825,0.002822235421961282,-0.0009418385940795206,-0.0018554548339394282,0.008586949201280484
10.56,210.77133152738935,-0.0026265875952942623,0.0009410008384511566,-0.00031396353488779877,0.0026336887905265747,0.0026336887905265742,-0.0009423374051798938,-0.001858337922454522,-0.006279270697755975
10.57,210.97133143936534,-0.0024389458755404415,0.0009342003692981517,-0.0010436977655635818,0.002445779757544824,0.0024457797575448237,-0.0009355369360268889,-0.0018466160744783295,-0.020873955311271637
10.58,211.17133135328393,-0.002253387587273338,0.0009201983353905195,-0.0017543401275396334,0.0022599648881719905,0.002259964888171991,-0.0009214722625357366,-0.0018203448761897533,-0.03508680255079267
10.59,211.37133127041972,-0.002071332147432239,0.0008992126645719044,-0.002440506736378289,0.0020776619069608126,0.002077661906960813,-0.0009004268877918734,-0.0017800771565141386,-0.04881013472756578
10.6,211.57133119192957,-0.0018941501126445357,0.0008715134903895396,-0.0030971392506191995,0.0019002410867866232,0.0019002410867866235,-0.0008726708077618079,-0.0017263392046557497,-0.06194278501238399
10.61,211.77133111881983,-0.0017231530579695,0.0008374199817301777,-0.0037194879151627607,0.0017290137256984793,0.0017290137256984793,-0.0008385230601980784,-0.001659755983139172,-0.07438975830325521
10.620000000000001,211.97133105191938,-0.0015595840894746002,0.0007972970915728405,-0.004303144528103859,0.0015652241415838955,0.0015652241415838955,-0.0007984001700407413,-0.0015811480986656435,-0.0860628905620772
10.63,212.17133099185872,-0.001404609052666045,0.0007515517866928541,-0.00484411315781013,0.001410037346437552,0.001410037346437552,-0.0007526031682128101,-0.0014911059629612448,-0.0968822631562026
10.64,212.37133093905646,-0.0012593085087232276,0.0007006294232486598,-0.005338710816106227,0.001264532504722059,0.001264532504722059,-0.0007016315306452788,-0.001390617736243337,-0.10677421632212454
10.65,212.57133089371212,-0.0011246704202475626,0.0006450098582138488,-0.005783718780533928,0.0011296973448570605,0.0011296973448570605,-0.0006459650007645667,-0.0012806330280805628,-0.11567437561067856
10.66,212.77133085580644,-0.0010015837071541782,0.0005852029294284512,-0.0061763581341953465,0.0010064205581398313,0.0010064205581398313,-0.0005861133081870517,-0.0011621624107927052,-0.12352716268390693
10.67,212.9713308251084,-0.0008908326954523419,0.0005217439801154208,-0.006514305199886358,0.0008954874707142676,0.0008954874707142677,-0.0005226543588740212,-0.0010363538430408997,-0.13028610399772717
10.68,213.1713308011886,-0.0007930924865897257,0.0004551890787556672,-0.006795736934383202,0.0007975724961037398,0.0007975724961037397,-0.00045605679161933946,-0.0009041378582776415,-0.13591473868766404
10.69,213.3713307834385,-0.0007089252808416161,0.000386110494445473,-0.007019234909073862,0.0007132366818742104,0.0007132366818742103,-0.0003869375409941632,-0.0007667427151695843,-0.14038469818147725
10.700000000000001,213.57133077109475,-0.0006387775785898698,0.00031509209944282295,-0.0071838952051364435,0.0006429263351357625,0.0006429263351357625,-0.0003158803855415524,-0.0006253315077317472,-0.14367790410272888
10.71,213.77133076326723,-0.0005829783621176706,0.00024272440464402672,-0.0072892924186315445,0.0005869702494916151,0.0005869702494916151,-0.00024347574684237285,-0.00048108179118982954,-0.1457858483726309
10.72,213.9713307589708,-0.0005417382451201842,0.00016959979323832175,-0.007335475912296063,0.0005455798640576992,0.0005455798640576991,-0.00017035113543666789,-0.0003352464722327588,-0.14670951824592127
10.73,214.17133075715864,-0.000515149579844187,9.630767049963658e-05,-0.007322990255711793,0.0005188469633258232,0.0005188469633258232,-9.702380020894702e-05,-0.0001888591307846358,-0.14645980511423584
10.74,214.37133075675666,-0.0005031875154857412,2.3429996654120882e-05,-0.007252778560334614,0.0005067457451552483,0.0005067457451552483,-2.4112564144427373e-05,-4.315767083730226e-05,-0.1450555712066923
10.75,214.57133075669765,-0.0005057119102011927,-4.8463064886210134e-05,-0.007126255505588873,0.0005091359081930615,0.0005091359081930614,4.781248668745265e-05,0.00010071633245683592,-0.14252511011177746
10.76,214.7713307559543,-0.0005224701461326695,-0.00011881762497945412,-0.006945259852419651,0.0005257646788617424,0.0005257646788617423,0.00011819753686115703,0.00024165272051093149,-0.13890519704839302
10.77,214.97133075356984,-0.0005531008013706802,-0.00018710020502584626,-0.006712033604122496,0.0005562713164775663,0.0005562713164775663,0.00018648011690754917,0.000378522946979874,-0.1342406720824499
10.78,215.17133074868565,-0.0005971381350823441,-0.00025280176586608516,-0.006429221303650072,0.0006001896116337149,0.0006001896116337149,0.00025221073887751294,0.000510423373871363,-0.12858442607300144
10.790000000000001,215.37133074056484,-0.0006540173454476014,-0.0003154412463580458,-0.006099772993117573,0.0006569539773644914,0.0006569539773644913,0.00031487791851989136,0.0006363253768134277,-0.12199545986235147
10.8,215.5713307286114,-0.0007230804853355393,-0.0003745688363356995,-0.0057269876624369,0.000725906334894133,0.000725906334894133,0.00037403190949804197,0.0007553228823450253,-0.114539753248738
10.81,215.77133071238433,-0.0008035830428938801,-0.0004297691879478555,-0.005314457806274584,0.0008063020438530602,0.0008063020438530601,0.0004292574247988863,0.0008665778700363032,-0.10628915612549168
10.82,215.97133069160645,-0.0008947011165602245,-0.00048066418634665426,-0.004866036661462473,0.0008973177649002321,0.000897317764900232,0.00048015242319768503,0.0009692780240443724,-0.09732073322924946
10.83,216.17133066616782,-0.0009955391172820067,-0.0005269154801398142,-0.004385822864258412,0.0009980575222627646,0.0009980575222627646,0.0005264277013575597,0.001062835977937747,-0.08771645728516825
10.84,216.3713306361238,-0.0011051379351496328,-0.0005682264640932367,-0.0038780665051764774,0.0011075615580448147,0.0011075615580448147,0.000567761545623181,0.0011465987068268102,-0.07756133010352954
10.85,216.57133060168795,-0.0012224834477981127,-0.0006043439090744552,-0.003347192132483326,0.0012248156412334606,0.0012248156412334606,0.0006039007795439411,0.0012200497155002168,-0.06694384264966652
10.86,216.77133056322026,-0.0013465153508201131,-0.0006350594180520459,-0.0027977412283280685,0.0013487593613547761,0.001348759361354776,0.0006346370562981413,0.0012827617062098305,-0.05595482456656137
10.870000000000001,216.97133052121103,-0.001476136228511275,-0.0006602104066070614,-0.0022343345687340253,0.0014782957667128886,0.0014782957667128886,0.0006597880448531569,0.0013343590473734426,-0.04468669137468051
10.88,217.17133047626115,-0.0016102207883019182,-0.0006796807853480735,-0.0016616501923026354,0.0016122992455680058,0.001612299245568006,0.0006792782180658973,0.0013746794285874747,-0.03323300384605271
10.89,217.37133042905958,-0.0017476251883364563,-0.0006934011030364078,-0.0010843377854909885,0.0017496254212799648,0.0017496254212799648,0.0006930174025370345,0.0014035310592868686,-0.02168675570981977
10.9,217.57133038035875,-0.0018871963408390597,-0.0007013483244503123,-0.000507030918948444,0.0018891211164049635,0.0018891211164049633,0.0007009826065212606,0.0014208564242065708,-0.010140618378968881
10.91,217.77133033094842,-0.0020277811614800834,-0.0007035454040585595,6.570580995066654e-05,0.002029633159075767,0.0020296331590757668,0.0007031968259253126,0.0014266899834413829,0.0013141161990133307
10.92,217.97133028162958,-0.002168235686580753,-0.0007000604204087583,0.0006294118360276052,0.00217001796856697,0.00217001796856697,0.0006997118422755116,0.0014211238642366929,0.012588236720552103
10.93,218.17133023318843,-0.002307433986920452,-0.0006910054315703596,0.0011797514040454726,0.0023091493522368663,0.0023091493522368663,0.0006906731899581376,0.0014044378734386438,0.02359502808090945
10.94,218.37133018637175,-0.0024442768147452196,-0.0006765348665641221,0.0017125854234084433,0.002445927620973845,0.002445927620973845,0.0006762181958428102,0.0013768956678953588,0.034251708468168864
10.950000000000001,218.57133014186422,-0.002577699884727347,-0.0006568436103374475,0.0022239611781133236,0.002579288415446802,0.002579288415446802,0.0006565417807613372,0.0013388764456771422,0.04447922356226647
10.96,218.7713301002683,-0.002706681764673348,-0.0006321649289827031,0.0027101543936746803,0.0027082102312171365,0.002708210231217137,0.0006318772450032868,0.0012908365923187451,0.05420308787349361
10.97,218.97133006208747,-0.0028302513145794903,-0.0006027680546637306,0.0031676952819642223,0.0028317222443383747,0.0028317222443383747,0.0006024803706843142,0.001233277963812012,0.06335390563928445
10.98,219.17133002771294,-0.0029474946210117387,-0.0005689555756944445,0.003593381509550444,0.002948910323966881,0.002948910323966881,0.0005686813743618049,0.0011668518519632786,0.07186763019100888
10.99,219.37132999741422,-0.0030575613828301984,-0.0005310604916708041,0.003984332082288464,0.003058923804710911,0.003058923804710911,0.00053079914110728,0.0010921875202616691,0.07968664164576929
11.0,219.571329971334,-0.003159670677163892,-0.0004894430757631134,0.0043379722585777415,0.003160981702623955,0.003160981702623955,0.0004891939737006917,0.0010099977644276229,0.08675944517155483
11.01,219.771329949487,-0.003253116098829426,-0.0004444876766564161,0.004652060566135387,0.0032543775528981645,0.0032543775528981645,0.0004442502490572793,0.0009210442736435402,0.09304121132270775
11.02,219.97132993176308,-0.0033372702378980973,-0.0003965993218249112,0.004924701565929786,0.0033384842064512147,0.0033384842064512147,0.00039636189422577434,0.0008261086305160608,0.09849403131859572
11.03,220.17132991793392,-0.003411588469087714,-0.00034620025205030143,0.005154346878586983,0.0034127568585678694,0.00341275685856787,0.00034597395177555986,0.0007260754721367984,0.10308693757173967
11.040000000000001,220.37132990766347,-0.003475612036006705,-0.0002937262805591759,0.005339829124459497,0.0034767364522385355,0.003476736452238536,0.0002935105861137602,0.0006217885367499058,0.10679658248918994
11.05,220.57132990052128,-0.0035289703926085687,-0.00023962310212812988,0.0054803381822973625,0.003530052391010892,0.003530052391010892,0.00023941751645930774,0.0005141355568287244,0.10960676364594725
11.06,220.77132989599878,-0.003571382818788018,-0.0001843426685837894,0.005575431537940167,0.0035724239055713856,0.0035724239055713856,0.00018414671793019738,0.00040401767491610863,0.11150863075880334
11.07,220.9713298935271,-0.0036026593048529318,-0.00012833952260658446,0.005625032315952197,0.003603661201506064,0.003603661201506064,0.00012814357195299245,0.0002923237559210455,0.11250064631904394
11.08,221.17132989249657,-0.003622700708118188,-7.206720205720911e-05,0.0056294171772218625,0.0036236649880422135,0.003623664988042214,7.188043486471978e-05,0.0001799975196098617,0.11258834354443725
11.09,221.37132989227686,-0.0036314981934780907,-1.5974630750526746e-05,0.005589231042452441,0.0036324261819721047,0.003632426181972105,1.5796616623087964e-05,6.791749506589698e-05,0.11178462084904882
11.1,221.5713298922372,-0.0036291319534310033,3.9497398044373325e-05,0.005505453982888999,0.0036300249341937587,0.003630024934193759,-3.9667069327063734e-05,-4.303388931218988e-05,0.11010907965777998
11.11,221.7713298917661,-0.0036157692485248973,9.391954756375576e-05,0.005379396128125358,0.0036166284646432113,0.0036166284646432113,-9.408126700059772e-05,-0.00015199624935476332,0.10758792256250717
11.120000000000001,221.97132989028984,-0.0035916617911086056,0.0001468771615498352,0.005212682400411285,0.00359248866333979,0.00359248866333979,-0.00014703888098667716,-0.00025815287533995643,0.10425364800822569
11.13,222.17132988728912,-0.003557142502314751,0.0001979732941373644,0.005007228985100246,0.003557938329198324,0.003557938329198324,-0.00019812743439880795,-0.00036067548550563263,0.10014457970200492
11.14,222.37132988231394,-0.003512621679107638,0.00024683161654217905,0.0047652421460883665,0.003513387554422649,0.0035133875544226486,-0.0002469785328375307,-0.00045882319013083487,0.09530484292176733
11.15,222.57132987499554,-0.0034585825942982534,0.0002930991154064706,0.004489177872307453,0.003459319577490519,0.0034593195774905196,-0.00029323914629446676,-0.0005518850968140284,0.08978355744614906
11.16,222.77132986505546,-0.0033955765893611454,0.00033644850564562513,0.004181725053103538,0.003396285706359034,0.003396285706359034,-0.00033658197381858325,-0.0006392010905735761,0.08363450106207077
11.17,222.97132985231178,-0.003324217704151937,0.00037658043543562235,0.0038457807572941185,0.0033249001275169354,0.003324900127516935,-0.00037671390360858047,-0.0007201788059419916,0.07691561514588237
11.18,223.17132983668193,-0.003245176892436741,0.00041322541272767726,0.0034844192803332183,0.0032458336938624103,0.0032458336938624107,-0.0004133526257544566,-0.000794246914570289,0.06968838560666436
11.19,223.37132981818243,-0.0031591758766703185,0.00044614551811435747,0.0031008803037317493,0.0031598079588601126,0.0031598079588601126,-0.00044626676915145706,-0.000860935458714313,0.06201760607463498
11.200000000000001,223.57132979692554,-0.003066980682622372,0.0004751358408648978,0.0026985254747448895,0.0030675889199442917,0.0030675889199442917,-0.0004752514093263651,-0.0009198269294532873,0.05397050949489779
11.21,223.77132977311288,-0.0029693949234409172,0.0005000255822651275,0.0022808152201631232,0.002969980162600774,0.002969980162600774,-0.0005001357344722609,-0.000970571667318514,0.04561630440326246
11.22,223.9713297470268,-0.002867252888125249,0.0005206788988016541,0.0018512799201626728,0.0028678160968465534,0.0028678160968465534,-0.0005207890510087874,-0.0010128999410491091,0.03702559840325346
11.23,224.17132971901907,-0.0027614124916017805,0.000536995435950731,0.001413486869444884,0.0027619545543597136,0.0027619545543597136,-0.0005371004257437016,-0.001046581305943806,0.02826973738889768
11.24,224.371329689498,-0.0026527481454719317,0.0005489106156046298,0.0009710239877595728,0.0026532698072739306,0.002653269807273931,-0.0005490106849237942,-0.001071488671774849,0.019420479755191455
11.25,224.57132965891407,-0.002542143595957539,0.0005563956349355239,0.0005274584803878542,0.002542645578425416,0.0025426455784254166,-0.0005564910143871939,-0.0010875555729901337,0.010549169607757085
11.26,224.77132962774473,-0.002430484797471241,0.0005594571408634437,8.63132393359705e-05,0.002430967799396768,0.002430967799396768,-0.0005595480502413582,-0.0010947864224887486,0.00172626478671941
11.27,224.97132959647874,-0.002318652876096665,0.0005581366505088795,-0.00034896034895039114,0.0023191176961494518,0.0023191176961494518,-0.0005582275598867939,-0.0010932639428120933,-0.006979206979007823
11.28,225.17132956560062,-0.002207517236976146,0.0005525096876599231,-0.0007750120003773063,0.0022079646051188897,0.0022079646051188897,-0.0005525963364612793,-0.0010831130268713698,-0.015500240007546125
11.290000000000001,225.3713295355758,-0.0020979288690107446,0.0005426846980106394,-0.0011886072318273546,0.002098359400102965,0.002098359400102965,-0.0005427672859117129,-0.0010645509778223962,-0.02377214463654709
11.3,225.57132950683652,-0.001990713887778246,0.0005288017190600795,-0.0015866616650551842,0.0019911281773792575,0.0019911281773792575,-0.0005288804363801862,-0.00103784959098658,-0.03173323330110368
11.31,225.77132947976966,-0.0018866673735159168,0.000511030785713063,-0.0019662596347557746,0.0018870659983433848,0.0018870659983433846,-0.0005111058138505436,-0.0010033409677176533,-0.03932519269511549
11.32,225.97132945470585,-0.0017865475472377936,0.00048957014009816,-0.0023246747306130216,0.001786931166439646,0.001786931166439646,-0.0004896451682356406,-0.0009614210248068848,-0.04649349461226043
11.33,226.17132943191092,-0.0016910703257580015,0.00046464423103350234,-0.002659391322406452,0.001691439541776883,0.001691439541776883,-0.0004647157428877184,-0.0009125170903576679,-0.05318782644812904
11.34,226.37132941157952,-0.001600904293902579,0.00043650156475811864,-0.002968112825998744,0.0016012596141862436,0.0016012596141862436,-0.00043656972512347053,-0.0008571268541050786,-0.05936225651997488
11.35,226.5713293938313,-0.0015166661199519154,0.00040541239644061147,-0.0032487852310057537,0.0015170080360196083,0.0015170080360196083,-0.00040547736238812196,-0.0007957846444160479,-0.06497570462011508
11.36,226.77132937870925,-0.0014389164516776071,0.00037166625574690254,-0.003499606807384748,0.001439245439498495,0.0014392454394984951,-0.00037172817698714894,-0.0007290638995793129,-0.06999213614769496
11.370000000000001,226.97132936618092,-0.0013681563172345298,0.0003355693713965146,-0.003719038598515743,0.0013684729208081443,0.0013684729208081443,-0.000335631292636761,-0.0006575778560654406,-0.07438077197031487
11.38,227.17132935614137,-0.0013048240516555477,0.00029744199046303213,-0.003905814979074949,0.0013051287681819946,0.0013051287681819948,-0.000297501009688872,-0.000581950731695924,-0.07811629958149897
11.39,227.37132934841884,-0.001249292766150243,0.0002576156503959035,-0.004058942591619056,0.0012495860144296678,0.0012495860144296678,-0.00025767190361587457,-0.0005028479470874525,-0.08117885183238112
11.4,227.571329342782,-0.0012018683659522427,0.00021643040152887977,-0.004177711272719985,0.001202150551638919,0.001202150551638919,-0.00021648401837339953,-0.00042094653123040987,-0.08355422545439971
11.41,227.77132933894902,-0.0011627881305924781,0.00017423198020866207,-0.0042616930425717105,0.0011630596465072138,0.0011630596465072138,-0.00017428308423467301,-0.0003369355720042739,-0.08523386085143421
11.42,227.97132933659765,-0.0011322198586033757,0.00013136899103206485,-0.0043107412930202225,0.0011324811537130296,0.0011324811537130296,-0.0001314200950580758,-0.0002515153785790213,-0.08621482586040445
11.43,228.1713293353767,-0.001110261574858785,8.819009878630564e-05,-0.004324989659960311,0.0011105130595057268,0.0011105130595057268,-8.823880776171429e-05,-0.0001653724849283713,-0.08649979319920621
11.44,228.37132933491765,-0.0010969417950906204,4.504128121466836e-05,-0.004304841018788383,0.00109718381491383,0.0010971838149138303,-4.508770738413273e-05,-7.920357661912717e-05,-0.08609682037576767
11.450000000000001,228.5713293348467,-0.001092220332096348,2.263143198325812e-06,-0.004250966173403354,0.0010924532218853722,0.0010924532218853722,-2.3073935490427908e-06,6.309745120768141e-06,-0.08501932346806709
11.46,228.7713293347964,-0.0010959896344611161,-3.981170594497193e-05,-0.004164292577068452,0.0010962137184137334,0.0010962137184137332,3.9769529439239586e-05,9.05011960626165e-05,-0.08328585154136904
11.47,228.9713293344171,-0.0011080766385862012,-8.086116302910073e-05,-0.004045993184475149,0.0011082922872376877,0.0011082922872376877,8.081898652336838e-05,0.00017272089591911362,-0.08091986368950298
11.48,229.17132933338704,-0.0011282451116140066,-0.00012057602903626388,-0.0038974750940931786,0.0011284526636231751,0.0011284526636231751,0.00012053582918437214,0.00025235618500497604,-0.07794950188186357
11.49,229.37132933142146,-0.0011561984599173182,-0.00015866225334830908,-0.0037203601714671,0.001156398200542313,0.001156398200542313,0.00015862393751014015,0.0003288118570257034,-0.074407203429342
11.5,229.57132932828037,-0.0011915829698097486,-0.00019484302540799815,-0.0035164738845374433,0.0011917751753546927,0.001191775175354693,0.00019480650528929123,0.0004015307623321294,-0.07032947769074886
11.51,229.77132932377452,-0.0012339914527648079,-0.00022886071490937757,-0.003287826200601836,0.0012341763907925529,0.0012341763907925526,0.00022882590634878811,0.0004699935766055018,-0.06575652401203672
11.52,229.9713293177696,-0.001282967259727471,-0.0002604786233149535,-0.0030365929531484875,0.001283145236043307,0.001283145236043307,0.00026044381475436403,0.0005337190818691612,-0.060731859062969754
11.53,230.1713293101887,-0.0013380086271820993,-0.000289482550333863,-0.0027650974663630088,0.001338179921283381,0.0013381799212833809,0.00028944937311877665,0.0005922805454503872,-0.05530194932726017
11.540000000000001,230.3713293010128,-0.001398573316088969,-0.00031568214592984884,-0.002475786056990845,0.0013987381634013075,0.0013987381634013077,0.0003156505236052012,0.0006452884288444154,-0.0495157211398169
11.55,230.57132929027932,-0.001464083499179953,-0.0003389120541342761,-0.00217121086904423,0.0014642421277390539,0.0014642421277390539,0.00033888191382846935,0.0006924062489343292,-0.0434242173808846
11.56,230.7713292780793,-0.0015339308578603734,-0.00035903285539939055,-0.0018540067669402752,0.0015340834884875934,0.0015340834884875934,0.000359004127654874,0.0007333490901946239,-0.037080135338805505
11.57,230.9713292645525,-0.0016074818448242384,-0.0003759317831341284,-0.0015268692753929564,0.0016076287299029435,0.0016076287299029435,0.0003759030553896118,0.0007678823980782531,-0.03053738550785913
11.58,231.17132924988158,-0.001684083068222035,-0.0003895232242274624,-0.0011925334339749937,0.0016842244384232445,0.0016842244384232445,0.00038949584284374647,0.0007958339300717254,-0.023850668679499875
11.59,231.37132923428464,-0.0017630667533415918,-0.00039974898647432135,-0.0008537483374525924,0.0017632028029636738,0.0017632028029636738,0.00039972288835254656,0.0008170778047347298,-0.01707496674905185
11.6,231.57132921800726,-0.001843756234598708,-0.0004065783456242391,-0.0005132584972588718,0.001843887151841009,0.0018438871518410092,0.0004065534706218479,0.0008315458127621059,-0.010265169945177437
11.61,231.7713292013137,-0.0019254714369213953,-0.0004100078854241635,-0.0001737810925541877,0.0019255974040291548,0.001925597404029155,0.0004099841762188978,0.0008392243264780871,-0.0034756218510837537
11.620000000000001,231.97132918447792,-0.0020075343029542403,-0.0004100611185716829,0.0001620151043321383,0.0020076555282213457,0.0020076555282213457,0.0004100374093664171,0.0008401513740150477,0.0032403020866427663
11.63,232.17132916777433,-0.0020892741239065386,-0.0004067879048289741,0.0004915292264527326,0.0020893907977072284,0.0020893907977072284,0.0004067653067844274,0.0008344245215459271,0.009830584529054652
11.64,232.37132915146907,-0.0021700327336084744,-0.000400263660428266,0.0008122505462696801,0.002170145016298513,0.002170145016298513,0.00040024212146876114,0.0008221856931005075,0.016245010925393603
11.65,232.57132913581168,-0.0022491695243758627,-0.00039058837750466146,0.001121774257662667,0.0022492775712775076,0.0022492775712775076,0.0003905678479947916,0.0008036284717023583,0.022435485153253342
11.66,232.77132912102755,-0.002326066250116029,-0.000377885472771197,0.0014178198368766746,0.002326170211637576,0.002326170211637576,0.0003778659054000292,0.0007789935129164342,0.02835639673753349
11.67,232.97132910731133,-0.002400131581538599,-0.0003623004635203983,0.0016982472235416443,0.002400231629586181,0.002400231629586181,0.0003622808961492305,0.0007485641085943228,0.033964944470832883
11.68,233.17132909482157,-0.002470805381082154,-0.00034399949223666354,0.0019610709244118974,0.002470901672773168,0.002470901672773168,0.0003439808419159313,0.0007126707005595943,0.039221418488237944
11.69,233.3713290836766,-0.0025375626681551134,-0.0003231677026047813,0.0022044756253719643,0.0025376553358321843,0.0025376553358321843,0.0003231499263530884,0.0006716764060644987,0.04408951250743928
11.700000000000001,233.57132907395194,-0.0025999172459909214,-0.00030000748970628835,0.0024268257620008197,0.002600006417842445,0.002600006417842445,0.0002999905465597359,0.0006259811572978963,0.0485365152400164
11.71,233.77132906567877,-0.002657424968486891,-0.00027473664723681637,0.0026266765399810287,0.0026575107686458528,0.0026575107686458528,0.0002747204981526353,0.0005760161039917291,0.05253353079962057
11.72,233.97132905884442,-0.002709686626282498,-0.00024758641673456276,0.0028027825205732084,0.0027097691966247337,0.0027097691966247337,0.00024757026765038175,0.0005222382272670108,0.05605565041146417
11.73,234.17132905339372,-0.002756350434869749,-0.00021879946250776436,0.0029541039030264115,0.0027564299050649318,0.0027564299050649318,0.00021878407026950262,0.00046513243958965454,0.05908207806052823
11.74,234.37132904923195,-0.0027971141111700665,-0.00018862778019006711,0.003079813514226875,0.0027971905904413986,0.002797190590441399,0.00018861310932676513,0.00040519812455794426,0.0615962702845375
11.75,234.57132904622873,-0.0028317265266647835,-0.00015733056283559387,0.0031792983293411027,0.002831800120807061,0.0028318001208070616,0.0001573165795401834,0.00034295116028843745,0.06358596658682206
11.76,234.7713290442232,-0.0028599889319656006,-0.0001251720479387088,0.0032521617636627046,0.0028600597434266994,0.0028600597434267,0.00012515871998796576,0.0002789180374101985,0.06504323527325409
11.77,234.97132904302975,-0.0028817557492924716,-9.241935344895475e-05,0.0032982235896472736,0.002881823895163438,0.0028818238951634385,9.24060254982117e-05,0.0002136302899480578,0.06596447179294547
11.78,235.17132904244463,-0.002896934932975362,-5.934032567175018e-05,0.003317517650072086,0.002897000520273564,0.0028970005202735645,5.932762235168764e-05,0.0001476252499061109,0.06635035300144172
11.790000000000001,235.37132904225263,-0.0029054879017072336,-2.620140831116001e-05,0.003310289915313359,0.0029055510205754915,0.002905551020575492,2.6189300347861365e-05,8.143411090147764e-05,0.06620579830626719
11.8,235.57132904223417,-0.002907429048118426,6.734445538683692e-06,0.003276991851974262,0.0029074897858699014,0.002907489785869902,-6.745986049008839e-06,1.5582925760681338e-05,0.06553983703948524
11.81,235.77132904217237,-0.0029028248372037907,3.920979772919628e-05,0.0032182743178975092,0.0029028832783892494,0.00290288327838925,-3.922079737849879e-05,-4.9412761973105076e-05,0.06436548635795018
11.82,235.97132904185966,-0.002891792506658843,7.09746782837078e-05,0.0031349794519992444,0.002891848747914445,0.0028918487479144455,-7.098567793301032e-05,-0.00011305286838687619,0.06269958903998489
11.83,236.17132904110403,-0.0028744983852832424,0.00010178844849281634,0.0030281307642262777,0.0028745525149311254,0.0028745525149311254,-0.00010179893263037445,-0.00017485234011143763,0.060562615284525556
11.84,236.37132903973452,-0.0028511558485521593,0.00013142156674621875,0.0028989235916748995,0.0028512079409877523,0.002851207940987752,-0.00013143155953226183,-0.00023435103965464612,0.05797847183349799
11.85,236.57132903760606,-0.0028220229318129857,0.0001596572402342656,0.002748711828836949,0.002822073059096519,0.0028220730590965185,-0.0001596667646959294,-0.0002911127988008936,0.054974236576738986
11.86,236.7713290346032,-0.0027873996261976986,0.00018629294715079295,0.0025789952954835397,0.0027874478581096786,0.002787447858109678,-0.0001863020252372977,-0.0003447295718934986,0.05157990590967079
11.870000000000001,236.971329030643,-0.0027476248831939253,0.00021114182557816318,0.0023914057098713784,0.0027476712994886406,0.00274767129948864,-0.00021115090366466793,-0.00039482509433444945,0.047828114197427565
11.88,237.17132902567653,-0.0027030733558582347,0.0002340339162292595,0.002187691490835409,0.002703118029428599,0.002703118029428599,-0.00023404256886009356,-0.0004410539574259011,0.04375382981670818
11.89,237.37132901968965,-0.0026541519064555217,0.00025481725655820194,0.0019697032272071677,0.0026541948987007457,0.002654194898700746,-0.0002548255036720827,-0.00048310905835715793,0.039394064544143355
11.9,237.5713290127024,-0.002601295910699195,0.0002733588162074865,0.0017393764845657397,0.0026013372810910246,0.0026013372810910246,-0.0002733666768120982,-0.0005207199808132862,0.034787529691314795
11.91,237.77132900476738,-0.002544965391766652,0.00028954526544787396,0.0014987155937596546,0.0025450051978951767,0.0025450051978951767,-0.0002895527576548399,-0.0005536554633307281,0.02997431187519309
11.92,237.97132899596733,-0.002485641017058633,0.0003032835782099235,0.0012497767829032689,0.0024856793247458307,0.0024856793247458307,-0.0003032910704168895,-0.0005817253475863207,0.02499553565806538
11.93,238.17132898641165,-0.002423819991367305,0.00031450146424037034,0.000994650871807852,0.002423856860772197,0.002423856860772197,-0.000314508605315768,-0.000604778642023814,0.01989301743615704
11.94,238.37132897623232,-0.002360011880547389,0.00032314763376894946,0.0007354470759411732,0.002360047362343084,0.002360047362343084,-0.0003231544401690597,-0.0006227084067146885,0.014708941518823465
11.950000000000001,238.57132896557917,-0.002294734398990966,0.00032919189211876124,0.00047427519655563534,0.0022947685422599344,0.0022947685422599344,-0.00032919837952892587,-0.0006354490736352524,0.009485503931112707
11.96,238.7713289546146,-0.0022285091955168055,0.0003326250633109821,0.00021322922471709812,0.0022285420477886632,0.0022285420477886632,-0.0003326312466813533,-0.00064297707288482,0.004264584494341962
11.97,238.97132894350852,-0.002161857670909152,0.00033345875009446437,-4.562897800378904e-05,0.002161889286507004,0.002161889286507004,-0.0003334649334648356,-0.0006453109740646012,-0.0009125795600757808
11.98,239.17132893243263,-0.002095296859680644,0.0003317249321224649,-0.00030028573168562503,0.002095327288254277,0.002095327288254277,-0.00033173082570064596,-0.0006425083785187492,-0.0060057146337125005
11.99,239.37132892155518,-0.002029335407733223,0.00032747541137669283,-0.0005487900416015751,0.002029364691103336,0.002029364691103336,-0.00032748102874659535,-0.0006346684105821574,-0.010975800832031502
12.0,239.5713289110359,-0.0019644696756719996,0.00032078110904719257,-0.0007892688011754321,0.0019644978543466346,0.0019644978543466346,-0.00032078646315157464,-0.0006219279477596829,-0.015785376023508643
