t_s,x_m,y_m,heading_rad,yaw_rate_radps,signed_error_m,distance_error_m,heading_error_rad,curvature_command_pm,lateral_accel_mps2
0.0,0.0,0.0,0.0,0.0,3.152737647920627e-06,3.1527376479212332e-06,6.200881182970891e-07,4.392913884514805e-06,0.0
0.01,0.19999999999999998,5.827932420122974e-10,8.72754844482838e-09,1.7397104569162655e-06,3.2761724783380246e-06,3.2761724783380246e-06,6.113605698522606e-07,4.498893618042546e-06,3.479420913832531e-05
0.02,0.3999999999999999,4.6533265285236734e-09,3.488993789032156e-08,3.4869431252422972e-06,3.4006930807799193e-06,3.4006930807799193e-06,6.156882608671654e-07,4.63206960251425e-06,6.973886250484595e-05
0.03,0.5999999999999995,1.5709648409699722e-08,7.861567491746185e-08,5.252319492193716e-06,3.5229513278050588e-06,3.522951327805059e-06,6.039518153890281e-07,4.7308549585831155e-06,0.00010504638984387433
0.04,0.7999999999999984,3.7277889257259575e-08,1.4001606917015848e-07,7.021860687121569e-06,3.639574695968903e-06,3.639574695968903e-06,5.761136401402837e-07,4.79180197624947e-06,0.0001404372137424314
0.05,0.9999999999999952,7.289209783137051e-08,2.190571805198652e-07,8.780499254921944e-06,3.747186429256875e-06,3.747186429256875e-06,4.970725287905769e-07,4.741331486838029e-06,0.00017560998509843888
0.06,1.199999999999988,1.2605480585579435e-07,3.1540970885071547e-07,1.0484326792995454e-05,3.844292160901576e-06,3.844292160901576e-06,4.359324894954152e-07,4.716157139892406e-06,0.00020968653585990907
0.07,1.3999999999999744,2.0017720523176342e-07,4.2858124529987217e-07,1.2144446576054105e-05,3.925979786252216e-06,3.925979786252216e-06,3.5970485342957154e-07,4.64538949311136e-06,0.00024288893152108208
0.08,1.59999999999995,2.985736310449195e-07,5.580484723713173e-07,1.3743667919155758e-05,3.989116625180892e-06,3.989116625180892e-06,2.68998076318863e-07,4.527112777818618e-06,0.00027487335838311515
0.09,1.7999999999999101,4.2443642406965703e-07,7.031140672634638e-07,1.5264381840498912e-05,4.030696457643143e-06,4.030696457643144e-06,1.645987964088058e-07,4.359894050460755e-06,0.00030528763680997824
0.1,1.999999999999849,5.808007782406519e-07,8.629035196975427e-07,1.6688760555815057e-05,4.047874676206587e-06,4.047874676206587e-06,4.809343974726817e-09,4.057493364156041e-06,0.0003337752111163011
0.11,2.1999999999997586,7.704978347439045e-07,1.036194476727628e-06,1.79651759874173e-05,4.04025337142323e-06,4.040253371423231e-06,-1.2581571812720768e-07,3.7886219351688146e-06,0.00035930351974834603
0.12,2.399999999999631,9.960853609194817e-07,1.2215886173891286e-06,1.9109836480161825e-05,4.003456165785125e-06,4.003456165785125e-06,-2.6644606667126146e-07,3.470564032442602e-06,0.0003821967296032365
0.13,2.599999999999457,1.2598465871237116e-06,1.4176837599829841e-06,2.0105871807951156e-05,3.935419934314301e-06,3.935419934314302e-06,-4.1557636336399675e-07,3.1042672075863075e-06,0.00040211743615902314
0.14,2.7999999999992258,1.563767674761356e-06,1.622912578913552e-06,2.0937121053124545e-05,3.834384032166964e-06,3.834384032166964e-06,-5.715310589575101e-07,2.691321914251944e-06,0.0004187424210624909
0.15,2.999999999998926,1.9095054774013225e-06,1.835550904587558e-06,2.158837316747731e-05,3.6989225335180434e-06,3.6989225335180434e-06,-7.841693846315162e-07,2.130583764255011e-06,0.00043176746334954623
0.16,3.199999999998548,2.2983434860567797e-06,2.0535230210170223e-06,2.2004662440320387e-05,3.5307002184422385e-06,3.5307002184422385e-06,-9.504445531163278e-07,1.629811112209583e-06,0.00044009324880640773
0.17,3.3999999999980797,2.7311230100468653e-06,2.2746217756659433e-06,2.2214389375906376e-05,3.3266722236868565e-06,3.3266722236868565e-06,-1.1173044033974756e-06,1.0920634168919053e-06,0.00044428778751812756
0.18,3.5999999999975096,3.2082592795192867e-06,2.496728604824822e-06,2.220700108434538e-05,3.086690013437452e-06,3.0866900134374524e-06,-1.2825053848557509e-06,5.216792437259502e-07,0.0004441400216869076
0.19,3.7999999999968295,3.7297339045738134e-06,2.7176290837467122e-06,2.197387182399198e-05,2.8110452286382436e-06,2.8110452286382436e-06,-1.4437019385296112e-06,-7.635864842097892e-08,0.00043947743647983965
0.2,3.9999999999960303,4.2950777028826045e-06,2.93503328653377e-06,2.1508519959049474e-05,2.500486859372245e-06,2.500486859372245e-06,-1.6611061413166692e-06,-8.217254232610934e-07,0.0004301703991809895
0.21,4.1999999999951045,4.9033411913922535e-06,3.146349352157359e-06,2.075719765849786e-05,2.159536716608799e-06,2.1595367166087986e-06,-1.8097826234202126e-06,-1.4600285302316262e-06,0.0004151439531699572
0.22,4.39999999999405,5.553036872951601e-06,3.3489586905689727e-06,1.9767967569581983e-05,1.7870123189445254e-06,1.7870123189445254e-06,-1.9466723741711763e-06,-2.106332429397827e-06,0.00039535935139163966
0.23,4.599999999992862,6.242186011013101e-06,3.5404899614110902e-06,1.8542372056138617e-05,1.3852155477045502e-06,1.3852155477045502e-06,-2.0692526095766323e-06,-2.7532896714487143e-06,0.0003708474411227723
0.24,4.7999999999915435,6.968338107852142e-06,3.7186016921737367e-06,1.708483272603384e-05,9.56927989830613e-07,9.569279898306129e-07,-2.175022968335595e-06,-3.393117946840577e-06,0.0003416966545206768
0.25,4.999999999990099,7.728579795973063e-06,3.881011648571594e-06,1.5402765634501893e-05,5.054020464758722e-07,5.054020464758721e-07,-2.337432924733452e-06,-4.169463802991032e-06,0.0003080553126900379
0.26,5.199999999988535,8.519529570776582e-06,4.025225632801504e-06,1.3446552144845658e-05,3.834769861539626e-08,3.834769861539626e-08,-2.4057484980740447e-06,-4.773149297532694e-06,0.00026893104289691316
0.27,5.399999999986862,9.337298816210083e-06,4.148872443767347e-06,1.1289998803900891e-05,-4.4358156744491737e-07,4.4358156744491737e-07,-2.449764959503599e-06,-5.343111486452116e-06,0.00022579997607801783
0.28,5.599999999985098,1.0177579560649046e-05,4.250035583264655e-06,8.950427930325426e-06,-9.356862364719033e-07,9.356862364719033e-07,-2.4673823133781866e-06,-5.870450863228276e-06,0.00017900855860650852
0.29,5.799999999983256,1.1035698920909873e-05,4.3269877364804e-06,6.448343278602638e-06,-1.4328922557010771e-06,1.4328922557010774e-06,-2.4566807254399536e-06,-6.346253706580984e-06,0.00012896686557205275
0.3,5.99999999998136,1.1906660101146316e-05,4.378222298558953e-06,3.8073726718131358e-06,-1.929792033731673e-06,1.9297920337316733e-06,-2.507915287518507e-06,-6.9456226087686865e-06,7.614745343626271e-05
0.31,6.199999999979431,1.278516522535561e-05,4.402118713609514e-06,9.813307982045364e-07,-2.4158430188919886e-06,2.4158430188919886e-06,-2.4398480183460327e-06,-7.2955390555840535e-06,1.9626615964090726e-05
0.32,6.399999999977493,1.3665595914530538e-05,4.397340248834804e-06,-1.9273278944796683e-06,-2.8893467372185464e-06,2.8893467372185464e-06,-2.3385840082405645e-06,-7.566514753699675e-06,-3.854655788959337e-05
0.33,6.599999999975572,1.4542145596717922e-05,4.363225777140285e-06,-4.885704852570504e-06,-3.3440221971434315e-06,3.344022197143432e-06,-2.203239795068304e-06,-7.750501787280039e-06,-9.771409705141007e-05
0.34,6.799999999973694,1.540890922256244e-05,4.299455877998103e-06,-7.858365769198158e-06,-3.7734782660598586e-06,3.7734782660598586e-06,-2.0332626855669426e-06,-7.840003637193744e-06,-0.00015716731538396316
0.35000000000000003,6.999999999971883,1.6259954052400695e-05,4.206076847607614e-06,-1.080760916329468e-05,-4.171284457414187e-06,4.171284457414188e-06,-1.9398836551764534e-06,-8.051051767767093e-06,-0.00021615218326589362
0.36,7.199999999970162,1.7089365397029466e-05,4.083079054928171e-06,-1.3782034285042615e-05,-4.525171280555419e-06,4.5251712805554185e-06,-1.7054564474692144e-06,-7.936084175493849e-06,-0.0002756406857008523
0.37,7.399999999968554,1.7891237740721385e-05,3.930860890455913e-06,-1.6652031626295643e-05,-4.8339828435984435e-06,4.8339828435984435e-06,-1.4363298885879524e-06,-7.706642620774348e-06,-0.0003330406325259129
0.38,7.5999999999670775,1.8659845931073144e-05,3.7506836877251607e-06,-1.937433426914388e-05,-5.0914191567067225e-06,5.0914191567067225e-06,-1.1334959171162105e-06,-7.3584109909391435e-06,-0.0003874866853828776
0.39,7.7999999999657454,1.93897606349066e-05,3.5442457264228392e-06,-2.1904822742914896e-05,-5.291461917190041e-06,5.291461917190041e-06,-7.983701711641204e-07,-6.888202259518282e-06,-0.0004380964548582979
0.4,7.999999999964568,2.007593642460467e-05,3.3136884300331684e-06,-2.419898905394287e-05,-5.428462595837706e-06,5.428462595837704e-06,-5.678128747744496e-07,-6.564088345386605e-06,-0.0004839797810788574
0.41000000000000003,8.19999999996355,2.0713764805796517e-05,3.061061293284337e-06,-2.631937011859985e-05,-5.4901127972008196e-06,5.4901127972008196e-06,-1.8017039412165548e-07,-5.8504535854441305e-06,-0.0005263874023719971
0.42,8.399999999962692,2.1299056119313397e-05,2.788858779441366e-06,-2.811514652509155e-05,-5.477977828161787e-06,5.477977828161787e-06,2.3368613790208372e-07,-5.01060555235762e-06,-0.000562302930501831
0.43,8.599999999961991,2.1828234485477962e-05,2.500545442058044e-06,-2.9542762071267957e-05,-5.387785299737532e-06,5.387785299737532e-06,6.706185865238473e-07,-4.046548126689838e-06,-0.0005908552414253591
0.44,8.799999999961438,2.22984599367548e-05,2.2000130888054184e-06,-3.056031661543864e-05,-5.215981611811945e-06,5.2159816118119455e-06,1.1270776095729608e-06,-2.961826392666023e-06,-0.0006112063323087727
0.45,8.999999999961018,2.270771201903228e-05,1.8915613234140312e-06,-3.112814364172227e-05,-4.9598155544141125e-06,4.9598155544141125e-06,1.435529374964348e-06,-2.0887568044854166e-06,-0.0006225628728344455
0.46,9.199999999960715,2.3054825515023283e-05,1.579222250257e-06,-3.133896821720238e-05,-4.608792204855837e-06,4.608792204855837e-06,1.911461977509249e-06,-7.858682498373385e-07,-0.0006267793643440476
0.47000000000000003,9.399999999960512,2.3339434620158745e-05,1.2673843660768854e-06,-3.102963974877708e-05,-4.169518860410801e-06,4.169518860410801e-06,2.3949372219005853e-06,6.203555833903699e-07,-0.0006205927949755417
0.48,9.599999999960387,2.356216998407636e-05,9.61402830685668e-07,-3.0169534444638503e-05,-3.6417822375380805e-06,3.6417822375380805e-06,2.8809954492916393e-06,2.120208661045198e-06,-0.0006033906888927701
0.49,9.79999999996032,2.3724762421363017e-05,6.669167164464188e-07,-2.8732478751741927e-05,-3.026448470064541e-06,3.0264484700645416e-06,3.364412538947903e-06,3.702376607831265e-06,-0.0005746495750348385
0.5,9.999999999960293,2.383009505997291e-05,3.898017526126001e-07,-2.6697298180941783e-05,-2.325515257597012e-06,2.325515257597012e-06,3.6415275027817223e-06,4.957539747966433e-06,-0.0005339459636188356
0.51,10.199999999960285,2.3882192904665653e-05,1.3533010088209267e-07,-2.4205338978294195e-05,-1.5317031301447975e-06,1.5317031301447973e-06,4.094219759882957e-06,6.656736389621117e-06,-0.0004841067795658839
0.52,10.399999999960285,2.3886097274973356e-05,-9.109365113473572e-08,-2.108979691841209e-05,-6.585024796656859e-07,6.58502479665686e-07,4.528610502857475e-06,8.398718526049264e-06,-0.0004217959383682418
0.53,10.59999999996028,2.384804287347201e-05,-2.8321061613931846e-07,-1.7346075577983216e-05,2.8887455090085523e-07,2.888745509008552e-07,4.938920055188792e-06,1.016671466127844e-05,-0.00034692151155966435
0.54,10.799999999960267,2.3775518521112564e-05,-4.347497196834352e-07,-1.2976311506383604e-05,1.3039868387927416e-06,1.3039868387927418e-06,5.319380113475611e-06,1.1942747065743963e-05,-0.00025952623012767207
0.55,10.999999999960243,2.3677262746313212e-05,-5.394967575295165e-07,-7.989718604393853e-06,2.3791686923453514e-06,2.3791686923453514e-06,5.424127151321692e-06,1.3227422994988736e-05,-0.00015979437208787705
0.56,11.19999999996021,2.3563181512787e-05,-5.923209093814459e-07,-2.5931011026944948e-06,3.5182113675197715e-06,3.518211367519772e-06,5.717128117715292e-06,1.4952467602950357e-05,-5.1862022053889896e-05
0.5700000000000001,11.399999999960176,2.344412512474733e-05,-5.882877645861513e-07,3.3798196488950643e-06,4.700027111568323e-06,4.700027111568323e-06,5.965081068680314e-06,1.663018924892895e-05,6.759639297790129e-05
0.58,11.599999999960144,2.3332031243782355e-05,-5.217855567945686e-07,9.898890932883413e-06,5.913917254300721e-06,5.91391725430072e-06,6.162954870631639e-06,1.8239826995564e-05,0.00019797781865766825
0.59,11.799999999960121,2.323992717776122e-05,-3.875422980083837e-07,1.692633521353665e-05,7.148123938325379e-06,7.148123938325379e-06,6.306086717164846e-06,1.9760297372655072e-05,0.000338526704270733
0.6,11.999999999960114,2.318185430813427e-05,-1.8070191012517942e-07,2.441677338683228e-05,8.389905691775658e-06,8.389905691775656e-06,6.0992463292816425e-06,2.058839835033894e-05,0.0004883354677366455
0.61,12.199999999960113,2.317270012908041e-05,1.0194400014670375e-07,3.20868409064241e-05,9.640971420200083e-06,9.640971420200083e-06,6.107613746879007e-06,2.1856198913958095e-05,0.000641736818128482
0.62,12.399999999960105,2.3227862516360745e-05,4.630474483137616e-07,4.010711357567323e-05,1.0873518897773742e-05,1.0873518897773742e-05,6.0518324019663125e-06,2.2977183701706367e-05,0.0008021422715134645
0.63,12.599999999960058,2.3363361382116868e-05,9.057840138645689e-07,4.841251392525417e-05,1.2073029441328842e-05,1.2073029441328842e-05,5.929430229412609e-06,2.393188990015406e-05,0.0009682502785050834
0.64,12.79999999995992,2.3595784526532697e-05,1.432646298753122e-06,5.69315453155387e-05,1.3224453385011648e-05,1.3224453385011647e-05,5.738652734394572e-06,2.4701758853800794e-05,0.001138630906310774
0.65,12.999999999959618,2.394214478568936e-05,2.0453821696754897e-06,6.558677711521429e-05,1.4312352932478962e-05,1.4312352932478962e-05,5.125916863472205e-06,2.4564186659423372e-05,0.0013117355423042858
0.66,13.199999999959044,2.441963178654783e-05,2.743537257454097e-06,7.401614160342643e-05,1.5339647652964424e-05,1.5339647652964424e-05,4.780371349547177e-06,2.4900390352058778e-05,0.0014803228320685287
0.67,13.39999999995806,2.5045167857688444e-05,3.5258165922273964e-06,8.241173907470335e-05,1.627438532676623e-05,1.627438532676623e-05,4.368038838815549e-06,2.5010463004397327e-05,0.001648234781494067
0.68,13.599999999956493,2.5835514305429268e-05,4.391436596053483e-06,9.068468426881013e-05,1.7101623612698506e-05,1.7101623612698506e-05,3.890555310368434e-06,2.4882734233435373e-05,0.0018136936853762025
0.6900000000000001,13.799999999954126,2.6807185876574236e-05,5.338710482014643e-06,9.874323019026197e-05,1.7806711444553713e-05,1.7806711444553713e-05,3.3505018604163047e-06,2.4507715165386324e-05,0.001974864603805239
0.7000000000000001,13.9999999999507,2.7976267563279066e-05,6.365024255217175e-06,0.00010649368871001144,1.8375472226327567e-05,1.8375472226327563e-05,2.3241880872137727e-06,2.3023848400755112e-05,0.0021298737742002287
0.71,14.199999999945915,2.935811419210749e-05,7.465124661339181e-06,0.00011350302725806938,1.8816916599969008e-05,1.8816916599969005e-05,1.6513303515222418e-06,2.2119577303013492e-05,0.0022700605451613873
0.72,14.399999999939434,3.096682377879068e-05,8.632825623082625e-06,0.00012001545625578789,1.9098735411165395e-05,1.9098735411165395e-05,9.318786926375673e-07,2.096249279644053e-05,0.002400309125115758
0.73,14.599999999930878,3.281538928115439e-05,9.862705133456024e-06,0.0001259406943536173,1.9210139644947428e-05,1.9210139644947428e-05,1.7228791373232914e-07,1.9554715472412086e-05,0.002518813887072346
0.74,14.799999999919837,3.491562985447393e-05,1.1148451553270314e-05,0.00013119108770295355,1.9141568266857468e-05,1.9141568266857468e-05,-6.200467867630141e-07,1.790147469333144e-05,0.002623821754059071
0.75,14.99999999990587,3.7278015947536726e-05,1.248289580144013e-05,0.0001356827890839465,1.8884863127041123e-05,1.8884863127041123e-05,-1.9544910349328297e-06,1.4975881057175464e-05,0.0027136557816789296
0.76,15.199999999888519,3.9911364667885066e-05,1.3855998498380287e-05,0.00013892693611293637,1.8460729667545812e-05,1.8460729667545812e-05,-2.80992219296448e-06,1.2840885281616852e-05,0.0027785387222587273
0.77,15.399999999867319,4.28222733123422e-05,1.5256978735584477e-05,0.00014126132975117475,1.784050489475774e-05,1.7840504894757742e-05,-3.6677783577442353e-06,1.0504948179269268e-05,0.002825226595023495
0.78,15.599999999841813,4.601538701204545e-05,1.6676430134182535e-05,0.00014262440622568633,1.702221406552937e-05,1.702221406552937e-05,-4.517401803932487e-06,7.987410457664395e-06,0.002852488124513727
0.79,15.799999999811554,4.94934110328248e-05,1.8104375217942886e-05,0.0001429634802412314,1.60058879447441e-05,1.6005887944744096e-05,-5.347502200807542e-06,5.310883543129015e-06,0.002859269604824628
0.8,15.999999999776126,5.325700580922996e-05,1.953035981413756e-05,0.00014223586446609368,1.4793667771551094e-05,1.4793667771551092e-05,-6.773486797002216e-06,1.2466941775466622e-06,0.0028447172893218734
0.81,16.19999999973515,5.730453553310687e-05,2.0941066071020987e-05,0.00013991312962334548,1.3422960413374388e-05,1.3422960413374388e-05,-7.5569542398824e-06,-1.6909480663904126e-06,0.0027982625924669094
0.8200000000000001,16.39999999968833,6.163150945372655e-05,2.2322939400446324e-05,0.00013647300373793863,1.1871520564301511e-05,1.187152056430151e-05,-8.280749529703452e-06,-4.689978495105393e-06,0.0027294600747587725
0.8300000000000001,16.599999999635425,6.623104286240949e-05,2.3664794927935555e-05,0.00013191330128491802,1.0149468468849264e-05,1.0149468468849264e-05,-8.932171659104024e-06,-7.714874849358783e-06,0.0026382660256983603
0.84,16.79999999957629,7.109401661717341e-05,2.4955496714120367e-05,0.0001262459477728049,8.269238337362075e-06,8.269238337362075e-06,-9.498494038218565e-06,-1.0727749739075054e-05,0.002524918955456098
0.85,16.999999999510866,7.620910126096007e-05,2.6184102162218215e-05,0.00011949763698097919,6.2455542282325024e-06,6.2455542282325024e-06,-1.0727099486316413e-05,-1.5208644744400322e-05,0.0023899527396195838
0.86,17.199999999439203,8.15626089818837e-05,2.7336992513627248e-05,0.000111108398380401,4.13544589346424e-06,4.13544589346424e-06,-1.111999557761405e-05,-1.8104545261763863e-05,0.00222216796760802
0.87,17.399999999361484,8.713797699355319e-05,2.840107045594109e-05,0.00010173842439106776,1.9230812646674633e-06,1.9230812646674633e-06,-1.1386713540882632e-05,-2.0850345817097802e-05,0.002034768487821355
0.88,17.599999999277998,9.29164884975681e-05,2.9366924266854485e-05,9.146657844240184e-05,-3.689025953662107e-07,3.6890259536621074e-07,-1.151600472876495e-05,-2.340091205289611e-05,0.0018293315688480368
0.89,17.799999999189154,9.887762867919591e-05,3.022601269425874e-05,8.038803676643488e-05,-2.7159742471087e-06,2.7159742471087004e-06,-1.1497400681097796e-05,-2.5710775609304294e-05,0.0016077607353286976
0.9,17.999999999095465,0.00010499927505031671,3.097082712738198e-05,6.861409765646668e-05,-5.091898216497351e-06,5.091898216497351e-06,-1.2242215114221035e-05,-2.957632844493942e-05,0.0013722819531293336
0.91,18.199999998997544,0.00011125767563933996,3.1591391930599936e-05,5.554243667205499e-05,-7.420407552832375e-06,7.420407552832375e-06,-1.1941935658600198e-05,-3.130427887003277e-05,0.0011108487334410997
0.92,18.399999998896124,0.00011762697499522864,3.2079105642495886e-05,4.204529770024998e-05,-9.714898054024358e-06,9.714898054024358e-06,-1.1463532022765454e-05,-3.2641962099555265e-05,0.0008409059540049995
0.93,18.59999999879201,0.0001240802320195283,3.243053110560725e-05,2.828566193420514e-05,-1.1943678756743872e-05,1.1943678756743872e-05,-1.0801341489414834e-05,-3.3546361735573536e-05,0.0005657132386841028
0.9400000000000001,18.79999999868607,0.0001305899857892201,3.2643930246506174e-05,1.444031895817786e-05,-1.4074422126217129e-05,1.4074422126217127e-05,-9.95129104755327e-06,-3.3977004221323666e-05,0.00028880637916355717
0.9500000000000001,18.999999998579185,0.00013712860875297227,3.271939573608373e-05,6.985862904932633e-07,-1.6074517251310217e-05,1.6074517251310217e-05,-1.0026756537130826e-05,-3.6128030325571864e-05,1.3971725809865266e-05
0.96,19.19999999847226,0.00014366838886600177,3.26545354416397e-05,-1.3622905250847267e-05,-1.7852622955337137e-05,1.7852622955337137e-05,-8.84616338507552e-06,-3.554494972548818e-05,-0.00027245810501694533
0.97,19.399999998366223,0.00015018104778320246,3.244904130667787e-05,-2.7429896871118907e-05,-1.9428019532815958e-05,1.9428019532815958e-05,-7.470083044509882e-06,-3.4368185621835726e-05,-0.0005485979374223782
0.98,19.599999998261957,0.00015663904858556808,3.210918671250778e-05,-4.049746193151303e-05,-2.076741509274839e-05,2.076741509274839e-05,-5.902092524854372e-06,-3.257160014245714e-05,-0.0008099492386302605
0.99,19.79999999816028,0.00016301633593260263,3.164352389234636e-05,-5.259477634817306e-05,-2.183885787895426e-05,2.1838857878954262e-05,-4.147915185429735e-06,-3.0134688249813728e-05,-0.001051895526963461
1.0,19.99999999806192,0.00016928879694373734,3.1062931128995625e-05,-6.348746612139708e-05,-2.2612197149732032e-05,2.2612197149732032e-05,-3.5673224220789968e-06,-2.9746841993890026e-05,-0.0012697493224279417
1.01,20.199999997967495,0.00017543437042160192,3.0375264058490605e-05,-7.401086877794306e-05,-2.2988276689880152e-05,2.2988276689880152e-05,-1.5277943562789875e-06,-2.6043865402438127e-05,-0.0014802173755588612
1.02,20.399999997877547,0.00018143244814957564,2.959076514818881e-05,-8.285941711831473e-05,-2.3004112301871177e-05,2.3004112301871177e-05,6.750257432774331e-07,-2.165406081531631e-05,-0.0016571883423662946
1.03,20.599999997792484,0.0001872654186233334,2.8727381110880323e-05,-8.979427336982428e-05,-2.263511979073054e-05,2.263511979073054e-05,3.0264578765636003e-06,-1.658220403760334e-05,-0.0017958854673964858
1.04,20.799999997712554,0.00019291949630099732,2.7805413823482753e-05,-9.458322041007048e-05,-2.1860369563041133e-05,2.186036956304113e-05,5.509627384697095e-06,-1.0841114793646943e-05,-0.0018916644082014097
1.05,20.99999999763786,0.00019838518499206936,2.684743879708915e-05,-9.700371627474207e-05,-2.0663050013165066e-05,2.0663050013165066e-05,6.467602411090698e-06,-7.72784519098367e-06,-0.0019400743254948413
1.06,21.199999997568366,0.00020365728726512428,2.5871684492534976e-05,-9.814334574202718e-05,-1.894455365654275e-05,1.8944553656542745e-05,9.081308672579946e-06,-7.819363113828557e-07,-0.0019628669148405438
1.07,21.399999997503926,0.00020873402809798664,2.489844676900186e-05,-9.65096448195141e-05,-1.6772924766867756e-05,1.6772924766867752e-05,1.177302035059978e-05,6.773115934331804e-06,-0.0019301928963902822
1.08,21.599999997444268,0.0002136187465538396,2.395639364242154e-05,-9.191629219262074e-05,-1.4143054448761197e-05,1.4143054448761196e-05,1.4518027018206959e-05,1.4892999587652721e-05,-0.0018383258438524148
1.09,21.79999999738899,0.00021832069450571486,2.3075949797288218e-05,-8.4198204667293e-05,-1.1055539016014443e-05,1.1055539016014443e-05,1.729005600492032e-05,2.35245729938262e-05,-0.00168396409334586
1.1,21.99999999733758,0.00022285536570155803,2.2289068772925522e-05,-7.321461342103712e-05,-7.5170090519891686e-06,7.5170090519891686e-06,1.8076937029283017e-05,2.8636865006576866e-05,-0.0014642922684207423
1.11,22.19999999728942,0.00022724424965672968,2.1621089348634416e-05,-6.0423908569824154e-05,-3.4357773083356737e-06,3.4357773083356737e-06,2.0729489172003682e-05,3.802320103567169e-05,-0.0012084781713964832
1.12,22.399999997243853,0.0002315134888408267,2.1098394533538076e-05,-4.416923852536278e-05,1.077418742544388e-06,1.077418742544388e-06,2.333431423383692e-05,4.7746047210218224e-05,-0.0008833847705072556
1.1300000000000001,22.599999997200126,0.00023569562580691628,2.075594843673621e-05,-2.4385927447671743e-05,6.0002717431303e-06,6.000271743130301e-06,2.586124253478859e-05,5.772275681270748e-05,-0.00048771854895343484
1.1400000000000001,22.79999999715739,0.0002398302492122439,2.062919130405742e-05,-1.0433104572311442e-06,1.1303679727568929e-05,1.1303679727568929e-05,2.827986374652963e-05,6.786340722062819e-05,-2.0866209144622885e-05
1.1500000000000001,22.999999997114667,0.00024396405429495446,2.0753688331707024e-05,2.5853058375720945e-05,1.6951685653930606e-05,1.6951685653930606e-05,2.815536671888003e-05,7.326241909169066e-05,0.0005170611675144189
1.16,23.19999999707085,0.00024815019300834475,2.115520364891214e-05,5.435499537798636e-05,2.3028262523050184e-05,2.3028262523050187e-05,3.0158374314743956e-05,8.334501115253809e-05,0.0010870999075597272
1.17,23.399999997024707,0.0002524462852831849,2.185893847045826e-05,8.628553019590938e-05,2.9373293508998893e-05,2.9373293508998893e-05,3.1977357360710274e-05,9.332800823041944e-05,0.0017257106039181877
1.18,23.59999999697475,0.0002569161676621751,2.2898640320351107e-05,0.0001215373297882915,3.593534236372079e-05,3.593534236372079e-05,3.358437632804639e-05,0.00010310409501981357,0.00243074659576583
1.19,23.799999996919173,0.00026163030533458173,2.430678084739632e-05,0.00015996268674212653,4.265664885269879e-05,4.265664885269879e-05,3.49530527709437e-05,0.00011256275439458619,0.0031992537348425306
1.2,23.999999996855763,0.0002666654964298648,2.6114149730973115e-05,0.00020137305073280744,4.9473424479230444e-05,4.9473424479230444e-05,3.31456838873669e-05,0.00011576479225396424,0.004027461014656149
1.21,24.199999996781788,0.00027210372178065683,2.8337870282282257e-05,0.0002432315265317749,5.646982693559955e-05,5.646982693559955e-05,3.383526885357845e-05,0.00012414036464275643,0.004864630530635497
1.22,24.399999996693946,0.0002780293832153596,3.099265753897402e-05,0.000287578097875494,6.343726835301481e-05,6.343726835301481e-05,3.423698191986696e-05,0.00013191123219274872,0.005751561957509879
1.23,24.599999996588185,0.0002845310854419705,3.4101943910118075e-05,0.0003341240180103054,7.030216705429896e-05,7.030216705429895e-05,3.4334426185747385e-05,0.00013897101942579373,0.006682480360206108
1.24,24.79999999645953,0.0002917018187063886,3.7686091680679255e-05,0.0003825441302395006,7.69869248692733e-05,7.69869248692733e-05,3.4114620266292876e-05,0.00014521616540185905,0.007650882604790013
1.25,24.99999999630192,0.0002996383089725549,4.176203812066609e-05,0.0004324787035202706,8.341057698930385e-05,8.341057698930385e-05,3.0038673826306038e-05,0.0001434879246419159,0.008649574070405413
1.26,25.1999999961081,0.00030843936258662943,4.6328936405873694e-05,0.00048074007680662183,8.96756049817282e-05,8.96756049817282e-05,2.9001471819569704e-05,0.0001476785486208676,0.009614801536132436
1.27,25.3999999958696,0.0003182022930523306,5.138197995234024e-05,0.0005297054091620358,9.553423221440576e-05,9.553423221440576e-05,2.7651602264253195e-05,0.00015083743674291215,0.010594108183240717
1.28,25.59999999557652,0.0003290248918340588,5.692608863779084e-05,0.0005789521664882996,0.00010090686719076366,0.00010090686719076367,2.5992667260629628e-05,0.0001528922017120229,0.011579043329765991
1.29,25.79999999521738,0.00034100550503697797,6.296185515784345e-05,0.0006280375141330035,0.00010571381078333324,0.00010571381078333324,2.403301431524149e-05,0.00015377983941381623,0.012560750282660071
1.3,25.999999994779003,0.00035424214904951145,6.948536267893597e-05,0.000676502434856345,0.00010987614065542229,0.00010987614065542229,1.750950679414896e-05,0.0001448951542437202,0.0135300486971269
1.31,26.19999999424655,0.00036883045929816765,7.64710535634034e-05,0.0007204891147848983,0.0001135420906975939,0.0001135420906975939,1.4800248277672857e-05,0.00014314258725293963,0.014409782295697966
1.32,26.399999993603778,0.0003848593701138846,8.388875987373503e-05,0.000762910737065411,0.0001164404286967,0.00011644042869670001,1.1869132222826319e-05,0.00014017869314235262,0.015258214741308219
1.33,26.599999992832892,0.00040241356920184767,9.172057991709387e-05,0.0008033185742356344,0.00011850851491408812,0.00011850851491408812,8.744382126820227e-06,0.00013599727916772857,0.01606637148471269
1.34,26.79999999191455,0.0004215737173559673,9.99441569977794e-05,0.0008412703317413548,0.00011968827792941694,0.00011968827792941694,5.459182834790984e-06,0.00013060664359899893,0.016825406634827098
1.35,26.99999999082798,0.00044241556577099514,0.00010853277189706513,0.000876335759382383,0.00011992709744311605,0.00011992709744311605,-3.1294320644947404e-06,0.00011366823331412657,0.01752671518764766
1.36,27.199999989551305,0.00046500772282008523,0.0001174349056857374,0.0009039987851306891,0.0001194518171772118,0.0001194518171772118,-6.850520956100513e-06,0.00010575077526501077,0.01807997570261378
1.37,27.399999988062326,0.0004894067357593343,0.00012659519190130354,0.0009279785228055612,0.00011798502524778962,0.00011798502524778963,-1.057517879488867e-05,9.683466765801228e-05,0.018559570456111223
1.3800000000000001,27.59999998633845,0.0005156604437286142,0.00013597517949822383,0.0009479524146749255,0.00011550559093050199,0.00011550559093050199,-1.4252453811201886e-05,8.700068330809821e-05,0.01895904829349851
1.3900000000000001,27.79999998435688,0.0005438086859562011,0.00014553338436949166,0.0009636362782556292,0.00011200103909447966,0.00011200103909447965,-1.782774824898498e-05,7.63455425965097e-05,0.019272725565112583
1.4000000000000001,27.999999982094977,0.0005738827353829076,0.00015522570097061488,0.0009747898620919867,0.00010746811677882764,0.00010746811677882764,-2.75200648501082e-05,5.2427987078611235e-05,0.019495797241839734
1.41,28.19999997953091,0.0006059031546424006,0.00016498092764546252,0.0009762506035737355,0.00010224419737087953,0.00010224419737087953,-3.099842670294882e-05,4.02473439649819e-05,0.01952501207147471
1.42,28.399999976645,0.0006398744542968759,0.0001747264169402429,0.0009728585625701675,9.605718502031235e-05,9.605718502031236e-05,-3.415866594302298e-05,2.7739853134266384e-05,0.01945717125140335
1.43,28.599999973419433,0.0006757898229130395,0.00018441347373008435,0.0009645803902441912,8.894624348515593e-05,8.894624348515595e-05,-3.693694935925142e-05,1.5072344766653087e-05,0.01929160780488382
1.44,28.79999996983846,0.0007136326990378306,0.0001939934041615868,0.0009514494672878476,8.096108053720294e-05,8.096108053720294e-05,-3.926870320836224e-05,2.4236741204784604e-06,0.01902898934575695
1.45,28.999999965888726,0.0007533768393350069,0.00020341820021004743,0.0009335693448391177,7.216188017181338e-05,7.216188017181339e-05,-4.8693499256822884e-05,-2.522511834183239e-05,0.018671386896782355
1.46,29.199999961560028,0.0007949845092125586,0.00021261104040817312,0.0009050936171061334,6.30199973768272e-05,6.30199973768272e-05,-5.0282101778143494e-05,-3.754420617945978e-05,0.01810187234212267
1.47,29.39999995684693,0.0008384008259178151,0.00022149747727039958,0.0008723030609098965,5.326613356068731e-05,5.326613356068731e-05,-5.1190765998102184e-05,-4.9115398435517055e-05,0.01744606121819793
1.48,29.599999951747872,0.0008835603217957655,0.00023003627700185283,0.0008355793020727832,4.300494283259046e-05,4.300494283259045e-05,-5.1359928461061615e-05,-5.971491408953277e-05,0.016711586041455662
1.49,29.799999946264844,0.0009303896912155381,0.00023819042874965828,0.0007953850329413591,3.2349878636690726e-05,3.2349878636690726e-05,-5.073335112581791e-05,-6.91168236149451e-05,0.01590770065882718
1.5,29.999999940403338,0.0009788087159726653,0.00024592795148381297,0.0007522632580270716,2.1422268936701667e-05,2.1422268936701667e-05,-5.8470873859972604e-05,-9.551947878324354e-05,0.015045265160541431
1.51,30.199999934172837,0.0010287289067452052,0.00025318608500709416,0.0006995391994672117,1.0835890460750414e-05,1.0835890460750414e-05,-5.651701802219161e-05,-0.00010219814558363281,0.013990783989344235
1.52,30.399999927588475,0.0010800474638188561,0.0002599089466470527,0.0006452142179538415,3.008063472549823e-07,3.008063472549823e-07,-5.35754744036493e-05,-0.00010685014246004362,0.01290428435907683
1.53,30.59999992066901,0.0011326560113862475,0.00026608471265719685,0.0005901226289495357,-1.0027146931552373e-05,1.0027146931552375e-05,-4.9612228417055085e-05,-0.00010925160376566255,0.011802452578990714
1.54,30.7999999134357,0.0011864446673719338,0.00027171026432888646,0.0005351708840998915,-1.998946281223488e-05,1.998946281223488e-05,-4.460088487764745e-05,-0.00010919123256752977,0.01070341768199783
1.55,30.999999905911658,0.001241303854430115,0.00027679187721671217,0.00048133116529722804,-2.9426774664632476e-05,2.9426774664632476e-05,-4.968249776547316e-05,-0.0001287917701955788,0.00962662330594456
1.56,31.199999898121966,0.0012971232811091204,0.0002813015001332545,0.0004207952113859119,-3.7592488479243886e-05,3.7592488479243886e-05,-4.303292733133491e-05,-0.00012365834314191372,0.008415904227718238
1.57,31.399999890095412,0.0013537851789740408,0.00028522197570120044,0.0003634909229932545,-4.4844608605749564e-05,4.484460860574956e-05,-3.5246302654768876e-05,-0.00011533721391528731,0.0072698184598650895
1.58,31.599999881861237,0.001411175351689486,0.00028859163266701994,0.0003106167234955005,-5.101146197222019e-05,5.101146197222019e-05,-2.6334091881419664e-05,-0.00010367964573505952,0.00621233446991001
1.59,31.799999873447362,0.0014691884788755802,0.00029146096046388193,0.0002634062096077526,-5.592884280097769e-05,5.59288428009777e-05,-1.6318611165457786e-05,-8.856606513189327e-05,0.005268124192155051
1.6,31.999999864879367,0.001527730579316143,0.00029389289951131805,0.00022311590546012308,-5.944247421766405e-05,5.944247421766405e-05,-1.8750550212893904e-05,-9.694357464345185e-05,0.004462318109202461
1.61,32.19999985618056,0.0015867179330855854,0.0002959092939443939,0.00018030568673659054,-6.0697900790887186e-05,6.069790079088719e-05,-7.249645687520349e-06,-7.519719216592788e-05,0.0036061137347318107
1.62,32.39999984737419,0.0016460689245015353,0.0002975450430776092,0.00014695531160378872,-6.0189847901232884e-05,6.018984790123289e-05,5.295387444451301e-06,-4.959907301233028e-05,0.0029391062320757743
1.6300000000000001,32.59999983847934,0.0017057173325971322,0.00029890145801118737,0.00012440285253170023,-5.77824956783972e-05,5.77824956783972e-05,1.8815744105396374e-05,-2.0151007467604454e-05,0.0024880570506340045
1.6400000000000001,32.79999982950895,0.0017656185275837575,0.0003000930940935739,0.00011395917737988535,-5.3359910812523976e-05,5.3359910812523976e-05,3.3230961450440237e-05,1.3102012088356497e-05,0.002279183547597707
1.6500000000000001,32.99999982046882,0.0018257520869448857,0.0003012473957467054,0.00011689137890896489,-4.6828659972037564e-05,4.682865997203757e-05,3.207665979730872e-05,1.732465962257987e-05,0.0023378275781792976
1.6600000000000001,33.199999811358104,0.0018861199795818385,0.000302439117414613,0.00012143779942218165,-3.725720688499724e-05,3.7257206884997245e-05,4.725762919477385e-05,5.725805150455046e-05,0.002428755988443633
1.67,33.399999802172324,0.0019467360306335997,0.00030375518866215866,0.00014170887752891002,-2.5357508373246587e-05,2.5357508373246587e-05,6.311758622463346e-05,0.00010087766407602035,0.0028341775505782004
1.68,33.5999997928987,0.0020076412194034157,0.00030535861756772557,0.0001788530853481843,-1.1086277324770909e-05,1.1086277324770907e-05,7.953285045517411e-05,0.0001479794235855773,0.0035770617069636862
1.69,33.79999978351393,0.0020689102405887054,0.0003074233774053708,0.00023391533510712484,5.568120163893743e-06,5.568120163893742e-06,9.637069262801497e-05,0.0001983095054199237,0.004678306702142497
1.7,33.99999977398327,0.0021306535878467783,0.00031013328249150494,0.0003078193271028262,2.458358590307441e-05,2.4583585903074407e-05,9.366078754188085e-05,0.0002119051609868361,0.006156386542056524
1.71,34.19999976426107,0.0021930141335448467,0.00031360189706348116,0.0003856441623536083,4.6947801221509755e-05,4.694780122150975e-05,0.00011002193672227311,0.000266991674666056,0.007712883247072166
1.72,34.39999975429462,0.002256153018860307,0.0003179504713411911,0.00048374368366461084,7.165401873214267e-05,7.165401873214267e-05,0.00012647564651074828,0.00032460531175363923,0.009674873673292218
1.73,34.59999974401796,0.002320266711185623,0.00032338475888581895,0.000602717233276811,9.860777949458056e-05,9.860777949458055e-05,0.000142863729044574,0.00038433523758372854,0.01205434466553622
1.74,34.79999973334865,0.002385593369484869,0.00033011563092537295,0.0007429895842311945,0.00012767542692108675,0.00012767542692108675,0.00015902519212130834,0.00044572581116370343,0.01485979168462389
1.75,34.99999972218569,0.0024524136884708997,0.00033835725898558527,0.0009047966525762513,0.00015868327117676668,0.00015868327117676668,0.00015078356406109596,0.00046025039929895864,0.018095933051525025
1.76,35.19999971040924,0.002521044993641862,0.0003482297408378369,0.0010691518485913317,0.00019268304125931408,0.00019268304125931408,0.00016492568589211834,0.0005225344130435508,0.021383036971826634
1.77,35.39999969788453,0.002591822323038513,0.00035985318987915806,0.00125491871572611,0.0002283155430129849,0.0002283155430129849,0.000178493953547221,0.0005853034501074269,0.0250983743145222
1.78,35.59999968445264,0.002665117204052445,0.00037344055946870476,0.0014618653565899875,0.00026533271077793826,0.00026533271077793826,0.00019133292085096303,0.0006479985524798643,0.02923730713179975
1.79,35.79999966992446,0.0027413434502242973,0.00038920139652712905,0.001689543103465085,0.0003034472075695067,0.0003034472075695067,0.00020329333833231275,0.0007100338842341322,0.0337908620693017
1.8,35.99999965407621,0.002820956261055641,0.0004073396419672961,0.0019372801662784038,0.000342333341360913,0.000342333341360913,0.0001851550928921457,0.0007126435271452044,0.038745603325568076
1.81,36.19999963664751,0.002904443160605444,0.00042793583332612626,0.0021811451944188254,0.0003831612486377831,0.0003831612486377831,0.00019363829487016333,0.0007704378383781097,0.04362290388837651
1.82,36.39999961734633,0.002992299212794339,0.000451061272111952,0.002443069452198418,0.00042419557261171915,0.0004241955726117192,0.00020101667271382924,0.0008262289180393776,0.04886138904396836
1.83,36.599999595834944,0.0030850479406843755,0.0004768907767905524,0.0027219020100569683,0.0004650621813943886,0.0004650621813943886,0.0002071849018761771,0.0008794319851467428,0.05443804020113936
1.84,36.799999571720626,0.003183246610130331,0.0005055866090577403,0.00301628313958129,0.0005053568430206438,0.0005053568430206437,0.00021205357681273703,0.0009294639966461179,0.060325662791625795
1.85,36.999999544548906,0.003287483511236779,0.0005372964100450144,0.003324649136265189,0.0005446479741104971,0.0005446479741104971,0.00018034377582546292,0.000905335525761423,0.06649298272530378
1.86,37.19999951380182,0.0033983654910366462,0.0005720113021115146,0.003617353562436758,0.0005843355271588612,0.0005843355271588611,0.00018083654254257865,0.0009460086122440185,0.07234707124873516
1.87,37.39999947890847,0.003516486606844575,0.0006097049687344005,0.003920369674088594,0.0006223235696856046,0.0006223235696856047,0.00018007375370117406,0.0009824710770879527,0.07840739348177188
1.8800000000000001,37.59999943922622,0.0036424522979727723,0.000650471137057648,0.00423182576827728,0.0006581873763581094,0.0006581873763581094,0.0001780456135225733,0.001014278603403256,0.0846365153655456
1.8900000000000001,37.79999939402987,0.003776884830869391,0.0006943841203853541,0.004549711242983171,0.0006914897934334511,0.0006914897934334511,0.00017476578669829539,0.0010410213668300419,0.09099422485966341
1.9000000000000001,37.99999934250601,0.003920419282938257,0.0007414975115162055,0.004871893007453484,0.0007217853103280513,0.0007217853103280512,0.00012765239556744394,0.000977090101462939,0.09743786014906969
1.9100000000000001,38.19999928375678,0.004073687973627372,0.0007916737014532698,0.005162376668164532,0.0007508706306000178,0.0007508706306000177,0.00012009670604962088,0.0009910640426992595,0.10324753336329065
1.92,38.39999921682551,0.004237282309721844,0.0008447536348137194,0.005452642418523329,0.000776335967892976,0.000776335967892976,0.00011172126965193627,0.0009997785071968485,0.10905284837046657
1.93,38.59999914067392,0.00441178212502776,0.0009007247049627697,0.005740611681103968,0.000797820015868035,0.000797820015868035,0.00010263999116155655,0.0010030999981911481,0.11481223362207936
1.94,38.79999905417317,0.004597762649413373,0.0009595534607478537,0.006024194168810259,0.0008149713798912887,0.0008149713798912887,9.299248312206077e-05,0.0010009563461354102,0.12048388337620519
1.95,38.99999895610407,0.004795790336397449,0.0010211856124059527,0.0063013124039482254,0.0008274528492828831,0.0008274528492828831,3.136033146396177e-05,0.0008901735122108066,0.1260262480789645
1.96,39.19999884517337,0.005006405029966104,0.0010853413224647611,0.0065290703887149314,0.0008376639968085345,0.0008376639968085344,1.8788577231806892e-05,0.0008752411512721483,0.13058140777429864
1.97,39.39999872006583,0.005230075124008172,0.001151722321033001,0.006746404852087311,0.0008429352072252905,0.0008429352072252904,6.510822540725788e-06,0.0008559568523067421,0.13492809704174624
1.98,39.59999857941497,0.0054672347432316425,0.0012202167621942568,0.006951798710687497,0.0008430964966609259,0.000843096496660926,-5.238930998057367e-06,0.0008326186346648112,0.13903597421374994
1.99,39.79999842179642,0.005718294175534552,0.0012906983719853176,0.0071438829449713,0.0008380081170895437,0.0008380081170895437,-1.6206419481977962e-05,0.0008055952781255878,0.142877658899426
2.0,39.99999824573552,0.005983637142860486,0.0013630280549084485,0.007321461690375274,0.0008275634623718436,0.0008275634623718435,-8.853610240510887e-05,0.0006504912575616259,0.14642923380750547
2.0100000000000002,40.19999804973946,0.006263601856847841,0.001436807734877193,0.0074340988334624415,0.000814980400228295,0.000814980400228295,-9.989813352265578e-05,0.0006151841331829835,0.14868197666924882
2.02,40.399997832384045,0.006558429697379529,0.0015116324514375615,0.007530523053614893,0.0007973534177837272,0.0007973534177837272,-0.00010926119467696946,0.0005788310284297883,0.15061046107229786
2.0300000000000002,40.599997592266334,0.006868313425770491,0.0015873396078138588,0.007610641152234219,0.0007748088644263493,0.0007748088644263492,-0.00011631553175818662,0.0005421778009099761,0.15221282304468436
2.04,40.79999732799268,0.007193413290242392,0.0016637671663226015,0.007674657155580719,0.0007475133090650063,0.0007475133090650063,-0.00012074496589164283,0.0005060233772817207,0.15349314311161438
2.05,40.99999703818752,0.0075338574400444745,0.0017407566965298537,0.007723087446078899,0.0007156734349978769,0.000715673434997877,-0.00019773449609889498,0.00032020444280008695,0.15446174892157796
2.06,41.199996721537126,0.007889722929572086,0.0018178565460673683,0.007696969524123907,0.0006835128633432571,0.0006835128633432571,-0.00019932947284127638,0.0002848539176607043,0.15393939048247815
2.07,41.39999637691239,0.008260977729064674,0.0018946275787859914,0.00765736902575094,0.0006478400155475002,0.0006478400155475002,-0.00019691980740618059,0.0002540004007351391,0.1531473805150188
2.08,41.599996003281206,0.008647543276568626,0.0019709452425918685,0.0076063338584332445,0.0006091187332143255,0.0006091187332143255,-0.00019020389214619753,0.00022871094892193042,0.1521266771686649
2.09,41.799995599675086,0.009049318275587697,0.0020467073809910703,0.007546293961203611,0.0005678448612641547,0.0005678448612641547,-0.00017889417740788545,0.0002100565064483838,0.15092587922407222
2.1,41.99999516518593,0.009466183554222336,0.00212183802317856,0.007480055279407987,0.0005245419217566454,0.0005245419217566454,-0.0002540248195953749,1.64922825658956e-05,0.14960110558815976
2.11,42.19999469901176,0.009897983448857495,0.002195928297982216,0.007338471642827034,0.00048456464573768917,0.00048456464573768917,-0.0002368108630912331,1.0942919555222987e-05,0.14676943285654068
2.12,42.39999420061388,0.010344459982391394,0.002268605775762106,0.007197493855089343,0.00044427159052489416,0.0004442715905248941,-0.00021374852826793042,1.677453398903333e-05,0.14394987710178686
2.13,42.59999366956164,0.01080533270546651,0.0023398990657909065,0.007061617088627355,0.0004044080217606672,0.0004044080217606672,-0.00018465371904050846,3.510058367965028e-05,0.1412323417725471
2.14,42.79999310546039,0.011280331503686578,0.0024098834946739366,0.006935688464333154,0.0003657199999468215,0.0003657199999468215,-0.00014937913576247705,6.69617284218674e-05,0.13871376928666307
2.15,42.99999250792367,0.011769206281008934,0.0024786844462420946,0.0068248712525655845,0.00032894560768863675,0.00032894560768863675,-0.00021818008733063502,-0.0001074145669726333,0.13649742505131168
2.16,43.199991876614945,0.012271707990744535,0.002546041794706403,0.006647190728847913,0.00030061591147122755,0.00030061591147122755,-0.00017517452909740364,-4.973314672357973e-05,0.13294381457695825
2.17,43.39999121144269,0.012787512277558217,0.002611754585724812,0.006495871888121663,0.000276340053548972,0.00027634005354897203,-0.0001251767312665528,2.598659101586638e-05,0.12991743776243325
2.18,43.599990512316076,0.013316318808629274,0.002676119654772161,0.006377536386433311,0.0002569786212598579,0.00025697862125985784,-6.822846870791063e-05,0.00012052168384403663,0.1275507277286662
2.19,43.799989779023925,0.013857893298906881,0.002739500939877002,0.0062989824897612436,0.00024333949201584213,0.00024333949201584215,-4.426862180119916e-06,0.0002344857676556023,0.12597964979522486
2.2,43.9999890111793,0.014412081085287999,0.0028023309055414847,0.006267116865494521,0.00023616581189811532,0.00023616581189811532,-6.725682784460268e-05,0.00010165215620890997,0.12534233730989042
2.21,44.19998820826055,0.014978785538814352,0.0028645814754245454,0.006183276588211963,0.0002431401673248459,0.0002431401673248459,3.824128398706959e-06,0.0002507884241222598,0.12366553176423926
2.22,44.39998736986104,0.015557876556771709,0.0029262982649431333,0.0061601583788236935,0.0002586934855707648,0.00025869348557076475,8.187934874992433e-05,0.0004224521830706135,0.12320316757647387
2.23,44.59998649534143,0.016149310688979308,0.0029881272189657237,0.006205481344006755,0.00028354374539035147,0.00028354374539035147,0.0001665680470728098,0.0006166798395359711,0.1241096268801351
2.24,44.79998558365721,0.0167531813463158,0.003050790778967218,0.006326826159818161,0.0003182880092082051,0.00031828800920820507,0.00025748680203263423,0.0008332616132734735,0.12653652319636322
2.25,44.999984633277776,0.017369733929692065,0.00311508602336658,0.00653154031632882,0.0003633899649710211,0.0003633899649710211,0.00019319155763327213,0.0007497730802375653,0.1306308063265764
2.2600000000000002,45.19998364223633,0.017999337778675146,0.003181242204257591,0.006699137186641831,0.0004276340046969987,0.00042763400469699863,0.00028801580493075223,0.0010036656145585032,0.13398274373283664
2.27,45.39998260845913,0.01864237296406395,0.0032495621220983077,0.00696396359678379,0.0005037552947459667,0.0005037552947459667,0.0003884228957298469,0.0012806010862056604,0.1392792719356758
2.2800000000000002,45.599981529294716,0.019299371869087055,0.0033210541940003223,0.007333219887462036,0.0005920324497318027,0.0005920324497318027,0.0004937684997573782,0.001579569449246559,0.14666439774924073
2.29,45.79998040127902,0.019971075577365754,0.00339679611853252,0.007813563818096251,0.0006925543878682746,0.0006925543878682746,0.0006033552444564423,0.001899264876781159,0.15627127636192503
2.3000000000000003,45.99997922002145,0.020658447150656904,0.0034779289161685377,0.008411004173536697,0.0008052117277860528,0.0008052117277860528,0.0005222224468204245,0.001849656621426902,0.16822008347073394
2.31,46.19997798026354,0.02136263207766525,0.0035648782112509938,0.00897696823194253,0.000939894304041032,0.000939894304041032,0.0006294900151485645,0.002198874334338161,0.1795393646388506
2.32,46.399976676315305,0.02208481528859191,0.003658124728405324,0.009670024931369115,0.0010871057273926625,0.0010871057273926625,0.0007397632826247349,0.002566632292642132,0.1934004986273823
2.33,46.59997530141197,0.022826384921731165,0.0037589636036059536,0.010495000098024732,0.0012464313104879972,0.0012464313104879972,0.000852180032632216,0.002950791375752429,0.20990000196049463
2.34,46.79997384737981,0.02358899264901767,0.0038687335018457144,0.011455776851846157,0.001417215399141387,0.001417215399141387,0.0009658533920406387,0.0033489221832226643,0.22911553703692314
2.35,46.999972304457906,0.024374561406155154,0.003988806707009787,0.012555199314807109,0.0015985619753827373,0.0015985619753827373,0.0008457801868765663,0.00329012234913587,0.25110398629614217
2.36,47.199970661353774,0.02518522893320292,0.004119648104250359,0.013609565459980284,0.0018016216844708194,0.0018016216844708192,0.0009490410372418783,0.0036997037589545758,0.27219130919960566
2.37,47.399968905830434,0.026023166217917525,0.004261742154763963,0.014805258862534941,0.002014198011459934,0.0020141980114599337,0.001052199852293813,0.00411859771604756,0.29610517725069885
2.38,47.59996702380103,0.02689076537814589,0.00441650659369383,0.016143169071094195,0.0022350649101207836,0.0022350649101207836,0.0011543515104623396,0.004543767931045463,0.3228633814218839
2.39,47.799964998835655,0.027790702551517697,0.004585361931007356,0.01762296556888537,0.002462738989459424,0.002462738989459424,0.0012546098244465512,0.0049719586383525265,0.3524593113777074
2.4,47.99996281188053,0.02872593720770294,0.004769718935998581,0.01924303501424389,0.0026954952217355184,0.002695495221735519,0.0010702528194553266,0.0048360008606461715,0.3848607002848778
2.41,48.19996044131833,0.02969963411244766,0.004969845591296034,0.020777182047907496,0.0029461473208713205,0.00294614732087132,0.0011519941314399491,0.005250135583751219,0.4155436409581499
2.42,48.399957863823694,0.030714934745873196,0.005185984095136497,0.022444959273727014,0.003199473113967617,0.003199473113967617,0.001231057845901609,0.005661588805770835,0.4488991854745403
2.43,48.59995505308239,0.03177517377499481,0.005419452147636103,0.024242658691036187,0.0034535312766356585,0.0034535312766356585,0.0013067301066427121,0.006066991489921083,0.48485317382072374
2.44,48.79995197909337,0.03288394525853494,0.00567152404386703,0.026165311494542716,0.003706152443499732,0.003706152443499732,0.0013783651054687755,0.0064628826544372835,0.5233062298908543
2.45,48.99994860779004,0.034045092697937304,0.005943418008385293,0.028206676627281164,0.0039549762422774375,0.0039549762422774375,0.001106471140950512,0.006167918524178462,0.5641335325456233
2.46,49.199944901196744,0.03526260662483022,0.0062349368267534695,0.030090806400216143,0.004215190917747529,0.004215190917747528,0.0011538796583854276,0.0065229502345183835,0.6018161280043228
2.47,49.399940818830906,0.03654034187515442,0.006545815133013121,0.03207822988150425,0.004468402990663879,0.00446840299066388,0.0011978290798901215,0.006864061150444122,0.641564597630085
2.48,49.599936315931714,0.037882270903023825,0.0068770479464887865,0.03416138871473051,0.004712299867253031,0.004712299867253031,0.0012380311366580734,0.007188362140569178,0.6832277742946102
2.49,49.79993134256509,0.03929255723842883,0.0072295497138292145,0.03633173003627739,0.00494441446068257,0.00494441446068257,0.0012743056207786315,0.007493025702239833,0.7266346007255478
2.5,49.999925843236944,0.04077553838723043,0.007604144585166107,0.03857975057449948,0.005162190736228239,0.005162190736228238,0.0008997107494417392,0.006961612235111717,0.7715950114899895
2.5100000000000002,50.19991975736667,0.04233559888552097,0.007999940574169447,0.04057280349053755,0.005384212968756903,0.005384212968756902,0.0009107947854391508,0.0072058025396352044,0.811456069810751
2.52,50.39991302172645,0.04397682820802594,0.008415954250117652,0.04262309715449516,0.005588922555418934,0.005588922555418933,0.0009205560896846152,0.007430034734788164,0.8524619430899032
2.5300000000000002,50.59990556803099,0.045703323682508734,0.008852712682943705,0.04472159418275839,0.005774192198220548,0.005774192198220548,0.0009292881626173626,0.007632768523455273,0.8944318836551678
2.54,50.79989732188055,0.04751927880526889,0.009310650406328311,0.04685882614537122,0.0059378407406578985,0.0059378407406578985,0.000937406985236559,0.007812654711131017,0.9371765229074245
2.5500000000000003,50.999888202509695,0.04942896432337772,0.00979010552972527,0.049024977783029784,0.006077737650170076,0.006077737650170076,0.00045795186183960127,0.006993641373849279,0.9804995556605957
2.56,51.199878123883586,0.05143657929325504,0.010289379830117988,0.050823885731784,0.006217115525721069,0.006217115525721069,0.00044618111022675684,0.0071094777461745825,1.01647771463568
2.57,51.399866998827925,0.0535458460778769,0.01080669464846109,0.05263304719356757,0.0063313026993824795,0.00633130269938248,0.00043872869628993304,0.0072087600919623455,1.0526609438713512
2.58,51.599854735661516,0.05576038000364107,0.011342118612898765,0.05444570330147722,0.006419011439269859,0.006419011439269859,0.0004364691064868403,0.007291949652243539,1.0889140660295444
2.59,51.799841236912,0.05808380337830172,0.011895654350672335,0.05625541168682744,0.006478995427627281,0.006478995427627281,0.00044037437945706505,0.007359744186541411,1.1251082337365488
2.6,51.99982639926056,0.0605197326289381,0.0124672420915619,0.05805613387966494,0.006510211659452929,0.00651021165945293,-0.00013121336143250004,0.006247784936587929,1.1611226775932988
2.61,52.19981011550767,0.06307161166459523,0.013054449010132394,0.05938083401715907,0.006541864822149423,0.006541864822149422,-0.00013569622028313834,0.006270472381583146,1.1876166803431816
2.62,52.39979228105781,0.06574224087886246,0.013654816412685084,0.06068828816468701,0.0065460926715903795,0.0065460926715903795,-0.00012701826529762372,0.006292056140995132,1.2137657632937402
2.63,52.599772788910414,0.06853423389408374,0.014268171359750474,0.06197840072695423,0.006523016499829781,0.006523016499829781,-0.0001039365040791454,0.0063151434916714905,1.2395680145390846
2.64,52.79975152780606,0.07145016988954851,0.01489434514536617,0.0632521105523915,0.006472846624205126,0.006472846624205126,-6.518054158293103e-05,0.006342485541039264,1.2650422110478299
2.65,52.99972838218199,0.07449259548859428,0.015533183824508733,0.06451142741052202,0.006396136544443258,0.006396136544443258,-0.0007040192207254936,0.004988098102992271,1.2902285482104403
2.66,53.19970323504369,0.07766384455263932,0.01618179976922425,0.06520943476228794,0.006329242505044954,0.006329242505044954,-0.0006580793727926915,0.005013083759459571,1.3041886952457586
2.67,53.39967597734225,0.08096549641444183,0.016837376089570324,0.06590351562537958,0.006240693945359758,0.006240693945359757,-0.000588310026479473,0.005064073892400812,1.3180703125075914
2.68,53.59964650015611,0.08439894108950134,0.01749992557466479,0.06660404621215102,0.006132292692932719,0.006132292692932719,-0.000493529996969999,0.005145232698992721,1.3320809242430203
2.69,53.79961469157305,0.08796558190523097,0.018169572018159906,0.06732284640475783,0.006005887682779594,0.006005887682779594,-0.0003726398497310261,0.005260607983317542,1.3464569280951566
2.7,53.99958043618782,0.09166685911164552,0.018846564280289194,0.06807310507382631,0.005863785548656,0.005863785548656,-0.0010496321118603142,0.0037645213249353714,1.3614621014765262
2.71,54.1995436187021,0.09550405742084411,0.019528012275680053,0.06821601761301871,0.005750302868234317,0.005750302868234317,-0.0009060850799240093,0.003938132708386298,1.3643203522603742
2.72,54.3995041366388,0.09947768430245835,0.020211220119530145,0.06842485500867308,0.0056294149586578355,0.005629414958657835,-0.0007285613441165122,0.004172292270424811,1.3684971001734616
2.73,54.599461888163724,0.10358816330666858,0.02089696080473321,0.06872229054643683,0.005504392300522797,0.005504392300522797,-0.0005165306830252382,0.004471330934472321,1.3744458109287367
2.74,54.7994167667937,0.10783609555776581,0.021586240409140894,0.06913226371141043,0.005378392964992995,0.005378392964992995,-0.00026967282412102006,0.004839047316750955,1.3826452742282087
2.75,54.99936865985486,0.1122223075349715,0.022280309574224538,0.06967974430794348,0.005255142743806034,0.005255142743806034,-0.0009637419892046632,0.0033276587653967077,1.3935948861588696
2.7600000000000002,55.19931745262379,0.11674764213757963,0.022976796434361423,0.06961783409382842,0.005187177429294651,0.005187177429294651,-0.000684378078249559,0.0038184212727955334,1.3923566818765685
2.77,55.399263044971576,0.12141224094538952,0.02367364535654363,0.06975150475858219,0.0051323514216822215,0.0051323514216822215,-0.00036429754808156583,0.00440375632551909,1.3950300951716437
2.7800000000000002,55.5992053331687,0.1262163808569017,0.024372980611635554,0.07011433677860603,0.005094618382230629,0.005094618382230629,-4.244162922193567e-06,0.0050861300563862415,1.4022867355721205
2.79,55.79914420156297,0.13116079708758277,0.02507726383904116,0.07074022234634927,0.0050775413506457005,0.0050775413506457005,0.0003947126051542897,0.00586696656095428,1.4148044469269854
2.8000000000000003,55.99907951956684,0.136246750759854,0.025789295062649722,0.07166294652351392,0.005085434541742437,0.005085434541742437,-0.00031731861845427436,0.004450797304833888,1.4332589304702783
2.81,56.19901114640407,0.14147579179388256,0.026507648317019114,0.07200655893670865,0.0051786813443554834,0.0051786813443554834,0.00011281937846223734,0.005404320101279958,1.440131178734173
2.82,56.398938952725764,0.14684892066441368,0.027231297957732492,0.07272098769579384,0.0053068992507783914,0.0053068992507783914,0.0005843154636446489,0.006475530178067689,1.4544197539158767
2.83,56.598862794823155,0.15236757727685524,0.027964149125831814,0.07384549743082233,0.0054734293744070845,0.005473429374407084,0.001094666097167532,0.007662761568742149,1.4769099486164468
2.84,56.798782502607054,0.15803402085567278,0.02871049239841091,0.07541791551316095,0.005680859981260693,0.005680859981260694,0.001640975195274584,0.008962810371809862,1.508358310263219
2.85,56.99869787492768,0.16385140529191503,0.029474986503334532,0.07747405145203773,0.0059329482379192515,0.005932948237919252,0.0008764810903509612,0.007685910418621174,1.5494810290407546
2.86,57.19860868532011,0.16982349438985583,0.030257300858256175,0.07898378690964285,0.006296963742716271,0.006296963742716271,0.0014376509831366335,0.009172265708989538,1.579675738192857
2.87,57.398514710247,0.1759536708473364,0.03105751558726655,0.081052263735218,0.006711905739081726,0.006711905739081727,0.002033113803759423,0.010778133346600573,1.62104527470436
2.88,57.598415694055404,0.18224607973920823,0.03188140003970427,0.0837157481689827,0.0071789414717747125,0.0071789414717747125,0.0026584343954012338,0.01249581026257718,1.674314963379654
2.89,57.79831133258577,0.1887060539722554,0.03273506732079918,0.08700673771182388,0.007698109919787728,0.007698109919787728,0.0033087985820995504,0.014315707083986828,1.7401347542364776
2.9,57.998201266667316,0.19534017884751248,0.033624933231069555,0.09095328872487773,0.008271540021492782,0.008271540021492782,0.0024189326718291743,0.013109405365151131,1.8190657744975547
2.91,58.198085089458814,0.20215593444496915,0.03455147601441318,0.09434396530425106,0.008971975049172805,0.008971975049172805,0.0030525027059690596,0.015076980461110924,1.886879306085021
2.92,58.397962383700346,0.20916051497439284,0.03551549779207033,0.09844671393338099,0.009725649877165884,0.009725649877165884,0.0037058765444532293,0.017137402966072343,1.9689342786676198
2.93,58.597832675215194,0.21636212432156726,0.0365242330127172,0.10328420467851634,0.010530136209624152,0.010530136209624152,0.004372957482414133,0.01927605117445242,2.0656840935703267
2.94,58.797695411181635,0.22377043177885766,0.03758511152429358,0.10887286812514438,0.01138158507625736,0.01138158507625736,0.005047378712060235,0.021476342500377832,2.1774573625028877
2.95,58.997549951548535,0.23139660431852396,0.03870569290325864,0.11522224236736558,0.012280057876735969,0.012280057876735967,0.003926797333095172,0.020133652542926313,2.3044448473473116
2.96,59.19739557887305,0.23925284965374768,0.03988646973207842,0.12091414972689637,0.013302071541774988,0.013302071541774988,0.004541780385598569,0.022385632312972126,2.4182829945379276
2.97,59.39723154823392,0.24735101052874314,0.04112807430266464,0.12738519351091301,0.014359849528788597,0.014359849528788597,0.005157273348401367,0.02467439622559133,2.5477038702182604
2.98,59.59705702635439,0.2557040081823787,0.04243829366272893,0.13463451328102075,0.015446574106419631,0.01544657410641963,0.0057662542982931594,0.02697908270300595,2.692690265620415
2.99,59.79687106348869,0.2643263137411589,0.04382486489468036,0.1426530038983205,0.01655389718706434,0.01655389718706434,0.00636162478283496,0.02927714675273426,2.85306007796641
3.0,59.99667258294163,0.2732339292072937,0.045295390143124836,0.151422812102525,0.017680625241674918,0.017680625241674918,0.004891099534390486,0.02746282431045589,3.0284562420505
3.0100000000000002,60.19646039550046,0.282443809975212,0.046849137735223624,0.15930044664251003,0.01890514452699396,0.01890514452699396,0.005382532353166831,0.029670209233327624,3.186008932850201
3.02,60.39623326828563,0.2919722082441353,0.04848526461997154,0.167896276566345,0.0201260303443659,0.020126030344365897,0.005855164967818842,0.031836360280003584,3.3579255313269
3.0300000000000002,60.59598984640391,0.3018362627125198,0.050210799487355476,0.17717975094357885,0.021332353129355858,0.021332353129355858,0.0063021359830947934,0.033936625095545445,3.543595018871577
3.04,60.795728618371555,0.3120544772519846,0.05203241957522982,0.18711116080604806,0.02251179990475397,0.022511799904753965,0.0067167455612402935,0.03594529102723455,3.742223216120961
3.0500000000000003,60.995447905714414,0.32264664043413394,0.053956357892139914,0.19764140058312202,0.023664503725501808,0.023664503725501808,0.004792807244330199,0.033250118214162204,3.95282801166244
3.06,61.19514588680434,0.33363311877416457,0.05597919797823518,0.20689576769659607,0.024868510474764016,0.024868510474764016,0.005069690809015196,0.03500789209279441,4.137915353931922
3.0700000000000003,61.39482069511082,0.34503294211917174,0.05809715466544126,0.216663011159302,0.026011314529388634,0.026011314529388634,0.005314497045218129,0.036640308619824896,4.33326022318604
3.08,61.59447032105951,0.3568655436207012,0.060315056718194336,0.22688333050172552,0.02707947194539775,0.02707947194539775,0.005521699553856334,0.03812287105311042,4.537666610034511
3.09,61.79409257302926,0.36915124841038166,0.06263709216812086,0.23748840802311633,0.028058577399840683,0.028058577399840683,0.005686151579323395,0.03943088055848747,4.7497681604623265
3.1,61.99368507186928,0.38191113579611424,0.06506672358629532,0.24840149741016276,0.028954660265925386,0.028954660265925383,0.0032565201611489264,0.03546770058822324,4.968029948203255
3.11,62.193245292322054,0.39516621322894,0.06759652804666447,0.2575289687247135,0.029842569184256623,0.029842569184256623,0.0032733481087763583,0.03638926540180934,5.15057937449427
3.12,62.39277070510292,0.40893526316694306,0.07021853143113774,0.26684066811649104,0.030603783316306348,0.030603783316306348,0.0032565868344948817,0.037116956985296115,5.336813362329821
3.13,62.59225865729274,0.4232367437436408,0.07293417254547538,0.27625616868193387,0.0312251812519478,0.0312251812519478,0.0032029474367903654,0.03763107612552853,5.525123373638677
3.14,62.79170633250513,0.43808930353201725,0.07574405477865961,0.28568883466577716,0.03169331968933146,0.03169331968933145,0.0031096445444287607,0.03791260877818898,5.713776693315543
3.15,62.991110756804204,0.45351160753231773,0.07864788599239099,0.29504621574958967,0.03202642482288581,0.03202642482288581,0.00020581333069738528,0.03243805148428058,5.900924314991793
3.16,63.190468866930814,0.4695214236994677,0.08163348500045398,0.3020502383271762,0.03229210328688969,0.03229210328688969,-1.115876687347861e-05,0.03226978575314273,6.041004766543524
3.17,63.389777710340994,0.48613328199833544,0.08468809417889968,0.30884893427154164,0.032373222319563875,0.032373222319563875,-0.00024798668282813296,0.03187724895390761,6.176978685430833
3.18,63.58903430071321,0.5033605487997022,0.08780923509105278,0.3153575520287988,0.032260581210987356,0.032260581210987356,-0.0005054620804557791,0.031249657050075798,6.307151040575976
3.19,63.78823557892614,0.521215994986009,0.09099356877863062,0.3214887474736732,0.031945377648400414,0.031945377648400414,-0.0007839050391131447,0.030377567570174124,6.4297749494734635
3.2,63.987378433991864,0.5397116218520762,0.0942368727588998,0.32715316654120474,0.03146521101664148,0.03146521101664148,-0.004027209019382333,0.023410792977876814,6.543063330824095
3.21,64.186459802417,0.5588577118946476,0.09752241712202704,0.3299463950061008,0.030874666848925227,0.030874666848925227,-0.004368695502211514,0.0221372758445022,6.598927900122016
3.22,64.38547693174492,0.5786603808954252,0.10083308616085901,0.33217996726623794,0.03006702922877705,0.030067029228777055,-0.004701604405592197,0.020663820417592658,6.643599345324759
3.23,64.5844272023814,0.5991238325678688,0.10416294168365729,0.33378578438767825,0.029040536143224847,0.029040536143224844,-0.0050248744793360695,0.01899078718455271,6.675715687753565
3.24,64.78330808408197,0.6202510106770647,0.10750537199025816,0.3346972386482978,0.027794430033222954,0.02779443003322295,-0.005337185312131371,0.017120059408960213,6.693944772965956
3.25,64.98211716695549,0.6420434682997296,0.11085310966140763,0.3348497870695828,0.02639225677100173,0.02639225677100173,-0.008684922983280843,0.009022410804440044,6.696995741391656
3.2600000000000002,65.18085228488906,0.6645004463930512,0.1141862697947142,0.33179243112474577,0.024867888489429744,0.024867888489429748,-0.008970134338981459,0.006927619811466827,6.635848622494915
3.27,65.37951183135037,0.687616421940599,0.11748499828502854,0.3279660220687038,0.023134402336703334,0.023134402336703337,-0.009209198475260083,0.004716005386183168,6.5593204413740755
3.2800000000000002,65.57809453265348,0.7113835292958347,0.12074144889940433,0.32333952299442553,0.021199865241602344,0.021199865241602344,-0.009400783684249125,0.002398297873104093,6.466790459888511
3.29,65.77659938592019,0.73579231795087,0.12394748943726042,0.317886761067955,0.01907363136118633,0.01907363136118633,-0.009543660851869529,-1.3690342552725998e-05,6.3577352213591
3.3000000000000003,65.97502568493994,0.7608317036327704,0.1270947520376582,0.31158675973013833,0.016849169678342928,0.016849169678342924,-0.0126909234522673,-0.008532677226191672,6.231735194602766
3.31,66.17337314783455,0.7864881371373361,0.1301627154906026,0.3020377619337729,0.014530712101767733,0.01453071210176773,-0.012704700745195988,-0.010878689388624243,6.040755238675458
3.3200000000000003,66.37164225566625,0.8127432602898994,0.13313147663063107,0.29174876389826615,0.012059094280373755,0.012059094280373753,-0.012635879323735333,-0.01321266436709691,5.834975277965323
3.33,66.56983396291719,0.8395764460534387,0.13599373287918365,0.2807391856543224,0.009452485434591264,0.009452485434591264,-0.012485108817577069,-0.015517732200562873,5.614783713086448
3.34,66.76794960014365,0.8669656609195783,0.1387424074450006,0.26903474364246344,0.006730138990192513,0.006730138990192513,-0.01225356049431453,-0.017776981998436546,5.3806948728492685
3.35,66.96599087576912,0.8948875181244067,0.14137071174407198,0.2566673422449459,0.004014619381072653,0.004014619381072653,-0.014881864793385907,-0.02574911020569916,5.133346844898918
3.36,67.16395998322042,0.9233165844155818,0.14386073207275124,0.24138765750530794,0.0012722847080782393,0.0012722847080782393,-0.014432975468245901,-0.02759366622841356,4.827753150106159
3.37,67.36185992396301,0.952223249058977,0.14619580874604846,0.22568003766734784,-0.0015237316763816616,0.0015237316763816616,-0.013879187367682955,-0.029282106411747572,4.513600753346957
3.38,67.55969415539761,0.9815762909454877,0.14837201508316838,0.20961478242840922,-0.00434761585911258,0.00434761585911258,-0.013225484347064555,-0.03079858455324169,4.192295648568185
3.39,67.75746645158635,1.0113438121559275,0.15038615189913063,0.1932670749751878,-0.007173212638354468,0.007173212638354468,-0.012477709141674953,-0.03212863092170437,3.865341499503756
3.4,67.95518087133574,1.041493385957417,0.1522357931198715,0.17671634016502458,-0.00985639625945087,0.00985639625945087,-0.014327350362415834,-0.03851109698428254,3.5343268033004915
3.41,68.15284182907597,1.0719915241150424,0.15390889082926235,0.1579657059525295,-0.012473052567799656,0.012473052567799656,-0.01331565536192586,-0.03910436329165137,3.15931411905059
3.42,68.35045437107838,1.1028018447460086,0.15539516616008034,0.13935140997423331,-0.015018512307747065,0.015018512307747065,-0.012203404552142222,-0.039425321412031505,2.7870281994846664
3.43,68.54802378792553,1.1338875305200429,0.1566965099550339,0.12097859381951323,-0.01746446106211361,0.01746446106211361,-0.011001603555739647,-0.0394676681735929,2.4195718763902647
3.44,68.74555544818955,1.165212265096529,0.15781586655103155,0.10295281335808112,-0.01977966999913973,0.01977966999913973,-0.012120960151737303,-0.044021590302614336,2.0590562671616226
3.45,68.94305484309868,1.1967398100812632,0.1587477085344689,0.08348049327016031,-0.021824264526648752,0.021824264526648752,-0.010654060771765811,-0.04313238607018037,1.6696098654032063
3.46,69.14052782360059,1.2284323978746627,0.15948852824408552,0.0647458994228553,-0.0236992531597737,0.0236992531597737,-0.009109409828234908,-0.04191807281624352,1.294917988457106
3.47,69.33798020955624,1.2602530550710602,0.16004627556395196,0.04686317565662464,-0.02537889478233307,0.025378894782333072,-0.00750360637327277,-0.04038610752887861,0.9372635131324927
3.48,69.53541762116684,1.2921665003386078,0.16043001566282786,0.029941252447321758,-0.02683946508234333,0.026839465082343326,-0.00585408278672378,-0.03854763065579089,0.5988250489464352
3.49,69.73284542154357,1.324139355431353,0.16064987006034226,0.014082491389976248,-0.028034903175228613,0.02803490317522861,-0.006073937184238182,-0.04018277754370497,0.28164982779952497
3.5,69.93026874409175,1.35613985054275,0.160709463602917,-0.0021098067126548437,-0.02890392647480816,0.02890392647480816,-0.004238575753089197,-0.037381077980986555,-0.04219613425309687
3.5100000000000002,70.12769267369349,1.3881366000394846,0.16061430888329584,-0.016871928465807477,-0.029510230493669926,0.029510230493669926,-0.002394388146066073,-0.03429900678580207,-0.3374385693161496
3.52,70.32512192544665,1.4201004915158442,0.16037912261969023,-0.030121158652916778,-0.029838719643412368,0.029838719643412368,-0.0005632352976160937,-0.030965190238644556,-0.6024231730583356
3.5300000000000002,70.5225607180046,1.4520053932509256,0.16001938359303763,-0.041787756695069726,-0.029877558277616074,0.029877558277616074,0.0012327873410699353,-0.027411983595476204,-0.8357551339013946
3.54,70.72001274380236,1.483828290236973,0.1595511967810026,-0.05181617650918989,-0.02958585369445943,0.02958585369445943,0.0017009741531049671,-0.026183905388249495,-1.0363235301837979
3.5500000000000003,70.91748120059036,1.5155490642699423,0.15898616182453285,-0.06115966875155041,-0.028969063501597017,0.028969063501597017,0.0035365757281402566,-0.021895912045316504,-1.2231933750310082
3.56,71.11496892517664,1.5471496533634757,0.15833713919632142,-0.06861998831325394,-0.02806490054596563,0.028064900545965634,0.005285047697344947,-0.017494805151275737,-1.3723997662650789
3.5700000000000003,71.31247819112575,1.5786153197788488,0.1576229982815404,-0.07418962854420236,-0.02687480537458385,0.02687480537458385,0.006922800507096288,-0.013029204360391275,-1.4837925708840471
3.58,71.51001065076676,1.6099350493483326,0.15686258619188959,-0.07788048610905718,-0.02540413880197275,0.02540413880197275,0.008426988027645799,-0.008550162746681151,-1.5576097221811436
3.59,71.70756734761056,1.6411015291308544,0.15607453082535322,-0.07972444047465685,-0.023640265908443158,0.023640265908443158,0.009215043394182165,-0.005210179120078828,-1.594488809493137
3.6,71.90514875917324,1.6721109417877675,0.15527485474424474,-0.0802091599604715,-0.02162717210533902,0.021627172105339015,0.010575415694873691,-0.00047634071559163674,-1.60418319920943
3.61,72.10275488250228,1.7029624881916297,0.15447978449324895,-0.07880955574471658,-0.019392085347635906,0.019392085347635903,0.01174564519113358,0.004099205034631254,-1.5761911148943317
3.62,72.3003851662668,1.7336588878349604,0.1537076616416534,-0.07562562802767293,-0.01695513430178921,0.01695513430178921,0.012705739435585867,0.008456344569382525,-1.5125125605534586
3.63,72.49803852167105,1.7642063805294703,0.15297571826081366,-0.07077920343824054,-0.014340058909617067,0.014340058909617067,0.013437637140167798,0.01253521537071853,-1.4155840687648107
3.64,72.69571336964259,1.7946144872456204,0.15229986132678763,-0.06441340342190097,-0.011583972075741028,0.011583972075741028,0.01411349407419382,0.016643016072646614,-1.2882680684380192
3.65,72.89340768491799,1.824895776600991,0.15169519114015195,-0.0565468566195711,-0.008727217257019691,0.008727217257019693,0.014530101401548756,0.02033298554607782,-1.1309371323914221
3.66,73.09111902255898,1.8550657295924327,0.15117573597035389,-0.04737475206154363,-0.005802863873041604,0.005802863873041604,0.014674305517716008,0.023545747162390412,-0.9474950412308726
3.67,73.28884457215892,1.885142405516603,0.15075347362043817,-0.037111928496756236,-0.0028465274739209374,0.002846527473920938,0.014535779269125302,0.026225031064329666,-0.7422385699351247
3.68,73.4865812225809,1.9151460176511501,0.15043814305412426,-0.025991254938396283,9.390899113996898e-05,9.390899113996898e-05,0.014851109835439219,0.029796128662018407,-0.5198250987679256
3.69,73.68432559967496,1.9450986667498926,0.15024000935138548,-0.013676536068111624,0.0029472587049361454,0.0029472587049361454,0.014305374928176046,0.03155800856128824,-0.27353072136223244
3.7,73.88207404278916,1.9750244619613517,0.15016729991975125,-0.0009079137803275697,0.0056948561035241405,0.005694856103524141,0.013454378254534022,0.03260361261259218,-0.018158275606551394
3.71,74.07982274316282,2.0049485572835337,0.15022308565504106,0.012021959794129415,0.008294787146737793,0.008294787146737795,0.012299047703891093,0.032892882554519984,0.2404391958825883
3.72,74.27756784503379,2.0348964213780136,0.1504074604177701,0.024810363290479646,0.010704961298810206,0.010704961298810206,0.010844009349085859,0.03239297999698192,0.4962072658095929
3.73,74.47530552641152,2.0648932384579592,0.15071745568501282,0.037147564754786686,0.012844779076851524,0.012844779076851526,0.010534014081843124,0.03391280724053777,0.7429512950957338
3.74,74.67303202609551,2.0949636671725855,0.15115261692187487,0.04984236517727803,0.014661806533345345,0.014661806533345345,0.008662470522484617,0.03198674757831458,0.9968473035455606
3.75,74.87074355727805,2.1251323495484296,0.1517096385368709,0.06152302097861153,0.016149506416630953,0.016149506416630953,0.006509381634288436,0.029168269685207825,1.2304604195722306
3.7600000000000002,75.0684365517216,2.155422256439416,0.152376706828489,0.0718561922694587,0.017269996990910235,0.017269996990910235,0.00409317754443711,0.025456352079784455,1.4371238453891741
3.77,75.26610780896117,2.185853689570226,0.15313870577978614,0.08051473519877798,0.017988324381639224,0.017988324381639224,0.0014361182374108827,0.02086056085646099,1.6102947039755597
3.7800000000000002,75.46375459696435,2.2164436363834388,0.1539772994379673,0.08718177222500025,0.01819279983233926,0.01819279983233926,0.0005975245792297079,0.019387848990798675,1.7436354445000048
3.79,75.66137467353349,2.2472056685881494,0.15487897529942202,0.09313356009841013,0.017896771204337945,0.017896771204337945,-0.0023375230741741193,0.013221725055989706,1.8626712019682026
3.8000000000000003,75.85896614352905,2.2781509103356647,0.15582732736488406,0.09652554598988203,0.017102187531776333,0.017102187531776333,-0.005449537004033361,0.00620311352370961,1.9305109197976407
3.81,76.05652779780627,2.309285932994002,0.15679531823120404,0.09707080966672584,0.0157903754861937,0.0157903754861937,-0.008703112860387913,-0.0016158502345821266,1.9414161933345166
3.8200000000000003,76.254059298908,2.3406116893865154,0.1577531733736857,0.0945087592879297,0.013948674271073538,0.013948674271073538,-0.012059827221095859,-0.01017098017111818,1.890175185758594
3.83,76.45156128435686,2.3721230039804566,0.15866866575610786,0.08860938245463816,0.011444241868899006,0.011444241868899006,-0.012975319603518026,-0.014506397338137047,1.7721876490927633
3.84,76.6490353593014,2.4038087629462717,0.15951713707682752,0.08110988087794412,0.0083892829029978,0.0083892829029978,-0.0163270573659158,-0.0242648318288338,1.6221976175588824
3.85,76.8464838724322,2.435653428985785,0.16027197095018475,0.06989428039969589,0.004795227953550077,0.004795227953550077,-0.01968054311086853,-0.034565858268186984,1.397885607993918
3.86,77.04391029382755,2.46763478020941,0.16089529754653104,0.054821283899728804,0.0006757699453539895,0.0006757699453539895,-0.022988792522213614,-0.04530181509907324,1.096425677994576
3.87,77.24131937500198,2.499723001806436,0.1613480619958055,0.03579502896155014,-0.003970018213366823,0.003970018213366823,-0.023441556971488087,-0.050853132156342996,0.7159005792310027
3.88,77.43871706701505,2.5318812192468743,0.1616014249138013,0.014947050263021757,-0.009216240998422815,0.009216240998422817,-0.026456966692509465,-0.06213017438344175,0.29894100526043516
3.89,77.6361101803181,2.5640675328546405,0.1616259745378285,-0.0099541187384099,-0.014907889494221482,0.014907889494221482,-0.02931156544464525,-0.07353102038351197,-0.199082374768198
3.9,77.83350672603345,2.596232785752933,0.16138133563018955,-0.03887724907653617,-0.021000998846984364,0.021000998846984364,-0.03195593639256736,-0.08491287163211908,-0.7775449815307234
3.91,78.03091598668601,2.6283198973161834,0.16082772584325603,-0.07173517815551753,-0.02744320999859455,0.02744320999859455,-0.03434138698638022,-0.096125983971355,-1.4347035631103506
3.92,78.22834843038623,2.6602640266002098,0.15992652329862622,-0.1083831666547991,-0.03422617412690053,0.03422617412690053,-0.033440184441750426,-0.10110654301040138,-2.167663333095982
3.93,78.42581545914025,2.691993619573255,0.1586525863153596,-0.14627790989242734,-0.041335447731002235,0.04133544773100224,-0.03514662706573379,-0.11162870186246981,-2.925558197848547
3.94,78.62332888015729,2.7234330714385075,0.15698256151346415,-0.1875893410336234,-0.04859558162387534,0.04859558162387534,-0.03648979208693044,-0.12,-3.751786820672468
3.95,78.82090106880486,2.7545009895586663,0.15488689460296834,-0.2313980072126329,-0.05592696403189923,0.05592696403189923,-0.03743187752936554,-0.12,-4.627960144252658
3.96,79.01854458035032,2.785111787107498,0.15235749283755187,-0.274339203681799,-0.06324547866134277,0.06324547866134277,-0.037956838826092264,-0.12,-5.486784073635979
3.97,79.21627128495932,2.8151803936816147,0.14940294474276355,-0.31643010749222344,-0.07054678159793697,0.07054678159793697,-0.03500229073130395,-0.12,-6.328602149844469
3.98,79.41409210347312,2.84462331809113,0.14603166877995266,-0.3576875555666006,-0.07774854328556864,0.07774854328556866,-0.03469436255493935,-0.12,-7.153751111332012
3.99,79.61201692633968,2.873358606450141,0.1422519167137647,-0.39812805143422575,-0.08468896987726485,0.08468896987726485,-0.0339796682445804,-0.12,-7.962561028684515
4.0,79.81005453860332,2.901305803345885,0.1380717769129585,-0.43776777183261234,-0.09128711252290903,0.09128711252290901,-0.032859393520447686,-0.12,-8.755355436652247
4.01,80.00821255063623,2.9283859161059618,0.1334991775858604,-0.47662257317841517,-0.09746332084776772,0.09746332084776772,-0.03133495252261473,-0.12,-9.532451463568304
4.0200000000000005,80.20649733431436,2.9545213821653653,0.12854188995175356,-0.5147079979102047,-0.1032401209082314,0.1032401209082314,-0.026377664888507873,-0.12,-10.294159958204094
4.03,80.40491396436131,2.979636039519525,0.1232075313494707,-0.552039280705638,-0.10849294320177826,0.10849294320177826,-0.024073644617565212,-0.12,-11.04078561411276
4.04,80.60346616460177,3.0036551002357363,0.1175035682844288,-0.5886313545755532,-0.11308889397893217,0.11308889397893217,-0.02137649566299027,-0.12,-11.772627091511064
4.05,80.80215625888358,3.0265051269831025,0.11143731941533243,-0.6244988568373594,-0.11695238637054603,0.11695238637054602,-0.01828824591503296,-0.12,-12.489977136747187
4.0600000000000005,81.00098512644466,3.048114012530434,0.10501595848173376,-0.6596561349701653,-0.12000903158608597,0.12000903158608597,-0.014811192715719207,-0.12,-13.193122699403306
4.07,81.19995216151587,3.068410962152078,0.09824651717362641,-0.6941172523539496,-0.12230001524339841,0.12230001524339842,-0.00804175140761186,-0.12,-13.882345047078992
4.08,81.39905523696646,3.087326478873467,0.09113588794421174,-0.7278959938951193,-0.12366973761364336,0.12366973761364336,-0.0038372741983722096,-0.12,-14.557919877902386
4.09,81.59829067181124,3.1047923514809654,0.08369082676697427,-0.7610058715406434,-0.12401127717437126,0.12401127717437127,0.0007438481405268871,-0.12,-15.220117430812866
4.1,81.79765320241229,3.1207416452144776,0.07591795583816062,-0.793460129683015,-0.12325427463468902,0.12325427463468903,0.0056986518274842884,-0.11185697097972044,-15.869202593660301
4.11,81.99713588180693,3.135109772726882,0.06783994425293441,-0.8220468949044538,-0.12133059776884103,0.12133059776884103,0.011007737215089061,-0.09931512333866291,-16.440937898089075
4.12,82.19672978541979,3.147839344469957,0.05950382203623251,-0.8451006998065144,-0.11829940538239747,0.11829940538239747,0.01934385943179096,-0.07961168651881556,-16.902013996130286
4.13,82.39642396299756,3.158884396730114,0.05097859733335418,-0.8598949250082832,-0.11400404915192298,0.11400404915192298,0.025152191516008837,-0.06369966611990531,-17.197898500165664
4.14,82.5962056152616,3.1682140583970293,0.042338512928802814,-0.8680946226471421,-0.10839028685385661,0.10839028685385663,0.03112994622008781,-0.04613039441368099,-17.361892452942843
4.15,82.79606063295032,3.1758114524802776,0.03365215153623436,-0.8691740576274788,-0.10143677306795015,0.10143677306795014,0.0372107220633161,-0.02701532894131796,-17.383481152549574
4.16,82.99597406476929,3.181674031998951,0.02499307955907893,-0.8626620452496949,-0.0931363072161094,0.09313630721610941,0.04332280195292521,-0.006490703310258972,-17.2532409049939
4.17,83.19593059076128,3.1858145386323637,0.01643925778199385,-0.8481506830196283,-0.08361757229417767,0.08361757229417767,0.05187662373001029,0.020135675165842915,-16.963013660392566
4.18,83.39591502707908,3.1882624686423324,0.008082007630521122,-0.8233819126503458,-0.07278411943090406,0.07278411943090406,0.057747009663458734,0.04270989989601341,-16.467638253006914
4.19,83.59591286789501,3.189066611839506,1.4833700400181116e-05,-0.7901636048316973,-0.06067299265999197,0.060672992659991966,0.06338868436427819,0.06610437606856441,-15.803272096633947
4.2,83.79591087999148,3.1882934300567993,-0.007676978361876716,-0.7483382302797184,-0.04734494917479613,0.04734494917479614,0.06871732000625491,0.09008969083771369,-14.966764605594367
4.21,83.99589759792137,3.186026665487194,-0.01490703904756155,-0.6978422325732639,-0.03288272774169075,0.03288272774169075,0.07594738069193974,0.11901203364218872,-13.956844651465278
4.22,84.19586375961372,3.182368044259438,-0.021579694877746275,-0.63689210745602,-0.01748620270611456,0.01748620270611456,0.08031987959816386,0.12,-12.7378421491204
4.23,84.39580262693046,3.177435865523507,-0.027646941213325876,-0.5767576147848575,-0.0011516211782872173,0.0011516211782872173,0.08415044222515948,0.12,-11.53515229569715
4.24,84.59570977343911,3.1713504124880987,-0.033118816182247,-0.5178138648470163,0.016007211006982484,0.016007211006982484,0.08744933545830362,0.12,-10.356277296940327
4.25,84.79558277216478,3.1642297025655624,-0.038007108927429374,-0.46003727935665256,0.03387880969165797,0.03387880969165798,0.09022836994875363,0.12,-9.200745587133051
4.26,84.99542093429662,3.1561893886652364,-0.042323375151122125,-0.4034047469092681,0.052339221170977175,0.052339221170977175,0.09454463617244636,0.12,-8.06809493818536
4.2700000000000005,85.19522506491401,3.147342797375807,-0.04607894173733956,-0.34789361373683,0.07121062353009652,0.07121062353009652,0.09625449954559846,0.12,-6.9578722747366
4.28,85.39499723288888,3.137800970720574,-0.04928491128276456,-0.293481674645981,0.09048095586846694,0.09048095586846695,0.09747797932520519,0.12,-5.86963349291962
4.29,85.59474055432361,3.1276727106374276,-0.05195216653793724,-0.2401471641356367,0.11004788453991135,0.11004788453991135,0.09822545971529026,0.12,-4.802943282712734
4.3,85.79445898889607,3.117064625426322,-0.05409137476049888,-0.18786874769051443,0.12981121556253344,0.12981121556253342,0.09850696802358874,0.12,-3.7573749538102885
4.3100000000000005,85.99415714850001,3.1060811774905543,-0.0557129919822377,-0.13662551324703354,0.14965062774865118,0.14965062774865118,0.10012858524532756,0.12,-2.7325102649406707
4.32,86.19384011758657,3.0948247317747315,-0.05682726719164043,-0.08639696282822909,0.16942681764732978,0.16942681764732978,0.09944646898252535,0.12,-1.7279392565645817
4.33,86.39351328463331,3.0833956043723822,-0.05744424643362524,-0.037163004344260515,0.18911727429728167,0.18911727429728165,0.09832748623063202,0.12,-0.7432600868852103
4.34,86.59318218418763,3.0718921108402575,-0.05757377682809297,0.011096056444673916,0.20862966569984223,0.20862966569984223,0.09678050602948776,0.12,0.22192112889347831
4.3500000000000005,86.79285234895458,3.0604106138147547,-0.05722551050890655,0.05839952380630432,0.227873523411967,0.227873523411967,0.09481411587587867,0.12,1.1679904761260864
4.36,86.99252917142122,3.0490455695791874,-0.056408908484873364,0.10476631975823693,0.24673434570283662,0.2467343457028366,0.09399751385184549,0.12,2.0953263951647387
4.37,87.1922177745332,3.037889573279022,-0.055133244424274745,0.15021499163703866,0.26510172486749833,0.26510172486749833,0.09116097329929508,0.12,3.0042998327407733
4.38,87.39192289096206,3.0270334025262335,-0.05340760836445699,0.19476371951740212,0.2829455442818978,0.2829455442818978,0.08793050488427062,0.12,3.8952743903480425
4.39,87.59164875052528,3.0165660591738166,-0.051240910347967475,0.23843032348442209,0.3001821454590212,0.3001821454590212,0.08431376188070921,0.12,4.768606469688442
4.4,87.79139897534336,3.0065748090776276,-0.04864188398669026,0.2812322707618709,0.3167295169014821,0.3167295169014821,0.08031817703847452,0.12,5.624645415237418
4.41,87.99117648234072,2.9971452196954314,-0.045619089955408205,0.3231866826993058,0.3324815285482168,0.3324815285482168,0.07729538300719246,0.12,6.463733653986115
4.42,88.19098339271915,2.988361195402498,-0.04218091941618563,0.3643103416208596,0.3473468349748274,0.3473468349748274,0.07251280427331333,0.12,7.286206832417193
4.43,88.39082094805288,2.980305010429722,-0.038335597374945934,0.4046196975383792,0.36129146668330114,0.3612914666833012,0.06737386077230313,0.12,8.092393950767583
4.44,88.59068943267549,2.9730573393541313,-0.03409118597158298,0.4441308747316565,0.3742394542487774,0.3742394542487774,0.0618852311054927,0.12,8.88261749463313
4.45,88.79058810204775,2.966697285093161,-0.02945558770492611,0.48285967819834175,0.38611632432649556,0.38611632432649556,0.056053420938564566,0.12,9.657193563966835
4.46,88.99051511681478,2.961302404373314,-0.024436548593842766,0.520821599976174,0.3968262953010368,0.3968262953010368,0.05103438182748122,0.12,10.416431999523482
4.47,89.19046748227802,2.956948730661083,-0.019041661275750778,0.5580318253399891,0.4062892248649542,0.4062892248649543,0.04448988491675346,0.12,11.160636506799781
4.48,89.39044099302542,2.953710794559365,-0.013278368043773674,0.5945052388760381,0.4144707813886756,0.4144707813886756,0.03762217860633614,0.12,11.890104777520762
4.49,89.59043018247833,2.9516616416863046,-0.007153963823759244,0.6302564304360082,0.42130204995826254,0.4213020499582625,0.03043715522069224,0.12,12.605128608720165
4.5,89.79042827713006,2.9508728480656554,-0.000675599092344048,0.6652997009731768,0.42671552461053497,0.42671552461053497,0.022940570235990124,0.12,13.305994019463537
4.51,89.9904271552641,2.9514145330685126,0.006149717262758565,0.6996490682629706,0.43062657521517816,0.43062657521517816,0.016115253880887512,0.12,13.99298136525941
4.5200000000000005,90.19041730995475,2.9533553699557595,0.013315115139111081,0.7333182725102688,0.43296172242936504,0.43296172242936504,0.00797265118492487,0.12,14.666365450205376
4.53,90.39038781616472,2.9567625940789104,0.02081386047141668,0.7663207818456566,0.4336886915692328,0.43368869156923284,-0.00046365202450950044,0.12,15.326415636913131
4.54,90.59032630176694,2.961702008804336,0.028639352537807132,0.7986697977128746,0.43274531159302004,0.43274531159302004,-0.009188405486868183,0.12,15.973395954257493
4.55,90.79021892232812,2.9682379892321906,0.036785121319463564,0.8303782601495607,0.4300707908399416,0.43007079083994165,-0.018196468964671666,0.12,16.607565202991214
4.5600000000000005,90.99005033950279,2.9764334837868622,0.04524482491252403,0.861458852963443,0.4255910949966181,0.42559109499661807,-0.026656172557732134,0.12,17.22917705926886
4.57,91.1898037028954,2.986350013760465,0.05401224699123439,0.8919240088060213,0.4192385865932701,0.41923858659327007,-0.036250229446266644,0.12,17.838480176120427
4.58,91.38946063525796,2.9980476708949118,0.06308129432133965,0.9217859141458098,0.41098404853181814,0.41098404853181814,-0.04611153359134434,0.12,18.435718282916195
4.59,91.58900122089777,3.011585113091443,0.07244599432270601,0.951056514143076,0.4007720240626716,0.4007720240626716,-0.056235367734226924,0.12,19.02113028286152
4.6000000000000005,91.78840399717862,3.02701955833931,0.08210049268021084,0.9797475174280696,0.38854845508696084,0.38854845508696084,-0.06661710494320831,0.12,19.594950348561394
4.61,91.98764594900496,3.044406776957539,0.09203905100193507,1.0078704007846202,0.3742481377256599,0.3742481377256599,-0.07655566326493254,0.12,20.157408015692404
4.62,92.18670250618574,3.063801082245536,0.10225604452373512,1.035436413741019,0.35781181593398115,0.35781181593398115,-0.08746919868118362,0.12,20.70872827482038
4.63,92.38554754357985,3.085255319639603,0.11274595985925875,1.0624565830699708,0.3392129571484019,0.3392129571484019,-0.09862612735655278,0.12,21.249131661399417
4.64,92.58415338393097,3.108820854473464,0.123503392794518,1.0889417171994513,0.318403018644181,0.318403018644181,-0.11002218287905373,0.09835865288607357,21.778834343989026
4.65,92.78249118044155,3.1345447122446277,0.1344800505404429,1.1063318628620336,0.29533776511607934,0.2953377651160794,-0.12161017918139382,0.05211740675329171,22.12663725724067
4.66,92.98053310325876,3.162455091780615,0.14553701323882282,1.10506490016659,0.26997840070685764,0.26997840070685764,-0.13266714187977377,0.004644116947310095,22.1012980033318
4.67,93.17825547885008,3.19254599510121,0.15648711539879873,1.085022342625562,0.2423320537041166,0.2423320537041166,-0.14420237389789045,-0.04607269409166431,21.70044685251124
4.68,93.3756408558696,3.2247738505172103,0.16713802216517046,1.0452914514561533,0.21246246641242897,0.21246246641242894,-0.15541324561164643,-0.0983640248108639,20.905829029123066
4.69,93.57267983199665,3.259056469498352,0.17729167782435726,0.9856385302134315,0.1804545514891335,0.1804545514891335,-0.16610271353078615,-0.12,19.71277060426863
4.7,93.7693719261838,3.2952768733512845,0.18681174508036175,0.9185983957014235,0.14642803907243723,0.14642803907243723,-0.17613542112076572,-0.12,18.37196791402847
4.71,93.9657230641627,3.333302770561291,0.19566807053474147,0.8528857447926651,0.11050057754664411,0.1105005775466441,-0.18499174657514544,-0.12,17.0577148958533
4.72,94.16174279489094,3.3730021462067086,0.20387379715573273,0.7884742915506836,0.07281724165572173,0.07281724165572173,-0.19368789111339987,-0.12,15.769485831013672
4.73,94.35744345456104,3.414246062259437,0.21144180766336504,0.7253382705354158,0.03351857009711447,0.033518570097114474,-0.2017250156828807,-0.12,14.506765410708315
4.74,94.55283984035334,3.4569085923702327,0.2183847296827183,0.6634524264967103,-0.007267090970272559,0.007267090970272558,-0.2091166359088024,-0.12,13.269048529934206
4.75,94.74794890353742,3.5008667502221145,0.22471494079514517,0.6027920042718576,-0.04941509768046458,0.04941509768046458,-0.2154468470212293,-0.12,12.055840085437152
4.76,94.94278946101248,3.5460004127920755,0.23044457348946595,0.5433327388832171,-0.09282414472222505,0.09282414472222507,-0.2216056199644319,-0.12,10.866654777664342
4.7700000000000005,95.1373819243885,3.592192239720726,0.23558552001512692,0.4850508458318919,-0.13735106760072727,0.13735106760072727,-0.22715697709680796,-0.12,9.701016916637839
4.78,95.33174804572519,3.6393275898601534,0.24014943713925696,0.42792301158363283,-0.1828792161240555,0.1828792161240555,-0.23211337449228112,-0.12,8.558460231672656
4.79,95.52591067906728,3.687294435951931,0.24414775080953252,0.3719263842430827,-0.22929462766598196,0.22929462766598196,-0.23648700901460024,-0.12,7.438527684861654
4.8,95.71989355693891,3.7359832782786966,0.24759166072470717,0.3170385644127344,-0.27649600309481126,0.2764960030948112,-0.23993091892977492,-0.12,6.340771288254689
4.8100000000000005,95.91372108098814,3.78528705803389,0.25049214481464116,0.26323759623286325,-0.32437312081753905,0.3243731208175391,-0.24319030763311464,-0.12,5.264751924657265
4.82,96.10741812600193,3.835101071063943,0.2528599636316186,0.21050195859890933,-0.372809253777071,0.372809253777071,-0.24590133095590613,-0.12,4.2100391719781864
4.83,96.30100985654433,3.88532288255525,0.25470566465471367,0.15881055655272028,-0.4217004083496006,0.4217004083496006,-0.24807522616910388,-0.12,3.1762111310544054
4.84,96.49452155550237,3.9358522431635574,0.25603958650892145,0.1081427128443058,-0.47094560024302956,0.47094560024302956,-0.24940914802331163,-0.12,2.1628542568861158
4.8500000000000005,96.68797846385844,3.98659100701597,0.2568718631007463,0.05847815966065285,-0.520460609345744,0.520460609345744,-0.2505552726717774,-0.12,1.169563193213057
4.86,96.88140563104054,4.0374430519544795,0.25721242767189934,0.0097970305183478,-0.5701303439258676,0.5701303439258677,-0.2511959784825723,-0.12,0.195940610366956
4.87,97.07482777523639,4.088314202334756,0.2570710167727279,-0.0379201476833083,-0.6198593907387651,0.6198593907387651,-0.2513416172106185,-0.12,-0.7584029536661661
4.88,97.26826915308942,4.1391121546438985,0.25645717415696523,-0.08469246245178189,-0.6695542562769983,0.6695542562769983,-0.25100232446238535,-0.12,-1.6938492490356376
4.89,97.46175343822802,4.189746406156106,0.2553802545993592,-0.1305386233365688,-0.719132332010652,0.7191323320106519,-0.24992540490477935,-0.12,-2.610772466731376
4.9,97.65530360811096,4.240128186804739,0.2538494276377069,-0.17547696941326743,-0.7684994419539688,0.7684994419539689,-0.24865719731474625,-0.12,-3.5095393882653485
4.91,97.84894183870286,4.2901703944130425,0.25187368124079257,-0.21952547661943772,-0.8175614640204768,0.8175614640204768,-0.24693268723108336,-0.12,-4.390509532388754
4.92,98.04268940652356,4.339787533393393,0.24946182540369402,-0.2627017649452396,-0.8662319612568379,0.8662319612568378,-0.2447612110201437,-0.12,-5.2540352989047925
4.93,98.23656659764393,4.3888956569958175,0.2466224956718988,-0.3050231054816481,-0.9144282037621301,0.9144282037621301,-0.2419218812883485,-0.12,-6.1004621096329625
4.94,98.43059262322839,4.437412313160766,0.24336415659563695,-0.3465064273291277,-0.9620748425319556,0.9620748425319556,-0.2388935712111216,-0.12,-6.930128546582553
4.95,98.62478554125087,4.485256494007974,0.2396951051158152,-0.3871683243694832,-1.009078834532046,1.009078834532046,-0.2354446845998916,-0.12,-7.743366487389664
4.96,98.8191621840362,4.532348588972912,0.23562347388290225,-0.42702506190365624,-1.0553598234650723,1.0553598234650723,-0.23158382177791362,-0.12,-8.540501238073125
4.97,99.01373809130263,4.578610341584009,0.23115723451009842,-0.4660925831580476,-1.1008388295223346,1.1008388295223346,-0.22731940393661704,-0.12,-9.321851663160952
4.98,99.20852744840406,4.623964809857991,0.22630420076208657,-0.5043865156620272,-1.145445397070101,1.145445397070101,-0.22246637018860518,-0.12,-10.087730313240543
4.99,99.40354302949203,4.668336330276424,0.2210720316806439,-0.5419221774991408,-1.1890986968650663,1.1890986968650663,-0.21742750796110116,-0.12,-10.838443549982816
5.0,99.59879614533783,4.711650485294272,0.21546823464835813,-0.5787145834345683,-1.231720069383746,1.2317200693837462,-0.21200891863664684,-0.12,-11.574291668691366
5.01,99.79429659557368,4.753834074320292,0.20950016839168234,-0.6147784509212157,-1.2732357343481677,1.2732357343481677,-0.2062183604957543,-0.12,-12.295569018424315
5.0200000000000005,99.9900526251304,4.794815088099761,0.20317504592452276,-0.6501282059868998,-1.313574094909407,1.313574094909407,-0.1998932380285947,-0.12,-13.002564119737997
5.03,100.18607088466517,4.834522686421747,0.19649993743354263,-0.6847779890049385,-1.3526705902905762,1.3526705902905765,-0.1933883223175031,-0.12,-13.695559780098769
5.04,100.38235639478923,4.872887179066142,0.18948177310632786,-0.7187416603505079,-1.390446427890655,1.390446427890655,-0.18653340505792174,-0.12,-14.374833207010159
5.05,100.57891251391902,4.909840009899505,0.18212734590355661,-0.7520328059449644,-1.4268325829372162,1.4268325829372162,-0.17933563485275927,-0.12,-15.040656118899287
5.0600000000000005,100.77574090958888,4.945313744023721,0.174443314276273,-0.7846647426904003,-1.461761160475653,1.4617611604756533,-0.1718020124504221,-0.12,-15.693294853808005
5.07,100.97284153307491,4.979242057877059,0.1664362048293589,-0.8166505237965711,-1.4951687543476748,1.4951687543476748,-0.16379490300350796,-0.12,-16.333010475931424
5.08,101.17021259719249,5.011559732183671,0.1581124149322589,-0.8480029440023701,-1.5269901610746686,1.5269901610746688,-0.15561560413306078,-0.12,-16.960058880047402
5.09,101.36785055713919,5.042202647644522,0.14947821527801608,-0.8787345446938835,-1.5571564102605489,1.5571564102605489,-0.14712029476586894,-0.12,-17.57469089387767
5.1000000000000005,101.56575009426629,5.071107783260428,0.14053975239163138,-0.9088576189211173,-1.5856041038433106,1.5856041038433106,-0.13831542736266675,-0.12,-18.177152378422345
5.11,101.76390410266988,5.098213217175985,0.13130305108875864,-0.9383842163153707,-1.6122709480008446,1.6122709480008446,-0.12920732173029062,-0.12,-18.767684326307414
5.12,101.96230367850202,5.123458129931794,0.12177401688570652,-0.9673261479092654,-1.637100013806402,1.637100013806402,-0.1196782875272385,-0.12,-19.346522958185307
5.13,102.16093811190906,5.146782810011335,0.11195843836172689,-0.9956949908613051,-1.6600287143218533,1.6600287143218535,-0.10998658947196117,-0.12,-19.913899817226103
5.14,102.35979488151199,5.16812866156831,0.10186198947452292,-1.023502093086896,-1.6809959069768996,1.6809959069768994,-0.1000095806327383,-0.12,-20.470041861737922
5.15,102.55885965134961,5.187438214219904,0.09149023182990686,-1.0507585777976671,-1.6999438135211908,1.6999438135211908,-0.08975308810359854,-0.12,-21.015171555953344
5.16,102.75811627021103,5.204655134791464,0.08084861690652025,-1.077475347950893,-1.7168157960604224,1.7168157960604224,-0.07922282008249942,-0.12,-21.549506959017858
5.17,102.95754677328964,5.219724240898324,0.0699424882364925,-1.1036630906108365,-1.731560648916159,1.7315606489161588,-0.06831669141247168,-0.12,-22.073261812216728
5.18,103.15713138609448,5.232591516250996,0.05877708354292869,-1.1293322812237079,-1.7441206380731185,1.7441206380731182,-0.0572589638697014,-0.12,-22.58664562447416
5.19,103.35684853056026,5.243204127570661,0.04735753683506666,-1.1544931878079872,-1.7544414496481127,1.7544414496481124,-0.04594366526435077,-0.12,-23.089863756159744
5.2,103.55667483329974,5.251510443002747,0.03568888046195326,-1.1791558750617592,-1.7624711980960543,1.7624711980960543,-0.034376061377717475,-0.12,-23.583117501235186
5.21,103.75658513594674,5.257460051917449,0.023776047125444975,-1.2033302083887416,-1.768159220965889,1.768159220965889,-0.022561311549317845,-0.12,-24.066604167774834
5.22,103.95655250753967,5.261003785987207,0.011623871853358463,-1.2270258578445676,-1.7714600450005116,1.7714600450005118,-0.010409136277231333,-0.12,-24.540517156891354
5.23,104.15654825889916,5.262093741432497,-0.0007629060664559716,-1.250252302004942,-1.7723221794521054,1.7723221794521054,0.0018823068039536533,-0.12,-25.00504604009884
5.24,104.35654195895454,5.260683302328702,-0.013379641190331621,-1.2730188317571898,-1.7706979316643303,1.7706979316643303,0.014406241322711438,-0.12,-25.460376635143795
5.25,104.55650145297672,5.256727164868399,-0.02622178006055259,-1.295334554016747,-1.7665417867242472,1.7665417867242472,0.0271579048118414,-0.12,-25.906691080334937
5.26,104.75639288267578,5.250181362474973,-0.0392848593839056,-1.3172083953700398,-1.7598095674353502,1.75980956743535,0.04013262995747672,-0.12,-26.344167907400795
5.2700000000000005,104.95618070812348,5.241003291665239,-0.052564504246305495,-1.3386491056452432,-1.7504621257047406,1.7504621257047404,0.053412274819876614,-0.12,-26.772982112904863
5.28,105.15582773146156,5.229151738560487,-0.06605642636276653,-1.3596652614123201,-1.7384549114734453,1.7384549114734453,0.06681776450069778,-0.12,-27.193305228246402
5.29,105.35529512235803,5.214586905947247,-0.07975642236203827,-1.3802652694137756,-1.7237472450768634,1.7237472450768638,0.08043305448254243,-0.12,-27.60530538827551
5.3,105.55454244517374,5.1972704407909625,-0.0936603721051964,-1.4004573699274583,-1.7063005932404591,1.7063005932404591,0.0942538330250313,-0.12,-28.009147398549167
5.3100000000000005,105.75352768780232,5.177165462107735,-0.10776423703753457,-1.420249640062785,-1.6860778930225575,1.6860778930225575,0.10827587328566501,-0.12,-28.404992801255702
5.32,105.95220729214677,5.1542365891013056,-0.12206405857308375,-1.4396499969916856,-1.6630473713342808,1.6630473713342806,0.12257569482121418,-0.12,-28.792999939833713
5.33,106.15053618619636,5.128449969474476,-0.13655595651113248,-1.458666201115587,-1.6371714878559918,1.6371714878559918,0.1369869292392845,-0.12,-29.173324022311743
5.34,106.34846781766697,5.099773307826305,-0.15123612748408988,-1.4773058591696713,-1.6084174222999248,1.608417422299925,0.15158741497914077,-0.12,-29.546117183393427
5.3500000000000005,106.54595418916837,5.068175894048497,-0.16610084343609055,-1.495576427265673,-1.5767542999896187,1.5767542999896187,0.16637324323860617,-0.12,-29.911528545313463
5.36,106.74294589486152,5.033628631636591,-0.18114645013171715,-1.5134852138744188,-1.542153378358381,1.542153378358381,0.18141884993423274,-0.12,-30.269704277488376
5.37,106.93939215856884,4.996104065833697,-0.19636936569426544,-1.5310393827493212,-1.5045901530622154,1.5045901530622157,0.19656349632690326,-0.12,-30.620787654986422
5.38,107.13524087329948,4.955576411526799,-0.2117660791729406,-1.5482459557919699,-1.464035022540796,1.464035022540796,0.21188238148159677,-0.12,-30.964919115839397
5.39,107.33043864215193,4.91202158081783,-0.22733314913843145,-1.5651118158609871,-1.4204637378750415,1.4204637378750415,0.22737188724858948,-0.12,-31.302236317219744
5.4,107.52493082055504,4.865417210193971,-0.24306720230629414,-1.581643709525265,-1.3738537645724669,1.3738537645724669,0.2430284641961361,-0.12,-31.632874190505298
5.41,107.7186615598084,4.815742687223964,-0.2589649321875879,-1.5978482497626763,-1.3241867464024482,1.3241867464024482,0.2589261940774299,-0.12,-31.956964995253525
5.42,107.91157385188234,4.762979176709365,-0.27502309776624373,-1.6137319186053636,-1.2714432336865245,1.2714432336865245,0.2749067954575875,-0.12,-32.27463837210727
5.43,108.10360957543689,4.707109646222173,-0.29123852220260915,-1.6293010697326318,-1.2156040868500895,1.2156040868500895,0.2910443915699713,-0.12,-32.58602139465263
5.44,108.2947095430187,4.648118890962373,-0.3076080915626729,-1.6445619310125075,-1.156653909320608,1.1566539093206079,0.3073356917601573,-0.12,-32.89123862025015
5.45,108.48481354939388,4.5859935578714115,-0.3241287535724439,-1.6595206069929644,-1.094580362827701,1.094580362827701,0.32385635376992833,-0.12,-33.19041213985929
5.46,108.67386042097456,4.520722168939773,-0.3407975163970099,-1.6741830813438314,-1.0293741627725492,1.0293741627725495,0.34044622890195897,-0.12,-33.483661626876625
5.47,108.86178806629553,4.452295143649402,-0.35761144744375745,-1.6885552192503352,-0.9610220362411225,0.9610220362411225,0.35718047471560543,-0.12,-33.77110438500671
5.48,109.04853352749707,4.380704820493786,-0.37456767218929904,-1.7026427697592554,-0.8895160830012696,0.8895160830012696,0.3740560359411686,-0.12,-34.052855395185105
5.49,109.23403303276933,4.305945477521086,-0.39166337302961923,-1.716451368078614,-0.8148516580802746,0.8148516580802746,0.3911517367814888,-0.03254818451729702,-34.32902736157228
5.5,109.41822661573173,4.2280240174013,-0.4087220447161246,-1.6953532985125217,-0.737038180035868,0.737038180035868,0.4081285837962897,0.07921898755671142,-33.907065970250436
5.51,109.6010788367724,4.14700461659645,-0.4253497799525411,-1.630410233017005,-0.656135681333915,0.656135681333915,0.4246731478320369,0.12,-32.6082046603401
5.5200000000000005,109.78258822482101,4.063019508024136,-0.4412535147648651,-1.5506027633923538,-0.5722761326264084,0.5722761326264084,0.4404921766269338,0.12,-31.012055267847074
5.53,109.96277363908021,3.9762297931019193,-0.45636710268894876,-1.4723755875441875,-0.48562362487192307,0.48562362487192307,0.4556057645510175,0.12,-29.44751175088375
5.54,110.14166175283354,3.8867962594337637,-0.4707061896814423,-1.3956974135592015,-0.3963385280669617,0.3963385280669617,0.4698584191078712,0.12,-27.91394827118403
5.55,110.31928430305685,3.7948744746930414,-0.48428611188829573,-1.3205375691454955,-0.3045734570699418,0.3045734570699418,0.48334998713700694,0.12,-26.410751382909908
5.5600000000000005,110.49567756763231,3.7006149042889644,-0.4971219017794245,-1.2468659893632346,-0.21047905404389733,0.21047905404389736,0.4961857770281357,0.12,-24.93731978726469
5.57,110.67088187622383,3.604163044207808,-0.5092282941618932,-1.1746532045982983,-0.11420669976107606,0.11420669976107606,0.5082016940295134,0.12,-23.493064091965966
5.58,110.84494115323275,3.505659566262119,-0.5206197320740418,-1.103870328774002,-0.015890771987260605,0.015890771987260605,0.519500331336544,0.12,-22.07740657548004
5.59,111.0179024912377,3.405240473270942,-0.5313103725628889,-1.0344890477963087,0.08433292896411555,0.08433292896411555,0.5300956369867618,0.12,-20.689780955926174
5.6000000000000005,111.18981575332396,3.3030372619601143,-0.5413140923471415,-0.9664816082278005,0.18632723576620958,0.18632723576620958,0.5400993567710143,0.12,-19.32963216455601
5.61,111.3607332027239,3.199177091616211,-0.5506444933680633,-0.8998208061859578,0.28996881297404725,0.2899688129740473,0.5493316742838276,0.12,-17.996416123719158
5.62,111.53070915821763,3.0937829567509256,-0.559314908230439,-0.8344799764612078,0.39513655172446543,0.39513655172446543,0.557901036659723,0.12,-16.689599529224154
5.63,111.69979967377915,2.986973862236868,-0.5673384055357891,-0.7704329818505085,0.5017064672879206,0.5017064672879206,0.5659245339650731,0.12,-15.40865963701017
5.64,111.86806224099878,2.878864999561005,-0.574727795109987,-0.7076542027021138,0.6095649193892994,0.6095649193892994,0.5732096754367596,0.12,-14.153084054042274
5.65,112.03555551286175,2.7695679230105723,-0.5814956331273594,-0.6461185266673656,0.7186036451032841,0.7186036451032842,0.5798698363033385,0.12,-12.922370533347312
5.66,112.20233904751802,2.6591907247588695,-0.5876542271333223,-0.5858013386554409,0.8287095414581797,0.8287095414581798,0.5860284303093014,0.12,-11.716026773108819
5.67,112.3684730707361,2.5478382079559863,-0.5932156409675656,-0.5266785109869552,0.9397784434675107,0.9397784434675107,0.5914784972412573,0.12,-10.533570219739104
5.68,112.53401825579289,2.4356120570541133,-0.5981916995897487,-0.4687263937425901,1.0517127107054434,1.0517127107054434,0.5963392907479641,0.12,-9.374527874851802
5.69,112.69903551961329,2.32261100470849,-0.6025939938096418,-0.41192180530280065,1.1644078899104418,1.1644078899104418,0.6007415849678572,0.12,-8.238436106056014
5.7,112.86358583403437,2.208930994695582,-0.6064338849236037,-0.356242023074878,1.2777690320513546,1.2777690320513546,0.604462036033838,0.12,-7.12484046149756
5.71,113.02773005113045,2.094665340379556,-0.6097225092592536,-0.3016647744035793,1.3917070109859286,1.3917070109859286,0.6076267799007856,0.12,-6.033295488071586
5.72,113.19152874159593,1.9799048783386164,-0.6124707826301494,-0.24816822766178884,1.5061239435351035,1.5061239435351037,0.6103750532716814,0.12,-4.963364553235777
5.73,113.35504204524246,1.864738116833796,-0.614689404702259,-0.19573098351756654,1.6209338145156054,1.6209338145156051,0.6124650796732943,0.12,-3.914619670351331
5.74,113.51832953272489,1.7492513788665023,-0.6163888632739686,-0.14433206637414833,1.7360540825164699,1.7360540825164699,0.6140309427618215,0.12,-2.8866413274829665
5.75,113.68145007766736,1.6335289396270236,-0.6175794384713433,-0.09395091597939986,1.8513915751374503,1.8513915751374503,0.6152215179591962,0.12,-1.8790183195879973
5.76,113.84446173841474,1.517653158186237,-0.6182712068603137,-0.044567379201460255,1.9668688833079884,1.9668688833079886,0.6157743960611156,0.12,-0.8913475840292051
5.7700000000000005,114.00742164868753,1.4017046033261291,-0.6184740454774363,0.00383829803278829,2.082408351743036,2.082408351743036,0.6158327436515854,0.12,0.0767659606557658
5.78,114.17038591646848,1.2857621734434592,-0.6181976357808407,0.05128547863959602,2.1979199398736413,2.1979199398736413,0.6155563339549899,0.12,1.0257095727919203
5.79,114.33340953049722,1.1699032104942235,-0.6174514675229412,0.09779314212379603,2.313334413796778,2.313334413796778,0.6146597564721439,0.12,1.9558628424759206
5.8,114.49654627379455,1.0542036079762813,-0.6162448425464647,0.14337989217084202,2.4285775845287922,2.4285775845287922,0.6132964744980586,0.12,2.8675978434168403
5.8100000000000005,114.65984864368201,0.9387379129726015,-0.6145868785053115,0.1880639640885387,2.5435613028764203,2.5435613028764203,0.6116385104569053,0.12,3.761279281770774
5.82,114.82336777780287,0.8235794222998954,-0.6124865125117388,0.23186323210139234,2.658223887135109,2.658223887135109,0.6093748973956993,0.12,4.637264642027847
5.83,114.98715338569009,0.7088002728260653,-0.6099525047113245,0.2747952165005626,2.7724928440041006,2.7724928440041006,0.6068408895952849,0.12,5.495904330011252
5.84,115.15125368546259,0.5944715260364739,-0.606993441787142,0.3168770906521967,2.8862831084382017,2.8862831084382017,0.603711633891214,0.12,6.337541813043934
5.8500000000000005,115.3157153452665,0.48066324694245643,-0.6036177403945482,0.3581256878670124,2.999537584341506,2.999537584341506,0.600158424382837,0.12,7.162513757340248
5.86,115.48058342910936,0.36744457743740117,-0.5998336505279586,0.3985575081338321,3.1121852467460953,3.112185246746095,0.5963743345162473,0.12,7.971150162676643
5.87,115.64590134676662,0.25488380421516965,-0.5956492588209533,0.4381887247198206,3.2241443174666213,3.2241443174666213,0.5920047351014106,0.12,8.763774494396412
5.88,115.8117108074667,0.14304842137403007,-0.5910724917810398,0.47703519063999256,3.335360321065717,3.335360321065717,0.5872346612075584,0.12,9.540703812799851
5.89,115.97805177708845,0.032005187835493734,-0.5861111189603608,0.5151124449986336,3.445764349938793,3.445764349938793,0.5822732883868794,0.12,10.302248899972673
5.9,116.14496243862878,-0.07817982028707962,-0.5807727560636188,0.5524357192051528,3.55527589037504,3.55527589037504,0.5767331039586302,0.12,11.048714384103056
5.91,116.31247915572098,-0.18744116223110258,-0.5750648679944608,0.5890199430668358,3.6638432637346163,3.6638432637346163,0.5708144474785372,0.12,11.780398861336716
5.92,116.48063643900595,-0.29571398989663883,-0.568994771841537,0.6248797507609872,3.7714003763544466,3.771400376354447,0.5647443513256134,0.12,12.497595015219744
5.93,116.6494669151776,-0.4029340097829297,-0.5625696398054354,0.6600294866887829,3.877865198777892,3.8778651987778923,0.55809905442092,0.12,13.200589733775658
5.94,116.8190012985421,-0.5090374494037495,-0.5557965020676565,0.6944832112132283,3.983189588631542,3.983189588631542,0.5510958876841062,0.12,13.889664224264566
5.95,116.98926836494738,-0.613961028034576,-0.5486822496027822,0.7282547062834788,4.087309494396341,4.08730949439634,0.543741255593073,0.12,14.565094125669575
5.96,117.16029492795467,-0.717641931644455,-0.5412336369349541,0.7613574809478215,4.190144094621045,4.190144094621044,0.5362926429252448,0.12,15.22714961895643
5.97,117.33210581713786,-0.8200177918651885,-0.5334572848397752,0.7938047767574625,4.291643700854742,4.291643700854743,0.5282650545168145,0.12,15.87609553514925
5.98,117.50472385840966,-0.9210266688513046,-0.5253596829927072,0.8256095730633297,4.391747567075914,4.391747567075913,0.5199048332981273,0.12,16.512191461266596
5.99,117.67816985628521,-1.0206070378848282,-0.5169471925650303,0.8567845922079749,4.490380337430484,4.490380337430484,0.5114923428704504,0.12,17.135691844159496
6.0,117.8524625780048,-1.1186977795802309,-0.5082260487683921,0.8873423046146973,4.587483709011168,4.587483709011168,0.5024966492062826,0.12,17.746846092293946
6.01,118.02761873944698,-1.2152381735459474,-0.49920236334897805,0.9172949337758682,4.683003161424858,4.683003161424858,0.493185914159651,0.12,18.345898675517365
6.0200000000000005,118.20365299277245,-1.3101678953607003,-0.4898821270322902,0.9466544611424959,4.776872070376627,4.776872070376627,0.4838656778429632,0.12,18.933089222849915
6.03,118.3805779157471,-1.4034270167243061,-0.4802712119195205,0.9754326309169554,4.869016846047934,4.869016846047934,0.47395462149055156,0.12,19.50865261833911
6.04,118.55840400270002,-1.4949560086446887,-0.47037537383646433,1.003640954750842,4.959392358379436,4.959392358379436,0.4637449353508545,0.12,20.07281909501684
6.05,118.7371396570785,-1.584695747524425,-0.4602002546359312,1.0312907163497749,5.047938001659223,5.047938001659223,0.4532416219602187,0.12,20.625814326995496
6.0600000000000005,118.91679118556823,-1.672587524012438,-0.44975138445455926,1.058392975987034,5.13457753127569,5.134577531275691,0.44279275177884675,0.12,21.16785951974068
6.07,119.0973627937518,-1.758573054488261,-0.4390341839249471,1.0849585749278088,5.21925826991862,5.21925826991862,0.43173234674342054,0.12,21.699171498556176
6.08,119.2788565832836,-1.8425944950486,-0.42805396634397397,1.1109981397658615,5.301927650893584,5.301927650893584,0.4203932245490417,0.12,22.21996279531723
6.09,119.46127255056267,-1.9245944578677516,-0.4168159397981928,1.1365220866742982,5.382526459801847,5.382526459801847,0.408779877151217,0.12,22.730441733485964
6.1000000000000005,119.64460858688905,-2.004516029805841,-0.40532520924713233,1.1615406255721805,5.460972167137868,5.460972167137869,0.3972891466001565,0.12,23.23081251144361
6.11,119.82886048009202,-2.0823027931407667,-0.393586778565353,1.186063764208621,5.53722693141174,5.53722693141174,0.38515823564703405,0.12,23.721275284172417
6.12,120.01402191762119,-2.157898848302074,-0.38160555254405765,1.2101013121660291,5.611234040516607,5.611234040516606,0.3727665990190236,0.12,24.20202624332058
6.13,120.20008449109363,-2.231248838486858,-0.36938633885307715,1.2336628847840672,5.68293592988962,5.68293592988962,0.3601182450791613,0.12,24.673257695681343
6.140000000000001,120.3870377022919,-2.3022979760401725,-0.35693384996400046,1.256757907005917,5.752249340903877,5.7522493409038775,0.3476657561900846,0.12,25.13515814011834
6.15,120.57486897060937,-2.370992070484327,-0.34425270503523053,1.279395617148376,5.819141291068397,5.819141291068397,0.33453591305474617,0.12,25.58791234296752
6.16,120.76356364194058,-2.437277558083747,-0.3313474317597025,1.3015850705973189,5.883556340961519,5.883556340961519,0.32116152571736967,0.12,26.03170141194638
6.17,120.95310499901458,-2.5011015328339026,-0.31822246817602584,1.3233351434299645,5.945438971472126,5.945438971472126,0.3075461442164298,0.12,26.46670286859929
6.18,121.14347427317047,-2.562411778765103,-0.30488216444375765,1.3446545359654272,6.00471331781417,6.00471331781417,0.29420584048416165,0.12,26.893090719308542
6.19,121.33465065757402,-2.6211568034538693,-0.29133078458352346,1.365551776244962,6.061336601949239,6.061336601949239,0.2801418202899524,0.12,27.31103552489924
6.2,121.52661132187485,-2.6772858726366215,-0.277572508182687,1.3860352234432882,6.115262560117991,6.115262560117991,0.26584773162916303,0.12,27.720704468865765
6.21,121.7193314283034,-2.7307490458225416,-0.26361143206723386,1.4061130712123808,6.16643823031462,6.166438230314619,0.25132669056632556,0.12,28.12226142424762
6.22,121.91278414920603,-2.781497212804271,-0.24945157194056103,1.4257933509590341,6.214806111123799,6.2148061111238,0.23716683043965273,0.12,28.515867019180682
6.23,122.10694068601717,-2.8294821309672784,-0.23509686398980947,1.4450839350575342,6.260293651933294,6.260293651933293,0.2222269926307604,0.12,28.901678701150683
6.24,122.30177028966571,-2.874656463300555,-0.2205511664603966,1.4639925399987075,6.302874457351459,6.30287445735146,0.20706995654493235,0.12,29.27985079997415
6.25,122.49724028241303,-2.916973817013376,-0.20581826119935817,1.4825267294766296,6.342498733792707,6.342498733792707,0.1916984286966522,0.12,29.65053458953259
6.26,122.69331608111823,-2.956388782664655,-0.19090185516814265,1.5006939174141976,6.379117615142389,6.379117615142389,0.17611500932559115,0.12,30.013878348283953
6.2700000000000005,122.88996122192597,-2.992856973713513,-0.17580558192544252,1.5185013709288004,6.41267416394423,6.41267416394423,0.16101873608289102,0.12,30.370027418576008
6.28,123.08713738637061,-3.0263350664014963,-0.16053300308067167,1.5359562132392577,6.443104456962874,6.443104456962874,0.14504961534366914,0.12,30.719124264785155
6.29,123.2848044288896,-3.0567808398788974,-0.14508760971864856,1.5530654265152104,6.470386258391015,6.470386258391015,0.1288769831301695,0.12,31.06130853030421
6.3,123.48292040573746,-3.0841532164894403,-0.12947282379608205,1.5698358546700764,6.494474762043791,6.494474762043791,0.11250306306608675,0.12,31.396717093401527
6.3100000000000005,123.68144160529067,-3.1084123021296244,-0.11369199951039696,1.5862742060987094,6.51532633455675,6.515326334556751,0.09592998196542922,0.12,31.725484121974187
6.32,123.88032257973221,-3.12951942660085,-0.09774842464146337,1.6023870563608411,6.532897787965318,6.532897787965318,0.07998640709649563,0.12,32.047741127216824
6.33,124.07951617810338,-3.147437183874439,-0.081645321866744,1.6181808508114013,6.547110704782025,6.547110704782026,0.0630566695119521,0.12,32.36361701622803
6.34,124.27897358070867,-3.1621294721914954,-0.06538585005041378,1.6336619071787397,6.557960466691688,6.557960466691688,0.045934902999474836,0.12,32.67323814357479
6.3500000000000005,124.47864433485837,-3.173561533921557,-0.04897310550694471,1.648836418091805,6.5654085238671005,6.565408523867101,0.02862289706003753,0.12,32.976728361836095
6.36,124.67847639193191,-3.1816999951058484,-0.03241012323967886,1.6637104535572722,6.569417780995633,6.569417780995633,0.011122356915642909,0.12,33.27420907114544
6.37,124.87841614574361,-3.186512904612917,-0.015699878154861364,1.6782899633876363,6.569952660466399,6.569952660466399,-0.006565092988784712,0.12,33.56579926775272
6.38,125.0784084721909,-3.1879697728363214,0.0011547137483515907,1.6925807795812093,6.566956712111335,6.566956712111335,-0.023419684891997666,0.12,33.85161559162419
6.390000000000001,125.27839677016345,-3.1860416098660123,0.018150794211457173,1.7065886186550014,6.560395581943399,6.560395581943399,-0.041433985608390164,0.12,34.13177237310003
6.4,125.47832300369052,-3.1807009630669714,0.035285561573258364,1.720319083931398,6.550259406682112,6.5502594066821125,-0.059629372135820834,0.12,34.40638167862796
6.41,125.67812774530215,-3.1719219540006174,0.05255626964917118,1.7337776677795713,6.536519108370754,6.536519108370754,-0.07800449329017387,0.12,34.675553355591425
6.42,125.87775022057828,-3.1596803146264425,0.06996022663270819,1.7469697538124962,6.51914745691926,6.51914745691926,-0.09655805986634665,0.12,34.93939507624992
6.43,126.07712835385857,-3.1439534227233046,0.08749479401872155,1.7599006190404685,6.498119144416838,6.498119144416838,-0.11528883915263127,0.12,35.19801238080937
6.44,126.27619881508438,-3.1247203364717486,0.10515738554796734,1.77257543598198,6.473361225519557,6.473361225519557,-0.13295143068187706,0.12,35.451508719639605
6.45,126.47489706774269,-3.1019618281407233,0.1229454661725611,1.7849992747327916,6.444892906318167,6.444892906318167,-0.1519837295699183,0.12,35.699985494655834
6.46,126.67315741788084,-3.075660416823983,0.14085655104193426,1.7971771049940444,6.41269937409766,6.41269937409766,-0.17118843589906196,0.12,35.94354209988089
6.47,126.87091306415917,-3.0458004001735115,0.15888820450885455,1.8091137980602028,6.376763455160615,6.376763455160615,-0.1905644975606388,0.12,36.182275961204056
6.48,127.06809614890769,-3.012367885079211,0.17703803915513783,1.8208141287676394,6.337070280607058,6.337070280607059,-0.21011089068787958,0.12,36.41628257535279
6.49,127.26463781015157,-2.9753508172461527,0.1953037148366425,1.832282777404629,6.293574447565872,6.293574447565873,-0.22837656636938425,0.12,36.645655548092584
6.5,127.46046823456923,-2.9347390096225827,0.21368293774719027,1.8435243315835326,6.246260472237485,6.246260472237484,-0.2482058342670039,0.12,36.87048663167065
6.51,127.65551671134526,-2.890524169633984,0.2321734595010068,1.8545432880758985,6.195152945557136,6.195152945557136,-0.2682011883760272,0.12,37.09086576151797
6.5200000000000005,127.84971168687969,-2.8426999251803684,0.25077307623334055,1.8653440546112343,6.140246647132049,6.140246647132048,-0.28836168160031267,0.12,37.306881092224685
6.53,128.04298082031394,-2.791261849356056,0.26947962771888095,1.8759309516401526,6.081539082178017,6.081539082178017,-0.3086863569202757,0.12,37.51861903280305
6.54,128.23525103983295,-2.736207483853081,0.28829099650764933,1.8863082140626148,6.018990669838562,6.018990669838563,-0.3274977257090441,0.12,37.726164281252295
6.55,128.4264485997015,-2.6775363610114957,0.30720510707798415,1.8964799929219442,5.952593877384385,5.952593877384385,-0.3480883468749927,0.12,37.929599858438884
6.5600000000000005,128.61649913799266,-2.615250024481686,0.326219925006308,1.9064503570652997,5.882397222033456,5.882397222033456,-0.3688391267971911,0.12,38.129007141306
6.57,128.80532773496478,-2.549352048465909,0.3453334561533242,1.9162232947712663,5.808409477042443,5.808409477042443,-0.3897490494164141,0.12,38.32446589542533
6.58,128.99285897204305,-2.4798480555081013,0.36454374586634486,1.925802715345224,5.730642579148161,5.730642579148161,-0.4108170390436979,0.12,38.51605430690448
6.59,129.17901699136064,-2.4067457328031745,0.38384887819739666,1.9351924506831193,5.649007435663574,5.649007435663574,-0.4301221713747497,0.12,38.703849013662385
6.6000000000000005,129.36372555581414,-2.330054846998776,0.4032469751368198,1.9443962568042763,5.563611647068844,5.563611647068844,-0.4514400431792604,0.12,38.88792513608553
6.61,129.54690810958684,-2.2497872574646145,0.42273619586203204,1.9534178153538508,5.474481415921934,5.474481415921934,-0.4729117536702909,0.12,39.06835630707702
6.62,129.72848783909362,-2.165956928006217,0.4423147360011856,1.9622607350755428,5.381641560275393,5.381641560275393,-0.49453599702250983,0.12,39.245214701510854
6.63,129.90838773429977,-2.07857993700216,0.4619808269113873,1.9709285532551384,5.284993353323478,5.284993353323479,-0.5142020879327116,0.12,39.41857106510277
6.640000000000001,130.0865306503664,-1.9876744859454967,0.4817327349712215,1.9794247371354732,5.184675314331677,5.184675314331677,-0.5360632542472781,0.12,39.588494742709464
6.65,130.26283936957435,-1.893260906372228,0.5015687608872712,1.9877526853033727,5.080730495800204,5.080730495800204,-0.5580722618991049,0.12,39.75505370606746
6.66,130.43723666347816,-1.7953616651613218,0.5214872390143888,1.9959157290491365,4.973138676716818,4.973138676716818,-0.5779907400262225,0.12,39.91831458098273
6.67,130.60964535524155,-1.6940013681929809,0.5414865366894084,2.003917133699096,4.861890755054818,4.861890755054818,-0.6002267214098277,0.12,40.07834267398192
6.68,130.7799883821053,-1.5892067623534383,0.5615650535780611,2.0117600999217897,4.747128887991832,4.747128887991832,-0.6226053952224375,0.12,40.2352019984358
6.69,130.94818885793882,-1.4810067358765657,0.5817212210348212,2.0194477650082727,4.628869731423543,4.628869731423544,-0.6427615626791976,0.12,40.388955300165456
6.7,131.11417013582593,-1.3694323170144314,0.60195350147542,2.026983204127074,4.507035852689882,4.507035852689882,-0.6653570195400984,0.12,40.53966408254148
6.71,131.27785587063573,-1.2545166710305604,0.622260387761803,2.034369431554307,4.381832028387462,4.381832028387461,-0.6880894050557829,0.12,40.68738863108614
6.72,131.4391700815294,-1.1362950955117794,0.6426404025992465,2.041609401879419,4.2532550265584925,4.2532550265584925,-0.7084694198932263,0.12,40.83218803758838
6.73,131.59803721435344,-1.0148050139959577,0.663092097945424,2.048706011187067,4.1212678462247405,4.1212678462247405,-0.7314079794574282,0.12,40.97412022374134
6.74,131.7543822038705,-0.8900859679149774,0.683614054431163,2.055662098215588,3.9860866285959755,3.9860866285959755,-0.7544769280307134,0.12,41.11324196431176
6.75,131.90813053577875,-0.7621796068537058,0.7042048807926886,2.0624804454925356,3.847615344496709,3.847615344496709,-0.7750677543922391,0.12,41.249608909850714
6.76,132.05920830847083,-0.6311296771278232,0.7248632133150931,2.0691637804477256,3.7059978032583887,3.705997803258389,-0.7983316724639837,0.12,41.38327560895451
6.7700000000000005,132.20754229448414,-0.49698200868465636,0.7455877152868347,2.075714776504246,3.561323942410858,3.561323942410858,-0.8190561744357253,0.12,41.514295530084915
6.78,132.35306000159372,-0.3597845003331235,0.766377076465028,2.082136054147858,3.41352641623879,3.41352641623879,-0.8425078653143927,0.12,41.64272108295716
6.79,132.49568973350037,-0.219587103310195,0.7872300125513405,2.0884301819752316,3.2628870799542824,3.262887079954283,-0.8633608014007053,0.12,41.76860363950463
6.8,132.63536065006596,-0.07644180319329999,0.8081452646782489,2.0945996777214138,3.1091898914112654,3.109189891411265,-0.8869929461462723,0.12,41.891993554428275
6.8100000000000005,132.772002827049,0.06959739983075455,0.8291215989054785,2.100647009266958,2.952817595603582,2.9528175956035816,-0.9107382065711217,0.12,42.012940185339154
6.82,132.90554731529372,0.21847451232790605,0.8501578057264038,2.1065745956251063,2.7935487118480173,2.7935487118480173,-0.9317744133920469,0.12,42.13149191250213
6.83,133.0359261993267,0.370131570596402,0.8712526995842403,2.1123848079094323,2.6317553975007657,2.6317553975007657,-0.9556873744917415,0.12,42.247696158188646
6.84,133.16307265531512,0.5245086652482684,0.8924051183977992,2.1180799702823134,2.4672054515001456,2.4672054515001456,-0.9768397933053004,0.12,42.36159940564627
6.8500000000000005,133.28692100834166,0.6815439673761612,0.9136139230966426,2.12366236088463,2.300284911346414,2.300284911346414,-0.9980485980041437,0.12,42.4732472176926
6.86,133.40740678895193,0.8411737562872971,0.9348779971654326,2.129134212747049,2.1308035451634724,2.1308035451634724,-1.0221766109112722,0.08645032334092795,42.58268425494098
6.87,133.52447041143816,1.00332986274603,0.9561295919363813,2.1212111525415223,1.9590584297476976,1.9590584297476978,-1.0434282056822208,-0.12,42.42422305083045
6.88,133.6380908979043,1.1679170658172215,0.9768925814166064,2.031685173581073,1.785056541980836,1.785056541980836,-1.0670973471826208,-0.12,40.63370347162146
6.890000000000001,133.7483441906657,1.3347789664816505,0.9967692043195588,1.943931927775165,1.608941159879039,1.6089411598790389,-1.0869739700855734,-0.12,38.8786385555033
6.9,133.85533308096615,1.5037528474438422,1.015777011879378,1.8579163126555276,1.4310164496242659,1.4310164496242659,-1.1059817776453926,-0.12,37.15832625311055
6.91,133.959164188003,1.6746855881033054,1.033933207792488,1.7736039208293084,1.251207333611351,1.2512073336113512,-1.1270822812927894,-0.12,35.47207841658617
6.92,134.05994733779804,1.84743325400918,1.0512546550992987,1.6909610262156882,1.0698342832113075,1.0698342832113075,-1.1444037285996,-0.12,33.819220524313764
6.93,134.157794997767,2.021860680390596,1.0677578829296477,1.6099545705549911,0.8870617974020737,0.8870617974020737,-1.160906956429949,-0.12,32.19909141109982
6.94,134.25282176326976,2.1978410531354733,1.083459093114675,1.5305521501849335,0.7027983465127671,0.7027983465127672,-1.1795861657361117,-0.12,30.61104300369867
6.95,134.34514389253178,2.3752554901255594,1.098374166667765,1.4527220030787542,0.5173419752034203,0.5173419752034202,-1.1945012392892018,-0.12,29.054440061575086
6.96,134.434878886455,2.5539926254173873,1.1125186701371732,1.376432996139939,0.33081732294598215,0.33081732294598215,-1.20864574275861,-0.12,27.52865992279878
6.97,134.52214510997598,2.733948198383048,1.1259078618328457,1.301654612748595,0.14320771390305567,0.14320771390305567,-1.2250417485647511,-0.12,26.0330922549719
6.98,134.60706145177852,2.9150246495899426,1.1385566979299508,1.2283569405543817,-0.04538400446738034,0.04538400446738034,-1.2376905846618564,-0.12,24.567138811087634
6.99,134.68974701932444,3.097130724899699,1.150479838451543,1.1565106595111987,-0.2347795084713187,0.23477950847131873,-1.2496137251834485,-0.12,23.130213190223973
7.0,134.77032086632462,3.280181089002101,1.1616916531327743,1.0860870301487369,-0.4249056647082266,0.42490566470822655,-1.2608255398646797,-0.12,21.721740602974737
7.01,134.8489017499334,3.46409594936529,1.1722062271689766,1.0170578820763334,-0.6158076146780721,0.6158076146780721,-1.2743704522322223,-0.12,20.341157641526667
7.0200000000000005,134.92560791510888,3.648800691378159,1.182037366849928,0.9493956027144272,-0.8073722648144671,0.8073722648144672,-1.2842015919131737,-0.12,18.987912054288543
7.03,135.00055690373995,3.8342255252799333,1.1911986050825505,0.8830731262491834,-0.9994740436663352,0.9994740436663353,-1.2933628301457962,-0.12,17.66146252498367
7.04,135.07386538629393,4.020305145314923,1.1997032068042577,0.8180639228057701,-1.1920598848206099,1.19205988482061,-1.3018674318675034,-0.12,16.361278456115404
7.05,135.1456490138901,4.206978401413187,1.2075641742891035,0.7543419878360796,-1.3850877668753494,1.3850877668753492,-1.3127765576816142,-0.12,15.086839756721593
7.0600000000000005,135.21602228884802,4.394187983580367,1.2147942523488664,0.6918818317165506,-1.5786526200054907,1.5786526200054907,-1.320006635741377,-0.12,13.837636634331012
7.07,135.28509845189922,4.581880119078224,1.2214059334311418,0.6306584695520008,-1.7725611374906556,1.7725611374906556,-1.3266183168236525,-0.12,12.613169391040016
7.08,135.35298938438413,4.770004282391442,1.2274114626164914,0.5706474111813028,-1.9667748228045743,1.9667748228045743,-1.332623846009002,-0.12,11.412948223626056
7.09,135.41980552388256,4.958512917902627,1.2328228425166357,0.5118246513810154,-2.161257981274792,2.161257981274792,-1.3380352259091464,-0.12,10.236493027620309
7.1000000000000005,135.48565579184682,5.14736117513669,1.23765183807566,0.45416666026296326,-2.35597744919123,2.35597744919123,-1.3428642214681707,-0.12,9.083333205259265
7.11,135.55064753192028,5.3365066563845245,1.2419099812761478,0.3976503738619885,-2.550991180392668,2.550991180392668,-1.350182229745332,-0.12,7.95300747723977
7.12,135.61488645773184,5.525909176474663,1.2456085757521294,0.3422531849100263,-2.7462263246617926,2.7462263246617926,-1.3538808242213136,-0.12,6.845063698200526
7.13,135.67847660905792,5.7155305344274385,1.2487587013106844,0.287952933792917,-2.941608918232651,2.941608918232651,-1.3570309497798687,-0.12,5.7590586758583395
7.140000000000001,135.7415203153381,5.905334296700269,1.251371218364014,0.23472789968625485,-3.1371137987111712,3.1371137987111712,-1.3596434668331983,-0.12,4.6945579937250965
7.15,135.80411816562,6.095285591711824,1.253456772273748,0.18255679186678786,-3.3327171684499484,3.3327171684499484,-1.3617290207429322,-0.12,3.651135837335757
7.16,135.86636898409148,6.285350915318344,1.2550257976092345,0.131418741195816,-3.5283963985196096,3.5283963985196096,-1.3632980460784188,-0.12,2.62837482391632
7.17,135.928369810436,6.4754979469043,1.2560885223215048,0.08129329177127659,-3.7241923177724563,3.7241923177724563,-1.3674258285465182,-0.12,1.6258658354255318
7.18,135.99021588431856,6.665695375743761,1.2566549718345907,0.03216039274510594,-3.9200836786675604,3.92008367866756,-1.367992278059604,-0.12,0.6432078549021187
7.19,136.05200063337705,6.855912737285397,1.2567349730558277,-0.015999609697371422,-4.115988035206214,4.115988035206214,-1.368072279280841,-0.12,-0.31999219394742845
7.2,136.1138156641555,7.046120259013788,1.2563381583067492,-0.06320598019921361,-4.311885977379748,4.311885977379747,-1.3676754645317626,-0.12,-1.2641196039842724
7.21,136.17575075547342,7.236288715542246,1.2554739691761434,-0.10947760193800113,-4.507758435846859,4.50775843584686,-1.3668112754011568,-0.12,-2.1895520387600227
7.22,136.23789385377808,7.4263892925958706,1.2541516602968146,-0.1548329841793425,-4.703586546242437,4.703586546242437,-1.365488966521828,-0.12,-3.09665968358685
7.23,136.3003310700763,7.616393459549991,1.2523803030475595,-0.19929026968083546,-4.899351522164284,4.899355213246414,-1.363717609272573,-0.12,-3.985805393616709
7.24,136.3631466780867,7.806272850195745,1.2501687891818405,-0.24286724194939624,-5.09515566013736,5.095155660137361,-1.3645694431933002,-0.12,-4.857344838987925
7.25,136.42642311329553,7.99599915141318,1.2475258343846043,-0.285581332354923,-5.290864878516166,5.290864878516166,-1.361926488396064,-0.12,-5.71162664709846
7.26,136.49024097263705,8.185543999440632,1.2444599817586735,-0.32744962710306036,-5.486455634053868,5.4864556340538675,-1.358860635770133,-0.12,-6.548992542061207
7.2700000000000005,136.55467901455475,8.37487888343928,1.2409796052421003,-0.3684888740699172,-5.681908592653377,5.681908592653377,-1.3553802592535598,-0.12,-7.369777481398344
7.28,136.61981415923148,8.563975056061308,1.237092912957855,-0.4087154895014257,-5.877203975414779,5.877203975414779,-1.3514935669693147,-0.12,-8.174309790028515
7.29,136.6857214888063,8.752803450740856,1.232807950497183,-0.4481455645800806,-6.0723214764916715,6.0723214764916715,-1.3472086045086424,-0.12,-8.962911291601612
7.3,136.75247424742267,8.941334605436705,1.228132604137949,-0.48679487186161186,-6.267324895014766,6.267324895014766,-1.3455876212115536,-0.12,-9.735897437232238
7.3100000000000005,136.82014384097673,9.129538592566691,1.2230746039992537,-0.5246788715842244,-6.462162043717242,6.462162043717241,-1.3405296210728583,-0.12,-10.49357743168449
7.32,136.8887998364573,9.317384954883778,1.2176415271335852,-0.5618127178528863,-6.656759623260214,6.656759623260214,-1.3350965442071898,-0.12,-11.236254357057726
7.33,136.95850996078937,9.504842647054359,1.211840800557739,-0.5982112647011927,-6.851094738799029,6.851094738799029,-1.3292958176313436,-0.12,-11.964225294023853
7.34,137.02934009911058,9.691879982708825,1.205679704223725,-0.6338890720331638,-7.0451436430396095,7.0451436430396095,-1.3231347212973297,-0.12,-12.677781440663276
7.3500000000000005,137.10135429242823,9.878464586744792,1.1991653739308452,-0.6688604114474073,-7.238881688595739,7.238882346468165,-1.3166203910044498,-0.12,-13.377208228948145
7.36,137.17461473461813,10.064563352672382,1.1923048041801099,-0.7031392719459354,-7.432413134194678,7.432413134194678,-1.3127975736066417,-0.12,-14.062785438918707
7.37,137.24918176874115,10.250142404800533,1.1851048509721283,-0.736739365529971,-7.62560971328145,7.625609713281451,-1.3055976203986601,-0.12,-14.734787310599419
7.38,137.32511388266485,10.435167065071553,1.1775722345496025,-0.7696741326849186,-7.818420004643882,7.818420004643882,-1.2980650039761343,-0.12,-15.39348265369837
7.390000000000001,137.4024677039894,10.61960182436006,1.1697135420855131,-0.8019567477567433,-8.010815563332482,8.01081556333248,-1.290206311512045,-0.12,-16.039134955134866
7.4,137.48129799428582,10.803410318060076,1.1615352303180788,-0.8336001242218738,-8.20276687082046,8.20276687082046,-1.2820279997446107,-0.12,-16.672002484437478
7.41,137.56165764266447,10.986555305792084,1.1530436281335334,-0.8646169198527819,-8.39436503332197,8.39436503332197,-1.276549587383161,-0.12,-17.292338397055637
7.42,137.64359765869844,11.168998655068533,1.1442449390977676,-0.8950195417812492,-8.585513052142955,8.585513052142955,-1.267750898347395,-0.12,-17.900390835624982
7.43,137.72716716473417,11.350701328763657,1.1351452439378373,-0.9248201514613877,-8.776126777711426,8.776126777711426,-1.2586512031874648,-0.12,-18.496403029227753
7.44,137.81241338762737,11.531623376239624,1.125750502974335,-0.9540306695343866,-8.966172381681156,8.966172381681156,-1.2492564622239626,-0.12,-19.080613390687734
7.45,137.89938164994743,11.711723927987087,1.1160665585056007,-0.9826627805969169,-9.15561488924039,9.155640477503681,-1.2395725177552281,-0.12,-19.653255611938338
7.46,137.98811536069857,11.890961193644232,1.1060991371447135,-1.0107279378751417,-9.34463782458541,9.34463782458541,-1.2325854760015875,-0.12,-20.214558757502836
7.47,138.0786560056095,12.069292463263174,1.0958538521102177,-1.0382373678061492,-9.532966094821639,9.532966094821637,-1.2223401909670917,-0.12,-20.76474735612298
7.48,138.17104313704695,12.246674111698148,1.0853362054714821,-1.0652020745286812,-9.720585263199574,9.720585263199574,-1.2118225443283561,-0.12,-21.304041490573624
7.49,138.26531436361108,12.42306160599409,1.0745515903496057,-1.0916328442849272,-9.90745589682623,9.907468210234832,-1.2010379292064797,-0.12,-21.832656885698544
7.5,138.3615053394735,12.598409515659025,1.0635052930747317,-1.1175402497351783,-10.093755180255462,10.093755180255462,-1.1929306923123557,-0.12,-22.350804994703566
7.51,138.45964975351978,12.7726715257071,1.0522024953006548,-1.1429346541870233,-10.27922664769557,10.279226647695571,-1.1816278945382788,-0.12,-22.858693083740466
7.5200000000000005,138.55977931836063,12.945800452363386,1.0406482760775486,-1.1678262157408141,-10.46383072084121,10.46383072084121,-1.1700736753151726,-0.12,-23.356524314816284
7.53,138.66192375927605,13.117748261324621,1.0288476138836584,-1.1922248913530327,-10.647589026515272,10.647589026515272,-1.16116202297684,-0.12,-23.844497827060653
7.54,138.76611080315877,13.288466088473642,1.0168053886167523,-1.2161404408192196,-10.830559903780777,10.830559903780777,-1.1491197977099339,-0.12,-24.32280881638439
7.55,138.87236616752202,13.457904262947675,1.00452638354615,-1.2395824306780137,-11.012535184321003,11.012535184321003,-1.1368407926393316,-0.12,-24.791648613560273
7.5600000000000005,138.9807135496383,13.626012332463917,0.9920152872260911,-1.262560238037899,-11.193467983195585,11.193468701194282,-1.1243296963192726,-0.12,-25.251204760757982
7.57,139.09117461587468,13.792739090807888,0.979276695371225,-1.2850830543281657,-11.373523828619424,11.373523828619422,-1.1144211535925186,-0.12,-25.701661086563313
7.58,139.20376899129036,13.958032607392795,0.9663151126949504,-1.3071598889756155,-11.552480407823847,11.552480407823849,-1.101459570916244,-0.12,-26.14319777951231
7.59,139.31851424956096,14.121840258799667,0.9531349547113658,-1.3287995730084452,-11.73025446602493,11.730254466024927,-1.0882794129326594,-0.12,-26.575991460168904
7.6000000000000005,139.43542590329398,14.28410876221055,0.9397405495015312,-1.3500107625887792,-11.90697617070868,11.906976170708678,-1.0776470545258485,-0.12,-27.000215251775582
7.61,139.5545173947978,14.4447842106484,0.9261361394447634,-1.3708019424752425,-12.082497643132728,12.082497643132726,-1.0640426444690807,-0.12,-27.41603884950485
7.62,139.6758000873669,14.60381210993933,0.9123258829156369,-1.3911814294169886,-12.256688432277347,12.256688432277347,-1.0502323879399542,-0.12,-27.823628588339773
7.63,139.79928325714258,14.761137417313897,0.8983138559473941,-1.4111573754805022,-12.429696085803297,12.429696085803295,-1.0389052837867085,-0.12,-28.223147509610044
7.640000000000001,139.92497408560936,14.916704581565988,0.8841040538624104,-1.430737771310538,-12.601341210837456,12.601341210837456,-1.0246954817017249,-0.12,-28.61475542621076
7.65,140.05287765278354,15.070457584688736,0.8697003928703815,-1.449930449326479,-12.771500142806179,12.771507125708995,-1.010291820709696,-0.12,-28.998608986529582
7.66,140.18299693114997,15.222339984908494,0.8551067116348516,-1.4687430868554183,-12.940387917678054,12.940387917678054,-0.9982967913457651,-0.12,-29.37486173710837
7.67,140.315332780401,15.37229496103845,0.8403267728087357,-1.4871832092031854,-13.1076927186952,13.1076927186952,-0.9835168525196492,-0.12,-29.743664184063707
7.68,140.44988394302928,15.520265358074981,0.825364264539429,-1.505258192664571,-13.27344881724982,13.27344881724982,-0.9710576106920189,-0.12,-30.10516385329142
7.69,140.5866470408245,15.666193733960512,0.8102228019441142,-1.5229752674739447,-13.43768620934596,13.43768620934596,-0.955916148096704,-0.12,-30.459505349478896
7.7,140.72561657232214,15.810022407437515,0.7949059285558617,-1.5403415206974387,-13.600166471020852,13.600166522017027,-0.9405992747084515,-0.12,-30.806830413948774
7.71,140.86678491125008,15.951693506919408,0.779417117741082,-1.5573638990678782,-13.761080184581777,13.761080184581779,-0.9275093231118982,-0.12,-31.147277981357565
7.72,141.01014230601632,16.091149020304396,0.7637597740889239,-1.5740492117635612,-13.920161867430597,13.920161867430599,-0.9118519794597401,-0.12,-31.480984235271222
7.73,141.1556768802799,16.22833084565957,0.7479372347731531,-1.590404133132023,-14.077460740661794,14.077460740661795,-0.8983150251340021,-0.12,-31.80808266264046
7.74,141.30337463464386,16.363180842702906,0.7319527708870714,-1.6064352053598585,-14.232915742186934,14.232915742186934,-0.8823305612479204,-0.12,-32.12870410719717
7.75,141.45321944950715,16.49564088501185,0.7158095887519896,-1.6221488410896938,-14.386400737182703,14.386400737182703,-0.8683510409772393,-0.12,-32.44297682179388
7.76,141.6051930891105,16.625652912887464,0.6995108311998041,-1.6375513259853216,-14.537995557662356,14.537995557662356,-0.8520522834250537,-0.12,-32.75102651970643
7.7700000000000005,141.75927520680818,16.753158986804156,0.6830595788301687,-1.6526488212460542,-14.687433907512366,14.68746028256275,-0.8356010310554183,-0.12,-33.052976424921084
7.78,141.91544335159594,16.878101341375352,0.6664588512427816,-1.6674473660712792,-14.83495646770642,14.834956467706418,-0.8210336752599768,-0.12,-33.348947321425584
7.79,142.07367297592253,17.000422439766524,0.6497116082452568,-1.6819528800762287,-14.980180175450926,14.980190436327044,-0.8042864322624521,-0.12,-33.63905760152457
7.8,142.23393744481035,17.120065028487122,0.632820751037092,-1.6961711656598981,-15.123341847506989,15.123341847506989,-0.7892906354100181,-0.12,-33.923423313197965
7.8100000000000005,142.39620804630795,17.236972192494147,0.6157891233701847,-1.7101079103260866,-15.264107804096142,15.264118166261177,-0.7722590077431108,-0.12,-34.20215820652173
7.82,142.56045400329523,17.351087410540377,0.5986195126863763,-1.7237686889584687,-15.402683968810672,15.402683968810672,-0.7568385328575356,-0.12,-34.475373779169374
7.83,142.72664248665944,17.462354610701333,0.5813146512324574,-1.7371589660506301,-15.53877204119651,15.53877204119651,-0.7411297386768186,-0.12,-34.743179321012605
7.84,142.89473862985784,17.570718226015302,0.563877217153109,-1.7502840978919325,-15.672504838859455,15.672504838859453,-0.7236923045974702,-0.12,-35.00568195783865
7.8500000000000005,143.0647055448809,17.676123250171916,0.5463098355621927,-1.7631493347101033,-15.803670587307336,15.803670587307334,-0.7075613053290469,-0.12,-35.26298669420206
7.86,143.23650433962712,17.778515293185205,0.5286150795928377,-1.7757598227713922,-15.932317220735268,15.932317220735266,-0.6898665493596918,-0.12,-35.51519645542784
7.87,143.41009413669877,17.877840636988086,0.5107954714267189,-1.7881206064391535,-16.0583169478225,16.0583169478225,-0.6733176047856511,-0.12,-35.76241212878307
7.88,143.58543209362523,17.974046290885667,0.49285348330296935,-1.8002366301916535,-16.181625851424243,16.181625851424247,-0.6553756166619015,-0.12,-36.00473260383307
7.890000000000001,143.76247342451828,18.06708004680596,0.4747915385071061,-1.8121127405999302,-16.30220933331182,16.302209333311822,-0.6384132166813931,-0.12,-36.242254811998606
7.9,143.94117142316227,18.156890534287133,0.45661201234038257,-1.8237536882664822,-16.419937302047114,16.419937302047114,-0.6211573966199441,-0.12,-36.47507376532965
7.91,144.12147748753907,18.243427275141535,0.4383172330699316,-1.8351641297255792,-16.534840016284953,16.53484001628495,-0.6028626173494931,-0.12,-36.703282594511585
7.92,144.3033411457857,18.32664073773735,0.4199094828601094,-1.8463486293059337,-16.646772592587443,16.646772592587443,-0.585198735749672,-0.12,-36.92697258611867
7.930000000000001,144.48671008358124,18.406482390839944,0.4013909986853886,-1.8573116609564955,-16.755697161948824,16.755697161948824,-0.5666802515749513,-0.12,-37.14623321912991
7.94,144.6715301729563,18.4829047569557,0.3827639732251846,-1.8680576100360864,-16.86156884186044,16.86156884186044,-0.5486140147132553,-0.12,-37.361152200721726
7.95,144.85774550251762,18.555861465122323,0.3640305557409464,-1.878590775067609,-16.964287428583404,16.964287428583408,-0.5302558482826454,-0.12,-37.57181550135218
7.96,145.04529840907728,18.62530730309034,0.3451928529358967,-1.8889153694575085,-17.063808714888903,17.063808714888903,-0.5114181454775957,-0.12,-37.77830738915017
7.97,145.23412951067485,18.69119826884187,0.32625292979773934,-1.8990355231811928,-17.160062930870065,17.160062930870065,-0.4926662851987208,-0.12,-37.98071046362386
7.98,145.42417774097845,18.753491621393536,0.3072128104246805,-1.9089552844350786,-17.252976508882814,17.252976508882814,-0.47362621150191975,-0.12,-38.17910568870157
7.99,145.61538038504918,18.812145930831672,0.2880744788351016,-1.9186786212559197,-17.342492545848444,17.342492545848444,-0.45448787991234085,-0.12,-38.3735724251184
8.0,145.80767311645133,18.86712112752908,0.268839879761183,-1.9282094231080815,-17.428528022036794,17.428528022036797,-0.4350653094455673,-0.12,-38.56418846216163
8.01,146.00099003568923,18.918378550493607,0.24951091942682943,-1.9375515024393732,-17.511024700546496,17.5110247005465,-0.415361189865947,-0.12,-38.75103004878746
8.02,146.19526370994964,18.96588099480018,0.23008946631018343,-1.9467085962060802,-17.589921910210776,17.589921910210773,-0.39537904052971967,-0.12,-38.9341719241216
8.03,146.39042521412733,19.009592758059075,0.2105773518910415,-1.9556843673677953,-17.66514939177977,17.66514939177977,-0.3758669261105777,-0.12,-39.113687347355906
8.040000000000001,146.58640417310946,19.049479685874363,0.19097637138346688,-1.9644824063526536,-17.736607054956842,17.736607054956842,-0.3555221701721035,-0.12,-39.28964812705307
8.05,146.78312880529307,19.085509216247832,0.17128828445391314,-1.973106232493545,-17.80425741466716,17.80425741466716,-0.3349104713475787,-0.12,-39.4621246498709
8.06,146.98052596730884,19.117650422884992,0.15151481592509325,-1.9815592954359043,-17.868035238169092,17.868035238169092,-0.3140375534777672,-0.12,-39.63118590871809
8.07,147.1785211999217,19.145874057360906,0.13165765646594557,-1.9898449765176078,-17.927874149636416,17.927874149636416,-0.2929098274000523,-0.12,-39.79689953035216
8.08,147.37703877507894,19.170152590105104,0.11171846326792059,-1.9979665901215569,-17.983707031048205,17.9837070310482,-0.27153435058999387,-0.12,-39.95933180243114
8.09,147.57600174407412,19.190460250166137,0.0916988607078795,-2.0059273850014736,-18.035418161602646,18.035418161602642,-0.2515147480299528,-0.12,-40.118547700029474
8.1,147.7753319867941,19.206773063717613,0.07160044099786662,-2.013730545581447,-18.082982118299952,18.082982118299952,-0.2298203617350964,-0.12,-40.27461091162894
8.11,147.97495026201545,19.219068891269067,0.051424764822015495,-2.021379193229744,-18.126337996315247,18.12633799631525,-0.20789565267184415,-0.12,-40.42758386459488
8.120000000000001,148.174776258715,19.22732746354635,0.031173361960839686,-2.0288763875074,-18.165422317209522,18.165422317209522,-0.18574929483694377,-0.12,-40.57752775014799
8.13,148.37472864835837,19.231530416007615,0.010847731903179815,-2.036225127392079,-18.200173068864213,18.200173068864217,-0.16339040109385902,-0.12,-40.72450254784158
8.14,148.57472513812937,19.231661321962576,-0.009550655554002505,-2.0434283524777133,-18.230530221036073,18.230530221036073,-0.1408284628618481,-0.12,-40.868567049554265
8.15,148.77468252506182,19.2277057242639,-0.030020359717671904,-2.0504889441503735,-18.25643623510558,18.25643623510558,-0.1180732880450303,-0.12,-41.00977888300747
8.16,148.97451675103468,19.2196511655413,-0.05055996842242645,-2.0574097267408633,-18.277836558597055,18.277836558597055,-0.09513493797686955,-0.12,-41.148194534817264
8.17,149.17414295859032,19.207487216950284,-0.07116809746561263,-2.06419346865449,-18.29468009572929,18.29468009572929,-0.07202366414232463,-0.12,-41.2838693730898
8.18,149.3734755475349,19.191205505408906,-0.09184339005362585,-2.0708428834784622,-18.306919646150362,18.306919646150362,-0.048749845413710635,-0.12,-41.41685766956925
8.19,149.57242823227926,19.170799739297514,-0.1125845162591749,-2.0773606310673634,-18.314512305077923,18.314512305077923,-0.025323926498279886,-0.12,-41.54721262134727
8.2,149.77091409987767,19.146265732597872,-0.1333901724892933,-2.0837493186071256,-18.317419819262188,18.317419819262188,-0.0017563582468105299,-0.12,-41.67498637214251
8.21,149.9688456687212,19.117601427449568,-0.15425908096388846,-2.090011501657943,-18.315608894468077,18.315608894468077,0.021942459585522964,-0.12,-41.800230033158854
8.22,150.16613494784198,19.0848069151032,-0.17518998920459775,-2.096149685176523,-18.30905145148757,18.30905145148757,0.045762232600091546,-0.12,-41.922993703530466
8.23,150.36269349678415,19.047884455251154,-0.1961816695338027,-2.1021663245181124,-18.2977248290003,18.297724829000295,0.06969282258311707,-0.12,-42.04332649036225
8.24,150.5584324859959,19.006838493718544,-0.21723291858352684,-2.1080638264186633,-18.281611932858514,18.281611932858514,0.09372429452191983,-0.12,-42.161276528373264
8.25,150.75326275769794,18.961675678498217,-0.238342556814076,-2.1138445499575638,-18.26070133254632,18.26070133254632,0.11784695950718027,-0.12,-42.27689099915128
8.26,150.94709488718203,18.912404874115317,-0.2595094280422069,-2.119510807501301,-18.234987306623296,18.234987306623292,0.14205141329680027,-0.12,-42.39021615002602
8.27,151.13983924449366,18.859037174308362,-0.2807323989786383,-2.125064865628437,-18.20446983988674,18.204469839886738,0.16632857039324742,-0.12,-42.50129731256874
8.28,151.33140605645195,18.80158591301537,-0.3020103587747202,-2.1305089460362723,-18.169154575758675,18.169154575758675,0.190669693559565,-0.12,-42.610178920725446
8.290000000000001,151.52170546896056,18.74006667365498,-0.32334221857808354,-2.135845226429553,-18.129052728015957,18.129052728015957,0.2150664187683155,-0.12,-42.71690452859106
8.3,151.71064760956162,18.674497296694167,-0.3447269110970692,-2.1410758413915807,-18.08418095643094,18.084180956430938,0.2395107756413369,-0.12,-42.821516827831616
8.31,151.8981426501866,18.60489788549532,-0.3661633901738202,-2.1462028832380775,-18.034561211181067,18.034561211181067,0.26399520349569344,-0.12,-42.92405766476155
8.32,152.08410087005566,18.53129081043741,-0.3876506303657893,-2.151228402854138,-17.98022055102716,17.980220551027156,0.28851256316146806,-0.12,-43.02456805708276
8.33,152.26843271867872,18.45370071130701,-0.409187626535552,-2.1561544105146115,-17.92119094026419,17.92119094026419,0.3130561447802843,-0.12,-43.12308821029223
8.34,152.4510488789104,18.372154497956608,-0.4307733934487385,-2.1609828766882373,-17.857509029332544,17.857509029332544,0.33761967182892294,-0.12,-43.219657533764746
8.35,152.63186033001142,18.286681349229124,-0.4524069653799265,-2.1657157328258605,-17.789215923758125,17.789215923758128,0.36219730164040986,-0.12,-43.31431465651721
8.36,152.81077841066926,18.19731271014886,-0.4740873957263381,-2.170354872133036,-17.716328927435203,17.716328927435203,0.3838777319868215,-0.12,-43.40709744266072
8.370000000000001,152.98771488193017,18.104082287380646,-0.4958137566291904,-2.174902150327339,-17.63890920217031,17.63890920217031,0.40850998361859253,-0.12,-43.49804300654678
8.38,153.16258198999572,18.00702604296038,-0.5175851386025236,-2.1793593863806713,-17.557019211299995,17.55701921129999,0.433145031106452,-0.12,-43.587187727613426
8.39,153.33529252883693,17.906182186301294,-0.5394006501694181,-2.1837283632468814,-17.470715561825127,17.470715561825127,0.45777832393583756,-0.12,-43.67456726493763
8.4,153.50575990257872,17.80159116448216,-0.561259417505376,-2.1880108285749644,-17.38005821623775,17.38005821623775,0.4824057181822876,-0.12,-43.760216571499285
8.41,153.6738981876083,17.693295650824535,-0.583160584088784,-2.1922084954081473,-17.28511026090752,17.285110260907523,0.5070234641065186,-0.12,-43.84416990816295
8.42,153.83962219436148,17.581340531767694,-0.6051033103582928,-2.1963230428691287,-17.185937683728152,17.185937683728152,0.5316281920926602,-0.12,-43.92646085738257
8.43,154.0028475287405,17.46577289205132,-0.6270867733769818,-2.20035611683175,-17.08260916269921,17.08260916269921,0.556216897221541,-0.12,-44.00712233663499
8.44,154.16349065311806,17.346641998217144,-0.6491101665031732,-2.204309330579366,-16.97515254412753,16.97515254412753,0.5782402903477324,-0.12,-44.08618661158732
8.45,154.32146894688245,17.22399928044215,-0.6711726990677644,-2.2081842654501824,-16.86362448361872,16.86362448361872,0.602849455320321,-0.12,-44.16368530900365
8.46,154.47670076647879,17.097898312717177,-0.6932735960579541,-2.2119824714698106,-16.74815607191452,16.74815607191452,0.6274368397859028,-0.12,-44.23964942939621
8.47,154.6291055049022,16.968394791386128,-0.7154120978072108,-2.215705467971296,-16.628825497827755,16.628825497827755,0.652000446096552,-0.12,-44.31410935942593
8.48,154.7786036505997,16.835546512061793,-0.7375874596914199,-2.219354744202877,-16.505712798790903,16.505712798790903,0.6765385709041689,-0.12,-44.38709488405755
8.49,154.92511684573648,16.69941334493628,-0.7597989518310082,-2.2229317599236995,-16.378772147620403,16.378772147620403,0.6987500630437572,-0.12,-44.45863519847399
8.5,155.0685679437852,16.560057208504393,-0.7820458587989865,-2.226437945987742,-16.24820679122348,16.24820679122348,0.723296693662517,-0.12,-44.52875891975484
8.51,155.20888106639543,16.417542041720043,-0.8043274793347688,-2.2298747049161762,-16.114107224219214,16.114107224219214,0.7478145438643186,-0.12,-44.59749409832352
8.52,155.34598165950226,16.271933774606584,-0.8266431260636594,-2.233243411458394,-15.976475244162016,15.976475244162016,0.7701301905932091,-0.12,-44.66486822916788
8.53,155.47979654863326,16.123300297343288,-0.8489921252218933,-2.236545413141925,-15.835414197718174,15.835414197718174,0.7946516956341029,-0.12,-44.730908262838504
8.540000000000001,155.61025399337382,15.971711427851085,-0.8713738163871259,-2.2397820308114675,-15.69108290492507,15.691082904925072,0.8191421462987354,-0.12,-44.79564061622935
8.55,155.7372837409513,15.817238877902017,-0.8937875522142393,-2.2429545591572397,-15.543452978428668,15.543452978428668,0.8415558821258489,-0.12,-44.8590911831448
8.56,155.86081707890017,15.659956217777296,-0.9162326981764197,-2.2460642672328777,-15.392684919726056,15.392684919726054,0.8660462084989045,-0.12,-44.921285344657555
8.57,155.9807868867693,15.499938839500816,-0.938708632311322,-2.249112398963072,-15.23888735214229,15.23888735214229,0.8885221426338066,-0.12,-44.982247979261444
8.58,156.0971276868355,15.337263918675001,-0.9612147449722805,-2.252100173641154,-15.08204428363317,15.08204428363317,0.9130101970112584,-0.12,-45.042003472823076
8.59,156.20977569378636,15.172010374947392,-0.9837504385844427,-2.255028786416829,-14.922401081228818,14.922401081228818,0.9374650909333767,-0.12,-45.10057572833658
8.6,156.31866886333742,15.0042588311371,-1.0063151274057305,-2.2578994087742523,-14.759867553995091,14.759867553995093,0.9600297797546645,-0.12,-45.157988175485045
8.61,156.4237469397493,14.834091571051193,-1.0289082372925362,-2.2607131890006396,-14.594722063687092,14.594722063687092,0.9844799871748592,-0.12,-45.21426378001279
8.620000000000001,156.524951502211,14.66159249602192,-1.0515292054700616,-2.2634712526455965,-14.42688806854131,14.42688806854131,1.0071009553523846,-0.12,-45.26942505291193
8.63,156.62222601005675,14.486847080196707,-1.0741774803071835,-2.2661747029713517,-14.256632120501942,14.256632120501942,1.031544990070829,-0.12,-45.323494059427034
8.64,156.71551584678494,14.309942324613068,-1.096852521095819,-2.2688246213940797,-14.083864078741826,14.083864078741826,1.0542200308594645,-0.12,-45.376492427881594
8.65,156.80476836284794,14.130966710092375,-1.1195537978346188,-2.271422067916479,-13.908854990783539,13.908854990783539,1.0769213075982642,-0.12,-45.42844135832958
8.66,156.88993291718324,13.950010148986166,-1.1422807910169632,-2.2739680815517893,-13.731576857369289,13.731576857369289,1.1013836005218327,-0.12,-45.479361631035786
8.67,156.97096091745698,13.76716393581,-1.165032991423153,-2.276463680739409,-13.552196429227086,13.552196429227086,1.1241358009280225,-0.12,-45.52927361478818
8.68,157.04780585899198,13.582520696800355,-1.1878098999167142,-2.2789098637522853,-13.370828783060174,13.370828783060174,1.1485885255801898,-0.12,-45.57819727504571
8.69,157.1204233623534,13.396174338430765,-1.2106110272447377,-2.2813076090962374,-13.187473164239922,13.187473164239922,1.1713896529082133,-0.12,-45.62615218192475
8.700000000000001,157.18877120956626,13.208219994923992,-1.2334358938421748,-2.283657875901371,-13.002343378068213,13.002343378068213,1.1942145195056504,-0.12,-45.673157518027416
8.71,157.25280937893982,13.018753974797868,-1.2562840296399889,-2.285961604305742,-12.815516849065546,12.815516849065547,1.2186800509196074,-0.12,-45.719232086114836
8.72,157.31250007847532,12.82787370648229,-1.2791549738771462,-2.2882197158314264,-12.627015601679895,12.627015601679894,1.2415509951567647,-0.12,-45.764394316628525
8.73,157.36780777783403,12.635677683046612,-1.3020482749162883,-2.290433113753141,-12.437034749938018,12.43703474993802,1.2644442961959068,-0.12,-45.808662275062815
8.74,157.4186992388442,12.442265406075977,-1.324963490063076,-2.2926026834595645,-12.245672475489831,12.245672475489831,1.2873595113426946,-0.12,-45.85205366919129
8.75,157.46514354452617,12.247737328736338,-1.3479001853891053,-2.294729292807505,-12.052994581981586,12.052994581981586,1.3118563194862065,-0.12,-45.8945858561501
8.76,157.50711212661633,12.052194798068136,-1.37085793555833,-2.2968137924690546,-11.859091440529859,11.85909144052986,1.3348140696554311,-0.12,-45.93627584938109
8.77,157.5445787915712,11.85573999654906,-1.393836323656922,-2.298857016271869,-11.664114389391349,11.664114389391349,1.3577924577540232,-0.12,-45.97714032543738
8.78,157.57751974503458,11.65847588296669,-1.4168349410265004,-2.300859781532711,-11.468165463025995,11.468165463025995,1.3807910751236017,-0.12,-46.01719563065422
8.790000000000001,157.6059136147514,11.460506132642179,-1.4398533871006662,-2.302822889384387,-11.271347499244904,11.271347499244902,1.4038095211977675,-0.12,-46.05645778768774
8.8,157.62974147191318,11.261935077046697,-1.4628912692447544,-2.3047471250962093,-11.073764079635216,11.073764079635216,1.4268474033418557,-0.12,-46.09494250192419
8.81,157.64898685092123,11.062867642851906,-1.4859482025987993,-2.306633258388118,-10.875496519174703,10.875496519174703,1.4514083681636938,-0.12,-46.13266516776236
8.82,157.6636357675544,10.863409290457264,-1.5090238099235693,-2.3084820437385773,-10.676663002432901,10.676663002432901,1.4744839754884638,-0.12,-46.169640874771545
8.83,157.6736767355299,10.66366595203598,-1.5321177214496697,-2.3102942206863752,-10.477385543502011,10.477385543502011,1.4975778870145642,-0.12,-46.2058844137275
8.84,157.67910078144632,10.463743969142339,-1.5552295747296307,-2.3120705141264524,-10.277770110631705,10.277770110631707,1.5206897402945252,-0.12,-46.241410282529046
8.85,157.67990145809955,10.263750029923107,-1.5783590144929232,-2.3138116345998667,-10.0779231056945,10.0779231056945,1.5438191800578176,-0.12,-46.276232691997336
8.86,157.6760748561629,10.063791105975909,-1.6015056925038456,-2.3155182785780206,-9.877951301485144,9.877951301485146,1.56696585806874,-0.12,-46.31036557156041
8.870000000000001,157.66761961422438,9.863974388897526,-1.6246692674222296,-2.3171911287412597,-9.677961778653387,9.677961778653387,1.590129432987124,-0.12,-46.3438225748252
8.88,157.65453692717483,9.664407226565455,-1.647849404666883,-2.318830854251952,-9.478061862313197,9.478061862313199,1.6133095702317775,-0.12,-46.376617085039044
8.89,157.63683055294192,9.465197059195347,-1.6710457762817768,-2.3204381110221632,-9.278359058370894,9.278359058370894,1.6365059418466712,-0.12,-46.408762220443265
8.9,157.61450681756594,9.266451355218264,-1.6942580608048425,-2.3220135419760304,-9.078960989615926,9.078960989615926,1.659718226369737,-0.12,-46.44027083952061
8.91,157.58757461861495,9.06827754702043,-1.7174859431393876,-2.3235577773069394,-8.879975331616885,8.879975331616885,1.682946108704282,-0.12,-46.47115554613879
8.92,157.55604542693703,8.870782966588905,-1.7407291144280514,-2.325071434729611,-8.681509330692755,8.681509330692755,1.7046852485251527,-0.12,-46.50142869459222
8.93,157.51993328674945,8.674074781106285,-1.763987271929259,-2.3265551197271943,-8.483627569785744,8.483627569785742,1.7279434060263603,-0.12,-46.531102394543886
8.94,157.47925481406523,8.478259928537542,-1.7872601188961206,-2.3280094257934705,-8.286474008923383,8.286474008923383,1.7512162529932218,-0.12,-46.56018851586941
8.950000000000001,157.43402919345843,8.28344505325193,-1.8105473644577321,-2.329434934670255,-8.09015591454486,8.09015591454486,1.7745034985548334,-0.12,-46.5886986934051
8.96,157.38427817317114,8.089736441723034,-1.8338487235028071,-2.330832216580104,-7.894780287810656,7.894780287810655,1.7978048575999084,-0.12,-46.61664433160208
8.97,157.3300260585659,7.897239958349131,-1.8571639165656533,-2.3322018304544105,-7.700453800228629,7.700453800228629,1.8211200506627545,-0.12,-46.64403660908821
8.98,157.27129970392812,7.7060609814370995,-1.8804926697143656,-2.3335443241569847,-7.5072747902721,7.507274790272101,1.8428886909939841,-0.12,-46.6708864831397
8.99,157.20812850262504,7.51630433939165,-1.9038347144412542,-2.334860234703206,-7.315277367279776,7.315277367279776,1.8662307357208727,-0.12,-46.697204694064126
9.0,157.14054437562746,7.328074247152169,-1.9271897875554378,-2.336150088474838,-7.124639510447018,7.124639510447018,1.8895858088350563,-0.12,-46.72300176949676
9.01,157.06858175840293,7.141474242918968,-1.9505576310775636,-2.3374144014305855,-6.935465979383619,6.93546597938362,1.9129536523571822,-0.12,-46.74828802861171
9.02,156.9922775861891,6.956607125210469,-1.9739379921366123,-2.3386536793124875,-6.747833596458724,6.747833596458725,1.9347166178000879,-0.12,-46.77307358624975
9.03,156.91167127765743,6.7735748902925454,-1.997330622868746,-2.3398684178482188,-6.561781444519899,6.561781444519899,1.9581092485322216,-0.12,-46.79736835696438
9.040000000000001,156.82680471697861,6.5924786700208955,-2.020735280318164,-2.34105910294939,-6.377496768209648,6.377496768209648,1.9815139059816396,-0.12,-46.8211820589878
9.05,156.73772223430143,6.413418670137149,-2.0441517263399005,-2.3422262109059155,-6.19506402274356,6.19506402274356,2.00325453584477,-0.12,-46.84452421811831
9.06,156.64447058465865,6.2364941090584,-2.0675797275045884,-2.3433702085765384,-6.014474733861048,6.014474733861048,2.026682537009458,-0.12,-46.867404171530765
9.07,156.54709892531378,6.061803157200531,-2.0910190550050674,-2.3444915535755797,-5.835948736659678,5.835948736659678,2.050121864509937,-0.12,-46.889831071511594
9.08,156.44565879156391,5.889442876874183,-2.114469484564862,-2.345590694455989,-5.6595145303958425,5.659514530395843,2.0718369943285078,-0.12,-46.91181388911978
9.09,156.34020407101485,5.719509162792404,-2.13793079634847,-2.3466680708887724,-5.485240787077055,5.485240787077055,2.0952983061121158,-0.12,-46.933361417775444
9.1,156.23079097634516,5.552096683228351,-2.161402774873422,-2.347724113838867,-5.313316516151912,5.313316516151911,2.116974524755745,-0.12,-46.95448227677734
9.11,156.1174780165776,5.387298821860925,-2.1848852089240887,-2.3487592457375333,-5.143648632253937,5.143648632253937,2.1404569588064115,-0.12,-46.97518491475066
9.120000000000001,156.00032596687637,5.2252076203456905,-2.2083778914671934,-2.349773880651331,-4.976514229409509,4.976514229409509,2.1639496413495163,-0.12,-46.995477613026615
9.13,155.8793978368903,5.065913721648091,-2.2318806195689818,-2.350768424447753,-4.811841615109154,4.811841615109154,2.185595271917916,-0.12,-47.01536848895506
9.14,155.75475883766225,4.909506314174786,-2.255393194314069,-2.3517432749575775,-4.649834816343099,4.6498348163431,2.209107846663003,-0.12,-47.03486549915155
9.15,155.62647634712675,4.756073076739404,-2.278915420725854,-2.352698822134006,-4.490465954202911,4.490465954202911,2.230710872764832,-0.02904420867324653,-47.05397644268012
9.16,155.49462890068833,4.605692116555556,-2.302266402786044,-2.317614541482925,-4.3339064932588185,4.333906493258819,2.254061854825022,0.12,-46.3522908296585
9.17,155.35934623415852,4.4583935059956525,-2.324973916097704,-2.2241995148596065,-4.180069346262933,4.180069346262933,2.2747874264201884,0.12,-44.48399029719213
9.18,155.22082062411386,4.3141400031447565,-2.3467565586804917,-2.1326342296940317,-4.0290482736588205,4.0290482736588205,2.2965700690029762,0.12,-42.652684593880636
9.19,155.07924990652515,4.172873310041806,-2.3676326442018345,-2.042882058651347,-3.8806129919363523,3.8806129919363523,2.315400974113444,0.12,-40.85764117302694
9.200000000000001,154.93482259461564,4.0345280199206295,-2.3876201236942514,-1.9549070996665057,-3.7348863430622723,3.7348863430622723,2.333279694106461,0.12,-39.09814199333012
9.21,154.7877181243256,3.8990324255132007,-2.4067365927359923,-1.8686741615830251,-3.591600964097873,3.591600964097873,2.3523961631482018,0.12,-37.3734832316605
9.22,154.63810712568932,3.7663092671274705,-2.4249992984895243,-1.784148750075962,-3.450832325541942,3.450832325541942,2.3684863630190742,0.12,-35.68297500151924
9.23,154.48615171498258,3.636276423505923,-2.4424251466006135,-1.7012970538537846,-3.312424194303896,3.312424194303896,2.3859122111301634,0.12,-34.02594107707569
9.24,154.33200580307317,3.50884754851938,-2.459030707960811,-1.62008593113339,-3.1762660237545735,3.1762660237545735,2.4002815428243416,0.12,-32.4017186226678
9.25,154.1758154159347,3.3839326567615764,-2.474832225336032,-1.5404828963829484,-3.0423813207419106,3.0423813207419106,2.4137833365487813,0.12,-30.809657927658968
9.26,154.0177190237667,3.2614386610881465,-2.489845619863878,-1.4624561073272586,-2.9104699047355767,2.9104699047355767,2.428796731076627,0.12,-29.249122146545172
9.27,153.85784787560328,3.1412698650956514,-2.504086497422302,-1.3859743522104115,-2.780617001112343,2.7806170011123434,2.4406748457116434,0.12,-27.71948704420823
9.28,153.6963263366919,3.02332841346697,-2.5175701548721716,-1.311007037310673,-2.6526771087365546,2.652677108736554,2.454158503161513,0.12,-26.22014074621346
9.290000000000001,153.53327222628408,2.9075147030231867,-2.530311586176217,-1.2375241747025743,-2.5264478975948252,2.5264478975948257,2.464474829904166,0.12,-24.750483494051487
9.3,153.368797153807,2.7937277572230768,-2.5423254883968083,-1.165496370261393,-2.401981589254124,2.4019815892541243,2.474002244649365,0.12,-23.30992740522786
9.31,153.20300685167558,2.6818655667418736,-2.553626267574988,-1.0948948119050343,-2.279061866754375,2.2790618667543754,2.4853030238275444,0.12,-21.897896238100685
9.32,153.0360015032692,2.571825398645835,-2.5642280444930727,-1.0256912580688657,-2.157585820975638,2.157585820975638,2.493358168337632,0.12,-20.513825161377316
9.33,152.8678760648298,2.463504076557864,-2.5741446603231557,-0.9578580264087012,-2.0375554596557803,2.0375554596557803,2.500669542057523,0.12,-19.157160528174025
9.34,152.69872058024723,2.356798234086794,-2.583389682163759,-0.8913679827274953,-1.918719979014897,1.9187199790148968,2.5099145638981266,0.12,-17.827359654549905
9.35,152.52862048788302,2.251604543668774,-2.5919764084668566,-0.8261945301213018,-1.8010402818962397,1.8010402818962397,2.515839288484591,0.12,-16.523890602426036
9.36,152.35765691874707,2.147819922845649,-2.599917874357429,-0.7623115983401582,-1.6844902243719668,1.6844902243719664,2.5210641750343408,0.12,-15.246231966803164
9.370000000000001,152.1859069854855,2.045341719883239,-2.6072268568476913,-0.6996936333596262,-1.5688013692825329,1.5688013692825329,2.528373157524603,0.12,-13.993872667192523
9.38,152.01344406176526,1.944067880513078,-2.6139158799480615,-0.6383155871588866,-1.4539705881132865,1.4539705881132863,2.532293553714481,0.12,-12.76631174317773
9.39,151.84033805175,1.8438970974645381,-2.6199972196769403,-0.5781529077011296,-1.3399608681297699,1.33996086812977,2.535557112180869,0.12,-11.563058154022592
9.4,151.66665564945959,1.7447289443424256,-2.625482908971277,-0.5191815291124576,-1.2264977071927958,1.226497707192796,2.5410428014752053,0.12,-10.383630582249152
9.41,151.49246058788728,1.6464639952962405,-2.6303847424999045,-0.4613778620552036,-1.1135950701824404,1.1135950701824404,2.543080969489307,0.12,-9.227557241104073
9.42,151.3178138778208,1.5490039318239002,-2.6347142813815663,-0.4047187842918814,-1.0012171524290314,1.0012171524290314,2.54450461764205,0.12,-8.094375685837628
9.43,151.14277403637468,1.4522516379535535,-2.638482857809516,-0.34918163143598285,-0.8890893886382436,0.8890893886382436,2.5482731940699996,0.12,-6.983632628719657
9.44,150.96739730529308,1.3561112849529062,-2.6417015795845478,-0.2947441878859205,-0.7772339194982345,0.7772339194982344,2.5485478579647323,0.12,-5.89488375771841
9.450000000000001,150.7917378591264,1.2604884066261108,-2.6443813345582634,-0.24138467793848176,-0.6656226399699828,0.6656226399699828,2.5482498528029955,0.12,-4.827693558769635
9.46,150.61584800342138,1.1652899661739295,-2.6465327949883575,-0.18908175707829486,-0.5539812159667711,0.553981215966771,2.5504013132330896,0.12,-3.7816351415658973
9.47,150.43977836309404,1.0704244155128644,-2.6481664218076646,-0.13781450343968132,-0.4423416521236662,0.44234165212366616,2.5490283546033434,0.12,-2.7562900687936267
9.48,150.26357806118085,0.9758017478746226,-2.6492924688086714,-0.0875624094376688,-0.33068418437867064,0.33068418437867064,2.5471242821305444,0.12,-1.751248188753376
9.49,150.08729488818153,0.8813335444363709,-2.6499209867451694,-0.038305373564674144,-0.2187293826061265,0.2187293826061265,2.5477528000670424,0.12,-0.7661074712934829
9.5,149.91097546222312,0.7869330156667387,-2.650061827352691,0.009976307650367645,-0.10653155873261257,0.10653155873261255,2.5448456918969584,0.12,0.1995261530073529
9.51,149.7346653802864,0.6925150380108572,-2.6497246472893345,0.057301947523654556,0.005925985838636359,0.005925985838636358,2.5414488474795665,0.12,1.1460389504730912
9.52,149.55840936074438,0.5979961864803168,-2.6489189119985586,0.10369047694210151,0.11893831934946046,0.11893831934946045,2.5406431121887905,0.12,2.0738095388420303
9.53,149.38225137746744,0.503294763660446,-2.647653899495482,0.14916045193594754,0.2324061474594074,0.23240614745940738,2.536313234280327,0.12,2.9832090387189507
9.540000000000001,149.20623478575382,0.40833082559758216,-2.6459387040782163,0.1937300611014231,0.3463540687566845,0.34635406875668445,2.5315348754928255,0.12,3.874601222028462
9.55,149.03040244034503,0.3130262049829733,-2.643782239965705,0.2374171328763996,0.46110772658642935,0.46110772658642935,2.529378411380314,0.12,4.748342657527992
9.56,148.8547968057847,0.21730453200682825,-2.6411932448635307,0.2802391426720497,0.5764913072641927,0.5764913072641927,2.523735230118124,0.12,5.604782853440994
9.57,148.67946005937878,0.12109125321705101,-2.638180283459113,0.32221321986321294,0.6925890344105962,0.692589034410596,2.520722268713706,0.12,6.444264397264259
9.58,148.50443418701042,0.024313648680040226,-2.634751750847698,0.3633561546403821,0.8096680838171754,0.8096680838171753,2.514256153540802,0.12,7.267123092807642
9.59,148.32976107205985,-0.07309915229243984,-2.630915875890509,0.4036844047260032,0.9275451531517898,0.9275451531517898,2.507407251828902,0.12,8.073688094520064
9.6,148.15548257767443,-0.17121615661750178,-2.6266807245063997,0.4432141019577839,1.0463849652009167,1.0463849652009165,2.5031721004447927,0.12,8.864282039155677
9.61,147.98164062262845,-0.2701044939122383,-2.62205420289833,0.4819610587416437,1.1663058293995985,1.1663058293995987,2.4955653559476443,0.12,9.639221174832874
9.620000000000001,147.8082772510066,-0.3698294037836975,-2.6170440607159513,0.5199407743768938,1.2871855369365395,1.2871855369365397,2.487616304111445,0.12,10.398815487537876
9.63,147.63543469593867,-0.4704542237836856,-2.6116578941555733,0.5571684412561365,1.4092769416092692,1.4092769416092692,2.482230137551067,0.12,11.14336882512273
9.64,147.46315543760662,-0.5720403778967569,-2.6059031489987383,0.5936589509424655,1.5325020599444519,1.5325020599444519,2.473586527620373,0.12,11.87317901884931
9.65,147.29148225573854,-0.6746473654492661,-2.5997871235906373,0.6294269001262623,1.6568611431991342,1.6568611431991342,2.467470502212272,0.12,12.588538002525247
9.66,147.12045827679748,-0.7783327503463493,-2.5933169717595437,0.6644865964640742,1.7826086932127039,1.7826086932127039,2.45817044102344,0.12,13.289731929281484
9.67,146.95012701606603,-0.883152150560054,-2.5864997056784405,0.6988520643018667,1.9095334510720532,1.909533451072053,2.448591262920986,0.12,13.977041286037334
9.68,146.7805324148218,-0.9891592278071627,-2.5793421986699827,0.7325370502849504,2.037848525641868,2.037848525641868,2.441433755912528,0.12,14.650741005699008
9.69,146.61171887279136,-1.0964056773690207,-2.5718511879559185,0.765555028856821,2.167520892156726,2.167520892156726,2.431257952488582,0.12,15.31110057713642
9.700000000000001,146.44373127606465,-1.2049412180181645,-2.5640332773520655,0.7979192076491227,2.2985257064751488,2.2985257064751488,2.423440041884729,0.12,15.958384152982454
9.71,146.27661502064572,-1.3148135820276576,-2.5558949399099316,0.8296425327648539,2.4310722771932687,2.4310722771932687,2.412703178301994,0.12,16.592850655297077
9.72,146.1104160318086,-1.426068505249571,-2.547442520506013,0.8607376939570156,2.5649572115852224,2.5649572115852224,2.4017476141067173,0.12,17.21475387914031
9.73,145.94518077942305,-1.5387497172574327,-2.538682238379835,0.8912171297046587,2.7004334506398964,2.700433450639896,2.3929873319805393,0.12,17.824342594093174
9.74,145.7809562894079,-1.652898931556262,-2.52962018962173,0.9210930321884471,2.837345757571114,2.837345757571114,2.3815265418590275,0.12,18.42186064376894
9.75,145.61779015146502,-1.768555835870599,-2.520262349611353,0.9503773521676925,2.975812339704308,2.9758123397043077,2.3721687018486506,0.12,19.00754704335385
9.76,145.455730523242,-1.8857580825274671,-2.510614575407916,0.9790818037608177,3.1158313115243432,3.1158313115243432,2.3602354569920654,0.12,19.581636075216352
9.77,145.29482613106646,-2.0045412789568045,-2.5006826080930873,1.00721786913116,3.2573795296036656,3.257379529603665,2.350303489677237,0.12,20.1443573826232
9.78,145.13512626739046,-2.124938978336814,-2.4904720750675025,1.0347968030799894,3.400566385678441,3.4005663856784416,2.337929405876823,0.12,20.695936061599788
9.790000000000001,144.97668078507934,-2.246982670415975,-2.4799884923017963,1.0618296375485845,3.545268966067472,3.5452689660674714,2.327445823111117,0.12,21.23659275097169
9.8,144.81954008867493,-2.3707017725469717,-2.4692372665430726,1.088327186031136,3.6916675197114315,3.691667519711432,2.3146613336669684,0.12,21.76654372062272
9.81,144.66375512275906,-2.4961236209713595,-2.4582236974776643,1.114300047900319,3.839578777141972,3.8395787771419716,2.30364776460156,0.12,22.286000958006376
9.82,144.50937735754036,-2.6232734623956544,-2.4469529798510865,1.1397586126471617,3.989216164322281,3.9892161643222814,2.290482092001258,0.12,22.795172252943235
9.83,144.3564587717831,-2.752174445902407,-2.435430205546,1.164713064036988,4.1403722047076466,4.1403722047076466,2.278959317696171,0.12,23.29426128073976
9.84,144.20505183319398,-2.882847615241099,-2.423660365619035,1.189173384183057,4.293259663862796,4.293259663862796,2.265440444881805,0.12,23.78346768366114
9.85,144.0552094763796,-3.0153119015451457,-2.411648352297278,1.2131493575395422,4.447678634401228,4.447678634401228,2.253428431560048,0.12,24.262987150790845
9.86,143.90698507848478,-3.1495841165222407,-2.3993989609352298,1.2366505748154444,4.60381232554142,4.60381232554142,2.2395830736131566,0.12,24.733011496308887
9.870000000000001,143.76043243261884,-3.285678946165903,-2.386916891933007,1.2596864368110061,4.761494710970889,4.761494710970889,2.2271010046109336,0.12,25.193728736220123
9.88,143.6156057191747,-3.4236089450362455,-2.374206752616575,1.2822661581781416,4.920856561267926,4.920856561267926,2.2129545816824683,0.12,25.645323163562832
9.89,143.47255947514296,-3.5633845311585235,-2.3612730590807267,1.304398771106444,5.081785524596995,5.081785524596995,2.20002088814662,0.12,26.087975422128878
9.9,143.3313485615217,-3.7050139815869563,-2.3481202379955883,1.3260931289361662,5.244344086988385,5.244344086988385,2.1855975004429142,0.12,26.521862578723322
9.91,143.19202812891965,-3.848503428681714,-2.334752628377345,1.3473579096996786,5.408485852479982,5.408485852479982,2.172229890824671,0.12,26.947158193993573
9.92,143.05465358144906,-3.9938568571457895,-2.3211744833239054,1.3682016195927977,5.574197163453697,5.574197163453697,2.15755229643024,0.12,27.364032391855954
9.93,142.9192805390029,-4.141076101867787,-2.307389971716196,1.388632596377378,5.741501439106123,5.741501439106123,2.1437677848225305,0.12,27.77265192754756
9.94,142.7859647980085,-4.290160846615612,-2.2934031798857712,1.4086590127165277,5.910309861829786,5.910311322317217,2.1288573810971347,0.12,28.173180254330553
9.950000000000001,142.65476229074912,-4.441108623624877,-2.279218113249397,1.4282888794437867,6.0807102981126,6.0807102981126,2.1146723144607606,0.12,28.565777588875733
9.96,142.52572904334255,-4.5939148141243304,-2.2648386979112805,1.4475300487675526,6.252588711977309,6.252588711977309,2.100292899122644,0.12,28.95060097535105
9.97,142.39892113246498,-4.748572649839701,-2.2502687822335496,1.46639021741209,6.42596401861848,6.42596401861848,2.0849792080140133,0.12,29.3278043482418
9.98,142.2743946409064,-4.905073215514865,-2.2355121383756593,1.4848769296963085,6.600820934638781,6.600820934638781,2.070222564156123,0.12,29.69753859392617
9.99,142.15220561204325,-5.063405452488479,-2.2205724638033026,1.5029975805515945,6.777099956296699,6.777099956296699,2.0552828895837663,0.12,30.05995161103189
10.0,142.03241000331172,-5.223556163361901,-2.205453382767447,1.5207594184798823,6.954819412648249,6.954819412648249,2.0396031123283294,0.12,30.415188369597644
10.01,141.91506363876485,-5.38551001779257,-2.190158447754082,1.5381695484531517,7.1339238192867835,7.1339238192867835,2.0243081773149645,0.12,30.763390969063032
10.02,141.80022216079476,-5.549249559445049,-2.1746911409052623,1.5552349347555112,7.3143758763394855,7.3143758763394855,2.0088408704661447,0.12,31.104698695110223
10.03,141.68794098110038,-5.714755214129978,-2.15905487541201,1.571962403769005,7.4961749457323,7.4961749457323,1.9928294457276254,0.12,31.4392480753801
10.040000000000001,141.57827523098,-5.8820052991591645,-2.143252996879633,1.588358646704259,7.67926511561969,7.679265115619691,1.9770275671952486,0.12,31.76717293408518
10.05,141.4712797110268,-6.0509760339427645,-2.1272887846660256,1.604430222277043,7.8636103994649735,7.8636103994649735,1.9610633549816412,0.12,32.08860444554086
10.06,141.36700884030407,-6.221641551853025,-2.111165453193436,1.6201835593318623,8.049185892994512,8.049185892994512,1.9447520521161965,0.12,32.40367118663725
10.07,141.26551660507658,-6.393973913375855,-2.09488615323429,1.635624959413569,8.235949340591246,8.235949340591244,1.9284727521570506,0.12,32.71249918827138
10.08,141.1668565071726,-6.567943120570401,-2.0784539731715395,1.6507605992880672,8.423857887919375,8.423857887919375,1.9120405720943001,0.12,33.01521198576134
10.09,141.07108151205057,-6.743517132853968,-2.0618719402340573,1.6655965334131013,8.61287116339077,8.61287116339077,1.8954585848330758,0.12,33.31193066826203
10.1,140.97824399664302,-6.920661884127657,-2.0451430217075672,1.6801386963601206,8.802946892838303,8.802946892838303,1.8787296663065858,0.12,33.60277392720241
10.11,140.88839569704967,-7.099341301255886,-2.0282701261216003,1.694392905188186,8.994040934456464,8.994040934456464,1.8618567707206188,0.12,33.88785810376372
10.120000000000001,140.80158765615022,-7.279517323910748,-2.011256104412941,1.7083648617708747,9.186107298646792,9.18610729864679,1.8448427490119594,0.12,34.16729723541749
10.13,140.71787017120621,-7.4611499257898,-1.9941037510660513,1.7220601550770944,9.379098180504664,9.379098180504664,1.8276903956650699,0.12,34.44120310154189
10.14,140.63729274152064,-7.644197137214321,-1.9768158052308855,1.735484263406762,9.572958676295961,9.57295867629596,1.8105905126891866,0.12,34.70968526813524
10.15,140.5599040162226,-7.828615069111829,-1.9593949518185976,1.748642556582185,9.76763946232008,9.767639462320078,1.7931696592768986,0.12,34.9728511316437
10.16,140.4857517422431,-8.014357938385585,-1.9418438225755386,1.7615402980960657,9.963091417244188,9.963091417244186,1.7756185300338396,0.12,35.23080596192131
10.17,140.41488271254744,-8.201378094671018,-1.9241649971359902,1.774182647216968,10.159259805095093,10.159259805095093,1.7579397045942913,0.12,35.48365294433936
10.18,140.34734271468753,-8.389626048477142,-1.9063610040540533,1.786574661053093,10.35608824247961,10.35608824247961,1.7401357115123544,0.12,35.73149322106186
10.19,140.28317647973753,-8.579050500708897,-1.888434321815103,1.7987212965751913,10.553518736149108,10.553518736149107,1.722209029273404,0.12,35.97442593150382
10.200000000000001,140.2224276316742,-8.769598373564351,-1.8703873798272124,1.8106274125994175,10.751491489451988,10.751491489451986,1.7045373383391416,0.12,36.21254825198835
10.21,140.165138637262,-8.961214842798443,-1.8522225593929615,1.8222977717309148,10.949936553956375,10.949936553956375,1.6863725179048907,0.12,36.4459554346183
10.22,140.11135075650262,-9.15384337134367,-1.8339421946619707,1.8337370422689319,11.148801789134215,11.148801789134215,1.6680921531739,0.12,36.674740845378636
10.23,140.06110399370647,-9.347425744275025,-1.815548573564604,1.8449498000741973,11.348023174521382,11.34802317452138,1.6496985320765332,0.12,36.898996001483944
10.24,140.0144370492428,-9.54190210510571,-1.797043938727169,1.8559405303993266,11.547535285885495,11.547535285885496,1.6311938972390982,0.12,37.11881060798653
10.25,139.97138727202392,-9.737210993397678,-1.7784304883689976,1.8667136296829827,11.74727134016481,11.74727134016481,1.6125804468809268,0.12,37.334272593659655
10.26,139.93199061277738,-9.933289383669374,-1.7597103771817622,1.8772734073085107,11.947163241556398,11.947163241556398,1.5938603356936913,0.12,37.545468146170215
10.27,139.89628157815864,-10.13007272558131,-1.7408857171913814,1.8876240873277483,12.147141628725905,12.147141628725905,1.5750356757033106,0.12,37.75248174655496
10.28,139.86429318575586,-10.327494985378376,-1.7219585786028593,1.8977698101507028,12.347135923109462,12.347135923109462,1.5561085371147885,0.12,37.955396203014054
10.290000000000001,139.8360569200364,-10.525488688566105,-1.7029309906283903,1.9077146342017723,12.54707437827725,12.547074378277248,1.5370809491403195,0.12,38.15429268403545
10.3,139.81160268928386,-10.723984963796317,-1.6838049422990857,1.9174625375431624,12.746884130326196,12.746884130326196,1.517954900811015,0.12,38.34925075086325
10.31,139.7909587835721,-10.922913587936653,-1.6645823832605922,1.9270174194661744,12.946491249269219,12.946491249269219,1.4987323417725213,0.12,38.54034838932349
10.32,139.7741518338228,-11.1222030322958,-1.6452652245529893,1.9363831020509674,13.145820791385383,13.14582079138538,1.4794151830649185,0.12,38.72766204101935
10.33,139.76120677198992,-11.321780509975973,-1.6258553393752275,1.9455633316954426,13.344796852495787,13.344796852495787,1.4600052978871567,0.12,38.91126663390885
10.34,139.75214679241415,-11.521572024322037,-1.606354563834433,1.9545617806138527,13.543342622127932,13.54334262212793,1.4405045223463622,0.12,39.09123561227705
10.35,139.7469933143885,-11.721502418435566,-1.586764697680375,1.9633820483057358,13.741373547722544,13.741373547722542,1.4205394051386762,0.12,39.26764096611472
10.36,139.74576594597463,-11.921495425720776,-1.56708750502539,1.9720276629957647,13.938813004377236,13.938813004377236,1.4008622124836911,0.12,39.44055325991529
10.370000000000001,139.74848244910805,-12.12147372142805,-1.5473247150500458,1.9805020830450837,14.135585395861321,14.13558539586132,1.3810994225083468,0.12,39.61004166090167
10.38,139.75515870602908,-12.321358975159352,-1.5274780226948514,1.988808698334694,14.33161084356583,14.331610843565828,1.3612527301531525,0.12,39.77617396669388
10.39,139.7658086870741,-12.521071904299411,-1.507549089338235,1.9969508316214604,14.526808846134838,14.526808846134836,1.3413237967965361,0.12,39.93901663242921
10.4,139.78044441986125,-12.720532328334233,-1.4875395434611314,2.004931739867252,14.721098338133851,14.72109833813385,1.3213142509194324,0.12,40.09863479734504
10.41,139.79907595990198,-12.919659224018718,-1.4674509812983918,2.012754615541772,14.91439427719256,14.91439427719256,1.3010376258974103,0.12,40.25509231083544
10.42,139.82171136266894,-13.11837078135345,-1.4472849674773003,2.020422587899588,15.106611207421617,15.106611207421617,1.2808716120763188,0.12,40.40845175799176
10.43,139.8483566571491,-13.316584460330052,-1.427043035643445,2.027938724231876,15.297672913540204,15.297672913540202,1.2606296802424635,0.12,40.558774484637524
10.44,139.8790158209093,-13.514217048403593,-1.406726689074196,2.035306031093377,15.487496673696791,15.487496673696791,1.2403133336732146,0.12,40.70612062186754
10.450000000000001,139.91369075669922,-13.711184718649802,-1.3863374012800345,2.0425274555050614,15.67599950335388,15.675999503353882,1.2199240002027951,0.12,40.85054911010123
10.46,139.95238127061666,-13.907403088563827,-1.3658766165939893,2.0496058861329702,15.863098215583786,15.863098215583788,1.19946321551675,0.12,40.9921177226594
10.47,139.9950850518565,-14.102787279457301,-1.345345750749369,2.056544154443728,16.048709489627626,16.04870948962763,1.1789323496721296,0.12,41.13088308887456
10.48,140.04179765406496,-14.297251976408688,-1.3247461914460874,2.063345035837164,16.232749925693494,16.232749925693494,1.158332790368848,0.12,41.26690071674328
10.49,140.09251247831745,-14.490711488722438,-1.3040792989057595,2.070011250756507,16.415147565064398,16.415147565064398,1.137853869221375,0.12,41.40022501513015
10.5,140.1472207577382,-14.68307981085129,-1.2833464064158076,2.076545465776602,16.59581226042224,16.59581226042224,1.1171209767314232,0.12,41.53090931553204
10.51,140.20591154377735,-14.874270683735796,-1.262548820862794,2.082950294670574,16.774656786599106,16.774656786599106,1.0963233911784096,0.12,41.65900589341148
10.52,140.26857169415942,-15.064197656514704,-1.2416878232551936,2.0892282994553724,16.951624787487305,16.951624787487305,1.075837552816076,0.12,41.78456598910745
10.53,140.3351858625167,-15.252774148559459,-1.2207646692358138,2.095381991416612,17.126616297742867,17.126616297742867,1.0549143987966962,0.12,41.90763982833224
10.540000000000001,140.4057364897179,-15.439913511785821,-1.1997805895840652,2.101413832113122,17.29954447696732,17.299544476967316,1.034491015364529,0.12,42.02827664226244
10.55,140.48020379690192,-15.625529093195091,-1.1787367907083037,2.107326234361598,17.47037755813798,17.470377558137983,1.0134472164887676,0.12,42.14652468723196
10.56,140.55856578022488,-15.809534297597901,-1.1576344551283888,2.1131215632017675,17.638981388443902,17.638981388443902,0.9923448809088525,0.12,42.26243126403535
10.57,140.64079820732644,-15.99184265047228,-1.1364747419487216,2.1188021368424317,17.80532285100675,17.80532285100675,0.9719289431600848,0.12,42.37604273684863
10.58,140.7268746155205,-16.172367860908647,-1.1152587873218978,2.1243702275887832,17.969309997435936,17.969309997435936,0.950712988533261,0.12,42.48740455177567
10.59,140.81676631171356,-16.351023884593726,-1.093987704903185,2.129828062751357,18.130854846600688,18.13085484660069,0.9303655180095195,0.12,42.59656125502714
10.6,140.9104423740524,-16.52772498678552,-1.0726625862959986,2.1351778255369833,18.289936698924723,18.289936698924723,0.9090403994023332,0.12,42.703556510739666
10.61,141.0078696553014,-16.702385805231543,-1.0512845014885588,2.1404216559221023,18.44639447050298,18.446398932983676,0.8876623145948933,0.12,42.808433118442046
10.620000000000001,141.10901278794833,-16.87492141298258,-1.0298544992818948,2.145561651508782,18.600293611318065,18.60029361131807,0.8673317617292208,0.12,42.91123303017564
10.63,141.2138341910358,-17.045247381054125,-1.008373607709396,2.1505998683637837,18.751414098141076,18.751414098141076,0.8458508701567221,0.12,43.011997367275676
10.64,141.3222940787141,-17.213279840888575,-0.9868428344480158,2.155538321841022,18.899835225525745,18.899835225525745,0.8255906635139091,0.12,43.110766436820434
10.65,141.43435047050988,-17.378935546570244,-0.96526316722137,2.160378987387729,19.045350751445405,19.0453507514454,0.8040109962872634,0.12,43.20757974775458
10.66,141.54995920330367,-17.54213193674672,-0.9436355741948369,2.165123801334662,19.188038853062356,19.188038853062356,0.7838196868727636,0.12,43.30247602669324
10.67,141.66907394500748,-17.702787196209655,-0.921961004362836,2.169774661670659,19.32769132186799,19.327691321867995,0.7621451170407627,0.12,43.39549323341318
10.68,141.7916462099329,-17.860820317088667,-0.9002403879284381,2.174333428801862,19.464404941804027,19.464404941804027,0.7420204671912083,0.12,43.48666857603724
10.69,141.91762537583818,-18.01615115961238,-0.878474636675459,2.1788019262959026,19.597946241674677,19.59794703014948,0.7202547159382292,0.12,43.57603852591805
10.700000000000001,142.04695870264186,-18.168700512391062,-0.8566646443331817,2.1831819416113554,19.728457280644932,19.728457280644932,0.700193756483353,0.12,43.66363883222711
10.71,142.1795913527889,-18.318390152175564,-0.8348112869338751,2.187475226812741,19.855649651489212,19.855664221951557,0.6783403990840463,0.12,43.74950453625482
10.72,142.31546641325426,-18.465142903048374,-0.8129154231631956,2.191683499271381,19.979743114491765,19.979743114491765,0.6583394902870916,0.12,43.83366998542762
10.73,142.4545249191671,-18.608882695002116,-0.7909778947036883,2.195808442352365,20.100419174390396,20.100419174390396,0.6384352255130091,0.12,43.9161688470473
10.74,142.59670587903813,-18.749534621862363,-0.7689995265714669,2.1998517060879212,20.21783319073964,20.21783319073964,0.6164568573807877,0.12,43.997034121758425
10.75,142.74194630157083,-18.88702499851168,-0.7469811274462319,2.20381490783745,20.331788025369047,20.331788025369043,0.5966020090303813,0.12,44.076298156749004
10.76,142.8901812240368,-19.021281417372567,-0.7249234899947528,2.207699632934491,20.442321757635714,20.442321757635714,0.5745443715789021,0.12,44.153992658689816
10.77,143.0413437421932,-19.152232804107648,-0.7028273911879452,2.211507435320875,20.54937259075854,20.54937259075854,0.5547337434252431,0.12,44.2301487064175
10.78,143.19536504172027,-19.27980947249615,-0.6806935926116703,2.215239838168324,20.652826533814682,20.652826533814682,0.5325999448489681,0.12,44.30479676336648
10.790000000000001,143.35217443115516,-19.403943178446394,-0.6585228407713745,2.21889833448774,20.752802485183587,20.752802485183587,0.5128279343720785,0.12,44.3779666897548
10.8,143.5116993762971,-19.52456717310467,-0.6363158673907178,2.2224843877264258,20.848988666837755,20.84902508467428,0.4906209609914218,0.12,44.44968775452851
10.81,143.6738655360584,-19.641616255022115,-0.6140733897042494,2.225999432353488,20.94173045791996,20.94173045791996,0.47088162809631223,0.12,44.51998864706976
10.82,143.83859679973426,-19.755026821341115,-0.5917961107443269,2.229444874433642,21.030637210320112,21.030637210320112,0.45120287527699043,0.12,44.58889748867284
10.83,144.0058153256635,-19.864736917964567,-0.5694847196223343,2.2328220921896555,21.115832382603863,21.11583238260386,0.4288914841549978,0.12,44.65644184379311
10.84,144.17544158125136,-19.970686288671484,-0.547139891804336,2.236132436553658,21.19728544302708,21.19728544302708,0.4092314490468812,0.12,44.722648731073164
10.85,144.34739438432496,-20.072816423143635,-0.5247622893812723,2.23937723170753,21.274807275432146,21.27481895257252,0.38685384662381755,0.12,44.78754463415059
10.86,144.5215909457899,-20.17107060386869,-0.5023525613338046,2.2425577756125934,21.348675493149802,21.348675493149806,0.36720603059770074,0.12,44.851155512251864
10.870000000000001,144.69794691355744,-20.26539395188629,-0.4799113437919119,2.2456753405288157,21.418530811312714,21.418530811312714,0.3475947224135464,0.12,44.913506810576315
10.88,144.87637641770866,-20.35573347134431,-0.4574392602893679,2.2487311735237268,21.484540306770484,21.484540306770484,0.32512263891100235,0.12,44.97462347047453
10.89,145.0567921168635,-20.44203809283383,-0.4349369220131384,2.2517264969712665,21.546633663880577,21.546633663880577,0.30550916540863216,0.12,45.034529939425326
10.9,145.23910524571968,-20.524258715471795,-0.4124049280478803,2.2546625090407493,21.604636031004368,21.60465388712582,0.2829771714433741,0.12,45.093250180814984
10.91,145.42322566372695,-20.602348247701844,-0.3898438656155797,2.257540384176147,21.658862906737962,21.658862906737962,0.2633550186648941,0.12,45.15080768352294
10.92,145.60906190486133,-20.6762616467845,-0.3672543103104482,2.260361273565883,21.708939211318224,21.708939211318224,0.2437456862488412,0.12,45.207225471317656
10.93,145.79652122846272,-20.74595595694902,-0.3446368263291683,2.263126305603322,21.755008600825583,21.755008600825583,0.2211282022675613,0.12,45.26252611206644
10.94,145.98550967109907,-20.811390346180257,-0.32199196669657987,2.265836586338144,21.797081612608277,21.797081612608274,0.20149636938968413,0.12,45.31673172676288
10.950000000000001,146.17593209941955,-20.872526141614873,-0.2993202734868931,2.268493199918778,21.834884543111826,21.83494397972086,0.17882467617999737,0.12,45.36986399837556
10.96,146.36769226395845,-20.92932686352237,-0.27662227804054174,2.271097209026074,21.868875901136178,21.868875901136178,0.15916426329513514,0.12,45.42194418052148
10.97,146.5606928538511,-20.98175825784752,-0.2538985011767021,2.2736496552983936,21.89861683522929,21.898616835229294,0.1394946725913112,0.12,45.47299310596787
10.98,146.75483555242246,-21.02978832729167,-0.2311494534016438,2.2761515597482758,21.924170682939923,21.924172009483993,0.11674562481625292,0.12,45.52303119496551
10.99,146.95002109360848,-21.073387360911717,-0.20837563511293505,2.2786039231708575,21.945733042964726,21.94573304296473,0.09703496989777984,0.12,45.57207846341715
11.0,147.1461493191701,-21.112527962216554,-0.18557753679960834,2.2810077265442033,21.963002807165378,21.963002807165378,0.07730173698984033,0.12,45.620154530884065
11.01,147.34311923665885,-21.147185075741845,-0.16275563923836261,2.283363931421711,21.97617153725636,21.97617153725636,0.054479839428594586,0.12,45.66727862843422
11.02,147.54082907809328,-21.177336012085238,-0.1399104136858803,2.285673480316745,21.98519035656487,21.98519035656487,0.03469427823014801,0.12,45.713469606334904
11.03,147.73917635930422,-21.202960471385126,-0.1170423220673364,2.2879372970796563,21.98984225942904,21.989896555145194,0.011826186611604103,0.12,45.758745941593126
11.040000000000001,147.9380579399073,-21.224040565227277,-0.09415181716117049,2.2901562872673322,21.99057518852346,21.99057518852346,-0.008016369516956294,0.12,45.80312574534665
11.05,148.13737008386022,-21.240560836964747,-0.0712393427802205,2.292331338505431,21.986975805509793,21.986975805509797,-0.027898724424100727,0.12,45.84662677010862
11.06,148.3370085205626,-21.252508280437684,-0.04830533394922934,2.2944633208434477,21.979105220597972,21.979108757064544,-0.05083273325509188,0.12,45.889266416868956
11.07,148.53686850645516,-21.259872357080685,-0.02535021707887687,2.2965530871027418,21.967190184447755,21.967190184447755,-0.07078126467639083,0.12,45.93106174205484
11.08,148.73684488707573,-21.262645011406597,-0.002374410136345772,2.2986014732176785,21.950938761940307,21.950938761940307,-0.09077931148346975,0.12,45.97202946435357
11.09,148.93683215952836,-21.260820684856785,0.02062167718748599,2.3006092985700137,21.930519718036386,21.930519718036383,-0.11377539880730152,0.12,46.01218597140027
11.1,149.1367245353226,-21.25439632800899,0.04363764331416335,2.3025773663166578,21.90595003166436,21.905950031664357,-0.13384730705367995,0.12,46.05154732633316
11.11,149.3364160035391,-21.243371411135094,0.06667309461701743,2.3045064637109487,21.876980265905964,21.877055802010844,-0.15688275835653404,0.12,46.090129274218974
11.120000000000001,149.53580039427837,-21.227747933102247,0.08972764526371368,2.3063973624175635,21.844106075667387,21.844106075667387,-0.17703141827431157,0.12,46.12794724835127
11.13,149.7347714423481,-21.20753042861197,0.11280091706189747,2.308250818821195,21.80691868147477,21.806918681474773,-0.19724102455796902,0.12,46.1650163764239
11.14,149.93322285114667,-21.182725973772918,0.13589253930793663,2.3100675743291155,21.765465251807665,21.765473532060977,-0.22033264680400816,0.12,46.20135148658231
11.15,150.1310483566977,-21.153344190004237,0.1590021486386187,2.3118483556677503,21.720019321698164,21.720019321698164,-0.24062447487219918,0.12,46.23696711335501
11.16,150.32814179179283,-21.11939724626751,0.18212938888580485,2.313593875173377,21.67029671572714,21.67029671572714,-0.26098308820889327,0.12,46.271877503467536
11.17,150.5243971501986,-21.08089985962646,0.205273910933958,2.3153048310770696,21.616459525131873,21.616459525131873,-0.2841276102570464,0.12,46.30609662154139
11.18,150.719708650884,-21.037869294134627,0.22843537258049176,2.316981907784001,21.558555550297044,21.55855555029704,-0.3045724925627573,0.12,46.33963815568002
11.19,150.91397080222495,-20.990325358052512,0.25161343839888506,2.3186257761472135,21.496373075392825,21.496429389032585,-0.3277505583811506,0.12,46.37251552294427
11.200000000000001,151.1070784661427,-20.938290399396596,0.27480777960451097,2.3202370937359693,21.430357483810123,21.430357483810123,-0.3482828978701436,0.12,46.404741874719384
11.21,151.29892692213213,-20.88178929982397,0.2980180739231021,2.321816505098786,21.3601584089644,21.3601584089644,-0.36888795007854297,0.12,46.43633010197572
11.22,151.4894119311381,-20.820849466857155,0.32124400546186127,2.3233646420212666,21.28588319689461,21.285883196894613,-0.3921138816173021,0.12,46.46729284042533
11.23,151.67842979923574,-20.755500824455055,0.34448526458308387,2.32488212377882,21.20770524650642,21.20770524650642,-0.41280850833052746,0.12,46.497642475576406
11.24,151.8658774410727,-20.685775801936884,0.3677415477803025,2.326369557384382,21.12542534682742,21.12542534682742,-0.4335783040523538,0.12,46.52739114768764
11.25,152.05165244303112,-20.611709321267025,0.39101255755688047,2.327827537831225,21.039297338235087,21.039297338235087,-0.4568493138289318,0.12,46.5565507566245
11.26,152.2356531260669,-20.533338782709883,0.4142980023070092,2.3292566483309667,20.949206472920032,20.949206472920032,-0.4777096540176679,0.12,46.585132966619334
11.27,152.41777860818465,-20.450704048864807,0.437597596199062,2.33065746054686,20.855196682645918,20.855196682645914,-0.5010092479097208,0.12,46.6131492109372
11.28,152.59792886650706,-20.363847427092193,0.4609110590612576,2.332030534822468,20.757427307751904,20.757427307751904,-0.5219599478485086,0.12,46.640610696449365
11.290000000000001,152.77600479889745,-20.27281365034295,0.4842381162695918,2.3333764204058074,20.655698532057247,20.655730422786174,-0.5452870050568428,0.12,46.66752840811615
11.3,152.95190828509476,-20.17764985640458,0.5075784986379677,2.3346956556690546,20.550399529977394,20.550399529977398,-0.5663276637744371,0.12,46.69391311338109
11.31,153.1255422473213,-20.078405565577803,0.5309319423105424,2.335988768323904,20.44125005457952,20.44125005457952,-0.5874448777809926,0.12,46.71977536647808
11.32,153.2968107103227,-19.975132656799236,0.5542981886561649,2.337256275632658,20.32846828138035,20.328468281380346,-0.6108111241266151,0.12,46.74512551265316
11.33,153.46561886080107,-19.867885342226042,0.5776769841649239,2.338498684615139,20.21204307198739,20.21204307198739,-0.6320174137527143,0.12,46.769973692302784
11.34,153.63187310620293,-19.756720140299755,0.6010680803467408,2.3397164922515046,20.092012077000284,20.092012077000284,-0.6554085099345311,0.12,46.79432984503009
11.35,153.79548113282263,-19.641695847307325,0.62447123363197,2.3409101856810453,19.968501625662984,19.968501625662984,-0.6767029037203605,0.12,46.8182037136209
11.36,153.95635196318437,-19.522873507458392,0.6478862052739683,2.3420802423970475,19.84144259930239,19.84144259930239,-0.7001178753623588,0.12,46.84160484794095
11.370000000000001,154.11439601266497,-19.40031638149868,0.6713127612535968,2.343227130437798,19.711054031707665,19.711054031707665,-0.7214992509311122,0.12,46.86454260875596
11.38,154.2695251453208,-19.274089913880452,0.6947506721855937,2.3443513085738035,19.57720437413195,19.577204441653855,-0.7449371618631091,0.12,46.887026171476066
11.39,154.42165272888317,-19.144261698511425,0.7181997132268418,2.345453226491306,19.440161339407204,19.4401613394072,-0.766404261187864,0.12,46.909064529826125
11.4,154.5706936888859,-19.01090144310512,0.7416596639864121,2.3465333249721643,19.299774327140327,19.299774338808454,-0.7898642119474343,0.12,46.930666499443284
11.41,154.7165645618911,-18.874080932155792,0.7651303084374083,2.347592036070171,19.156316818284317,19.15631681828432,-0.8114156560884743,0.12,46.95184072140342
11.42,154.8591835477781,-18.73387398856228,0.7886114348305531,2.3486297832838803,19.0096612202785,19.0096612202785,-0.8348967824816191,0.12,46.9725956656776
11.43,154.99847056106273,-18.590356433925855,0.8121028356094859,2.3496469817260137,18.860045325110665,18.860045325110665,-0.856531085727163,0.12,46.992939634520276
11.44,155.1343472812137,-18.443606047547924,0.8356043073277375,2.3506440382895097,18.707404968820253,18.707404968820253,-0.8800325574454146,0.12,47.01288076579019
11.450000000000001,155.26673720193386,-18.293702524154227,0.8591156505673527,2.351621351810287,18.551902551903993,18.551902551903993,-0.9017481408037074,0.12,47.03242703620574
11.46,155.39556567937512,-18.140727430373076,0.882636669859104,2.352579313226783,18.39357584019169,18.39357584019169,-0.9252691600954587,0.12,47.051586264535665
11.47,155.52075997925644,-17.98476415999538,0.9061671736043265,2.3535183057363374,18.23247415671037,18.232474156710367,-0.947064364099457,0.12,47.070366114726745
11.48,155.64224932285458,-17.825897888045862,0.9297069739982585,2.354438704948472,18.068773536645555,18.068773536645555,-0.970604164493389,0.12,47.08877409896944
11.49,155.75996493183885,-17.66421552369465,0.9532558869549221,2.3553408790351438,17.902413471044994,17.902413471044994,-0.9941530774500527,0.12,47.106817580702874
11.5,155.8738400719212,-17.499805662039588,0.976813732033486,2.3562251888780152,17.733626164521603,17.733626164521606,-1.0160351063700104,0.12,47.12450377756031
11.51,155.98381009529425,-17.332758534790198,1.0003803323660865,2.3570919882128134,17.562395436753896,17.562395436753892,-1.0396017067026109,0.12,47.14183976425627
11.52,156.08981248183045,-17.16316595988482,1.0239555145870782,2.3579416237708286,17.388776795205775,17.388790292888597,-1.0631768889236026,0.12,47.158832475416574
11.53,156.1917868790165,-16.99112129007304,1.047539108763686,2.358774435417612,17.213032310619933,17.213032310619933,-1.0851430874840675,0.12,47.17548870835224
11.540000000000001,156.28967514059775,-16.81671936049617,1.071130948328033,2.359590756288926,17.03507355319701,17.03507355319701,-1.1087349270484144,0.12,47.19181512577852
11.55,156.3834213639086,-16.640056435299275,1.0947308700104945,2.360390912924002,16.855011118969816,16.855019792803162,-1.132334848730876,0.12,47.20781825848004
11.56,156.47297192586555,-16.46123015330813,1.1183387137744139,2.361175225396162,16.673080101908,16.673080101908,-1.1543825796773126,0.12,47.22350450792324
11.57,156.55827551759995,-16.28033947280614,1.141954322752068,2.361944007440852,16.489232906161575,16.489232906161575,-1.1779981886549669,0.12,47.238880148817046
11.58,156.63928317770961,-16.09748461544567,1.1655775431819237,2.36269756658114,16.303577617766976,16.303577617766976,-1.2016214090848225,0.12,47.2539513316228
11.59,156.71594832410784,-15.912767009329333,1.1892082243471291,2.3634362042507284,16.11626935320563,16.11626935320563,-1.2237480587822347,0.12,47.26872408501457
11.6,156.78822678445067,-15.726289231297086,1.2128462185152262,2.364160215914533,15.927406808426719,15.927406808426719,-1.2473860529503318,0.12,47.28320431829066
11.61,156.85607682512307,-15.538154948455382,1.236491380879056,2.364869891186872,15.737041673316483,15.737041673316483,-1.2710312153141616,0.12,47.29739782373744
11.620000000000001,156.91945917876632,-15.348468858985074,1.2601435694988377,2.3655655139473164,15.545279939627923,15.545279939627923,-1.2946834039339432,0.12,47.31131027894633
11.63,156.97833707032947,-15.157336632265336,1.2838026452453732,2.3662473624542444,15.352228483666307,15.352230836823566,-1.3183424796804788,0.12,47.324947249084886
11.64,157.03267624162908,-14.96486484835059,1.3074684717444203,2.3669157094561495,15.158060475317475,15.158060475317473,-1.3405591011354463,0.12,47.33831418912299
11.65,157.08244497440168,-14.771160936838873,1.331140915322123,2.3675708223007432,14.962816027872778,14.96281602787278,-1.364231544713149,0.12,47.351416446014866
11.66,157.1276141118352,-14.576333115169296,1.3548198449515454,2.3682129630418975,14.766600461278486,14.766600461278486,-1.3879104743425714,0.12,47.364259260837954
11.67,157.1681570785658,-14.3804903263872,1.3785051322002584,2.3688423885444703,14.569523538174654,14.569523538174654,-1.4115957615912844,0.12,47.376847770889405
11.68,157.20404989912836,-14.183742176415683,1.4021966511789659,2.3694593505870545,14.371695597699627,14.371695597699627,-1.4352872805699919,0.12,47.389187011741086
11.69,157.23527121484875,-13.986198870872423,1.4258942784911464,2.370064095962692,14.173227491782573,14.173227491782573,-1.4589849078821724,0.12,47.40128191925385
11.700000000000001,157.2618022991681,-13.787971151470959,1.4495978931836977,2.370656866577597,13.974230521072574,13.974230521072576,-1.4826885225747237,0.12,47.413137331551944
11.71,157.28362707138956,-13.589170232045984,1.473307376698537,2.3712378995479177,13.774816370544151,13.774816370544153,-1.506398006089563,0.12,47.424757990958355
11.72,157.30073210883924,-13.389907734241692,1.4970226128252009,2.371807427294589,13.575097044818472,13.575097044818472,-1.530113242216227,0.12,47.43614854589178
11.73,157.31310665743393,-13.190295622903585,1.5207434876543435,2.3723656776363025,13.375184803240886,13.375185984895591,-1.5538341170453696,0.12,47.44731355272605
11.74,157.32074264064943,-12.990446141213042,1.5444698895321753,2.372912873880638,13.175192094754316,13.175193769025595,-1.5775605189232014,0.12,47.45825747761276
11.75,157.3236346668839,-12.790471745604792,1.5682017090157996,2.3734492349133887,12.975231492608728,12.975231820383122,-1.6012923384068256,0.12,47.468984698267775
11.76,157.321780035212,-12.590485040507312,1.5919388388294342,2.3739749752861186,12.775415628946883,12.775415628946883,-1.6250294682204602,0.12,47.47949950572237
11.77,157.31517873952652,-12.39059871294619,1.6156811738214998,2.374490305301986,12.575857129306481,12.575857129306483,-1.6487718032125258,0.12,47.48980610603972
11.78,157.30383347106476,-12.190925467050597,1.6394286109225582,2.3749954310998684,12.376668547078914,12.376668547078916,-1.6725192403135842,0.12,47.49990862199737
11.790000000000001,157.28774961931876,-11.991577958502953,1.6631810491040866,2.3754905547368192,12.177962297964676,12.177962297964676,-1.6962716784951126,0.12,47.509811094736385
11.8,157.2669352713284,-11.792668728972105,1.6869383893380485,2.375975874268894,11.979850594465848,11.979850594465848,-1.7200290187290745,0.12,47.51951748537788
11.81,157.2414012093585,-11.594310140569574,1.7107005345573068,2.376451583830377,11.782445380455064,11.782445380455062,-1.7437911639483328,0.12,47.52903167660754
11.82,157.21116090696088,-11.396614310369591,1.7344673896167775,2.376917873711434,11.585858265861681,11.585858265861681,-1.7675580190078035,0.12,47.53835747422868
11.83,157.1762305234246,-11.199693045032326,1.7582388612553763,2.377374930434235,11.39020046151442,11.390200461514421,-1.7913294906464023,0.12,47.547498608684705
11.84,157.13662889661714,-11.00365777557034,1.7820148580587118,2.3778229368275627,11.195582714180365,11.195582714180366,-1.8151054874497379,0.12,47.55645873655126
11.85,157.09237753422158,-10.808619492297938,1.805795290422519,2.3782620720999477,11.00216694035325,11.00216694035325,-1.8403351248576245,0.12,47.56524144199895
11.86,157.04350060337495,-10.61468868000294,1.8295800705168157,2.378692511911353,10.810039661751997,10.810039661751997,-1.8641199049519213,0.12,47.57385023822706
11.870000000000001,156.99002491871423,-10.421975253380236,1.8533691122507747,2.3791144284434425,10.619287851339076,10.619287851339077,-1.8879089466858803,0.12,47.58228856886885
11.88,156.93197992883728,-10.230588492766458,1.8771623312382686,2.379527990468454,10.430019707324407,10.430019707324409,-1.9117021656733741,0.12,47.590559809369076
11.89,156.86939770118724,-10.04063698021423,1.9009596447641395,2.3799333634167112,10.242371543280349,10.242371543280349,-1.9370035106670382,0.12,47.598667268334225
11.9,156.8023129053693,-9.852228535945374,1.9247609717510954,2.380330709442798,10.056502944002702,10.056502944002702,-1.9608048376539942,0.12,47.606614188855964
11.91,156.73076279491045,-9.665470155220971,1.9485662327272826,2.380720187490423,9.872444248892071,9.87244424889207,-1.9846100986301813,0.12,47.61440374980846
11.92,156.65478718747298,-9.480467945666673,1.972375349794495,2.381101953355997,9.690300061784418,9.690300061784418,-2.0084192156973937,0.12,47.62203906711994
11.93,156.574428443534,-9.297327065091011,1.9961882465970144,2.3814761597509566,9.51029173059574,9.51029173059574,-2.033792225317396,0.12,47.62952319501913
11.94,156.4897314435439,-9.116151659834248,2.0200048482910677,2.381842956362849,9.332428600242519,9.332428600242519,-2.057608827011449,0.12,47.63685912725698
11.950000000000001,156.40074356357735,-8.937044803684866,2.0438250815148913,2.382202489915209,9.156789997759088,9.156795242935317,-2.0830464558514157,0.12,47.64404979830418
11.96,156.3075146494923,-8.760108437400664,2.0676488743593695,2.3825549042262515,8.983645334787404,8.983645334787404,-2.106870248695894,0.12,47.65109808452503
11.97,156.2100969896116,-8.585443308870365,2.0914761563392954,2.382900340266399,8.812934409101484,8.812934409101484,-2.13069753067582,0.12,47.65800680532798
11.98,156.10854528594464,-8.41314891395233,2.115306858365158,2.383238936214673,8.64483037496317,8.64483037496317,-2.1562040488602885,0.12,47.664778724293456
11.99,156.00291662396592,-8.243323438025424,2.1391409127155105,2.383570827513967,8.479465613982551,8.479465613982551,-2.180038103210641,0.12,47.67141655027934
12.0,155.89327044096893,-8.076063698287303,2.1629782530098804,2.383896146925226,8.316845166632703,8.316845166632703,-2.205610743246235,0.12,47.677922938504516
