s_m,t_s,speed_mps,road_limit_mps,traffic_limit_mps,combined_limit_mps,admissible_speed_mps,accel_mps2,x_m,y_m
0.0,0.0,25.0,inf,25.0,25.0,25.0,0.0,0.0,0.0
1.0,0.04,25.0,inf,25.0,25.0,25.0,0.0,1.0,0.0
2.0,0.08,25.0,inf,25.0,25.0,25.0,0.0,2.0,0.0
3.0,0.12,25.0,inf,25.0,25.0,25.0,0.0,3.0,0.0
4.0,0.16,25.0,inf,25.0,25.0,25.0,0.0,4.0,0.0
5.0,0.2,25.0,inf,25.0,25.0,25.0,0.0,5.0,0.0
6.0,0.24000000000000002,25.0,inf,25.0,25.0,25.0,0.0,6.0,0.0
7.0,0.28,25.0,inf,25.0,25.0,25.0,0.0,7.0,0.0
8.0,0.32,25.0,inf,25.0,25.0,25.0,0.0,8.0,0.0
9.0,0.36,25.0,inf,25.0,25.0,25.0,0.0,9.0,0.0
10.0,0.39999999999999997,25.0,inf,25.0,25.0,25.0,0.0,10.0,0.0
11.0,0.43999999999999995,25.0,inf,25.0,25.0,25.0,0.0,11.0,0.0
12.0,0.4799999999999999,25.0,inf,25.0,25.0,25.0,0.0,12.0,0.0
13.0,0.5199999999999999,25.0,inf,25.0,25.0,25.0,0.0,13.0,0.0
14.0,0.5599999999999999,25.0,inf,25.0,25.0,25.0,0.0,14.0,0.0
15.0,0.6,25.0,inf,25.0,25.0,25.0,0.0,15.0,0.0
16.0,0.64,25.0,inf,25.0,25.0,25.0,0.0,16.0,0.0
17.0,0.68,25.0,inf,25.0,25.0,25.0,0.0,17.0,0.0
18.0,0.7200000000000001,25.0,inf,25.0,25.0,25.0,0.0,18.0,0.0
19.0,0.7600000000000001,25.0,inf,25.0,25.0,25.0,0.0,19.0,0.0
20.0,0.8000000000000002,25.0,inf,25.0,25.0,25.0,0.0,20.0,0.0
21.0,0.8400000000000002,25.0,inf,25.0,25.0,25.0,0.0,21.0,0.0
22.0,0.8800000000000002,25.0,inf,25.0,25.0,25.0,0.0,22.0,0.0
23.0,0.9200000000000003,25.0,inf,25.0,25.0,25.0,0.0,23.0,0.0
24.0,0.9600000000000003,25.0,inf,25.0,25.0,25.0,0.0,24.0,0.0
25.0,1.0000000000000002,25.0,inf,25.0,25.0,25.0,0.0,25.0,0.0
26.0,1.0400000000000003,25.0,inf,25.0,25.0,25.0,0.0,26.0,0.0
27.0,1.0800000000000003,25.0,inf,25.0,25.0,25.0,0.0,27.0,0.0
28.0,1.1200000000000003,25.0,inf,25.0,25.0,25.0,0.0,28.0,0.0
29.0,1.1600000000000004,25.0,inf,25.0,25.0,25.0,0.0,29.0,0.0
30.0,1.2000000000000004,25.0,inf,25.0,25.0,25.0,0.0,30.0,0.0
31.0,1.2400000000000004,25.0,inf,25.0,25.0,25.0,0.0,31.0,0.0
32.0,1.2800000000000005,25.0,inf,25.0,25.0,25.0,0.0,32.0,0.0
33.0,1.3200000000000005,25.0,inf,25.0,25.0,25.0,0.0,33.0,0.0
34.0,1.3600000000000005,25.0,inf,25.0,25.0,25.0,0.0,34.0,0.0
35.0,1.4000000000000006,25.0,inf,25.0,25.0,25.0,0.0,35.0,0.0
36.0,1.4400000000000006,25.0,inf,25.0,25.0,25.0,0.0,36.0,0.0
37.0,1.4800000000000006,25.0,inf,25.0,25.0,25.0,0.0,37.0,0.0
38.0,1.5200000000000007,25.0,inf,25.0,25.0,25.0,0.0,38.0,0.0
39.0,1.5600000000000007,25.0,inf,25.0,25.0,25.0,0.0,39.0,0.0
40.0,1.6000000000000008,25.0,inf,25.0,25.0,25.0,0.0,40.0,0.0
41.0,1.6400000000000008,25.0,inf,25.0,25.0,25.0,0.0,41.0,0.0
42.0,1.6800000000000008,25.0,inf,25.0,25.0,25.0,0.0,42.0,0.0
43.0,1.7200000000000009,25.0,inf,25.0,25.0,25.0,0.0,43.0,0.0
44.0,1.760000000000001,25.0,inf,25.0,25.0,25.0,0.0,44.0,0.0
45.0,1.800000000000001,25.0,inf,25.0,25.0,25.0,0.0,45.0,0.0
46.0,1.840000000000001,25.0,inf,25.0,25.0,25.0,0.0,46.0,0.0
47.0,1.880000000000001,25.0,inf,25.0,25.0,25.0,0.0,47.0,0.0
48.0,1.920000000000001,25.0,inf,25.0,25.0,25.0,0.0,48.0,0.0
49.0,1.960000000000001,25.0,inf,25.0,25.0,25.0,0.0,49.0,0.0
50.0,2.000000000000001,25.0,inf,25.0,25.0,25.0,0.0,50.0,0.0
51.0,2.040000000000001,25.0,inf,25.0,25.0,25.0,0.0,51.0,0.0
52.0,2.080000000000001,25.0,inf,25.0,25.0,25.0,0.0,52.0,0.0
53.0,2.120000000000001,25.0,inf,25.0,25.0,25.0,0.0,53.0,0.0
54.0,2.160000000000001,25.0,inf,25.0,25.0,25.0,0.0,54.0,0.0
55.0,2.200000000000001,25.0,inf,25.0,25.0,25.0,0.0,55.0,0.0
56.0,2.240000000000001,25.0,inf,25.0,25.0,25.0,0.0,56.0,0.0
57.0,2.280000000000001,25.0,inf,25.0,25.0,25.0,0.0,57.0,0.0
58.0,2.320000000000001,25.0,inf,25.0,25.0,25.0,0.0,58.0,0.0
59.0,2.360000000000001,25.0,inf,25.0,25.0,25.0,0.0,59.0,0.0
60.0,2.4000000000000012,25.0,inf,25.0,25.0,25.0,0.0,60.0,0.0
61.0,2.4400000000000013,25.0,inf,25.0,25.0,25.0,0.0,61.0,0.0
62.0,2.4800000000000013,25.0,inf,25.0,25.0,25.0,0.0,62.0,0.0
63.0,2.5200000000000014,25.0,inf,25.0,25.0,25.0,0.0,63.0,0.0
64.0,2.5600000000000014,25.0,inf,25.0,25.0,25.0,0.0,64.0,0.0
65.0,2.6000000000000014,25.0,inf,25.0,25.0,25.0,0.0,65.0,0.0
66.0,2.6400000000000015,25.0,inf,25.0,25.0,25.0,0.0,66.0,0.0
67.0,2.6800000000000015,25.0,inf,25.0,25.0,25.0,0.0,67.0,0.0
68.0,2.7200000000000015,25.0,inf,25.0,25.0,25.0,0.0,68.0,0.0
69.0,2.7600000000000016,25.0,inf,25.0,25.0,25.0,0.0,69.0,0.0
70.0,2.8000000000000016,25.0,inf,25.0,25.0,25.0,0.0,70.0,0.0
71.0,2.8400000000000016,25.0,inf,25.0,25.0,25.0,0.0,71.0,0.0
72.0,2.8800000000000017,25.0,inf,25.0,25.0,25.0,0.0,72.0,0.0
73.0,2.9200000000000017,25.0,inf,25.0,25.0,25.0,0.0,73.0,0.0
74.0,2.9600000000000017,25.0,inf,25.0,25.0,25.0,0.0,74.0,0.0
75.0,3.0000000000000018,25.0,inf,25.0,25.0,25.0,0.0,75.0,0.0
76.0,3.040000000000002,25.0,inf,25.0,25.0,25.0,0.0,76.0,0.0
77.0,3.080000000000002,25.0,inf,25.0,25.0,25.0,0.0,77.0,0.0
78.0,3.120000000000002,25.0,inf,25.0,25.0,25.0,0.0,78.0,0.0
79.0,3.160000000000002,25.0,inf,25.0,25.0,25.0,0.0,79.0,0.0
80.0,3.200000000000002,25.0,inf,25.0,25.0,25.0,0.0,80.0,0.0
81.0,3.240000000000002,25.0,inf,25.0,25.0,25.0,0.0,81.0,0.0
82.0,3.280000000000002,25.0,inf,25.0,25.0,25.0,0.0,82.0,0.0
83.0,3.320000000000002,25.0,inf,25.0,25.0,25.0,0.0,83.0,0.0
84.0,3.360000000000002,25.0,inf,25.0,25.0,25.0,0.0,84.0,0.0
85.0,3.400000000000002,25.0,inf,25.0,25.0,25.0,0.0,85.0,0.0
86.0,3.440000000000002,25.0,inf,25.0,25.0,25.0,0.0,86.0,0.0
87.0,3.480000000000002,25.0,inf,25.0,25.0,25.0,0.0,87.0,0.0
88.0,3.5200000000000022,25.0,inf,25.0,25.0,25.0,0.0,88.0,0.0
89.0,3.5600000000000023,25.0,inf,25.0,25.0,25.0,0.0,89.0,0.0
90.0,3.6000000000000023,25.0,inf,25.0,25.0,25.0,0.0,90.0,0.0
91.0,3.6400000000000023,25.0,inf,25.0,25.0,25.0,0.0,91.0,0.0
92.0,3.6800000000000024,25.0,inf,25.0,25.0,25.0,0.0,92.0,0.0
93.0,3.7200000000000024,25.0,inf,25.0,25.0,25.0,0.0,93.0,0.0
94.0,3.7600000000000025,25.0,inf,25.0,25.0,25.0,0.0,94.0,0.0
95.0,3.8000000000000025,25.0,inf,25.0,25.0,25.0,0.0,95.0,0.0
96.0,3.8400000000000025,25.0,inf,25.0,25.0,25.0,0.0,96.0,0.0
97.0,3.8800000000000026,25.0,inf,25.0,25.0,25.0,0.0,97.0,0.0
98.0,3.9200000000000026,25.0,inf,25.0,25.0,25.0,0.0,98.0,0.0
99.0,3.9600000000000026,25.0,inf,25.0,25.0,25.0,0.0,99.0,0.0
100.0,4.000000000000003,25.0,inf,25.0,25.0,25.0,0.0,100.0,0.0
101.0,4.040000000000003,25.0,inf,25.0,25.0,25.0,0.0,101.0,0.0
102.0,4.080000000000003,25.0,inf,25.0,25.0,25.0,0.0,102.0,0.0
103.0,4.120000000000003,25.0,inf,25.0,25.0,25.0,0.0,103.0,0.0
104.0,4.160000000000003,25.0,inf,25.0,25.0,25.0,0.0,104.0,0.0
105.0,4.200000000000003,25.0,inf,25.0,25.0,25.0,0.0,105.0,0.0
106.0,4.240000000000003,25.0,inf,25.0,25.0,25.0,0.0,106.0,0.0
107.0,4.280000000000003,25.0,inf,25.0,25.0,25.0,0.0,107.0,0.0
108.0,4.320000000000003,25.0,inf,25.0,25.0,25.0,0.0,108.0,0.0
109.0,4.360000000000003,25.0,inf,25.0,25.0,25.0,0.0,109.0,0.0
110.0,4.400000000000003,25.0,inf,25.0,25.0,25.0,0.0,110.0,0.0
111.0,4.440000000000003,25.0,inf,25.0,25.0,25.0,0.0,111.0,0.0
112.0,4.480000000000003,25.0,inf,25.0,25.0,25.0,0.0,112.0,0.0
113.0,4.520000000000003,25.0,inf,25.0,25.0,25.0,0.0,113.0,0.0
114.0,4.560000000000003,25.0,inf,25.0,25.0,25.0,0.0,114.0,0.0
115.0,4.600000000000003,25.0,inf,25.0,25.0,25.0,0.0,115.0,0.0
116.0,4.640000000000003,25.0,inf,25.0,25.0,25.0,0.0,116.0,0.0
117.0,4.680000000000003,25.0,inf,25.0,25.0,25.0,0.0,117.0,0.0
118.0,4.720000000000003,25.0,inf,25.0,25.0,25.0,0.0,118.0,0.0
119.0,4.760000000000003,25.0,inf,25.0,25.0,25.0,0.0,119.0,0.0
120.0,4.800000000000003,25.0,inf,25.0,25.0,25.0,0.0,120.0,0.0
121.0,4.840000000000003,25.0,inf,25.0,25.0,25.0,0.0,121.0,0.0
122.0,4.8800000000000034,25.0,inf,25.0,25.0,25.0,0.0,122.0,0.0
123.0,4.9200000000000035,25.0,inf,25.0,25.0,25.0,0.0,123.0,0.0
124.0,4.9600000000000035,25.0,inf,25.0,25.0,25.0,0.0,124.0,0.0
125.0,5.0000000000000036,25.0,inf,25.0,25.0,25.0,0.0,125.0,0.0
126.0,5.040000000000004,25.0,inf,25.0,25.0,25.0,0.0,126.0,0.0
127.0,5.080000000000004,25.0,inf,25.0,25.0,25.0,0.0,127.0,0.0
128.0,5.120000000000004,25.0,inf,25.0,25.0,25.0,0.0,128.0,0.0
129.0,5.160000000000004,25.0,inf,25.0,25.0,25.0,0.0,129.0,0.0
130.0,5.200000000000004,25.0,inf,25.0,25.0,25.0,0.0,130.0,0.0
131.0,5.240000000000004,25.0,inf,25.0,25.0,25.0,0.0,131.0,0.0
132.0,5.280000000000004,25.0,inf,25.0,25.0,25.0,0.0,132.0,0.0
133.0,5.320000000000004,25.0,inf,25.0,25.0,25.0,0.0,133.0,0.0
134.0,5.360000000000004,25.0,inf,25.0,25.0,25.0,0.0,134.0,0.0
135.0,5.400000000000004,25.0,inf,25.0,25.0,25.0,0.0,135.0,0.0
136.0,5.440000000000004,25.0,inf,25.0,25.0,25.0,0.0,136.0,0.0
137.0,5.480000000000004,25.0,inf,25.0,25.0,25.0,0.0,137.0,0.0
138.0,5.520000000000004,25.0,inf,25.0,25.0,25.0,0.0,138.0,0.0
139.0,5.560000000000004,25.0,inf,25.0,25.0,25.0,0.0,139.0,0.0
140.0,5.600000000000004,25.0,inf,25.0,25.0,25.0,0.0,140.0,0.0
141.0,5.640000000000004,25.0,inf,25.0,25.0,25.0,0.0,141.0,0.0
142.0,5.680000000000004,25.0,inf,25.0,25.0,25.0,0.0,142.0,0.0
143.0,5.720000000000004,25.0,inf,25.0,25.0,25.0,0.0,143.0,0.0
144.0,5.760000000000004,25.0,inf,25.0,25.0,25.0,0.0,144.0,0.0
145.0,5.800000000000004,25.0,inf,25.0,25.0,25.0,0.0,145.0,0.0
146.0,5.840000000000004,25.0,inf,25.0,25.0,25.0,0.0,146.0,0.0
147.0,5.880000000000004,25.0,inf,25.0,25.0,25.0,0.0,147.0,0.0
148.0,5.920000000000004,25.0,inf,25.0,25.0,25.0,0.0,148.0,0.0
149.0,5.960000000000004,25.0,inf,25.0,25.0,25.0,0.0,149.0,0.0
150.0,6.000000000000004,25.0,inf,25.0,25.0,25.0,0.0,150.0,0.0
151.0,6.0400000000000045,25.0,inf,25.0,25.0,25.0,0.0,151.0,0.0
152.0,6.0800000000000045,25.0,inf,25.0,25.0,25.0,0.0,152.0,0.0
153.0,6.1200000000000045,25.0,inf,25.0,25.0,25.0,0.0,153.0,0.0
154.0,6.160000000000005,25.0,inf,25.0,25.0,25.0,0.0,154.0,0.0
155.0,6.200000000000005,25.0,inf,25.0,25.0,25.0,0.0,155.0,0.0
156.0,6.240000000000005,25.0,inf,25.0,25.0,25.0,0.0,156.0,0.0
157.0,6.280000000000005,25.0,inf,25.0,25.0,25.0,0.0,157.0,0.0
158.0,6.320000000000005,25.0,inf,25.0,25.0,25.0,0.0,158.0,0.0
159.0,6.360000000000005,25.0,inf,25.0,25.0,25.0,0.0,159.0,0.0
160.0,6.400000000000005,25.0,inf,25.0,25.0,25.0,0.0,160.0,0.0
161.0,6.440000000000005,25.0,inf,25.0,25.0,25.0,0.0,161.0,0.0
162.0,6.480000000000005,25.0,inf,25.0,25.0,25.0,0.0,162.0,0.0
163.0,6.520000000000005,25.0,inf,25.0,25.0,25.0,0.0,163.0,0.0
164.0,6.560000000000005,25.0,inf,25.0,25.0,25.0,0.0,164.0,0.0
165.0,6.600000000000005,25.0,inf,25.0,25.0,25.0,0.0,165.0,0.0
166.0,6.640000000000005,25.0,inf,25.0,25.0,25.0,0.0,166.0,0.0
167.0,6.680000000000005,25.0,inf,25.0,25.0,25.0,-0.5,167.0,0.0
168.0,6.7200160128128195,24.979991993593593,inf,25.0,25.0,24.979991993593593,-1.0,168.0,0.0
169.0,6.76008017972656,24.939927826679853,inf,25.0,25.0,24.939927826679853,-1.0,169.0,0.0
170.0,6.8002088104289475,24.899799195977465,inf,25.0,25.0,24.899799195977465,-1.0,170.0,0.0
171.0,6.840402217094306,24.859605789312106,inf,25.0,25.0,24.859605789312106,-1.0,171.0,0.0
172.0,6.8806607144247,24.819347291981714,inf,25.0,25.0,24.819347291981714,-0.9999999999999432,172.0,0.0
173.0,6.920984619678679,24.779023386727737,inf,25.0,25.0,24.779023386727737,-1.0,173.0,0.0
174.0,6.96137425270045,24.738633753705965,inf,25.0,25.0,24.738633753705965,-1.0,174.0,0.0
175.0,7.001829935949475,24.69817807045694,inf,25.0,25.0,24.69817807045694,-1.0,175.0,0.0
176.0,7.042351994530508,24.657656011875908,inf,25.0,25.0,24.657656011875908,-1.0,176.0,0.0
177.0,7.082940756224072,24.617067250182345,inf,25.0,25.0,24.617067250182345,-0.9999999999999432,177.0,0.0
178.0,7.123596551517398,24.57641145488902,inf,25.0,25.0,24.57641145488902,-1.0000000000000568,178.0,0.0
179.0,7.164319713635819,24.535688292770597,inf,25.0,25.0,24.535688292770597,-1.0,179.0,0.0
180.0,7.205110578574632,24.494897427831784,inf,25.0,25.0,24.494897427831784,-1.0,180.0,0.0
181.0,7.245969485131446,24.45403852127497,inf,25.0,25.0,24.45403852127497,-0.9999999999999432,181.0,0.0
182.0,7.286896774939008,24.41311123146741,inf,25.0,25.0,24.41311123146741,-1.0,182.0,0.0
183.0,7.327892792498533,24.372115213907886,inf,25.0,25.0,24.372115213907886,-1.0,183.0,0.0
184.0,7.368957885213535,24.331050121192884,inf,25.0,25.0,24.331050121192884,-1.0,184.0,0.0
185.0,7.4100924034241755,24.289915602982244,inf,25.0,25.0,24.289915602982244,-0.9999999999999432,185.0,0.0
186.0,7.451296700442132,24.24871130596429,inf,25.0,25.0,24.24871130596429,-1.0,186.0,0.0
187.0,7.492571132586005,24.207436873820416,inf,25.0,25.0,24.207436873820416,-1.0,187.0,0.0
188.0,7.53391605921727,24.16609194718915,inf,25.0,25.0,24.16609194718915,-1.0,188.0,0.0
189.0,7.575331842776777,24.124676163629644,inf,25.0,25.0,24.124676163629644,-1.0,189.0,0.0
190.0,7.616818848821823,24.0831891575846,inf,25.0,25.0,24.0831891575846,-0.9999999999999432,190.0,0.0
191.0,7.658377446063798,24.041630560342625,inf,25.0,25.0,24.041630560342625,-0.9999999999999432,191.0,0.0
192.0,7.700008006406414,24.00000000000001,inf,25.0,25.0,24.00000000000001,-1.0,192.0,0.0
193.0,7.741710904984535,23.95829710142189,inf,25.0,25.0,23.95829710142189,-1.0,193.0,0.0
194.0,7.783486520203618,23.916521486202807,inf,25.0,25.0,23.916521486202807,-1.0000000000000568,194.0,0.0
195.0,7.82533523377977,23.874672772626653,inf,25.0,25.0,23.874672772626653,-1.0,195.0,0.0
196.0,7.867257430780444,23.83275057562598,inf,25.0,25.0,23.83275057562598,-1.0,196.0,0.0
197.0,7.909253499665775,23.790754506740647,inf,25.0,25.0,23.790754506740647,-1.0000000000000568,197.0,0.0
198.0,7.951323832330579,23.74868417407584,inf,25.0,25.0,23.74868417407584,-1.0000000000000568,198.0,0.0
199.0,7.993468824147017,23.7065391822594,inf,25.0,25.0,23.7065391822594,-1.0,199.0,0.0
200.0,8.035688874007949,23.664319132398468,inf,25.0,25.0,23.664319132398468,-1.0000000000000568,200.0,0.0
201.0,8.07798438437098,23.622023622035435,inf,25.0,25.0,23.622023622035435,-1.0,201.0,0.0
202.0,8.120355761303221,23.579652245103194,inf,25.0,25.0,23.579652245103194,-1.0,202.0,0.0
203.0,8.162803414526774,23.537204591879643,inf,25.0,25.0,23.537204591879643,-1.0,203.0,0.0
204.0,8.205327757464953,23.494680248941464,inf,25.0,25.0,23.494680248941464,-1.0,204.0,0.0
205.0,8.247929207289268,23.45207879911715,inf,25.0,25.0,23.45207879911715,-1.0000000000000568,205.0,0.0
206.0,8.290608184967166,23.40939982143925,inf,25.0,25.0,23.40939982143925,-0.9999999999999432,206.0,0.0
207.0,8.33336511531057,23.366642891095847,inf,25.0,25.0,23.366642891095847,-1.0000000000000568,207.0,0.0
208.0,8.376200427025214,23.323807579381203,inf,25.0,25.0,23.323807579381203,-1.0,208.0,0.0
209.0,8.419114552760785,23.280893453645632,inf,25.0,25.0,23.280893453645632,-0.9999999999999432,209.0,0.0
210.0,8.462107929161915,23.237900077244504,inf,25.0,25.0,23.237900077244504,-1.0,210.0,0.0
211.0,8.505180996920013,23.194827009486406,inf,25.0,25.0,23.194827009486406,-1.0,211.0,0.0
212.0,8.548334200825966,23.151673805580455,inf,25.0,25.0,23.151673805580455,-1.0,212.0,0.0
213.0,8.591567989823732,23.108440016582687,inf,25.0,25.0,23.108440016582687,-1.0,213.0,0.0
214.0,8.634882817064826,23.065125189341593,inf,25.0,25.0,23.065125189341593,-1.0000000000000568,214.0,0.0
215.0,8.678279139963742,23.021728866442675,inf,25.0,25.0,23.021728866442675,-1.0,215.0,0.0
216.0,8.721757420254304,22.978250586152114,inf,25.0,25.0,22.978250586152114,-1.0,216.0,0.0
217.0,8.765318124046988,22.93468988235943,inf,25.0,25.0,22.93468988235943,-1.0,217.0,0.0
218.0,8.808961721887224,22.891046284519195,inf,25.0,25.0,22.891046284519195,-1.0,218.0,0.0
219.0,8.852688688814693,22.847319317591726,inf,25.0,25.0,22.847319317591726,-1.0,219.0,0.0
220.0,8.896499504423659,22.80350850198276,inf,25.0,25.0,22.80350850198276,-1.0000000000000568,220.0,0.0
221.0,8.940394652924335,22.75961335348208,inf,25.0,25.0,22.75961335348208,-1.0,221.0,0.0
222.0,8.984374623205325,22.71563338320109,inf,25.0,25.0,22.71563338320109,-1.0,222.0,0.0
223.0,9.028439908897152,22.671568097509265,inf,25.0,25.0,22.671568097509265,-1.0,223.0,0.0
224.0,9.072591008436898,22.62741699796952,inf,25.0,25.0,22.62741699796952,-0.9999999999999716,224.0,0.0
225.0,9.11682842513399,22.58317958127243,inf,25.0,25.0,22.58317958127243,-1.0,225.0,0.0
226.0,9.16115266723713,22.538855339169288,inf,25.0,25.0,22.538855339169288,-0.9999999999999716,226.0,0.0
227.0,9.205564248002435,22.494443758403985,inf,25.0,25.0,22.494443758403985,-1.0,227.0,0.0
228.0,9.250063685762772,22.44994432064365,inf,25.0,25.0,22.44994432064365,-1.0,228.0,0.0
229.0,9.294651503998342,22.40535650240808,inf,25.0,25.0,22.40535650240808,-0.9999999999999716,229.0,0.0
230.0,9.339328231408524,22.360679774997898,inf,25.0,25.0,22.360679774997898,-0.9999999999999716,230.0,0.0
231.0,9.384094401985024,22.3159136044214,inf,25.0,25.0,22.3159136044214,-1.0,231.0,0.0
232.0,9.428950555086333,22.27105745132009,inf,25.0,25.0,22.27105745132009,-1.0000000000000284,232.0,0.0
233.0,9.473897235513551,22.22611077089287,inf,25.0,25.0,22.22611077089287,-1.0,233.0,0.0
234.0,9.518934993587585,22.181073012818835,inf,25.0,25.0,22.181073012818835,-0.9999999999999716,234.0,0.0
235.0,9.564064385227764,22.135943621178658,inf,25.0,25.0,22.135943621178658,-0.9999999999999716,235.0,0.0
236.0,9.609285972031898,22.090722034374526,inf,25.0,25.0,22.090722034374526,-1.0000000000000284,236.0,0.0
237.0,9.654600321357817,22.045407685048605,inf,25.0,25.0,22.045407685048605,-0.9999999999999716,237.0,0.0
238.0,9.70000800640642,22.000000000000004,inf,25.0,25.0,22.000000000000004,-1.0,238.0,0.0
239.0,9.745509606306271,21.954498400100153,inf,25.0,25.0,21.954498400100153,-1.0,239.0,0.0
240.0,9.791105706199776,21.90890230020665,inf,25.0,25.0,21.90890230020665,-1.0,240.0,0.0
241.0,9.836796897330974,21.86321110907545,inf,25.0,25.0,21.86321110907545,-0.9999999999999716,241.0,0.0
242.0,9.882583777134991,21.817424229271435,inf,25.0,25.0,21.817424229271435,-1.0,242.0,0.0
243.0,9.928466949329179,21.771541057077247,inf,25.0,25.0,21.771541057077247,-0.9999999999999716,243.0,0.0
244.0,9.97444702400599,21.725560982400438,inf,25.0,25.0,21.725560982400438,-0.9999999999999716,244.0,0.0
245.0,10.020524617727622,21.679483388678808,inf,25.0,25.0,21.679483388678808,-0.9999999999999716,245.0,0.0
246.0,10.066700353622485,21.633307652783945,inf,25.0,25.0,21.633307652783945,-1.0,246.0,0.0
247.0,10.112974861483519,21.587033144922913,inf,25.0,25.0,21.587033144922913,-1.0,247.0,0.0
248.0,10.159348777868406,21.540659228538026,inf,25.0,25.0,21.540659228538026,-0.9999999999999716,248.0,0.0
249.0,10.205822746201745,21.494185260204688,inf,25.0,25.0,21.494185260204688,-1.0000000000000284,249.0,0.0
250.0,10.252397416879205,21.447610589527226,inf,25.0,25.0,21.447610589527226,-1.0,250.0,0.0
251.0,10.299073447373726,21.400934559032706,inf,25.0,25.0,21.400934559032706,-0.9999999999999716,251.0,0.0
252.0,10.3458515023438,21.354156504062633,inf,25.0,25.0,21.354156504062633,-1.0,252.0,0.0
253.0,10.392732253743906,21.307275752662527,inf,25.0,25.0,21.307275752662527,-0.9999999999999716,253.0,0.0
254.0,10.439716380937124,21.26029162546931,inf,25.0,25.0,21.26029162546931,-1.0,254.0,0.0
255.0,10.486804570809998,21.213203435596437,inf,25.0,25.0,21.213203435596437,-1.0,255.0,0.0
256.0,10.533997517889699,21.166010488516736,inf,25.0,25.0,21.166010488516736,-1.0,256.0,0.0
257.0,10.581295924463546,21.11871208194289,inf,25.0,25.0,21.11871208194289,-0.9999999999999716,257.0,0.0
258.0,10.628700500700944,21.07130750570549,inf,25.0,25.0,21.07130750570549,-1.0000000000000284,258.0,0.0
259.0,10.676211964777783,21.02379604162865,inf,25.0,25.0,21.02379604162865,-1.0000000000000284,259.0,0.0
260.0,10.72383104300339,20.97617696340304,inf,25.0,25.0,20.97617696340304,-0.9999999999999716,260.0,0.0
261.0,10.77155846995007,20.928449536456363,inf,25.0,25.0,20.928449536456363,-1.0,261.0,0.0
262.0,10.81939498858532,20.880613017821112,inf,25.0,25.0,20.880613017821112,-1.0,262.0,0.0
263.0,10.867341350406761,20.83266665599967,inf,25.0,25.0,20.83266665599967,-1.0000000000000284,263.0,0.0
264.0,10.915398315579893,20.78460969082654,inf,25.0,25.0,20.78460969082654,-1.0000000000000284,264.0,0.0
265.0,10.963566653078699,20.73644135332773,inf,25.0,25.0,20.73644135332773,-1.0000000000000284,265.0,0.0
266.0,11.011847140829218,20.68816086557721,inf,25.0,25.0,20.68816086557721,-1.0,266.0,0.0
267.0,11.060240565856125,20.6397674405503,inf,25.0,25.0,20.6397674405503,-1.0,267.0,0.0
268.0,11.108747724432417,20.59126028197401,inf,25.0,25.0,20.59126028197401,-1.0,268.0,0.0
269.0,11.15736942223228,20.542638584174146,inf,25.0,25.0,20.542638584174146,-0.9999999999999716,269.0,0.0
270.0,11.206106474487221,20.493901531919207,inf,25.0,25.0,20.493901531919207,-1.0,270.0,0.0
271.0,11.254959706145545,20.445048300260883,inf,25.0,25.0,20.445048300260883,-1.0,271.0,0.0
272.0,11.30392995203528,20.39607805437115,inf,25.0,25.0,20.39607805437115,-1.0,272.0,0.0
273.0,11.353018057030614,20.346989949375814,inf,25.0,25.0,20.346989949375814,-1.0,273.0,0.0
274.0,11.402224876221979,20.29778313018445,inf,25.0,25.0,20.29778313018445,-0.9999999999999716,274.0,0.0
275.0,11.45155127508983,20.248456731316598,inf,25.0,25.0,20.248456731316598,-1.0000000000000284,275.0,0.0
276.0,11.50099812968226,20.199009876724165,inf,25.0,25.0,20.199009876724165,-1.0000000000000284,276.0,0.0
277.0,11.550566326796533,20.149441679609893,inf,25.0,25.0,20.149441679609893,-0.9999999999999716,277.0,0.0
278.0,11.600256764164637,20.09975124224179,inf,25.0,25.0,20.09975124224179,-1.0000000000000284,278.0,0.0
279.0,11.650070350642997,20.04993765576343,inf,25.0,25.0,20.04993765576343,-1.0000000000000284,279.0,0.0
280.0,11.700008006406419,20.000000000000007,inf,25.0,25.0,20.000000000000007,-1.0,280.0,0.0
281.0,11.750070663146415,19.94993734326001,inf,25.0,25.0,19.94993734326001,-1.0,281.0,0.0
282.0,11.80025926427402,19.899748742132406,inf,25.0,25.0,19.899748742132406,-1.0,282.0,0.0
283.0,11.850574765127211,19.849433241279215,inf,25.0,25.0,19.849433241279215,-1.0,283.0,0.0
284.0,11.901018133183088,19.798989873223338,inf,25.0,25.0,19.798989873223338,-1.0000000000000284,284.0,0.0
285.0,11.95159034827492,19.748417658131505,inf,25.0,25.0,19.748417658131505,-1.0,285.0,0.0
286.0,12.00229240281421,19.697715603592215,inf,25.0,25.0,19.697715603592215,-1.0,286.0,0.0
287.0,12.053125302017918,19.646882704388506,inf,25.0,25.0,19.646882704388506,-1.0,287.0,0.0
288.0,12.104090064140994,19.59591794226543,inf,25.0,25.0,19.59591794226543,-1.0,288.0,0.0
289.0,12.155187720714355,19.54482028569207,inf,25.0,25.0,19.54482028569207,-1.0,289.0,0.0
290.0,12.206419316788491,19.493588689617933,inf,25.0,25.0,19.493588689617933,-1.0000000000000284,290.0,0.0
291.0,12.257785911182838,19.442222095223585,inf,25.0,25.0,19.442222095223585,-1.0,291.0,0.0
292.0,12.309288576741102,19.39071942966532,inf,25.0,25.0,19.39071942966532,-0.9999999999999716,292.0,0.0
293.0,12.360928400592702,19.339079605813723,inf,25.0,25.0,19.339079605813723,-0.9999999999999716,293.0,0.0
294.0,12.412706484420507,19.287301521985917,inf,25.0,25.0,19.287301521985917,-1.0000000000000284,294.0,0.0
295.0,12.464623944735072,19.23538406167135,inf,25.0,25.0,19.23538406167135,-1.0,295.0,0.0
296.0,12.516681913155539,19.183326093250884,inf,25.0,25.0,19.183326093250884,-1.0000000000000284,296.0,0.0
297.0,12.568881536697425,19.131126469708995,inf,25.0,25.0,19.131126469708995,-0.9999999999999716,297.0,0.0
298.0,12.621223978067503,19.07878402833892,inf,25.0,25.0,19.07878402833892,-1.0,298.0,0.0
299.0,12.673710415965967,19.026297590440453,inf,25.0,25.0,19.026297590440453,-1.0000000000000284,299.0,0.0
300.0,12.72634204539614,18.97366596101028,inf,25.0,25.0,18.97366596101028,-1.0,300.0,0.0
301.0,12.779120077981915,18.920887928424506,inf,25.0,25.0,18.920887928424506,-0.9999999999999716,301.0,0.0
302.0,12.832045742293209,18.867962264113213,inf,25.0,25.0,18.867962264113213,-1.0,302.0,0.0
303.0,12.885120284179637,18.814887722226786,inf,25.0,25.0,18.814887722226786,-0.9999999999999716,303.0,0.0
304.0,12.938344967112698,18.761663039293726,inf,25.0,25.0,18.761663039293726,-1.0,304.0,0.0
305.0,12.99172107253671,18.708286933869715,inf,25.0,25.0,18.708286933869715,-1.0,305.0,0.0
306.0,13.045249900228786,18.65475810617764,inf,25.0,25.0,18.65475810617764,-1.0,306.0,0.0
307.0,13.098932768668142,18.601075237738282,inf,25.0,25.0,18.601075237738282,-1.0,307.0,0.0
308.0,13.15277101541501,18.547236990991415,inf,25.0,25.0,18.547236990991415,-1.0000000000000284,308.0,0.0
309.0,13.206765997499488,18.493242008906936,inf,25.0,25.0,18.493242008906936,-1.0,309.0,0.0
310.0,13.260919091820643,18.43908891458578,inf,25.0,25.0,18.43908891458578,-1.0,310.0,0.0
311.0,13.315231695556182,18.384776310850242,inf,25.0,25.0,18.384776310850242,-1.0,311.0,0.0
312.0,13.369705226583058,18.330302779823366,inf,25.0,25.0,18.330302779823366,-1.0000000000000284,312.0,0.0
313.0,13.424341123909352,18.27566688249707,inf,25.0,25.0,18.27566688249707,-1.0,313.0,0.0
314.0,13.47914084811782,18.220867158288602,inf,25.0,25.0,18.220867158288602,-1.0000000000000284,314.0,0.0
315.0,13.534105881821468,18.165902124584953,inf,25.0,25.0,18.165902124584953,-1.0000000000000284,315.0,0.0
316.0,13.589237730131584,18.110770276274835,inf,25.0,25.0,18.110770276274835,-1.0000000000000284,316.0,0.0
317.0,13.64453792113863,18.05547008526779,inf,25.0,25.0,18.05547008526779,-1.0,317.0,0.0
318.0,13.700008006406419,18.0,inf,25.0,25.0,18.0,-0.9999999999999716,318.0,0.0
319.0,13.755649561480059,17.944358444926362,inf,25.0,25.0,17.944358444926362,-1.0,319.0,0.0
320.0,13.811464186408102,17.88854381999832,inf,25.0,25.0,17.88854381999832,-1.0,320.0,0.0
321.0,13.867453506279412,17.83255450012701,inf,25.0,25.0,17.83255450012701,-0.9999999999999716,321.0,0.0
322.0,13.923619171775243,17.77638883463118,inf,25.0,25.0,17.77638883463118,-1.0,322.0,0.0
323.0,13.979962859737071,17.720045146669353,inf,25.0,25.0,17.720045146669353,-1.0000000000000284,323.0,0.0
324.0,14.036486273750729,17.663521732655695,inf,25.0,25.0,17.663521732655695,-0.9999999999999716,324.0,0.0
325.0,14.093191144747413,17.606816861659013,inf,25.0,25.0,17.606816861659013,-0.9999999999999716,325.0,0.0
326.0,14.150079231622179,17.54992877478425,inf,25.0,25.0,17.54992877478425,-1.0000000000000284,326.0,0.0
327.0,14.207152321870522,17.492855684535904,inf,25.0,25.0,17.492855684535904,-1.0000000000000284,327.0,0.0
328.0,14.264412232243728,17.435595774162696,inf,25.0,25.0,17.435595774162696,-0.9999999999999716,328.0,0.0
329.0,14.321860809423656,17.37814719698277,inf,25.0,25.0,17.37814719698277,-1.0000000000000284,329.0,0.0
330.0,14.37949993071765,17.320508075688775,inf,25.0,25.0,17.320508075688775,-1.0000000000000284,330.0,0.0
331.0,14.437331504774354,17.26267650163207,inf,25.0,25.0,17.26267650163207,-1.0,331.0,0.0
332.0,14.49535747232117,17.204650534085253,inf,25.0,25.0,17.204650534085253,-1.0000000000000284,332.0,0.0
333.0,14.553579806924176,17.146428199482244,inf,25.0,25.0,17.146428199482244,-1.0,333.0,0.0
334.0,14.61200051577136,17.08800749063506,inf,25.0,25.0,17.08800749063506,-1.0,334.0,0.0
335.0,14.670621640480022,17.0293863659264,inf,25.0,25.0,17.0293863659264,-1.0,335.0,0.0
336.0,14.729445257929282,16.97056274847714,inf,25.0,25.0,16.97056274847714,-0.9999999999999716,336.0,0.0
337.0,14.78847348111866,16.911534525287763,inf,25.0,25.0,16.911534525287763,-1.0,337.0,0.0
338.0,14.847708460053704,16.852299546352718,inf,25.0,25.0,16.852299546352718,-1.0,338.0,0.0
339.0,14.907152382659756,16.792855623746664,inf,25.0,25.0,16.792855623746664,-1.0,339.0,0.0
340.0,14.966807475724911,16.73320053068151,inf,25.0,25.0,16.73320053068151,-0.9999999999999716,340.0,0.0
341.0,15.026676005873355,16.67333200053307,inf,25.0,25.0,16.67333200053307,-0.9999999999999716,341.0,0.0
342.0,15.086760280570273,16.613247725836153,inf,25.0,25.0,16.613247725836153,-1.0,342.0,0.0
343.0,15.147062649159574,16.552945357246852,inf,25.0,25.0,16.552945357246852,-1.0,343.0,0.0
344.0,15.20758550393578,16.492422502470646,inf,25.0,25.0,16.492422502470646,-1.0,344.0,0.0
345.0,15.26833128125144,16.431676725154986,inf,25.0,25.0,16.431676725154986,-1.0,345.0,0.0
346.0,15.329302462661524,16.370705543744904,inf,25.0,25.0,16.370705543744904,-1.0,346.0,0.0
347.0,15.390501576106333,16.309506430300093,inf,25.0,25.0,16.309506430300093,-1.0000000000000284,347.0,0.0
348.0,15.451931197134503,16.24807680927192,inf,25.0,25.0,16.24807680927192,-1.0,348.0,0.0
349.0,15.513593950167778,16.186414056238647,inf,25.0,25.0,16.186414056238647,-1.0,349.0,0.0
350.0,15.575492509809324,16.124515496597102,inf,25.0,25.0,16.124515496597102,-0.9999999999999716,350.0,0.0
351.0,15.637629602197412,16.062378404209014,inf,25.0,25.0,16.062378404209014,-1.0,351.0,0.0
352.0,15.700008006406422,16.000000000000004,inf,25.0,25.0,16.000000000000004,-1.0000000000000142,352.0,0.0
353.0,15.762630555897195,15.93737745050923,inf,25.0,25.0,15.93737745050923,-1.0,353.0,0.0
354.0,15.825500140018878,15.874507866387546,inf,25.0,25.0,15.874507866387546,-1.0000000000000142,354.0,0.0
355.0,15.888619705564524,15.811388300841898,inf,25.0,25.0,15.811388300841898,-1.0,355.0,0.0
356.0,15.951992258382798,15.748015748023624,inf,25.0,25.0,15.748015748023624,-0.9999999999999858,356.0,0.0
357.0,16.015620865048298,15.684387141358124,inf,25.0,25.0,15.684387141358124,-1.0,357.0,0.0
358.0,16.079508654593113,15.620499351813312,inf,25.0,25.0,15.620499351813312,-1.0,358.0,0.0
359.0,16.143658820302377,15.556349186104049,inf,25.0,25.0,15.556349186104049,-1.0,359.0,0.0
360.0,16.208074621576756,15.49193338482967,inf,25.0,25.0,15.49193338482967,-1.0,360.0,0.0
361.0,16.272759385864912,15.427248620541516,inf,25.0,25.0,15.427248620541516,-1.0,361.0,0.0
362.0,16.337716510669207,15.36229149573722,inf,25.0,25.0,15.36229149573722,-1.0,362.0,0.0
363.0,16.40294946562807,15.297058540778357,inf,25.0,25.0,15.297058540778357,-1.0,363.0,0.0
364.0,16.468461794678607,15.231546211727819,inf,25.0,25.0,15.231546211727819,-1.0000000000000142,364.0,0.0
365.0,16.534257118303323,15.165750888103103,inf,25.0,25.0,15.165750888103103,-1.0,365.0,0.0
366.0,16.600339135864925,15.099668870541501,inf,25.0,25.0,15.099668870541501,-1.0,366.0,0.0
367.0,16.666711628033514,15.03329637837291,inf,25.0,25.0,15.03329637837291,-1.0,367.0,0.0
368.0,16.733378459310657,14.966629547095767,inf,25.0,25.0,14.966629547095767,-1.0,368.0,0.0
369.0,16.800343580655085,14.899664425751341,inf,25.0,25.0,14.899664425751341,-1.0,369.0,0.0
370.0,16.8676110322151,14.832396974191328,inf,25.0,25.0,14.832396974191328,-1.0,370.0,0.0
371.0,16.935184946173024,14.764823060233402,inf,25.0,25.0,14.764823060233402,-1.0,371.0,0.0
372.0,17.003069549707355,14.69693845669907,inf,25.0,25.0,14.69693845669907,-1.0,372.0,0.0
373.0,17.07126916807863,14.628738838327795,inf,25.0,25.0,14.628738838327795,-1.0000000000000142,373.0,0.0
374.0,17.139788227845386,14.560219778561038,inf,25.0,25.0,14.560219778561038,-1.0,374.0,0.0
375.0,17.208631260216983,14.49137674618944,inf,25.0,25.0,14.49137674618944,-1.0,375.0,0.0
376.0,17.277802904550462,14.422205101855958,inf,25.0,25.0,14.422205101855958,-1.0,376.0,0.0
377.0,17.347307911999096,14.352700094407325,inf,25.0,25.0,14.352700094407325,-1.0,377.0,0.0
378.0,17.41715114932072,14.2828568570857,inf,25.0,25.0,14.2828568570857,-1.0,378.0,0.0
379.0,17.487337602854524,14.212670403551897,inf,25.0,25.0,14.212670403551897,-1.0,379.0,0.0
380.0,17.55787238267547,14.142135623730951,inf,25.0,25.0,14.142135623730951,-1.0000000000000142,380.0,0.0
381.0,17.628760726936132,14.071247279470288,inf,25.0,25.0,14.071247279470288,-1.0,381.0,0.0
382.0,17.70000800640642,14.0,inf,25.0,25.0,14.0,-1.0,382.0,0.0
383.0,17.7716197292223,13.92838827718412,inf,25.0,25.0,13.92838827718412,-1.0000000000000142,383.0,0.0
384.0,17.843601545855403,13.856406460551018,inf,25.0,25.0,13.856406460551018,-0.9999999999999858,384.0,0.0
385.0,17.9159592543162,13.784048752090222,inf,25.0,25.0,13.784048752090222,-1.0,385.0,0.0
386.0,17.988698805604333,13.711309200802088,inf,25.0,25.0,13.711309200802088,-1.0000000000000142,386.0,0.0
387.0,18.061826309420564,13.638181696985855,inf,25.0,25.0,13.638181696985855,-0.9999999999999858,387.0,0.0
388.0,18.135348040155883,13.564659966250536,inf,25.0,25.0,13.564659966250536,-1.0,388.0,0.0
389.0,18.20927044317438,13.490737563232042,inf,25.0,25.0,13.490737563232042,-0.9999999999999858,389.0,0.0
390.0,18.283600141407682,13.416407864998739,inf,25.0,25.0,13.416407864998739,-1.0000000000000142,390.0,0.0
391.0,18.358343942280086,13.341664064126334,inf,25.0,25.0,13.341664064126334,-1.0,391.0,0.0
392.0,18.43350884498482,13.2664991614216,inf,25.0,25.0,13.2664991614216,-1.0,392.0,0.0
393.0,18.509102048133503,13.19090595827292,inf,25.0,25.0,13.19090595827292,-0.9999999999999858,393.0,0.0
394.0,18.58513095780242,13.114877048604002,inf,25.0,25.0,13.114877048604002,-1.0,394.0,0.0
395.0,18.661603196001124,13.038404810405298,inf,25.0,25.0,13.038404810405298,-1.0000000000000142,395.0,0.0
396.0,18.7385266095907,12.96148139681572,inf,25.0,25.0,12.96148139681572,-0.9999999999999858,396.0,0.0
397.0,18.815909279681296,12.884098726725126,inf,25.0,25.0,12.884098726725126,-1.0,397.0,0.0
398.0,18.893759531540724,12.806248474865699,inf,25.0,25.0,12.806248474865699,-1.0,398.0,0.0
399.0,18.972085945048565,12.727922061357857,inf,25.0,25.0,12.727922061357857,-1.0,399.0,0.0
400.0,19.050897365732904,12.649110640673518,inf,25.0,25.0,12.649110640673518,0.0,400.0,0.0
401.0,19.129954307237114,12.649110640673518,12.649110640673518,13.88888888888889,12.649110640673518,12.649110640673518,0.0,400.9999958333385,0.0024999947916715115
402.0,19.209011248741323,12.649110640673518,12.649110640673518,13.88888888888889,12.649110640673518,12.649110640673518,0.0,401.99996666683336,0.009999916666947328
403.0,19.288068190245532,12.649110640673518,12.649110640673518,13.88888888888889,12.649110640673518,12.649110640673518,0.0,402.9998875012656,0.02249957812816561
404.0,19.36712513174974,12.649110640673518,12.649110640673518,13.88888888888889,12.649110640673518,12.649110640673518,0.0,403.9997333386666,0.039998666684448736
405.0,19.44618207325395,12.649110640673518,12.649110640673518,13.88888888888889,12.649110640673518,12.649110640673518,0.0,404.9994791829425,0.06249674485947487
406.0,19.52523901475816,12.649110640673518,12.649110640673518,13.88888888888889,12.649110640673518,12.649110640673518,0.0,405.9991000404991,0.08999325020249138
407.0,19.60429595626237,12.649110640673518,12.649110640673518,13.88888888888889,12.649110640673518,12.649110640673518,0.0,406.9985709208672,0.12248749530228142
408.0,19.68335289776658,12.649110640673518,12.649110640673518,13.88888888888889,12.649110640673518,12.649110640673518,0.0,407.99786683732685,0.15997866780441683
409.0,19.762409839270788,12.649110640673518,12.649110640673518,13.88888888888889,12.649110640673518,12.649110640673518,0.0,408.99696280753204,0.20246583043150856
410.0,19.841466780774997,12.649110640673518,12.649110640673518,13.88888888888889,12.649110640673518,12.649110640673518,0.0,409.99583385413564,0.24994792100674346
411.0,19.920523722279206,12.649110640673518,12.649110640673518,13.88888888888889,12.649110640673518,12.649110640673518,0.0,410.99445500541356,0.3024237524803075
412.0,19.999580663783416,12.649110640673518,12.649110640673518,13.88888888888889,12.649110640673518,12.649110640673518,0.0,411.9928012958889,0.35989201295916207
413.0,20.078637605287625,12.649110640673518,12.649110640673518,13.88888888888889,12.649110640673518,12.649110640673518,0.0,412.9908477669565,0.4223512657397732
414.0,20.157694546791834,12.649110640673518,12.649110640673518,13.88888888888889,12.649110640673518,12.649110640673518,0.0,413.9885694675066,0.489799949344083
415.0,20.236751488296044,12.649110640673518,12.649110640673518,13.88888888888889,12.649110640673518,12.649110640673518,0.0,414.9859414545485,0.5622363775585004
416.0,20.315808429800253,12.649110640673518,12.649110640673518,13.88888888888889,12.649110640673518,12.649110640673518,0.0,415.98293879383453,0.6396587394761122
417.0,20.394865371304462,12.649110640673518,12.649110640673518,13.88888888888889,12.649110640673518,12.649110640673518,0.0,416.9795365604832,0.7220650995419131
418.0,20.47392231280867,12.649110640673518,12.649110640673518,13.88888888888889,12.649110640673518,12.649110640673518,0.0,417.9757098396022,0.8094533976011453
419.0,20.55297925431288,12.649110640673518,12.649110640673518,13.88888888888889,12.649110640673518,12.649110640673518,0.0,418.97143372691147,0.9018214489509457
420.0,20.63203619581709,12.649110640673518,12.649110640673518,13.88888888888889,12.649110640673518,12.649110640673518,0.0,419.96668332936565,0.9991669443948359
421.0,20.7110931373213,12.649110640673518,12.649110640673518,13.88888888888889,12.649110640673518,12.649110640673518,0.0,420.9614337657765,1.10148745030052
422.0,20.79015007882551,12.649110640673518,12.649110640673518,13.88888888888889,12.649110640673518,12.649110640673518,0.0,421.955660167435,1.2087804086606369
423.0,20.869207020329718,12.649110640673518,12.649110640673518,13.88888888888889,12.649110640673518,12.649110640673518,0.0,422.9493376787328,1.321043137156841
424.0,20.948263961833927,12.649110640673518,12.649110640673518,13.88888888888889,12.649110640673518,12.649110640673518,0.0,423.94244145778384,1.43827282922675
425.0,21.027320903338136,12.649110640673518,12.649110640673518,13.88888888888889,12.649110640673518,12.649110640673518,0.0,424.93494667704556,1.5604665541341989
426.0,21.106377844842346,12.649110640673518,12.649110640673518,13.88888888888889,12.649110640673518,12.649110640673518,0.0,425.926828523939,1.687621257042382
427.0,21.185434786346555,12.649110640673518,12.649110640673518,13.88888888888889,12.649110640673518,12.649110640673518,0.0,426.91806220146964,1.819733759090414
428.0,21.264491727850764,12.649110640673518,12.649110640673518,13.88888888888889,12.649110640673518,12.649110640673518,0.0,427.9086229288473,1.9568007574725765
429.0,21.343548669354973,12.649110640673518,12.649110640673518,13.88888888888889,12.649110640673518,12.649110640673518,0.0,428.89848594210525,2.098818825521054
430.0,21.422605610859183,12.649110640673518,12.649110640673518,13.88888888888889,12.649110640673518,12.649110640673518,0.0,429.8876264947198,2.2457844127915516
431.0,21.501662552363392,12.649110640673518,12.649110640673518,13.88888888888889,12.649110640673518,12.649110640673518,0.0,430.8760198582287,2.397693845152027
432.0,21.5807194938676,12.649110640673518,12.649110640673518,13.88888888888889,12.649110640673518,12.649110640673518,0.0,431.8636413228492,2.554543324874614
433.0,21.65977643537181,12.649110640673518,12.649110640673518,13.88888888888889,12.649110640673518,12.649110640673518,0.0,432.85046619809617,2.7163289307304606
434.0,21.73883337687602,12.649110640673518,12.649110640673518,13.88888888888889,12.649110640673518,12.649110640673518,0.0,433.8364698133992,2.883046618087848
435.0,21.81789031838023,12.649110640673518,12.649110640673518,13.88888888888889,12.649110640673518,12.649110640673518,0.0,434.8216275187192,3.054692219013311
436.0,21.89694725988444,12.649110640673518,12.649110640673518,13.88888888888889,12.649110640673518,12.649110640673518,0.0,435.80591468516485,3.2312614423757102
437.0,21.976004201388648,12.649110640673518,12.649110640673518,13.88888888888889,12.649110640673518,12.649110640673518,0.0,436.7893067056082,3.412749873953702
438.0,22.055061142892857,12.649110640673518,12.649110640673518,13.88888888888889,12.649110640673518,12.649110640673518,0.0,437.7717789953001,3.5991529765459385
439.0,22.134118084397066,12.649110640673518,12.649110640673518,13.88888888888889,12.649110640673518,12.649110640673518,0.0,438.7533069924844,3.7904660900845544
440.0,22.213175025901275,12.649110640673518,12.649110640673518,13.88888888888889,12.649110640673518,12.649110640673518,0.0,439.7338661590122,3.9866844317516748
441.0,22.292231967405485,12.649110640673518,12.649110640673518,13.88888888888889,12.649110640673518,12.649110640673518,0.0,440.7134319809556,4.187803096098985
442.0,22.371288908909694,12.649110640673518,12.649110640673518,13.88888888888889,12.649110640673518,12.649110640673518,0.0,441.6919799692199,4.393817055170346
443.0,22.450345850413903,12.649110640673518,12.649110640673518,13.88888888888889,12.649110640673518,12.649110640673518,0.0,442.66948566015645,4.604721158627534
444.0,22.529402791918113,12.649110640673518,12.649110640673518,13.88888888888889,12.649110640673518,12.649110640673518,0.0,443.6459246161739,4.820510133878897
445.0,22.608459733422322,12.649110640673518,12.649110640673518,13.88888888888889,12.649110640673518,12.649110640673518,0.0,444.6212724263491,5.041178586211337
446.0,22.68751667492653,12.649110640673518,12.649110640673518,13.88888888888889,12.649110640673518,12.649110640673518,0.0,445.59550470703766,5.266720998925023
447.0,22.76657361643074,12.649110640673518,12.649110640673518,13.88888888888889,12.649110640673518,12.649110640673518,0.0,446.56859710248335,5.497131733471394
448.0,22.84563055793495,12.649110640673518,12.649110640673518,13.88888888888889,12.649110640673518,12.649110640673518,0.0,447.5405252854269,5.73240502959409
449.0,22.92468749943916,12.649110640673518,12.649110640673518,13.88888888888889,12.649110640673518,12.649110640673518,0.0,448.5112649577144,5.972535005472923
450.0,23.00374444094337,12.649110640673518,12.649110640673518,13.88888888888889,12.649110640673518,12.649110640673518,0.0,449.4807918509046,6.217515657871053
451.0,23.082801382447578,12.649110640673518,12.649110640673518,13.88888888888889,12.649110640673518,12.649110640673518,0.0,450.4490817268756,6.467340862284887
452.0,23.161858323951787,12.649110640673518,12.649110640673518,13.88888888888889,12.649110640673518,12.649110640673518,0.0,451.41611037843103,6.722004373097357
453.0,23.240915265455996,12.649110640673518,12.649110640673518,13.88888888888889,12.649110640673518,12.649110640673518,0.0,452.38185362990487,6.98149982373395
454.0,23.319972206960205,12.649110640673518,12.649110640673518,13.88888888888889,12.649110640673518,12.649110640673518,0.0,453.3462873377662,7.245820726821894
455.0,23.399029148464415,12.649110640673518,12.649110640673518,13.88888888888889,12.649110640673518,12.649110640673518,0.0,454.3093873912226,7.514960474352406
456.0,23.478086089968624,12.649110640673518,12.649110640673518,13.88888888888889,12.649110640673518,12.649110640673518,0.0,455.27112971282276,7.788912337845821
457.0,23.557143031472833,12.649110640673518,12.649110640673518,13.88888888888889,12.649110640673518,12.649110640673518,0.0,456.23149025905883,8.067669468519778
458.0,23.636199972977042,12.649110640673518,12.649110640673518,13.88888888888889,12.649110640673518,12.649110640673518,0.0,457.1904450209671,8.351224897460563
459.0,23.71525691448125,12.649110640673518,12.649110640673518,13.88888888888889,12.649110640673518,12.649110640673518,0.0,458.1479700247285,8.639571535797218
460.0,23.79431385598546,12.649110640673518,12.649110640673518,13.88888888888889,12.649110640673518,12.649110640673518,0.0,459.1040413322679,8.932702174878804
461.0,23.87337079748967,12.649110640673518,12.649110640673518,13.88888888888889,12.649110640673518,12.649110640673518,0.0,460.0586350418523,9.230609486454577
462.0,23.95242773899388,12.649110640673518,12.649110640673518,13.88888888888889,12.649110640673518,12.649110640673518,0.0,461.0117272886887,9.533286022857324
463.0,24.03148468049809,12.649110640673518,12.649110640673518,13.88888888888889,12.649110640673518,12.649110640673518,0.0,461.96329424552056,9.840724217189356
464.0,24.110541622002298,12.649110640673518,12.649110640673518,13.88888888888889,12.649110640673518,12.649110640673518,0.0,462.91331212322353,10.152916383511833
465.0,24.189598563506507,12.649110640673518,12.649110640673518,13.88888888888889,12.649110640673518,12.649110640673518,0.0,463.8617571714002,10.469854717036853
466.0,24.268655505010717,12.649110640673518,12.649110640673518,13.88888888888889,12.649110640673518,12.649110640673518,0.0,464.80860567897366,10.791531294322597
467.0,24.347712446514926,12.649110640673518,12.649110640673518,13.88888888888889,12.649110640673518,12.649110640673518,0.0,465.7538339747806,11.11793807347139
468.0,24.426769388019135,12.649110640673518,12.649110640673518,13.88888888888889,12.649110640673518,12.649110640673518,0.0,466.6974184281629,11.44906689433076
469.0,24.505826329523344,12.649110640673518,12.649110640673518,13.88888888888889,12.649110640673518,12.649110640673518,0.0,467.63933544955825,11.784909478697392
470.0,24.584883271027554,12.649110640673518,12.649110640673518,13.88888888888889,12.649110640673518,12.649110640673518,0.0,468.57956149109026,12.125457430524222
471.0,24.663940212531763,12.649110640673518,12.649110640673518,13.88888888888889,12.649110640673518,12.649110640673518,0.0,469.51807304715686,12.470702236130137
472.0,24.742997154035972,12.649110640673518,12.649110640673518,13.88888888888889,12.649110640673518,12.649110640673518,0.0,470.454846655018,12.820635264413038
473.0,24.82205409554018,12.649110640673518,12.649110640673518,13.88888888888889,12.649110640673518,12.649110640673518,0.0,471.3898588953823,13.175247767065379
474.0,24.90111103704439,12.649110640673518,12.649110640673518,13.88888888888889,12.649110640673518,12.649110640673518,0.0,472.3230863929924,13.534530878793104
475.0,24.9801679785486,12.649110640673518,12.649110640673518,13.88888888888889,12.649110640673518,12.649110640673518,0.0,473.2545058172095,13.898475617537143
476.0,25.05922492005281,12.649110640673518,12.649110640673518,13.88888888888889,12.649110640673518,12.649110640673518,0.0,474.1840938825965,14.267072884697951
477.0,25.13828186155702,12.649110640673518,12.649110640673518,13.88888888888889,12.649110640673518,12.649110640673518,0.0,475.11182734950023,14.640313465363052
478.0,25.217338803061228,12.649110640673518,12.649110640673518,13.88888888888889,12.649110640673518,12.649110640673518,0.0,476.0376830246323,15.018188028537383
479.0,25.296395744565437,12.649110640673518,12.649110640673518,13.88888888888889,12.649110640673518,12.649110640673518,0.0,476.961637761649,15.400687127376544
480.0,25.375452686069647,12.649110640673518,12.649110640673518,13.88888888888889,12.649110640673518,12.649110640673518,0.0,477.8836684617301,15.78780119942298
481.0,25.454509627573856,12.649110640673518,12.649110640673518,13.88888888888889,12.649110640673518,12.649110640673518,0.0,478.8037520741561,16.179520566845063
482.0,25.533566569078065,12.649110640673518,12.649110640673518,13.88888888888889,12.649110640673518,12.649110640673518,0.0,479.7218655968846,16.575835436678975
483.0,25.612623510582274,12.649110640673518,12.649110640673518,13.88888888888889,12.649110640673518,12.649110640673518,0.0,480.63798607712533,16.976735901073646
484.0,25.691680452086484,12.649110640673518,12.649110640673518,13.88888888888889,12.649110640673518,12.649110640673518,0.0,481.552090611914,17.38221193753835
485.0,25.770737393590693,12.649110640673518,12.649110640673518,13.88888888888889,12.649110640673518,12.649110640673518,0.0,482.4641563486849,17.792253409193258
486.0,25.849794335094902,12.649110640673518,12.649110640673518,13.88888888888889,12.649110640673518,12.649110640673518,0.0,483.37416048584214,18.206850065022984
487.0,25.92885127659911,12.649110640673518,12.649110640673518,13.88888888888889,12.649110640673518,12.649110640673518,0.0,484.2820802733296,18.62599154013267
488.0,26.00790821810332,12.649110640673518,12.649110640673518,13.88888888888889,12.649110640673518,12.649110640673518,0.0,485.1878930131999,19.049667356007326
489.0,26.08696515960753,12.649110640673518,12.649110640673518,13.88888888888889,12.649110640673518,12.649110640673518,0.0,486.09157606018175,19.47786692077358
490.0,26.16602210111174,12.649110640673518,12.649110640673518,13.88888888888889,12.649110640673518,12.649110640673518,0.0,486.99310682224603,19.910579529464624
491.0,26.24507904261595,12.649110640673518,12.649110640673518,13.88888888888889,12.649110640673518,12.649110640673518,0.0,487.89246276117063,20.347794364287775
492.0,26.324135984120158,12.649110640673518,12.649110640673518,13.88888888888889,12.649110640673518,12.649110640673518,0.0,488.78962139310397,20.789500494894963
493.0,26.403192925624367,12.649110640673518,12.649110640673518,13.88888888888889,12.649110640673518,12.649110640673518,0.0,489.6845602891269,21.23568687865589
494.0,26.482249867128576,12.649110640673518,12.649110640673518,13.88888888888889,12.649110640673518,12.649110640673518,0.0,490.5772570758137,21.68634236093421
495.0,26.561306808632786,12.649110640673518,12.649110640673518,13.88888888888889,12.649110640673518,12.649110640673518,0.0,491.4676894357911,22.141455675366362
496.0,26.640363750136995,12.649110640673518,12.649110640673518,13.88888888888889,12.649110640673518,12.649110640673518,0.0,492.35583510829656,22.60101544414317
497.0,26.719420691641204,12.649110640673518,12.649110640673518,13.88888888888889,12.649110640673518,12.649110640673518,0.0,493.24167188973456,23.065010178294344
498.0,26.798477633145414,12.649110640673518,12.649110640673518,13.88888888888889,12.649110640673518,12.649110640673518,0.0,494.1251776342316,23.53342827797571
499.0,26.877534574649623,12.649110640673518,12.649110640673518,13.88888888888889,12.649110640673518,12.649110640673518,0.0,495.0063302541902,24.006258032759153
500.0,26.956591516153832,12.649110640673518,12.649110640673518,13.88888888888889,12.649110640673518,12.649110640673518,0.0,495.8851077208406,24.48348762192545
501.0,27.03564845765804,12.649110640673518,12.649110640673518,13.88888888888889,12.649110640673518,12.649110640673518,0.0,496.76148806479205,24.965105114759734
502.0,27.11470539916225,12.649110640673518,12.649110640673518,13.88888888888889,12.649110640673518,12.649110640673518,0.0,497.6354493765815,25.451098470849743
503.0,27.19376234066646,12.649110640673518,12.649110640673518,13.88888888888889,12.649110640673518,12.649110640673518,0.0,498.5069698072217,25.941455540386915
504.0,27.27281928217067,12.649110640673518,12.649110640673518,13.88888888888889,12.649110640673518,12.649110640673518,0.0,499.37602756874736,26.436164064470024
505.0,27.35187622367488,12.649110640673518,12.649110640673518,13.88888888888889,12.649110640673518,12.649110640673518,0.0,500.2426009347596,26.93521167541175
506.0,27.430933165179088,12.649110640673518,12.649110640673518,13.88888888888889,12.649110640673518,12.649110640673518,0.0,501.1066682409694,27.438585897047794
507.0,27.509990106683297,12.649110640673518,12.649110640673518,13.88888888888889,12.649110640673518,12.649110640673518,0.0,501.96820788573916,27.946274145048864
508.0,27.589047048187506,12.649110640673518,12.649110640673518,13.88888888888889,12.649110640673518,12.649110640673518,0.0,502.82719833062265,28.458263727235167
509.0,27.668103989691716,12.649110640673518,12.649110640673518,13.88888888888889,12.649110640673518,12.649110640673518,0.0,503.6836181009034,28.974541843893853
510.0,27.747160931195925,12.649110640673518,12.649110640673518,13.88888888888889,12.649110640673518,12.649110640673518,0.0,504.53744578613185,29.495095588098863
511.0,27.826217872700134,12.649110640673518,12.649110640673518,13.88888888888889,12.649110640673518,12.649110640673518,0.0,505.3886600406603,30.019911946033705
512.0,27.905274814204343,12.649110640673518,12.649110640673518,13.88888888888889,12.649110640673518,12.649110640673518,0.0,506.2372395841767,30.548977797316777
513.0,27.984331755708553,12.649110640673518,12.649110640673518,13.88888888888889,12.649110640673518,12.649110640673518,0.0,507.0831632022367,31.08227991532937
514.0,28.063388697212762,12.649110640673518,12.649110640673518,13.88888888888889,12.649110640673518,12.649110640673518,0.0,507.92640974679387,31.619804967546262
515.0,28.14244563871697,12.649110640673518,12.649110640673518,13.88888888888889,12.649110640673518,12.649110640673518,0.0,508.76695813672853,32.16153951586917
516.0,28.22150258022118,12.649110640673518,12.649110640673518,13.88888888888889,12.649110640673518,12.649110640673518,0.0,509.6047873583747,32.70747001696262
517.0,28.30055952172539,12.649110640673518,12.649110640673518,13.88888888888889,12.649110640673518,12.649110640673518,0.0,510.4398764660455,33.25758282259248
518.0,28.3796164632296,12.649110640673518,12.649110640673518,13.88888888888889,12.649110640673518,12.649110640673518,0.0,511.27220458255675,33.81186417996729
519.0,28.45867340473381,12.649110640673518,12.649110640673518,13.88888888888889,12.649110640673518,12.649110640673518,0.0,512.1017508997488,34.37030023208199
520.0,28.537730346238018,12.649110640673518,12.649110640673518,13.88888888888889,12.649110640673518,12.649110640673518,0.0,512.928494679007,34.93287701806433
521.0,28.616787287742227,12.649110640673518,12.649110640673518,13.88888888888889,12.649110640673518,12.649110640673518,0.0,513.75241525178,35.49958047352399
522.0,28.695844229246436,12.649110640673518,12.649110640673518,13.88888888888889,12.649110640673518,12.649110640673518,0.0,514.5734920200963,36.07039643090408
523.0,28.774901170750645,12.649110640673518,12.649110640673518,13.88888888888889,12.649110640673518,12.649110640673518,0.0,515.3917044570794,36.64531061983543
524.0,28.853958112254855,12.649110640673518,12.649110640673518,13.88888888888889,12.649110640673518,12.649110640673518,0.0,516.207032107461,37.22430866749322
525.0,28.933015053759064,12.649110640673518,12.649110640673518,13.88888888888889,12.649110640673518,12.649110640673518,0.0,517.0194545880925,37.80737609895641
526.0,29.012071995263273,12.649110640673518,12.649110640673518,13.88888888888889,12.649110640673518,12.649110640673518,0.0,517.828951588454,38.39449833756963
527.0,29.091128936767483,12.649110640673518,12.649110640673518,13.88888888888889,12.649110640673518,12.649110640673518,0.0,518.6355028711625,38.985660705307446
528.0,29.170185878271692,12.649110640673518,12.649110640673518,13.88888888888889,12.649110640673518,12.649110640673518,0.0,519.4390882724784,39.58084842314149
529.0,29.2492428197759,12.649110640673518,12.649110640673518,13.88888888888889,12.649110640673518,12.649110640673518,0.0,520.2396877028082,40.18004661140977
530.0,29.32829976128011,12.649110640673518,12.649110640673518,13.88888888888889,12.649110640673518,12.649110640673518,0.0,521.0372811472079,40.78324029018883
531.0,29.40735670278432,12.649110640673518,12.649110640673518,13.88888888888889,12.649110640673518,12.649110640673518,0.0,521.831848665883,41.39041437966811
532.0,29.48641364428853,12.649110640673518,12.649110640673518,13.88888888888889,12.649110640673518,12.649110640673518,0.0,522.6233703946867,42.00155370052698
533.0,29.56547058579274,12.649110640673518,12.649110640673518,13.88888888888889,12.649110640673518,12.649110640673518,0.0,523.4118265456174,42.61664297431427
534.0,29.644527527296948,12.649110640673518,12.649110640673518,13.88888888888889,12.649110640673518,12.649110640673518,0.0,524.1971974073119,43.23566682383015
535.0,29.723584468801157,12.649110640673518,12.649110640673518,13.88888888888889,12.649110640673518,12.649110640673518,0.0,524.97946334554,43.858609773510636
536.0,29.802641410305366,12.649110640673518,12.649110640673518,13.88888888888889,12.649110640673518,12.649110640673518,0.0,525.7586048036937,44.48545624981441
537.0,29.881698351809575,12.649110640673518,12.649110640673518,13.88888888888889,12.649110640673518,12.649110640673518,0.0,526.5346023032773,45.116190581612244
538.0,29.960755293313785,12.649110640673518,12.649110640673518,13.88888888888889,12.649110640673518,12.649110640673518,0.0,527.3074364443936,45.75079700057869
539.0,30.039812234817994,12.649110640673518,12.649110640673518,13.88888888888889,12.649110640673518,12.649110640673518,0.0,528.0770879062294,46.38925964158631
540.0,30.118869176322203,12.649110640673518,12.649110640673518,13.88888888888889,12.649110640673518,12.649110640673518,0.0,528.8435374475382,47.031562543102325
541.0,30.197926117826412,12.649110640673518,12.649110640673518,13.88888888888889,12.649110640673518,12.649110640673518,0.0,529.6067659071214,47.67768964758765
542.0,30.27698305933062,12.649110640673518,12.649110640673518,13.88888888888889,12.649110640673518,12.649110640673518,0.0,530.3667542043073,48.32762480189836
543.0,30.35604000083483,12.649110640673518,12.649110640673518,13.88888888888889,12.649110640673518,12.649110640673518,0.0,531.123483339428,48.981351757689424
544.0,30.43509694233904,12.649110640673518,12.649110640673518,13.88888888888889,12.649110640673518,12.649110640673518,0.0,531.8769343942946,49.63885417182099
545.0,30.51415388384325,12.649110640673518,12.649110640673518,13.88888888888889,12.649110640673518,12.649110640673518,0.0,532.62708853267,50.30011560676697
546.0,30.59321082534746,12.649110640673518,12.649110640673518,13.88888888888889,12.649110640673518,12.649110640673518,0.0,533.3739270007395,50.96511953102591
547.0,30.672267766851668,12.649110640673518,12.649110640673518,13.88888888888889,12.649110640673518,12.649110640673518,0.0,534.1174311275807,51.63384931953436
548.0,30.751324708355877,12.649110640673518,12.649110640673518,13.88888888888889,12.649110640673518,12.649110640673518,0.0,534.857582325629,52.30628825408241
549.0,30.830381649860087,12.649110640673518,12.649110640673518,13.88888888888889,12.649110640673518,12.649110640673518,0.0,535.594362091143,52.98241952373175
550.0,30.909438591364296,12.649110640673518,12.649110640673518,13.88888888888889,12.649110640673518,12.649110640673518,0.0,536.3277520046668,53.66222622523582
551.0,30.988495532868505,12.649110640673518,12.649110640673518,13.88888888888889,12.649110640673518,12.649110640673518,0.0,537.057733731491,54.34569136346252
552.0,31.067552474372714,12.649110640673518,12.649110640673518,13.88888888888889,12.649110640673518,12.649110640673518,0.0,537.7842890221102,55.032797851818955
553.0,31.146609415876924,12.649110640673518,12.649110640673518,13.88888888888889,12.649110640673518,12.649110640673518,0.0,538.5073997126802,55.72352851267874
554.0,31.225666357381133,12.649110640673518,12.649110640673518,13.88888888888889,12.649110640673518,12.649110640673518,0.0,539.2270477254714,56.41786607781132
555.0,31.304723298885342,12.649110640673518,12.649110640673518,13.88888888888889,12.649110640673518,12.649110640673518,0.0,539.9432150693207,57.115793188813726
556.0,31.38378024038955,12.649110640673518,12.649110640673518,13.88888888888889,12.649110640673518,12.649110640673518,0.0,540.6558838400821,57.81729239754454
557.0,31.46283718189376,12.649110640673518,12.649110640673518,13.88888888888889,12.649110640673518,12.649110640673518,0.0,541.3650362210732,58.52234616656005
558.0,31.54189412339797,12.649110640673518,12.649110640673518,13.88888888888889,12.649110640673518,12.649110640673518,0.0,542.0706544835216,59.230936869552785
559.0,31.62095106490218,12.649110640673518,12.649110640673518,13.88888888888889,12.649110640673518,12.649110640673518,0.0,542.7727209870073,59.94304679179208
560.0,31.70000800640639,12.649110640673518,12.649110640673518,13.88888888888889,12.649110640673518,12.649110640673518,0.0,543.4712181799046,60.65865813056692
561.0,31.779064947910598,12.649110640673518,12.649110640673518,13.88888888888889,12.649110640673518,12.649110640673518,0.0,544.1661285998198,61.37775299563115
562.0,31.858121889414807,12.649110640673518,12.649110640673518,13.88888888888889,12.649110640673518,12.649110640673518,0.0,544.8574348740285,62.10031340965061
563.0,31.937178830919017,12.649110640673518,12.649110640673518,13.88888888888889,12.649110640673518,12.649110640673518,0.0,545.5451197199101,62.82632130865253
564.0,32.01623577242323,12.649110640673518,12.649110640673518,13.88888888888889,12.649110640673518,12.649110640673518,0.0,546.2291659453792,63.5557585424773
565.0,32.09529271392744,12.649110640673518,12.649110640673518,13.88888888888889,12.649110640673518,12.649110640673518,0.0,546.9095564493157,64.28860687523203
566.0,32.174349655431655,12.649110640673518,12.649110640673518,13.88888888888889,12.649110640673518,12.649110640673518,0.0,547.5862742219925,65.02484798574659
567.0,32.25340659693587,12.649110640673518,12.649110640673518,13.88888888888889,12.649110640673518,12.649110640673518,0.0,548.2593023455006,65.76446346803154
568.0,32.33246353844008,12.649110640673518,12.649110640673518,13.88888888888889,12.649110640673518,12.649110640673518,0.0,548.9286239941719,66.50743483173838
569.0,32.41152047994429,12.649110640673518,12.649110640673518,13.88888888888889,12.649110640673518,12.649110640673518,0.0,549.5942224349999,67.25374350262167
570.0,32.490577421448506,12.649110640673518,12.649110640673518,13.88888888888889,12.649110640673518,12.649110640673518,0.0,550.2560810280586,68.00337082300356
571.0,32.56963436295272,12.649110640673518,12.649110640673518,13.88888888888889,12.649110640673518,12.649110640673518,0.0,550.9141832269172,68.75629805224004
572.0,32.64869130445693,12.649110640673518,12.649110640673518,13.88888888888889,12.649110640673518,12.649110640673518,0.0,551.5685125790553,69.51250636718962
573.0,32.727748245961145,12.649110640673518,12.649110640673518,13.88888888888889,12.649110640673518,12.649110640673518,0.0,552.2190527262733,70.2719768626838
574.0,32.80680518746536,12.649110640673518,12.649110640673518,13.88888888888889,12.649110640673518,12.649110640673518,0.0,552.865787405101,71.03469055199976
575.0,32.88586212896957,12.649110640673518,12.649110640673518,13.88888888888889,12.649110640673518,12.649110640673518,0.0,553.5087004472055,71.80062836733498
576.0,32.96491907047378,12.649110640673518,12.649110640673518,13.88888888888889,12.649110640673518,12.649110640673518,0.0,554.1477757797938,72.56977116028396
577.0,33.043976011977996,12.649110640673518,12.649110640673518,13.88888888888889,12.649110640673518,12.649110640673518,0.0,554.7829974260163,73.34209970231696
578.0,33.12303295348221,12.649110640673518,12.649110640673518,13.88888888888889,12.649110640673518,12.649110640673518,0.0,555.4143495053647,74.11759468526063
579.0,33.20208989498642,12.649110640673518,12.649110640673518,13.88888888888889,12.649110640673518,12.649110640673518,0.0,556.0418162340701,74.89623672178081
580.0,33.281146836490635,12.649110640673518,12.649110640673518,13.88888888888889,12.649110640673518,12.649110640673518,0.0,556.6653819254967,75.67800634586712
581.0,33.36020377799485,12.649110640673518,12.649110640673518,13.88888888888889,12.649110640673518,12.649110640673518,0.0,557.2850309905348,76.46288401331968
582.0,33.43926071949906,12.649110640673518,12.649110640673518,13.88888888888889,12.649110640673518,12.649110640673518,0.0,557.9007479379901,77.25085010223769
583.0,33.51831766100327,12.649110640673518,12.649110640673518,13.88888888888889,12.649110640673518,12.649110640673518,0.0,558.5125173749709,78.04188491350999
584.0,33.597374602507486,12.649110640673518,12.649110640673518,13.88888888888889,12.649110640673518,12.649110640673518,0.0,559.1203240072732,78.83596867130744
585.0,33.6764315440117,12.649110640673518,12.649110640673518,13.88888888888889,12.649110640673518,12.649110640673518,0.0,559.7241526397629,79.6330815235775
586.0,33.75548848551591,12.649110640673518,12.649110640673518,13.88888888888889,12.649110640673518,12.649110640673518,0.0,560.3239881767554,80.43320354254035
587.0,33.834545427020124,12.649110640673518,12.649110640673518,13.88888888888889,12.649110640673518,12.649110640673518,0.0,560.9198156223938,81.23631472518721
588.0,33.91360236852434,12.649110640673518,12.649110640673518,13.88888888888889,12.649110640673518,12.649110640673518,0.0,561.5116200810229,82.04239499378036
589.0,33.99265931002855,12.649110640673518,12.649110640673518,13.88888888888889,12.649110640673518,12.649110640673518,0.0,562.0993867575619,82.85142419635503
590.0,34.07171625153276,12.649110640673518,12.649110640673518,13.88888888888889,12.649110640673518,12.649110640673518,0.0,562.6831009578748,83.6633821072233
591.0,34.150773193036976,12.649110640673518,12.649110640673518,13.88888888888889,12.649110640673518,12.649110640673518,0.0,563.2627480891367,84.47824842747971
592.0,34.22983013454119,12.649110640673518,12.649110640673518,13.88888888888889,12.649110640673518,12.649110640673518,0.0,563.8383136601997,85.29600278550866
593.0,34.3088870760454,12.649110640673518,12.649110640673518,13.88888888888889,12.649110640673518,12.649110640673518,0.0,564.4097832819543,86.11662473749382
594.0,34.387944017549614,12.649110640673518,12.649110640673518,13.88888888888889,12.649110640673518,12.649110640673518,0.0,564.97714266769,86.94009376792913
595.0,34.46700095905383,12.649110640673518,12.649110640673518,13.88888888888889,12.649110640673518,12.649110640673518,0.0,565.5403776334515,87.76638929013171
596.0,34.54605790055804,12.649110640673518,12.649110640673518,13.88888888888889,12.649110640673518,12.649110640673518,0.0,566.0994740983941,88.59549064675653
597.0,34.62511484206225,12.649110640673518,12.649110640673518,13.88888888888889,12.649110640673518,12.649110640673518,0.0,566.6544180851351,89.42737711031288
598.0,34.704171783566466,12.649110640673518,12.649110640673518,13.88888888888889,12.649110640673518,12.649110640673518,0.0,567.2051957201041,90.26202788368249
599.0,34.78322872507068,12.649110640673518,12.649110640673518,13.88888888888889,12.649110640673518,12.649110640673518,0.0,567.7517932338886,91.09942210063949
600.0,34.86228566657489,12.649110640673518,12.649110640673518,13.88888888888889,12.649110640673518,12.649110640673518,0.0,568.2941969615792,91.93953882637204
601.0,34.941342608079104,12.649110640673518,12.649110640673518,13.88888888888889,12.649110640673518,12.649110640673518,0.0,568.8323933431113,92.78235705800586
602.0,35.02039954958332,12.649110640673518,12.649110640673518,13.88888888888889,12.649110640673518,12.649110640673518,0.0,569.366368923603,93.62785572512891
603.0,35.09945649108753,12.649110640673518,12.649110640673518,13.88888888888889,12.649110640673518,12.649110640673518,0.0,569.8961103536928,94.47601369031865
604.0,35.17851343259174,12.649110640673518,12.649110640673518,13.88888888888889,12.649110640673518,12.649110640673518,0.0,570.4216043898725,95.32680974967009
605.0,35.257570374095955,12.649110640673518,12.649110640673518,13.88888888888889,12.649110640673518,12.649110640673518,0.0,570.9428378948187,96.18022263332604
606.0,35.33662731560017,12.649110640673518,12.649110640673518,13.88888888888889,12.649110640673518,12.649110640673518,0.0,571.4597978377207,97.03623100600893
607.0,35.41568425710438,12.649110640673518,12.649110640673518,13.88888888888889,12.649110640673518,12.649110640673518,0.0,571.972471294607,97.89481346755394
608.0,35.494741198608594,12.649110640673518,12.649110640673518,13.88888888888889,12.649110640673518,12.649110640673518,0.0,572.4808454486677,98.75594855344431
609.0,35.57379814011281,12.649110640673518,12.649110640673518,13.88888888888889,12.649110640673518,12.649110640673518,0.0,572.9849075905756,99.61961473534771
610.0,35.65285508161702,12.649110640673518,12.649110640673518,13.88888888888889,12.649110640673518,12.649110640673518,0.0,573.4846451188034,100.4857904216546
611.0,35.73191202312123,12.649110640673518,12.649110640673518,13.88888888888889,12.649110640673518,12.649110640673518,0.0,573.9800455399388,101.3544539580179
612.0,35.810968964625445,12.649110640673518,12.649110640673518,13.88888888888889,12.649110640673518,12.649110640673518,0.0,574.4710964689973,102.22558362789451
613.0,35.89002590612966,12.649110640673518,12.649110640673518,13.88888888888889,12.649110640673518,12.649110640673518,0.0,574.957785629731,103.09915765308794
614.0,35.96908284763387,12.649110640673518,12.649110640673518,13.88888888888889,12.649110640673518,12.649110640673518,0.0,575.4401008549363,103.97515419429317
615.0,36.048139789138084,12.649110640673518,12.649110640673518,13.88888888888889,12.649110640673518,12.649110640673518,0.0,575.9180300867578,104.85355135164225
616.0,36.1271967306423,12.649110640673518,12.649110640673518,13.88888888888889,12.649110640673518,12.649110640673518,0.0,576.3915613769896,105.734327165252
617.0,36.20625367214651,12.649110640673518,12.649110640673518,13.88888888888889,12.649110640673518,12.649110640673518,0.0,576.8606828873739,106.61745961577293
618.0,36.28531061365072,12.649110640673518,12.649110640673518,13.88888888888889,12.649110640673518,12.649110640673518,0.0,577.3253828898975,107.50292662493983
619.0,36.364367555154935,12.649110640673518,12.649110640673518,13.88888888888889,12.649110640673518,12.649110640673518,0.0,577.7856497670845,108.39070605612353
620.0,36.44342449665915,12.649110640673518,12.649110640673518,13.88888888888889,12.649110640673518,12.649110640673518,0.0,578.2414720122871,109.28077571488454
621.0,36.52248143816336,12.649110640673518,12.649110640673518,13.88888888888889,12.649110640673518,12.649110640673518,0.0,578.6928382299727,110.17311334952768
622.0,36.60153837966757,12.649110640673518,12.649110640673518,13.88888888888889,12.649110640673518,12.649110640673518,0.0,579.1397371360096,111.06769665165865
623.0,36.680595321171786,12.649110640673518,12.649110640673518,13.88888888888889,12.649110640673518,12.649110640673518,0.0,579.5821575579481,111.96450325674138
624.0,36.759652262676,12.649110640673518,12.649110640673518,13.88888888888889,12.649110640673518,12.649110640673518,0.0,580.020088435301,112.86351074465756
625.0,36.83870920418021,12.649110640673518,12.649110640673518,13.88888888888889,12.649110640673518,12.649110640673518,0.0,580.453518819819,113.76469664026676
626.0,36.917766145684425,12.649110640673518,12.649110640673518,13.88888888888889,12.649110640673518,12.649110640673518,0.0,580.8824378757652,114.66803841396855
627.0,36.99682308718864,12.649110640673518,12.649110640673518,13.88888888888889,12.649110640673518,12.649110640673518,0.0,581.3068348801854,115.57351348226558
628.0,37.07588002869285,12.649110640673518,12.649110640673518,13.88888888888889,12.649110640673518,12.649110640673518,0.0,581.7266992231766,116.4810992083284
629.0,37.15493697019706,12.649110640673518,12.649110640673518,13.88888888888889,12.649110640673518,12.649110640673518,0.0,582.1420204081522,117.39077290256104
630.0,37.233993911701276,12.649110640673518,12.649110640673518,13.88888888888889,12.649110640673518,12.649110640673518,0.0,582.5527880521042,118.30251182316856
631.0,37.31305085320549,12.649110640673518,12.649110640673518,13.88888888888889,12.649110640673518,12.649110640673518,0.0,582.9589918858628,119.21629317672542
632.0,37.3921077947097,12.649110640673518,12.649110640673518,13.88888888888889,12.649110640673518,12.649110640673518,0.0,583.3606217543534,120.13209411874537
633.0,37.471164736213915,12.649110640673518,12.649110640673518,13.88888888888889,12.649110640673518,12.649110640673518,0.0,583.7576676168501,121.04989175425258
634.0,37.55022167771813,12.649110640673518,12.649110640673518,13.88888888888889,12.649110640673518,12.649110640673518,0.0,584.1501195472272,121.96966313835395
635.0,37.62927861922234,12.649110640673518,12.649110640673518,13.88888888888889,12.649110640673518,12.649110640673518,0.0,584.5379677342066,122.8913852768128
636.0,37.70833556072655,12.649110640673518,12.649110640673518,13.88888888888889,12.649110640673518,12.649110640673518,0.0,584.921202481604,123.81503512662361
637.0,37.787392502230766,12.649110640673518,12.649110640673518,13.88888888888889,12.649110640673518,12.649110640673518,0.0,585.2998142085708,124.74058959658838
638.0,37.86644944373498,12.649110640673518,12.649110640673518,13.88888888888889,12.649110640673518,12.649110640673518,0.0,585.6737934498333,125.66802554789341
639.0,37.94550638523919,12.649110640673518,12.649110640673518,13.88888888888889,12.649110640673518,12.649110640673518,0.0,586.0431308559301,126.5973197946883
640.0,38.024563326743404,12.649110640673518,12.649110640673518,13.88888888888889,12.649110640673518,12.649110640673518,0.0,586.4078171934452,127.52844910466527
641.0,38.10362026824762,12.649110640673518,12.649110640673518,13.88888888888889,12.649110640673518,12.649110640673518,0.0,586.7678433452393,128.46139019964008
642.0,38.18267720975183,12.649110640673518,12.649110640673518,13.88888888888889,12.649110640673518,12.649110640673518,0.0,587.1232003106772,129.3961197561339
643.0,38.26173415125604,12.649110640673518,12.649110640673518,13.88888888888889,12.649110640673518,12.649110640673518,0.0,587.4738792058533,130.3326144059566
644.0,38.340791092760256,12.649110640673518,12.649110640673518,13.88888888888889,12.649110640673518,12.649110640673518,0.0,587.8198712638135,131.27085073679058
645.0,38.41984803426447,12.649110640673518,12.649110640673518,13.88888888888889,12.649110640673518,12.649110640673518,0.0,588.1611678347745,132.21080529277654
646.0,38.49890497576868,12.649110640673518,12.649110640673518,13.88888888888889,12.649110640673518,12.649110640673518,0.0,588.4977603863395,133.15245457509948
647.0,38.577961917272894,12.649110640673518,12.649110640673518,13.88888888888889,12.649110640673518,12.649110640673518,0.0,588.8296405037125,134.0957750425764
648.0,38.65701885877711,12.649110640673518,12.649110640673518,13.88888888888889,12.649110640673518,12.649110640673518,0.0,589.1567998899078,135.04074311224477
649.0,38.73607580028132,12.649110640673518,12.649110640673518,13.88888888888889,12.649110640673518,12.649110640673518,0.0,589.4792303659577,135.987335159952
650.0,38.81513274178553,12.649110640673518,12.649110640673518,13.88888888888889,12.649110640673518,12.649110640673518,0.0,589.7969238711172,136.93552752094627
651.0,38.894189683289746,12.649110640673518,12.649110640673518,13.88888888888889,12.649110640673518,12.649110640673518,0.0,590.1098724630652,137.8852964904679
652.0,38.97324662479396,12.649110640673518,12.649110640673518,13.88888888888889,12.649110640673518,12.649110640673518,0.0,590.4180683181031,138.83661832434214
653.0,39.05230356629817,12.649110640673518,12.649110640673518,13.88888888888889,12.649110640673518,12.649110640673518,0.0,590.7215037313507,139.7894692395727
654.0,39.131360507802384,12.649110640673518,12.649110640673518,13.88888888888889,12.649110640673518,12.649110640673518,0.0,591.0201711169384,140.74382541493623
655.0,39.2104174493066,12.649110640673518,12.649110640673518,13.88888888888889,12.649110640673518,12.649110640673518,0.0,591.3140630081972,141.69966299157824
656.0,39.28947439081081,12.649110640673518,12.649110640673518,13.88888888888889,12.649110640673518,12.649110640673518,0.0,591.603172057845,142.6569580736089
657.0,39.36853133231502,12.649110640673518,12.649110640673518,13.88888888888889,12.649110640673518,12.649110640673518,0.0,591.8874910381707,143.6156867287011
658.0,39.447588273819235,12.649110640673518,12.649110640673518,13.88888888888889,12.649110640673518,12.649110640673518,0.0,592.1670128412145,144.57582498868848
659.0,39.52664521532345,12.649110640673518,12.649110640673518,13.88888888888889,12.649110640673518,12.649110640673518,0.0,592.441730478946,145.5373488501644
660.0,39.60570215682766,12.649110640673518,12.649110640673518,13.88888888888889,12.649110640673518,12.649110640673518,0.0,592.7116370834385,146.5002342750825
661.0,39.684759098331874,12.649110640673518,12.649110640673518,13.88888888888889,12.649110640673518,12.649110640673518,0.0,592.9767259070411,147.4644571913573
662.0,39.76381603983609,12.649110640673518,12.649110640673518,13.88888888888889,12.649110640673518,12.649110640673518,0.0,593.2369903225468,148.42999349346607
663.0,39.8428729813403,12.649110640673518,12.649110640673518,13.88888888888889,12.649110640673518,12.649110640673518,0.0,593.4924238233589,149.39681904305155
664.0,39.92192992284451,12.649110640673518,12.649110640673518,13.88888888888889,12.649110640673518,12.649110640673518,0.0,593.7430200236531,150.36490966952542
665.0,40.000986864348725,12.649110640673518,12.649110640673518,13.88888888888889,12.649110640673518,12.649110640673518,0.0,593.9887726585374,151.33424117067236
666.0,40.08004380585294,12.649110640673518,12.649110640673518,13.88888888888889,12.649110640673518,12.649110640673518,0.0,594.229675584209,152.30478931325538
667.0,40.15910074735715,12.649110640673518,12.649110640673518,13.88888888888889,12.649110640673518,12.649110640673518,0.0,594.465722778107,153.2765298336214
668.0,40.238157688861364,12.649110640673518,12.649110640673518,13.88888888888889,12.649110640673518,12.649110640673518,0.0,594.6969083390638,154.24943843830812
669.0,40.31721463036558,12.649110640673518,12.649110640673518,13.88888888888889,12.649110640673518,12.649110640673518,0.0,594.9232264874528,155.223490804651
670.0,40.39627157186979,12.649110640673518,12.649110640673518,13.88888888888889,12.649110640673518,12.649110640673518,0.0,595.1446715653318,156.1986625813917
671.0,40.475328513374,12.649110640673518,12.649110640673518,13.88888888888889,12.649110640673518,12.649110640673518,0.0,595.3612380365854,157.1749293892865
672.0,40.554385454878215,12.649110640673518,12.649110640673518,13.88888888888889,12.649110640673518,12.649110640673518,0.0,595.5729204870632,158.15226682171615
673.0,40.63344239638243,12.649110640673518,12.649110640673518,13.88888888888889,12.649110640673518,12.649110640673518,0.0,595.7797136247149,159.13065044529563
674.0,40.71249933788664,12.649110640673518,12.649110640673518,13.88888888888889,12.649110640673518,12.649110640673518,0.0,595.9816122797229,160.1100558004854
675.0,40.79155627939085,12.649110640673518,12.649110640673518,13.88888888888889,12.649110640673518,12.649110640673518,0.0,596.1786114046312,161.09045840220256
676.0,40.870613220895066,12.649110640673518,12.649110640673518,13.88888888888889,12.649110640673518,12.649110640673518,0.0,596.370706074472,162.07183374043314
677.0,40.94967016239928,12.649110640673518,12.649110640673518,13.88888888888889,12.649110640673518,12.649110640673518,0.0,596.5578914868885,163.05415728084475
678.0,41.02872710390349,12.649110640673518,12.649110640673518,13.88888888888889,12.649110640673518,12.649110640673518,0.0,596.7401629622553,164.03740446540013
679.0,41.107784045407705,12.649110640673518,12.649110640673518,13.88888888888889,12.649110640673518,12.649110640673518,0.0,596.9175159437949,165.02155071297076
680.0,41.18684098691192,12.649110640673518,12.649110640673518,13.88888888888889,12.649110640673518,12.649110640673518,0.0,597.089945997692,166.00657141995183
681.0,41.26589792841613,12.649110640673518,12.649110640673518,13.88888888888889,12.649110640673518,12.649110640673518,0.0,597.2574488132043,166.99244196087687
682.0,41.34495486992034,12.649110640673518,12.649110640673518,13.88888888888889,12.649110640673518,12.649110640673518,0.0,597.42002020277,167.97913768903373
683.0,41.424011811424556,12.649110640673518,12.649110640673518,13.88888888888889,12.649110640673518,12.649110640673518,0.0,597.577656102113,168.9666339370807
684.0,41.50306875292877,12.649110640673518,12.649110640673518,13.88888888888889,12.649110640673518,12.649110640673518,0.0,597.7303525703439,169.95490601766284
685.0,41.58212569443298,12.649110640673518,12.649110640673518,13.88888888888889,12.649110640673518,12.649110640673518,0.0,597.8781057900591,170.94392922402974
686.0,41.661182635937195,12.649110640673518,12.649110640673518,13.88888888888889,12.649110640673518,12.649110640673518,0.0,598.0209120674356,171.93367883065264
687.0,41.74023957744141,12.649110640673518,12.649110640673518,13.88888888888889,12.649110640673518,12.649110640673518,0.0,598.158767832324,172.92413009384305
688.0,41.81929651894562,12.649110640673518,12.649110640673518,13.88888888888889,12.649110640673518,12.649110640673518,0.0,598.2916696383372,173.91525825237088
689.0,41.89835346044983,12.649110640673518,12.649110640673518,13.88888888888889,12.649110640673518,12.649110640673518,0.0,598.4196141629374,174.90703852808386
690.0,41.977410401954046,12.649110640673518,12.649110640673518,13.88888888888889,12.649110640673518,12.649110640673518,0.0,598.5425982075177,175.89944612652667
691.0,42.05646734345826,12.649110640673518,12.649110640673518,13.88888888888889,12.649110640673518,12.649110640673518,0.0,598.6606186974836,176.89245623756113
692.0,42.13552428496247,12.649110640673518,12.649110640673518,13.88888888888889,12.649110640673518,12.649110640673518,0.0,598.773672682329,177.8860440359861
693.0,42.214581226466684,12.649110640673518,12.649110640673518,13.88888888888889,12.649110640673518,12.649110640673518,0.0,598.8817573357101,178.88018468215841
694.0,42.2936381679709,12.649110640673518,12.649110640673518,13.88888888888889,12.649110640673518,12.649110640673518,0.0,598.9848699555162,179.87485332261366
695.0,42.37269510947511,12.649110640673518,12.649110640673518,13.88888888888889,12.649110640673518,12.649110640673518,0.0,599.0830079639372,180.8700250906877
696.0,42.45175205097932,12.649110640673518,12.649110640673518,13.88888888888889,12.649110640673518,12.649110640673518,0.0,599.176168907528,181.86567510713806
697.0,42.530808992483536,12.649110640673518,12.649110640673518,13.88888888888889,12.649110640673518,12.649110640673518,0.0,599.2643504572699,182.8617784807663
698.0,42.60986593398775,12.649110640673518,12.649110640673518,13.88888888888889,12.649110640673518,12.649110640673518,0.0,599.3475504086286,183.85831030903987
699.0,42.68892287549196,12.649110640673518,12.649110640673518,13.88888888888889,12.649110640673518,12.649110640673518,0.0,599.42576668161,184.85524567871505
700.0,42.767979816996174,12.649110640673518,12.649110640673518,13.88888888888889,12.649110640673518,12.649110640673518,0.0,599.4989973208109,185.8525596664594
701.0,42.84703675850039,12.649110640673518,12.649110640673518,13.88888888888889,12.649110640673518,12.649110640673518,0.0,599.5672404954694,186.85022733947534
702.0,42.9260937000046,12.649110640673518,12.649110640673518,13.88888888888889,12.649110640673518,12.649110640673518,0.0,599.6304944995096,187.84822375612282
703.0,43.00515064150881,12.649110640673518,12.649110640673518,13.88888888888889,12.649110640673518,12.649110640673518,0.0,599.6887577515847,188.84652396654354
704.0,43.084207583013026,12.649110640673518,12.649110640673518,13.88888888888889,12.649110640673518,12.649110640673518,0.0,599.7420287951165,189.84510301328416
705.0,43.16326452451724,12.649110640673518,12.649110640673518,13.88888888888889,12.649110640673518,12.649110640673518,0.0,599.7903062983318,190.84393593192058
706.0,43.24232146602145,12.649110640673518,12.649110640673518,13.88888888888889,12.649110640673518,12.649110640673518,0.0,599.8335890542952,191.8429977516818
707.0,43.321378407525664,12.649110640673518,12.649110640673518,13.88888888888889,12.649110640673518,12.649110640673518,0.0,599.8718759809403,192.8422634960744
708.0,43.40043534902988,12.649110640673518,12.649110640673518,13.88888888888889,12.649110640673518,12.649110640673518,0.0,599.9051661210958,193.84170818350677
709.0,43.47949229053409,12.649110640673518,12.649110640673518,13.88888888888889,12.649110640673518,12.649110640673518,0.0,599.93345864251,194.8413068279138
710.0,43.5585492320383,12.649110640673518,12.649110640673518,13.88888888888889,12.649110640673518,12.649110640673518,0.0,599.9567528378714,195.84103443938153
711.0,43.637606173542515,12.649110640673518,12.649110640673518,13.88888888888889,12.649110640673518,12.649110640673518,0.0,599.9750481248262,196.84086602477157
712.0,43.71666311504673,12.649110640673518,12.649110640673518,13.88888888888889,12.649110640673518,12.649110640673518,0.0,599.9883440459932,197.8407765883465
713.0,43.79572005655094,12.649110640673518,12.649110640673518,13.88888888888889,12.649110640673518,12.649110640673518,0.0,599.9966402689752,198.84074113239424
714.0,43.874776998055154,12.649110640673518,12.649110640673518,13.88888888888889,12.649110640673518,12.649110640673518,0.0,599.9999365863669,199.84073465785335
715.0,43.95383393955937,12.649110640673518,12.649110640673518,13.88888888888889,12.649110640673518,12.649110640673518,0.0,599.9982329157606,200.84073216493763
716.0,44.03289088106358,12.649110640673518,12.649110640673518,13.88888888888889,12.649110640673518,12.649110640673518,0.0,599.991529299748,201.84070865376165
717.0,44.11194782256779,12.649110640673518,12.649110640673518,13.88888888888889,12.649110640673518,12.649110640673518,0.0,599.9798259059191,202.84063912496518
718.0,44.191004764072005,12.649110640673518,12.649110640673518,13.88888888888889,12.649110640673518,12.649110640673518,0.0,599.9631230268582,203.84049858033853
719.0,44.27006170557622,12.649110640673518,12.649110640673518,13.88888888888889,12.649110640673518,12.649110640673518,0.0,599.9414210801363,204.84026202344737
720.0,44.34911864708043,12.649110640673518,12.649110640673518,13.88888888888889,12.649110640673518,12.649110640673518,0.0,599.914720608301,205.83990446025777
721.0,44.428175588584644,12.649110640673518,12.649110640673518,13.88888888888889,12.649110640673518,12.649110640673518,0.0,599.8830222788628,206.83940089976076
722.0,44.50723253008886,12.649110640673518,12.649110640673518,13.88888888888889,12.649110640673518,12.649110640673518,0.0,599.8463268842781,207.83872635459755
723.0,44.58628947159307,12.649110640673518,12.649110640673518,13.88888888888889,12.649110640673518,12.649110640673518,0.0,599.80463534193,208.83785584168368
724.0,44.66534641309728,12.649110640673518,12.649110640673518,13.88888888888889,12.649110640673518,12.649110640673518,0.0,599.7579486941048,209.8367643828341
725.0,44.744403354601495,12.649110640673518,12.649110640673518,13.88888888888889,12.649110640673518,12.649110640673518,0.0,599.7062681079663,210.83542700538723
726.0,44.82346029610571,12.649110640673518,12.649110640673518,13.88888888888889,12.649110640673518,12.649110640673518,0.0,599.6495948755264,211.83381874282964
727.0,44.90251723760992,12.649110640673518,12.649110640673518,13.88888888888889,12.649110640673518,12.649110640673518,0.0,599.5879304136132,212.8319146354198
728.0,44.98157417911413,12.649110640673518,12.649110640673518,13.88888888888889,12.649110640673518,12.649110640673518,0.0,599.5212762638347,213.82968973081242
729.0,45.060631120618346,12.649110640673518,12.649110640673518,13.88888888888889,12.649110640673518,12.649110640673518,0.0,599.4496340925414,214.82711908468204
730.0,45.13968806212256,12.649110640673518,12.649110640673518,13.88888888888889,12.649110640673518,12.649110640673518,0.0,599.3730056907838,215.82417776134682
731.0,45.21874500362677,12.649110640673518,12.649110640673518,13.88888888888889,12.649110640673518,12.649110640673518,0.0,599.2913929742679,216.82084083439167
732.0,45.297801945130985,12.649110640673518,12.649110640673518,13.88888888888889,12.649110640673518,12.649110640673518,0.0,599.2047979833073,217.81708338729183
733.0,45.3768588866352,12.649110640673518,12.649110640673518,13.88888888888889,12.649110640673518,12.649110640673518,0.0,599.1132228827724,218.81288051403524
734.0,45.45591582813941,12.649110640673518,12.649110640673518,13.88888888888889,12.649110640673518,12.649110640673518,0.0,599.0166699620361,219.8082073197456
735.0,45.53497276964362,12.649110640673518,12.649110640673518,13.88888888888889,12.649110640673518,12.649110640673518,0.0,598.9151416349159,220.8030389213047
736.0,45.614029711147836,12.649110640673518,12.649110640673518,13.88888888888889,12.649110640673518,12.649110640673518,0.0,598.8086404396151,221.79735044797422
737.0,45.69308665265205,12.649110640673518,12.649110640673518,13.88888888888889,12.649110640673518,12.649110640673518,0.0,598.6971690386581,222.79111704201785
738.0,45.77214359415626,12.649110640673518,12.649110640673518,13.88888888888889,12.649110640673518,12.649110640673518,0.0,598.5807302188236,223.78431385932242
739.0,45.851200535660475,12.649110640673518,12.649110640673518,13.88888888888889,12.649110640673518,12.649110640673518,0.0,598.4593268910767,224.77691607001935
740.0,45.93025747716469,12.649110640673518,12.649110640673518,13.88888888888889,12.649110640673518,12.649110640673518,0.0,598.3329620904938,225.76889885910492
741.0,46.0093144186689,12.649110640673518,12.649110640673518,13.88888888888889,12.649110640673518,12.649110640673518,0.0,598.2016389761884,226.76023742706118
742.0,46.08837136017311,12.649110640673518,12.649110640673518,13.88888888888889,12.649110640673518,12.649110640673518,0.0,598.0653608312316,227.7509069904755
743.0,46.167428301677326,12.649110640673518,12.649110640673518,13.88888888888889,12.649110640673518,12.649110640673518,0.0,597.9241310625699,228.74088278266046
744.0,46.24648524318154,12.649110640673518,12.649110640673518,13.88888888888889,12.649110640673518,12.649110640673518,0.0,597.7779532009403,229.73014005427274
745.0,46.32554218468575,12.649110640673518,12.649110640673518,13.88888888888889,12.649110640673518,12.649110640673518,0.0,597.6268309007816,230.7186540739321
746.0,46.404599126189964,12.649110640673518,12.649110640673518,13.88888888888889,12.649110640673518,12.649110640673518,0.0,597.4707679401433,231.70640012883953
747.0,46.48365606769418,12.649110640673518,12.649110640673518,13.88888888888889,12.649110640673518,12.649110640673518,0.0,597.3097682205914,232.69335352539517
748.0,46.56271300919839,12.649110640673518,12.649110640673518,13.88888888888889,12.649110640673518,12.649110640673518,0.0,597.1438357671107,233.6794895898154
749.0,46.6417699507026,12.649110640673518,12.649110640673518,13.88888888888889,12.649110640673518,12.649110640673518,0.0,596.9729747280037,234.66478366875006
750.0,46.720826892206816,12.649110640673518,12.649110640673518,13.88888888888889,12.649110640673518,12.649110640673518,0.0,596.7971893747874,235.6492111298984
751.0,46.79988383371103,12.649110640673518,12.649110640673518,13.88888888888889,12.649110640673518,12.649110640673518,0.0,596.6164841020866,236.63274736262528
752.0,46.87894077521524,12.649110640673518,12.649110640673518,13.88888888888889,12.649110640673518,12.649110640673518,0.0,596.4308634275237,237.61536777857603
753.0,46.957997716719454,12.649110640673518,12.649110640673518,13.88888888888889,12.649110640673518,12.649110640673518,0.0,596.2403319916059,238.59704781229144
754.0,47.03705465822367,12.649110640673518,12.649110640673518,13.88888888888889,12.649110640673518,12.649110640673518,0.0,596.044894557609,239.57776292182177
755.0,47.11611159972788,12.649110640673518,12.649110640673518,13.88888888888889,12.649110640673518,12.649110640673518,0.0,595.8445560114591,240.5574885893405
756.0,47.19516854123209,12.649110640673518,12.649110640673518,13.88888888888889,12.649110640673518,12.649110640673518,0.0,595.639321361609,241.53620032175675
757.0,47.274225482736306,12.649110640673518,12.649110640673518,13.88888888888889,12.649110640673518,12.649110640673518,0.0,595.4291957389144,242.51387365132837
758.0,47.35328242424052,12.649110640673518,12.649110640673518,13.88888888888889,12.649110640673518,12.649110640673518,0.0,595.2141843965048,243.49048413627293
759.0,47.43233936574473,12.649110640673518,12.649110640673518,13.88888888888889,12.649110640673518,12.649110640673518,0.0,594.9942927096529,244.4660073613792
760.0,47.511396307248944,12.649110640673518,12.649110640673518,13.88888888888889,12.649110640673518,12.649110640673518,0.0,594.769526175639,245.4404189386174
761.0,47.59045324875316,12.649110640673518,12.649110640673518,13.88888888888889,12.649110640673518,12.649110640673518,0.0,594.539890413615,246.4136945077488
762.0,47.66951019025737,12.649110640673518,12.649110640673518,13.88888888888889,12.649110640673518,12.649110640673518,0.0,594.3053911644631,247.38580973693493
763.0,47.74856713176158,12.649110640673518,12.649110640673518,13.88888888888889,12.649110640673518,12.649110640673518,0.0,594.0660342906519,248.35674032334563
764.0,47.827624073265795,12.649110640673518,12.649110640673518,13.88888888888889,12.649110640673518,12.649110640673518,0.0,593.8218257760913,249.32646199376683
765.0,47.90668101477001,12.649110640673518,12.649110640673518,13.88888888888889,12.649110640673518,12.649110640673518,0.0,593.572771725981,250.29495050520723
766.0,47.98573795627422,12.649110640673518,12.649110640673518,13.88888888888889,12.649110640673518,12.649110640673518,0.0,593.3188783666595,251.26218164550454
767.0,48.064794897778434,12.649110640673518,12.649110640673518,13.88888888888889,12.649110640673518,12.649110640673518,0.0,593.0601520454475,252.22813123393058
768.0,48.14385183928265,12.649110640673518,12.649110640673518,13.88888888888889,12.649110640673518,12.649110640673518,0.0,592.7965992304896,253.19277512179607
769.0,48.22290878078686,12.649110640673518,12.649110640673518,13.88888888888889,12.649110640673518,12.649110640673518,0.0,592.5282265105925,254.15608919305393
770.0,48.30196572229107,12.649110640673518,12.649110640673518,13.88888888888889,12.649110640673518,12.649110640673518,0.0,592.25504059506,255.11804936490262
771.0,48.381022663795285,12.649110640673518,12.649110640673518,13.88888888888889,12.649110640673518,12.649110640673518,0.0,591.977048313526,256.07863158838785
772.0,48.4600796052995,12.649110640673518,12.649110640673518,13.88888888888889,12.649110640673518,12.649110640673518,0.0,591.6942566157828,257.03781184900413
773.0,48.53913654680371,12.649110640673518,12.649110640673518,13.88888888888889,12.649110640673518,12.649110640673518,0.0,591.4066725716084,257.99556616729495
774.0,48.618193488307924,12.649110640673518,12.649110640673518,13.88888888888889,12.649110640673518,12.649110640673518,0.0,591.1143033705888,258.9518705994522
775.0,48.69725042981214,12.649110640673518,12.649110640673518,13.88888888888889,12.649110640673518,12.649110640673518,0.0,590.8171563219388,259.90670123791483
776.0,48.77630737131635,12.649110640673518,12.649110640673518,13.88888888888889,12.649110640673518,12.649110640673518,0.0,590.515238854319,260.8600342119667
777.0,48.85536431282056,12.649110640673518,12.649110640673518,13.88888888888889,12.649110640673518,12.649110640673518,0.0,590.2085585156507,261.811845688333
778.0,48.934421254324775,12.649110640673518,12.649110640673518,13.88888888888889,12.649110640673518,12.649110640673518,0.0,589.8971229729261,262.7621118717765
779.0,49.01347819582899,12.649110640673518,12.649110640673518,13.88888888888889,12.649110640673518,12.649110640673518,0.0,589.5809400120177,263.710809005692
780.0,49.0925351373332,12.649110640673518,12.649110640673518,13.88888888888889,12.649110640673518,12.649110640673518,0.0,589.2600175374829,264.6579133727007
781.0,49.17159207883741,12.649110640673518,12.649110640673518,13.88888888888889,12.649110640673518,12.649110640673518,0.0,588.9343635723669,265.60340129524263
782.0,49.250649020341626,12.649110640673518,12.649110640673518,13.88888888888889,12.649110640673518,12.649110640673518,0.0,588.6039862580021,266.54724913616906
783.0,49.32970596184584,12.649110640673518,12.649110640673518,13.88888888888889,12.649110640673518,12.649110640673518,0.0,588.2688938538039,267.4894332993331
784.0,49.40876290335005,12.649110640673518,12.649110640673518,13.88888888888889,12.649110640673518,12.649110640673518,0.0,587.929094737065,268.4299302301796
785.0,49.487819844854265,12.649110640673518,12.649110640673518,13.88888888888889,12.649110640673518,12.649110640673518,0.0,587.5845974027457,269.36871641633456
786.0,49.56687678635848,12.649110640673518,12.649110640673518,13.88888888888889,12.649110640673518,12.649110640673518,0.0,587.2354104632612,270.30576838819195
787.0,49.64593372786269,12.649110640673518,12.649110640673518,13.88888888888889,12.649110640673518,12.649110640673518,0.0,586.881542648267,271.2410627195015
788.0,49.7249906693669,12.649110640673518,12.649110640673518,13.88888888888889,12.649110640673518,12.649110640673518,0.0,586.5230028044401,272.17457602795344
789.0,49.804047610871116,12.649110640673518,12.649110640673518,13.88888888888889,12.649110640673518,12.649110640673518,0.0,586.1597998952577,273.1062849757638
790.0,49.88310455237533,12.649110640673518,12.649110640673518,13.88888888888889,12.649110640673518,12.649110640673518,0.0,585.7919430007739,274.03616627025735
791.0,49.96216149387954,12.649110640673518,12.649110640673518,13.88888888888889,12.649110640673518,12.649110640673518,0.0,585.4194413173916,274.96419666445024
792.0,50.041218435383755,12.649110640673518,12.649110640673518,13.88888888888889,12.649110640673518,12.649110640673518,0.0,585.0423041576337,275.8903529576309
793.0,50.12027537688797,12.649110640673518,12.649110640673518,13.88888888888889,12.649110640673518,12.649110640673518,0.0,584.6605409499093,276.8146119959402
794.0,50.19933231839218,12.649110640673518,12.649110640673518,13.88888888888889,12.649110640673518,12.649110640673518,0.0,584.274161238279,277.7369506729504
795.0,50.27838925989639,12.649110640673518,12.649110640673518,13.88888888888889,12.649110640673518,12.649110640673518,0.0,583.8831746822154,278.6573459302426
796.0,50.357446201400606,12.649110640673518,12.649110640673518,13.88888888888889,12.649110640673518,12.649110640673518,0.0,583.4875910563619,279.5757747579832
797.0,50.43650314290482,12.649110640673518,12.649110640673518,13.88888888888889,12.649110640673518,12.649110640673518,0.0,583.0874202502887,280.49221419549946
798.0,50.51556008440903,12.649110640673518,12.649110640673518,13.88888888888889,12.649110640673518,12.649110640673518,0.0,582.682672268245,281.4066413318531
799.0,50.594617025913244,12.649110640673518,12.649110640673518,13.88888888888889,12.649110640673518,12.649110640673518,0.0,582.2733572289094,282.3190333064134
800.0,50.67367396741746,12.649110640673518,12.649110640673518,13.88888888888889,12.649110640673518,12.649110640673518,0.0,581.8594853651364,283.2293673094285
801.0,50.75273090892167,12.649110640673518,12.649110640673518,13.88888888888889,12.649110640673518,12.649110640673518,0.0,581.4410670237011,284.1376205825957
802.0,50.83178785042588,12.649110640673518,12.649110640673518,13.88888888888889,12.649110640673518,12.649110640673518,0.0,581.0181126650402,285.0437704196305
803.0,50.910844791930096,12.649110640673518,12.649110640673518,13.88888888888889,12.649110640673518,12.649110640673518,0.0,580.5906328629908,285.94779416683417
804.0,50.98990173343431,12.649110640673518,12.649110640673518,13.88888888888889,12.649110640673518,12.649110640673518,0.0,580.1586383045254,286.8496692236601
805.0,51.06895867493852,12.649110640673518,12.649110640673518,13.88888888888889,12.649110640673518,12.649110640673518,0.0,579.7221397894858,287.7493730432788
806.0,51.148015616442734,12.649110640673518,12.649110640673518,13.88888888888889,12.649110640673518,12.649110640673518,0.0,579.2811482303119,288.64688313314184
807.0,51.22707255794695,12.649110640673518,12.649110640673518,13.88888888888889,12.649110640673518,12.649110640673518,0.0,578.8356746517699,289.54217705554345
808.0,51.30612949945116,12.649110640673518,12.649110640673518,13.88888888888889,12.649110640673518,12.649110640673518,0.0,578.3857301906759,290.43523242818236
809.0,51.38518644095537,12.649110640673518,12.649110640673518,13.88888888888889,12.649110640673518,12.649110640673518,0.0,577.931326095618,291.32602692472074
810.0,51.464243382459586,12.649110640673518,12.649110640673518,13.88888888888889,12.649110640673518,12.649110640673518,0.0,577.4724737266752,292.21453827534253
811.0,51.5433003239638,12.649110640673518,12.649110640673518,13.88888888888889,12.649110640673518,12.649110640673518,0.0,577.0091845551323,293.10074426731035
812.0,51.62235726546801,12.649110640673518,12.649110640673518,13.88888888888889,12.649110640673518,12.649110640673518,0.0,576.5414701631948,293.9846227455204
813.0,51.701414206972224,12.649110640673518,12.649110640673518,13.88888888888889,12.649110640673518,12.649110640673518,0.0,576.0693422436981,294.8661516130569
814.0,51.78047114847644,12.649110640673518,12.649110640673518,13.88888888888889,12.649110640673518,12.649110640673518,0.0,575.5928125998156,295.74530883174396
815.0,51.85952808998065,12.649110640673518,12.649110640673518,13.88888888888889,12.649110640673518,12.649110640673518,0.0,575.1118931447636,296.62207242269704
816.0,51.93858503148486,12.649110640673518,12.649110640673518,13.88888888888889,12.649110640673518,12.649110640673518,0.0,574.6265959015033,297.4964204668719
817.0,52.017641972989075,12.649110640673518,12.649110640673518,13.88888888888889,12.649110640673518,12.649110640673518,0.0,574.1369330024406,298.368331105613
818.0,52.09669891449329,12.649110640673518,12.649110640673518,13.88888888888889,12.649110640673518,12.649110640673518,0.0,573.6429166891226,299.23778254119975
819.0,52.1757558559975,12.649110640673518,12.649110640673518,13.88888888888889,12.649110640673518,12.649110640673518,0.0,573.1445593119311,300.10475303739173
820.0,52.254812797501714,12.649110640673518,12.649110640673518,13.88888888888889,12.649110640673518,12.649110640673518,0.0,572.6418733297747,300.9692209199715
821.0,52.33386973900593,12.649110640673518,12.649110640673518,13.88888888888889,12.649110640673518,12.649110640673518,0.0,572.1348713097769,301.83116457728704
822.0,52.41292668051014,12.649110640673518,12.649110640673518,13.88888888888889,12.649110640673518,12.649110640673518,0.0,571.6235659269618,302.6905624607919
823.0,52.49198362201435,12.649110640673518,12.649110640673518,13.88888888888889,12.649110640673518,12.649110640673518,0.0,571.1079699639371,303.54739308558374
824.0,52.571040563518565,12.649110640673518,12.649110640673518,13.88888888888889,12.649110640673518,12.649110640673518,0.0,570.5880963105752,304.40163503094146
825.0,52.65009750502278,12.649110640673518,12.649110640673518,13.88888888888889,12.649110640673518,12.649110640673518,0.0,570.0639579636904,305.253266940861
826.0,52.72915444652699,12.649110640673518,12.649110640673518,13.88888888888889,12.649110640673518,12.649110640673518,0.0,569.5355680267139,306.10226752458897
827.0,52.808211388031204,12.649110640673518,12.649110640673518,13.88888888888889,12.649110640673518,12.649110640673518,0.0,569.0029397093667,306.948615557155
828.0,52.88726832953542,12.649110640673518,12.649110640673518,13.88888888888889,12.649110640673518,12.649110640673518,0.0,568.4660863273291,307.7922898799023
829.0,52.96632527103963,12.649110640673518,12.649110640673518,13.88888888888889,12.649110640673518,12.649110640673518,0.0,567.9250213019076,308.6332694010168
830.0,53.04538221254384,12.649110640673518,12.649110640673518,13.88888888888889,12.649110640673518,12.649110640673518,0.0,567.3797581596996,309.4715330960542
831.0,53.124439154048055,12.649110640673518,12.649110640673518,13.88888888888889,12.649110640673518,12.649110640673518,0.0,566.8303105322552,310.30706000846595
832.0,53.20349609555227,12.649110640673518,12.649110640673518,13.88888888888889,12.649110640673518,12.649110640673518,0.0,566.2766921557366,311.13982925012255
833.0,53.28255303705648,12.649110640673518,12.649110640673518,13.88888888888889,12.649110640673518,12.649110640673518,0.0,565.7189168705744,311.9698200018364
834.0,53.36160997856069,12.649110640673518,12.649110640673518,13.88888888888889,12.649110640673518,12.649110640673518,0.0,565.1569986211216,312.797011513882
835.0,53.440666920064906,12.649110640673518,12.649110640673518,13.88888888888889,12.649110640673518,12.649110640673518,0.0,564.5909514553052,313.62138310651466
836.0,53.51972386156912,12.649110640673518,12.649110640673518,13.88888888888889,12.649110640673518,12.649110640673518,0.0,564.0207895242748,314.44291417048737
837.0,53.59878080307333,12.649110640673518,12.649110640673518,13.88888888888889,12.649110640673518,12.649110640673518,0.0,563.4465270820491,315.26158416756635
838.0,53.677837744577545,12.649110640673518,12.649110640673518,13.88888888888889,12.649110640673518,12.649110640673518,0.0,562.8681784851592,316.07737263104434
839.0,53.75689468608176,12.649110640673518,12.649110640673518,13.88888888888889,12.649110640673518,12.649110640673518,0.0,562.2857581922898,316.8902591662523
840.0,53.83595162758597,12.649110640673518,12.649110640673518,13.88888888888889,12.649110640673518,12.649110640673518,0.0,561.6992807639181,317.7002234510692
841.0,53.91500856909018,12.649110640673518,12.649110640673518,13.88888888888889,12.649110640673518,12.649110640673518,0.0,561.1087608619489,318.50724523642987
842.0,53.994065510594396,12.649110640673518,12.649110640673518,13.88888888888889,12.649110640673518,12.649110640673518,0.0,560.5142132493495,319.311304346832
843.0,54.07312245209861,12.649110640673518,12.649110640673518,13.88888888888889,12.649110640673518,12.649110640673518,0.0,559.9156527897788,320.1123806808395
844.0,54.15217939360282,12.649110640673518,12.649110640673518,13.88888888888889,12.649110640673518,12.649110640673518,0.0,559.3130944472173,320.91045421158594
845.0,54.231236335107035,12.649110640673518,12.649110640673518,13.88888888888889,12.649110640673518,12.649110640673518,0.0,558.7065532855922,321.7055049872744
846.0,54.31029327661125,12.649110640673518,12.649110640673518,13.88888888888889,12.649110640673518,12.649110640673518,0.0,558.0960444684009,322.49751313167707
847.0,54.38935021811546,12.649110640673518,12.649110640673518,13.88888888888889,12.649110640673518,12.649110640673518,0.0,557.4815832583322,323.28645884463145
848.0,54.46840715961967,12.649110640673518,12.649110640673518,13.88888888888889,12.649110640673518,12.649110640673518,0.0,556.863185016884,324.072322402536
849.0,54.547464101123886,12.649110640673518,12.649110640673518,13.88888888888889,12.649110640673518,12.649110640673518,0.0,556.2408652039804,324.85508415884243
850.0,54.6265210426281,12.649110640673518,12.649110640673518,13.88888888888889,12.649110640673518,12.649110640673518,0.0,555.6146393775842,325.6347245445478
851.0,54.70557798413231,12.649110640673518,12.649110640673518,13.88888888888889,12.649110640673518,12.649110640673518,0.0,554.9845231933086,326.41122406868305
852.0,54.784634925636524,12.649110640673518,12.649110640673518,13.88888888888889,12.649110640673518,12.649110640673518,0.0,554.3505324040251,327.18456331880054
853.0,54.86369186714074,12.649110640673518,12.649110640673518,13.88888888888889,12.649110640673518,12.649110640673518,0.0,553.7126828594708,327.9547229614592
854.0,54.94274880864495,12.649110640673518,12.649110640673518,13.88888888888889,12.649110640673518,12.649110640673518,0.0,553.0709905058507,328.72168374270814
855.0,55.02180575014916,12.649110640673518,12.649110640673518,13.88888888888889,12.649110640673518,12.649110640673518,0.0,552.4254713854405,329.48542648856767
856.0,55.100862691653376,12.649110640673518,12.649110640673518,13.88888888888889,12.649110640673518,12.649110640673518,0.0,551.7761416361843,330.24593210550916
857.0,55.17991963315759,12.649110640673518,12.649110640673518,13.88888888888889,12.649110640673518,12.649110640673518,0.0,551.1230174912923,331.00318158093154
858.0,55.2589765746618,12.649110640673518,12.649110640673518,13.88888888888889,12.649110640673518,12.649110640673518,0.0,550.4661152788342,331.7571559836376
859.0,55.338033516166014,12.649110640673518,12.649110640673518,13.88888888888889,12.649110640673518,12.649110640673518,0.0,549.8054514213306,332.50783646430625
860.0,55.41709045767023,12.649110640673518,12.649110640673518,13.88888888888889,12.649110640673518,12.649110640673518,0.0,549.1410424353439,333.2552042559649
861.0,55.49614739917444,12.649110640673518,12.649110640673518,13.88888888888889,12.649110640673518,12.649110640673518,0.0,548.4729049310642,333.9992406744574
862.0,55.57520434067865,12.649110640673518,12.649110640673518,13.88888888888889,12.649110640673518,12.649110640673518,0.0,547.8010556118942,334.7399271189122
863.0,55.654261282182866,12.649110640673518,12.649110640673518,13.88888888888889,12.649110640673518,12.649110640673518,0.0,547.1255112740317,335.4772450722067
864.0,55.73331822368708,12.649110640673518,12.649110640673518,13.88888888888889,12.649110640673518,12.649110640673518,0.0,546.4462888060502,336.2111761014305
865.0,55.81237516519129,12.649110640673518,12.649110640673518,13.88888888888889,12.649110640673518,12.649110640673518,0.0,545.763405188476,336.9417018583461
866.0,55.891432106695504,12.649110640673518,12.649110640673518,13.88888888888889,12.649110640673518,12.649110640673518,0.0,545.0768774933639,337.6688040798477
867.0,55.97048904819972,12.649110640673518,12.649110640673518,13.88888888888889,12.649110640673518,12.649110640673518,0.0,544.3867228838706,338.3924645884174
868.0,56.04954598970393,12.649110640673518,12.649110640673518,13.88888888888889,12.649110640673518,12.649110640673518,0.0,543.6929586138252,339.1126652925804
869.0,56.12860293120814,12.649110640673518,12.649110640673518,13.88888888888889,12.649110640673518,12.649110640673518,0.0,542.9956020272986,339.8293881873566
870.0,56.207659872712355,12.649110640673518,12.649110640673518,13.88888888888889,12.649110640673518,12.649110640673518,0.0,542.2946705581688,340.5426153547108
871.0,56.28671681421657,12.649110640673518,12.649110640673518,13.88888888888889,12.649110640673518,12.649110640673518,0.0,541.5901817296865,341.2523289640011
872.0,56.36577375572078,12.649110640673518,12.649110640673518,13.88888888888889,12.649110640673518,12.649110640673518,0.0,540.8821531540352,341.9585112724241
873.0,56.444830697224994,12.649110640673518,12.649110640673518,13.88888888888889,12.649110640673518,12.649110640673518,0.0,540.1706025318928,342.66114462545903
874.0,56.52388763872921,12.649110640673518,12.649110640673518,13.88888888888889,12.649110640673518,12.649110640673518,0.0,539.4555476519876,343.36021145730854
875.0,56.60294458023342,12.649110640673518,12.649110640673518,13.88888888888889,12.649110640673518,12.649110640673518,0.0,538.7370063906544,344.05569429133834
876.0,56.68200152173763,12.649110640673518,12.649110640673518,13.88888888888889,12.649110640673518,12.649110640673518,0.0,538.0149967113873,344.7475757405137
877.0,56.761058463241845,12.649110640673518,12.649110640673518,13.88888888888889,12.649110640673518,12.649110640673518,0.0,537.2895366643907,345.43583850783455
878.0,56.84011540474606,12.649110640673518,12.649110640673518,13.88888888888889,12.649110640673518,12.649110640673518,0.0,536.5606443861279,346.1204653867675
879.0,56.91917234625027,12.649110640673518,12.649110640673518,13.88888888888889,12.649110640673518,12.649110640673518,0.0,535.8283380988681,346.801439261676
880.0,56.998229287754484,12.649110640673518,12.649110640673518,13.88888888888889,12.649110640673518,12.649110640673518,0.0,535.0926361102302,347.47874310824903
881.0,57.077286229258696,12.649110640673518,12.649110640673518,13.88888888888889,12.649110640673518,12.649110640673518,0.0,534.3535568127255,348.1523599939256
882.0,57.15634317076291,12.649110640673518,12.649110640673518,13.88888888888889,12.649110640673518,12.649110640673518,0.0,533.6111186832982,348.8222730783185
883.0,57.23540011226712,12.649110640673518,12.649110640673518,13.88888888888889,12.649110640673518,12.649110640673518,0.0,532.8653402828627,349.4884656136356
884.0,57.314457053771335,12.649110640673518,12.649110640673518,13.88888888888889,12.649110640673518,12.649110640673518,0.0,532.1162402558401,350.15092094509816
885.0,57.39351399527555,12.649110640673518,12.649110640673518,13.88888888888889,12.649110640673518,12.649110640673518,0.0,531.3638373296922,350.8096225113576
886.0,57.47257093677976,12.649110640673518,12.649110640673518,13.88888888888889,12.649110640673518,12.649110640673518,0.0,530.6081503144529,351.4645538449088
887.0,57.55162787828397,12.649110640673518,12.649110640673518,13.88888888888889,12.649110640673518,12.649110640673518,0.0,529.8491981022584,352.1156985725026
888.0,57.630684819788186,12.649110640673518,12.649110640673518,13.88888888888889,12.649110640673518,12.649110640673518,0.0,529.0869996668741,352.7630404155548
889.0,57.7097417612924,12.649110640673518,12.649110640673518,13.88888888888889,12.649110640673518,12.649110640673518,0.0,528.3215740632215,353.4065631905531
890.0,57.78879870279661,12.649110640673518,12.649110640673518,13.88888888888889,12.649110640673518,12.649110640673518,0.0,527.5529404269007,354.04625080946147
891.0,57.867855644300825,12.649110640673518,12.649110640673518,13.88888888888889,12.649110640673518,12.649110640673518,0.0,526.7811179737126,354.68208728012286
892.0,57.94691258580504,12.649110640673518,12.649110640673518,13.88888888888889,12.649110640673518,12.649110640673518,0.0,526.0061259991785,355.3140567066586
893.0,58.02596952730925,12.649110640673518,12.649110640673518,13.88888888888889,12.649110640673518,12.649110640673518,0.0,525.2279838780571,355.94214328986595
894.0,58.10502646881346,12.649110640673518,12.649110640673518,13.88888888888889,12.649110640673518,12.649110640673518,0.0,524.4467110638609,356.56633132761306
895.0,58.184083410317676,12.649110640673518,12.649110640673518,13.88888888888889,12.649110640673518,12.649110640673518,0.0,523.6623270883699,357.18660521523145
896.0,58.26314035182189,12.649110640673518,12.649110640673518,13.88888888888889,12.649110640673518,12.649110640673518,0.0,522.8748515611423,357.8029494459062
897.0,58.3421972933261,12.649110640673518,12.649110640673518,13.88888888888889,12.649110640673518,12.649110640673518,0.0,522.0843041690255,358.41534861106373
898.0,58.421254234830315,12.649110640673518,12.649110640673518,13.88888888888889,12.649110640673518,12.649110640673518,0.0,521.2907046756629,359.0237874007569
899.0,58.50031117633453,12.649110640673518,12.649110640673518,13.88888888888889,12.649110640673518,12.649110640673518,0.0,520.4940729210008,359.62825060404737
900.0,58.57936811783874,12.649110640673518,12.649110640673518,13.88888888888889,12.649110640673518,12.649110640673518,0.0,519.6944288207912,360.2287231093867
901.0,58.65842505934295,12.649110640673518,12.649110640673518,13.88888888888889,12.649110640673518,12.649110640673518,0.0,518.8917923660954,360.8251899049936
902.0,58.737482000847166,12.649110640673518,12.649110640673518,13.88888888888889,12.649110640673518,12.649110640673518,0.0,518.0861836227825,361.4176360792292
903.0,58.81653894235138,12.649110640673518,12.649110640673518,13.88888888888889,12.649110640673518,12.649110640673518,0.0,517.2776227310295,362.00604682096997
904.0,58.89559588385559,12.649110640673518,12.649110640673518,13.88888888888889,12.649110640673518,12.649110640673518,0.0,516.4661299048164,362.59040741997796
905.0,58.974652825359804,12.649110640673518,12.649110640673518,13.88888888888889,12.649110640673518,12.649110640673518,0.0,515.6517254314216,363.1707032672688
906.0,59.05370976686402,12.649110640673518,12.649110640673518,13.88888888888889,12.649110640673518,12.649110640673518,0.0,514.8344296709145,363.7469198554764
907.0,59.13276670836823,12.649110640673518,12.649110640673518,13.88888888888889,12.649110640673518,12.649110640673518,0.0,514.0142630556466,364.319042779216
908.0,59.21182364987244,12.649110640673518,12.649110640673518,13.88888888888889,12.649110640673518,12.649110640673518,0.0,513.1912460897406,364.88705773544444
909.0,59.290880591376656,12.649110640673518,12.649110640673518,13.88888888888889,12.649110640673518,12.649110640673518,0.0,512.3653993485776,365.45095052381737
910.0,59.36993753288087,12.649110640673518,12.649110640673518,13.88888888888889,12.649110640673518,12.649110640673518,0.0,511.5367434782833,366.01070704704443
911.0,59.44899447438508,12.649110640673518,12.649110640673518,13.88888888888889,12.649110640673518,12.649110640673518,0.0,510.7052991952113,366.56631331124174
912.0,59.528051415889294,12.649110640673518,12.649110640673518,13.88888888888889,12.649110640673518,12.649110640673518,0.0,509.87108728542535,367.1177554262815
913.0,59.60710835739351,12.649110640673518,12.649110640673518,13.88888888888889,12.649110640673518,12.649110640673518,0.0,509.0341286041796,367.66501960613965
914.0,59.68616529889772,12.649110640673518,12.649110640673518,13.88888888888889,12.649110640673518,12.649110640673518,0.0,508.1944440753977,368.2080921692403
915.0,59.76522224040193,12.649110640673518,12.649110640673518,13.88888888888889,12.649110640673518,12.649110640673518,0.0,507.35205469114896,368.7469595387975
916.0,59.844279181906145,12.649110640673518,12.649110640673518,13.88888888888889,12.649110640673518,12.649110640673518,0.0,506.5069815111242,369.2816082431551
917.0,59.92333612341036,12.649110640673518,12.649110640673518,13.88888888888889,12.649110640673518,12.649110640673518,0.0,505.65924566210896,369.8120249161234
918.0,60.00239306491457,12.649110640673518,12.649110640673518,13.88888888888889,12.649110640673518,12.649110640673518,0.0,504.80886833745524,370.33819629731306
919.0,60.081450006418784,12.649110640673518,12.649110640673518,13.88888888888889,12.649110640673518,12.649110640673518,0.0,503.9558707965518,370.8601092324672
920.0,60.160506947923,12.649110640673518,12.649110640673518,13.88888888888889,12.649110640673518,12.649110640673518,0.0,503.10027436429283,371.3777506737895
921.0,60.23956388942721,12.649110640673518,12.649110640673518,13.88888888888889,12.649110640673518,12.649110640673518,0.0,502.2421004305446,371.89110768027075
922.0,60.31862083093142,12.649110640673518,12.649110640673518,13.88888888888889,12.649110640673518,12.649110640673518,0.0,501.3813704496107,372.4001674180127
923.0,60.397677772435635,12.649110640673518,12.649110640673518,13.88888888888889,12.649110640673518,12.649110640673518,0.0,500.5181059396957,372.9049171605484
924.0,60.47673471393985,12.649110640673518,12.649110640673518,13.88888888888889,12.649110640673518,12.649110640673518,0.0,499.6523284823677,373.40534428916044
925.0,60.55579165544406,12.649110640673518,12.649110640673518,13.88888888888889,12.649110640673518,12.649110640673518,0.0,498.78405972201784,373.90143629319687
926.0,60.634848596948274,12.649110640673518,12.649110640673518,13.88888888888889,12.649110640673518,12.649110640673518,0.0,497.9133213653199,374.3931807703833
927.0,60.71390553845249,12.649110640673518,12.649110640673518,13.88888888888889,12.649110640673518,12.649110640673518,0.0,497.0401351806874,374.8805654271335
928.0,60.7929624799567,12.649110640673518,12.649110640673518,13.88888888888889,12.649110640673518,12.649110640673518,0.0,496.16452299772965,375.3635780788563
929.0,60.87201942146091,12.649110640673518,12.649110640673518,13.88888888888889,12.649110640673518,12.649110640673518,0.0,495.2865067067055,375.84220665026066
930.0,60.951076362965125,12.649110640673518,12.649110640673518,13.88888888888889,12.649110640673518,12.649110640673518,0.0,494.40610825797654,376.3164391756572
931.0,61.03013330446934,12.649110640673518,12.649110640673518,13.88888888888889,12.649110640673518,12.649110640673518,0.0,493.52334966145804,376.78626379925754
932.0,61.10919024597355,12.649110640673518,12.649110640673518,13.88888888888889,12.649110640673518,12.649110640673518,0.0,492.638252986069,377.2516687754704
933.0,61.188247187477764,12.649110640673518,12.649110640673518,13.88888888888889,12.649110640673518,12.649110640673518,0.0,491.7508403591803,377.71264246919577
934.0,61.267304128981976,12.649110640673518,12.649110640673518,13.88888888888889,12.649110640673518,12.649110640673518,0.0,490.8611339660613,378.16917335611527
935.0,61.34636107048619,12.649110640673518,12.649110640673518,13.88888888888889,12.649110640673518,12.649110640673518,0.0,489.9691560493254,378.6212500229806
936.0,61.4254180119904,12.649110640673518,12.649110640673518,13.88888888888889,12.649110640673518,12.649110640673518,0.0,489.0749289083742,379.06886116789843
937.0,61.504474953494615,12.649110640673518,12.649110640673518,13.88888888888889,12.649110640673518,12.649110640673518,0.0,488.1784748988397,379.51199560061355
938.0,61.58353189499883,12.649110640673518,12.649110640673518,13.88888888888889,12.649110640673518,12.649110640673518,0.0,487.27981643202526,379.95064224278826
939.0,61.66258883650304,12.649110640673518,12.649110640673518,13.88888888888889,12.649110640673518,12.649110640673518,0.0,486.37897597434585,380.38479012827935
940.0,61.74164577800725,12.649110640673518,12.649110640673518,13.88888888888889,12.649110640673518,12.649110640673518,0.0,485.47597604676594,380.81442840341225
941.0,61.820702719511466,12.649110640673518,12.649110640673518,13.88888888888889,12.649110640673518,12.649110640673518,0.0,484.5708392242368,381.23954632725247
942.0,61.89975966101568,12.649110640673518,12.649110640673518,13.88888888888889,12.649110640673518,12.649110640673518,0.0,483.6635881351318,381.660133271874
943.0,61.97881660251989,12.649110640673518,12.649110640673518,13.88888888888889,12.649110640673518,12.649110640673518,0.0,482.75424546068086,382.0761787226253
944.0,62.057873544024105,12.649110640673518,12.649110640673518,13.88888888888889,12.649110640673518,12.649110640673518,0.0,481.8428339344035,382.4876722783916
945.0,62.13693048552832,12.649110640673518,12.649110640673518,13.88888888888889,12.649110640673518,12.649110640673518,0.0,480.92937634154043,382.8946036518555
946.0,62.21598742703253,12.649110640673518,12.649110640673518,13.88888888888889,12.649110640673518,12.649110640673518,0.0,480.0138955184839,383.29696266975384
947.0,62.29504436853674,12.649110640673518,12.649110640673518,13.88888888888889,12.649110640673518,12.649110640673518,0.0,479.0964143522068,383.69473927313214
948.0,62.374101310040956,12.649110640673518,12.649110640673518,13.88888888888889,12.649110640673518,12.649110640673518,0.0,478.17695577969045,384.08792351759615
949.0,62.45315825154517,12.649110640673518,12.649110640673518,13.88888888888889,12.649110640673518,12.649110640673518,0.0,477.2555427873514,384.47650557355996
950.0,62.53221519304938,12.649110640673518,12.649110640673518,13.88888888888889,12.649110640673518,12.649110640673518,0.0,476.33219841046633,384.8604757264927
951.0,62.611272134553595,12.649110640673518,12.649110640673518,13.88888888888889,12.649110640673518,12.649110640673518,0.0,475.4069457325967,385.23982437716035
952.0,62.69032907605781,12.649110640673518,12.649110640673518,13.88888888888889,12.649110640673518,12.649110640673518,0.0,474.47980788501104,385.6145420418665
953.0,62.76938601756202,12.649110640673518,12.649110640673518,13.88888888888889,12.649110640673518,12.649110640673518,0.0,473.55080804610753,385.98461935268904
954.0,62.84844295906623,12.649110640673518,12.649110640673518,13.88888888888889,12.649110640673518,12.649110640673518,0.0,472.61996944083364,386.35004705771445
955.0,62.927499900570446,12.649110640673518,12.649110640673518,13.88888888888889,12.649110640673518,12.649110640673518,0.0,471.687315340106,386.7108160212691
956.0,63.00655684207466,12.649110640673518,12.649110640673518,13.88888888888889,12.649110640673518,12.649110640673518,0.0,470.75286906022853,387.06691722414774
957.0,63.08561378357887,12.649110640673518,12.649110640673518,13.88888888888889,12.649110640673518,12.649110640673518,0.0,469.81665396230966,387.41834176383884
958.0,63.164670725083084,12.649110640673518,12.649110640673518,13.88888888888889,12.649110640673518,12.649110640673518,0.0,468.878693451678,387.7650808547472
959.0,63.2437276665873,12.649110640673518,12.649110640673518,13.88888888888889,12.649110640673518,12.649110640673518,0.0,467.93901097729747,388.10712582841364
960.0,63.32278460809151,12.649110640673518,12.649110640673518,13.88888888888889,12.649110640673518,12.649110640673518,0.0,466.99763003118096,388.4444681337317
961.0,63.40184154959572,12.649110640673518,12.649110640673518,13.88888888888889,12.649110640673518,12.649110640673518,0.0,466.0545741478031,388.777099337161
962.0,63.480898491099936,12.649110640673518,12.649110640673518,13.88888888888889,12.649110640673518,12.649110640673518,0.0,465.109866903512,389.1050111229392
963.0,63.55995543260415,12.649110640673518,12.649110640673518,13.88888888888889,12.649110640673518,12.649110640673518,0.0,464.1635319159394,389.42819529328847
964.0,63.63901237410836,12.649110640673518,12.649110640673518,13.88888888888889,12.649110640673518,12.649110640673518,0.0,463.2155928434108,389.74664376862137
965.0,63.718069315612574,12.649110640673518,12.649110640673518,13.88888888888889,12.649110640673518,12.649110640673518,0.0,462.26607338435343,390.06034858774285
966.0,63.79712625711679,12.649110640673518,12.649110640673518,13.88888888888889,12.649110640673518,12.649110640673518,0.0,461.3149972767046,390.3693019080485
967.0,63.876183198621,12.649110640673518,12.649110640673518,13.88888888888889,12.649110640673518,12.649110640673518,0.0,460.3623882973173,390.6734960057215
968.0,63.95524014012521,12.649110640673518,12.649110640673518,13.88888888888889,12.649110640673518,12.649110640673518,0.0,459.4082702613665,390.97292327592527
969.0,64.03429708162942,12.649110640673518,12.649110640673518,13.88888888888889,12.649110640673518,12.649110640673518,0.0,458.4526670217532,391.26757623299363
970.0,64.11335402313362,12.649110640673518,12.649110640673518,13.88888888888889,12.649110640673518,12.649110640673518,0.0,457.4956024685089,391.55744751061803
971.0,64.19241096463783,12.649110640673518,12.649110640673518,13.88888888888889,12.649110640673518,12.649110640673518,0.0,456.5371005281974,391.8425298620316
972.0,64.27146790614204,12.649110640673518,12.649110640673518,13.88888888888889,12.649110640673518,12.649110640673518,0.0,455.5771851633174,392.12281616019044
973.0,64.35052484764624,12.649110640673518,12.649110640673518,13.88888888888889,12.649110640673518,12.649110640673518,0.0,454.6158803717028,392.3982993979517
974.0,64.42958178915045,12.649110640673518,12.649110640673518,13.88888888888889,12.649110640673518,12.649110640673518,0.0,453.65321018592357,392.66897268824863
975.0,64.50863873065465,12.649110640673518,12.649110640673518,13.88888888888889,12.649110640673518,12.649110640673518,0.0,452.68919867268414,392.93482926426327
976.0,64.58769567215886,12.649110640673518,12.649110640673518,13.88888888888889,12.649110640673518,12.649110640673518,0.0,451.72386993222216,393.19586247959495
977.0,64.66675261366306,12.649110640673518,12.649110640673518,13.88888888888889,12.649110640673518,12.649110640673518,0.0,450.7572480977057,393.452065808427
978.0,64.74580955516727,12.649110640673518,12.649110640673518,13.88888888888889,12.649110640673518,12.649110640673518,0.0,449.7893573346305,393.70343284568935
979.0,64.82486649667148,12.649110640673518,12.649110640673518,13.88888888888889,12.649110640673518,12.649110640673518,0.0,448.82022184021514,393.9499573072193
980.0,64.90392343817568,12.649110640673518,12.649110640673518,13.88888888888889,12.649110640673518,12.649110640673518,0.0,447.8498658427965,394.1916330299181
981.0,64.98298037967989,12.649110640673518,12.649110640673518,13.88888888888889,12.649110640673518,12.649110640673518,0.0,446.87831360122385,394.4284539719053
982.0,65.06203732118409,12.649110640673518,12.649110640673518,13.88888888888889,12.649110640673518,12.649110640673518,0.0,445.90558940425285,394.6604142126697
983.0,65.1410942626883,12.649110640673518,12.649110640673518,13.88888888888889,12.649110640673518,12.649110640673518,0.0,444.93171756993763,394.8875079532173
984.0,65.2201512041925,12.649110640673518,12.649110640673518,13.88888888888889,12.649110640673518,12.649110640673518,0.0,443.9567224450234,395.10972951621653
985.0,65.29920814569671,12.649110640673518,12.649110640673518,13.88888888888889,12.649110640673518,12.649110640673518,0.0,442.9806284043373,395.3270733461398
986.0,65.37826508720092,12.649110640673518,12.649110640673518,13.88888888888889,12.649110640673518,12.649110640673518,0.0,442.0034598501798,395.53953400940264
987.0,65.45732202870512,12.649110640673518,12.649110640673518,13.88888888888889,12.649110640673518,12.649110640673518,0.0,441.02524121171376,395.74710619449957
988.0,65.53637897020933,12.649110640673518,12.649110640673518,13.88888888888889,12.649110640673518,12.649110640673518,0.0,440.0459969443541,395.9497847121368
989.0,65.61543591171353,12.649110640673518,12.649110640673518,13.88888888888889,12.649110640673518,12.649110640673518,0.0,439.06575152915656,396.147564495362
990.0,65.69449285321774,12.649110640673518,12.649110640673518,13.88888888888889,12.649110640673518,12.649110640673518,0.0,438.0845294722054,396.3404405996908
991.0,65.77354979472194,12.649110640673518,12.649110640673518,13.88888888888889,12.649110640673518,12.649110640673518,0.0,437.1023553040011,396.52840820323064
992.0,65.85260673622615,12.649110640673518,12.649110640673518,13.88888888888889,12.649110640673518,12.649110640673518,0.0,436.1192535788466,396.7114626068013
993.0,65.93166367773036,12.649110640673518,12.649110640673518,13.88888888888889,12.649110640673518,12.649110640673518,0.0,435.1352488742338,396.8895992340521
994.0,66.01072061923456,12.649110640673518,12.649110640673518,13.88888888888889,12.649110640673518,12.649110640673518,0.0,434.15036579022905,397.0628136315768
995.0,66.08977756073877,12.649110640673518,12.649110640673518,13.88888888888889,12.649110640673518,12.649110640673518,0.0,433.1646289488583,397.2311014690243
996.0,66.16883450224297,12.649110640673518,12.649110640673518,13.88888888888889,12.649110640673518,12.649110640673518,0.0,432.17806299349115,397.3944585392075
997.0,66.24789144374718,12.649110640673518,12.649110640673518,13.88888888888889,12.649110640673518,12.649110640673518,0.0,431.1906925882251,397.55288075820823
998.0,66.32694838525138,12.649110640673518,12.649110640673518,13.88888888888889,12.649110640673518,12.649110640673518,0.0,430.2025424172688,397.70636416547916
999.0,66.40600532675559,12.649110640673518,12.649110640673518,13.88888888888889,12.649110640673518,12.649110640673518,0.0,429.21363718432514,397.8549049239432
1000.0,66.4850622682598,12.649110640673518,12.649110640673518,13.88888888888889,12.649110640673518,12.649110640673518,1.0,428.22400161197345,397.9984993200891
1001.0,66.56387368894413,12.727922061357857,inf,19.444444444444443,19.444444444444443,19.444444444444443,1.0,427.234009115373,398.13961932814897
1002.0,66.64220010245197,12.806248474865699,inf,19.444444444444443,19.444444444444443,19.444444444444443,1.0,426.24401661877255,398.2807393362088
1003.0,66.7200503543114,12.884098726725126,inf,19.444444444444443,19.444444444444443,19.444444444444443,0.9999999999999858,425.2540241221721,398.4218593442687
1004.0,66.797433024402,12.96148139681572,inf,19.444444444444443,19.444444444444443,19.444444444444443,1.0000000000000142,424.26403162557165,398.56297935232857
1005.0,66.87435643799158,13.038404810405298,inf,19.444444444444443,19.444444444444443,19.444444444444443,1.0,423.2740391289712,398.7040993603884
1006.0,66.95082867619028,13.114877048604002,inf,19.444444444444443,19.444444444444443,19.444444444444443,0.9999999999999858,422.2840466323708,398.8452193684483
1007.0,67.0268575858592,13.19090595827292,inf,19.444444444444443,19.444444444444443,19.444444444444443,1.0,421.29405413577035,398.98633937650817
1008.0,67.10245078900789,13.2664991614216,inf,19.444444444444443,19.444444444444443,19.444444444444443,1.0,420.3040616391699,399.127459384568
1009.0,67.17761569171262,13.341664064126334,inf,19.444444444444443,19.444444444444443,19.444444444444443,1.0000000000000142,419.31406914256945,399.2685793926279
1010.0,67.25235949258501,13.416407864998739,inf,19.444444444444443,19.444444444444443,19.444444444444443,0.9999999999999858,418.324076645969,399.40969940068777
1011.0,67.32668919081831,13.490737563232042,inf,19.444444444444443,19.444444444444443,19.444444444444443,1.0,417.33408414936855,399.5508194087476
1012.0,67.40061159383681,13.564659966250536,inf,19.444444444444443,19.444444444444443,19.444444444444443,0.9999999999999858,416.3440916527681,399.6919394168075
1013.0,67.47413332457214,13.638181696985855,inf,19.444444444444443,19.444444444444443,19.444444444444443,1.0000000000000142,415.35409915616765,399.8330594248674
1014.0,67.54726082838837,13.711309200802088,inf,19.444444444444443,19.444444444444443,19.444444444444443,1.0,414.3641066595672,399.9741794329272
1015.0,67.62000037967651,13.784048752090222,inf,19.444444444444443,19.444444444444443,19.444444444444443,0.9999999999999858,413.37411416296675,400.1152994409871
1016.0,67.69235808813731,13.856406460551018,inf,19.444444444444443,19.444444444444443,19.444444444444443,1.0000000000000142,412.3841216663663,400.256419449047
1017.0,67.76433990477041,13.92838827718412,inf,19.444444444444443,19.444444444444443,19.444444444444443,1.0,411.39412916976585,400.3975394571068
1018.0,67.83595162758628,14.0,inf,19.444444444444443,19.444444444444443,19.444444444444443,1.0,410.40413667316545,400.5386594651667
1019.0,67.90719890705657,14.071247279470288,inf,19.444444444444443,19.444444444444443,19.444444444444443,1.0000000000000142,409.414144176565,400.6797794732266
1020.0,67.97808725131723,14.142135623730951,inf,19.444444444444443,19.444444444444443,19.444444444444443,1.0,408.42415167996455,400.8208994812864
1021.0,68.04862203113818,14.212670403551897,inf,19.444444444444443,19.444444444444443,19.444444444444443,1.0,407.4341591833641,400.9620194893463
1022.0,68.11880848467199,14.2828568570857,inf,19.444444444444443,19.444444444444443,19.444444444444443,1.0,406.44416668676365,401.1031394974062
1023.0,68.18865172199361,14.352700094407325,inf,19.444444444444443,19.444444444444443,19.444444444444443,1.0,405.4541741901632,401.244259505466
1024.0,68.25815672944225,14.422205101855958,inf,19.444444444444443,19.444444444444443,19.444444444444443,1.0,404.46418169356275,401.3853795135259
1025.0,68.32732837377573,14.49137674618944,inf,19.444444444444443,19.444444444444443,19.444444444444443,1.0,403.4741891969623,401.5264995215858
1026.0,68.39617140614733,14.560219778561038,inf,19.444444444444443,19.444444444444443,19.444444444444443,1.0000000000000142,402.48419670036185,401.6676195296456
1027.0,68.46469046591409,14.628738838327795,inf,19.444444444444443,19.444444444444443,19.444444444444443,1.0,401.4942042037614,401.8087395377055
1028.0,68.53289008428537,14.69693845669907,inf,19.444444444444443,19.444444444444443,19.444444444444443,1.0,400.50421170716095,401.9498595457654
1029.0,68.60077468781971,14.764823060233402,inf,19.444444444444443,19.444444444444443,19.444444444444443,1.0,399.51421921056055,402.0909795538252
1030.0,68.66834860177764,14.832396974191328,inf,19.444444444444443,19.444444444444443,19.444444444444443,1.0,398.5242267139601,402.2320995618851
1031.0,68.73561605333765,14.899664425751341,inf,19.444444444444443,19.444444444444443,19.444444444444443,1.0,397.53423421735965,402.373219569945
1032.0,68.80258117468208,14.966629547095767,inf,19.444444444444443,19.444444444444443,19.444444444444443,1.0,396.5442417207592,402.5143395780048
1033.0,68.86924800595922,15.03329637837291,inf,19.444444444444443,19.444444444444443,19.444444444444443,1.0,395.55424922415875,402.6554595860647
1034.0,68.93562049812782,15.099668870541501,inf,19.444444444444443,19.444444444444443,19.444444444444443,1.0,394.5642567275583,402.7965795941246
1035.0,69.00170251568942,15.165750888103103,inf,19.444444444444443,19.444444444444443,19.444444444444443,1.0000000000000142,393.57426423095785,402.9376996021844
1036.0,69.06749783931413,15.231546211727819,inf,19.444444444444443,19.444444444444443,19.444444444444443,1.0,392.5842717343574,403.0788196102443
1037.0,69.13301016836466,15.297058540778357,inf,19.444444444444443,19.444444444444443,19.444444444444443,1.0,391.59427923775695,403.2199396183042
1038.0,69.19824312332352,15.36229149573722,inf,19.444444444444443,19.444444444444443,19.444444444444443,1.0,390.6042867411565,403.361059626364
1039.0,69.26320024812782,15.427248620541516,inf,19.444444444444443,19.444444444444443,19.444444444444443,1.0,389.61429424455605,403.5021796344239
1040.0,69.32788501241598,15.49193338482967,inf,19.444444444444443,19.444444444444443,19.444444444444443,1.0,388.62430174795566,403.6432996424838
1041.0,69.39230081369035,15.556349186104049,inf,19.444444444444443,19.444444444444443,19.444444444444443,1.0,387.6343092513552,403.7844196505436
1042.0,69.45645097939962,15.620499351813312,inf,19.444444444444443,19.444444444444443,19.444444444444443,1.0,386.64431675475475,403.9255396586035
1043.0,69.52033876894443,15.684387141358124,inf,19.444444444444443,19.444444444444443,19.444444444444443,0.9999999999999858,385.6543242581543,404.0666596666634
1044.0,69.58396737560993,15.748015748023624,inf,19.444444444444443,19.444444444444443,19.444444444444443,1.0,384.66433176155385,404.2077796747232
1045.0,69.64733992842821,15.811388300841898,inf,19.444444444444443,19.444444444444443,19.444444444444443,1.0000000000000142,383.6743392649534,404.3488996827831
1046.0,69.71045949397386,15.874507866387546,inf,19.444444444444443,19.444444444444443,19.444444444444443,1.0,382.68434676835295,404.490019690843
1047.0,69.77332907809554,15.93737745050923,inf,19.444444444444443,19.444444444444443,19.444444444444443,1.0000000000000142,381.6943542717525,404.6311396989028
1048.0,69.83595162758631,16.000000000000004,inf,19.444444444444443,19.444444444444443,19.444444444444443,1.0,380.70436177515205,404.7722597069627
1049.0,69.89833003179533,16.062378404209014,inf,19.444444444444443,19.444444444444443,19.444444444444443,0.9999999999999716,379.7143692785516,404.9133797150226
1050.0,69.96046712418341,16.124515496597102,inf,19.444444444444443,19.444444444444443,19.444444444444443,1.0,378.72437678195115,405.0544997230824
1051.0,70.02236568382496,16.186414056238647,inf,19.444444444444443,19.444444444444443,19.444444444444443,1.0,377.73438428535076,405.1956197311423
1052.0,70.08402843685823,16.24807680927192,inf,19.444444444444443,19.444444444444443,19.444444444444443,1.0000000000000284,376.7443917887503,405.3367397392022
1053.0,70.1454580578864,16.309506430300093,inf,19.444444444444443,19.444444444444443,19.444444444444443,1.0,375.75439929214986,405.477859747262
1054.0,70.20665717133122,16.370705543744904,inf,19.444444444444443,19.444444444444443,19.444444444444443,1.0,374.7644067955494,405.6189797553219
1055.0,70.2676283527413,16.431676725154986,inf,19.444444444444443,19.444444444444443,19.444444444444443,1.0,373.77441429894895,405.7600997633818
1056.0,70.32837413005696,16.492422502470646,inf,19.444444444444443,19.444444444444443,19.444444444444443,1.0,372.7844218023485,405.9012197714416
1057.0,70.38889698483317,16.552945357246852,inf,19.444444444444443,19.444444444444443,19.444444444444443,1.0,371.79442930574805,406.0423397795015
1058.0,70.44919935342247,16.613247725836153,inf,19.444444444444443,19.444444444444443,19.444444444444443,0.9999999999999716,370.8044368091476,406.1834597875614
1059.0,70.50928362811939,16.67333200053307,inf,19.444444444444443,19.444444444444443,19.444444444444443,0.9999999999999716,369.81444431254715,406.3245797956213
1060.0,70.56915215826784,16.73320053068151,inf,19.444444444444443,19.444444444444443,19.444444444444443,1.0,368.8244518159467,406.4656998036811
1061.0,70.628807251333,16.792855623746664,inf,19.444444444444443,19.444444444444443,19.444444444444443,1.0,367.83445931934625,406.606819811741
1062.0,70.68825117393905,16.852299546352718,inf,19.444444444444443,19.444444444444443,19.444444444444443,1.0,366.84446682274586,406.7479398198009
1063.0,70.7474861528741,16.911534525287763,inf,19.444444444444443,19.444444444444443,19.444444444444443,0.9999999999999716,365.8544743261454,406.8890598278607
1064.0,70.80651437606348,16.97056274847714,inf,19.444444444444443,19.444444444444443,19.444444444444443,1.0,364.86448182954496,407.0301798359206
1065.0,70.86533799351274,17.0293863659264,inf,19.444444444444443,19.444444444444443,19.444444444444443,1.0,363.8744893329445,407.1712998439805
1066.0,70.9239591182214,17.08800749063506,inf,19.444444444444443,19.444444444444443,19.444444444444443,1.0,362.88449683634406,407.3124198520403
1067.0,70.98237982706858,17.146428199482244,inf,19.444444444444443,19.444444444444443,19.444444444444443,1.0000000000000284,361.8945043397436,407.4535398601002
1068.0,71.04060216167159,17.204650534085253,inf,19.444444444444443,19.444444444444443,19.444444444444443,1.0,360.90451184314315,407.5946598681601
1069.0,71.0986281292184,17.26267650163207,inf,19.444444444444443,19.444444444444443,19.444444444444443,1.0000000000000284,359.9145193465427,407.7357798762199
1070.0,71.1564597032751,17.320508075688775,inf,19.444444444444443,19.444444444444443,19.444444444444443,1.0000000000000284,358.92452684994225,407.8768998842798
1071.0,71.21409882456909,17.37814719698277,inf,19.444444444444443,19.444444444444443,19.444444444444443,0.9999999999999716,357.93453435334186,408.0180198923397
1072.0,71.27154740174902,17.435595774162696,inf,19.444444444444443,19.444444444444443,19.444444444444443,1.0000000000000284,356.94454185674135,408.1591399003995
1073.0,71.32880731212222,17.492855684535904,inf,19.444444444444443,19.444444444444443,19.444444444444443,1.0000000000000284,355.95454936014096,408.3002599084594
1074.0,71.38588040237056,17.54992877478425,inf,19.444444444444443,19.444444444444443,19.444444444444443,0.9999999999999716,354.9645568635405,408.4413799165193
1075.0,71.44276848924532,17.606816861659013,inf,19.444444444444443,19.444444444444443,19.444444444444443,0.9999999999999716,353.97456436694006,408.5824999245791
1076.0,71.499473360242,17.663521732655695,inf,19.444444444444443,19.444444444444443,19.444444444444443,1.0000000000000284,352.9845718703396,408.723619932639
1077.0,71.55599677425566,17.720045146669353,inf,19.444444444444443,19.444444444444443,19.444444444444443,1.0,351.99457937373916,408.8647399406989
1078.0,71.61234046221749,17.77638883463118,inf,19.444444444444443,19.444444444444443,19.444444444444443,0.9999999999999716,351.0045868771387,409.0058599487587
1079.0,71.66850612771331,17.83255450012701,inf,19.444444444444443,19.444444444444443,19.444444444444443,1.0,350.01459438053826,409.1469799568186
1080.0,71.72449544758463,17.88854381999832,inf,19.444444444444443,19.444444444444443,19.444444444444443,1.0,349.0246018839378,409.2880999648785
1081.0,71.78031007251268,17.944358444926362,inf,19.444444444444443,19.444444444444443,19.444444444444443,0.9999999999999716,348.03460938733735,409.4292199729383
1082.0,71.83595162758631,18.0,inf,19.444444444444443,19.444444444444443,19.444444444444443,1.0,347.0446168907369,409.5703399809982
1083.0,71.8914217128541,18.05547008526779,inf,19.444444444444443,19.444444444444443,19.444444444444443,1.0000000000000284,346.05462439413645,409.7114599890581
1084.0,71.94672190386115,18.110770276274835,inf,19.444444444444443,19.444444444444443,19.444444444444443,1.0000000000000284,345.06463189753606,409.8525799971179
1085.0,72.00185375217126,18.165902124584953,inf,19.444444444444443,19.444444444444443,19.444444444444443,1.0000000000000284,344.0746394009356,409.9937000051778
1086.0,72.05681878587491,18.220867158288602,inf,19.444444444444443,19.444444444444443,19.444444444444443,1.0,343.08464690433516,410.1348200132377
1087.0,72.11161851008337,18.27566688249707,inf,19.444444444444443,19.444444444444443,19.444444444444443,1.0000000000000284,342.0946544077347,410.2759400212975
1088.0,72.16625440740967,18.330302779823366,inf,19.444444444444443,19.444444444444443,19.444444444444443,1.0,341.10466191113426,410.4170600293574
1089.0,72.22072793843654,18.384776310850242,inf,19.444444444444443,19.444444444444443,19.444444444444443,1.0,340.1146694145338,410.5581800374173
1090.0,72.27504054217208,18.43908891458578,inf,19.444444444444443,19.444444444444443,19.444444444444443,1.0,339.12467691793336,410.6993000454771
1091.0,72.32919363649323,18.493242008906936,inf,19.444444444444443,19.444444444444443,19.444444444444443,1.0000000000000284,338.1346844213329,410.840420053537
1092.0,72.3831886185777,18.547236990991415,inf,19.444444444444443,19.444444444444443,19.444444444444443,1.0,337.14469192473246,410.9815400615969
1093.0,72.43702686532457,18.601075237738282,inf,19.444444444444443,19.444444444444443,19.444444444444443,1.0,336.154699428132,411.1226600696567
1094.0,72.49070973376392,18.65475810617764,inf,19.444444444444443,19.444444444444443,19.444444444444443,1.0,335.16470693153155,411.2637800777166
1095.0,72.544238561456,18.708286933869715,inf,19.444444444444443,19.444444444444443,19.444444444444443,1.0,334.17471443493116,411.4049000857765
1096.0,72.59761466688,18.761663039293726,inf,19.444444444444443,19.444444444444443,19.444444444444443,0.9999999999999716,333.18472193833065,411.5460200938363
1097.0,72.65083934981307,18.814887722226786,inf,19.444444444444443,19.444444444444443,19.444444444444443,1.0,332.19472944173026,411.6871401018962
1098.0,72.7039138916995,18.867962264113213,inf,19.444444444444443,19.444444444444443,19.444444444444443,0.9999999999999716,331.2047369451298,411.8282601099561
1099.0,72.75683955601079,18.920887928424506,inf,19.444444444444443,19.444444444444443,19.444444444444443,1.0,330.21474444852936,411.9693801180159
1100.0,72.80961758859657,18.97366596101028,inf,19.444444444444443,19.444444444444443,19.444444444444443,1.0000000000000284,329.2247519519289,412.1105001260758
1101.0,72.86224921802673,19.026297590440453,inf,19.444444444444443,19.444444444444443,19.444444444444443,1.0,328.23475945532846,412.2516201341357
1102.0,72.9147356559252,19.07878402833892,inf,19.444444444444443,19.444444444444443,19.444444444444443,0.9999999999999716,327.244766958728,412.3927401421955
1103.0,72.96707809729527,19.131126469708995,inf,19.444444444444443,19.444444444444443,19.444444444444443,1.0000000000000284,326.25477446212756,412.5338601502554
1104.0,73.01927772083715,19.183326093250884,inf,19.444444444444443,19.444444444444443,19.444444444444443,1.0,325.2647819655271,412.6749801583153
1105.0,73.07133568925762,19.23538406167135,inf,19.444444444444443,19.444444444444443,19.444444444444443,1.0000000000000284,324.27478946892666,412.8161001663751
1106.0,73.1232531495722,19.287301521985917,inf,19.444444444444443,19.444444444444443,19.444444444444443,0.9999999999999716,323.28479697232626,412.957220174435
1107.0,73.1750312334,19.339079605813723,inf,19.444444444444443,19.444444444444443,19.444444444444443,0.9999999999999716,322.29480447572575,413.0983401824949
1108.0,73.22667105725161,19.39071942966532,inf,19.444444444444443,19.444444444444443,19.444444444444443,1.0,321.30481197912536,413.2394601905547
1109.0,73.27817372280987,19.442222095223585,inf,19.444444444444443,19.444444444444443,19.444444444444443,0.043209876543102155,320.3148194825249,413.3805801986146
1110.0,73.32960523334985,19.444444444444443,inf,19.444444444444443,19.444444444444443,19.444444444444443,0.0,319.32482698592446,413.5217002066745
1111.0,73.38103380477843,19.444444444444443,inf,19.444444444444443,19.444444444444443,19.444444444444443,0.0,318.334834489324,413.6628202147343
1112.0,73.432462376207,19.444444444444443,inf,19.444444444444443,19.444444444444443,19.444444444444443,0.0,317.34484199272356,413.8039402227942
1113.0,73.48389094763557,19.444444444444443,inf,19.444444444444443,19.444444444444443,19.444444444444443,0.0,316.3548494961231,413.9450602308541
1114.0,73.53531951906415,19.444444444444443,inf,19.444444444444443,19.444444444444443,19.444444444444443,0.0,315.36485699952266,414.0861802389139
1115.0,73.58674809049272,19.444444444444443,inf,19.444444444444443,19.444444444444443,19.444444444444443,0.0,314.3748645029222,414.2273002469738
1116.0,73.63817666192129,19.444444444444443,inf,19.444444444444443,19.444444444444443,19.444444444444443,0.0,313.38487200632176,414.3684202550337
1117.0,73.68960523334987,19.444444444444443,inf,19.444444444444443,19.444444444444443,19.444444444444443,0.0,312.39487950972136,414.5095402630935
1118.0,73.74103380477844,19.444444444444443,inf,19.444444444444443,19.444444444444443,19.444444444444443,0.0,311.40488701312086,414.6506602711534
1119.0,73.79246237620701,19.444444444444443,inf,19.444444444444443,19.444444444444443,19.444444444444443,0.0,310.41489451652046,414.7917802792133
1120.0,73.84389094763559,19.444444444444443,inf,19.444444444444443,19.444444444444443,19.444444444444443,0.0,309.42490201992,414.9329002872731
1121.0,73.89531951906416,19.444444444444443,inf,19.444444444444443,19.444444444444443,19.444444444444443,0.0,308.43490952331956,415.074020295333
1122.0,73.94674809049273,19.444444444444443,inf,19.444444444444443,19.444444444444443,19.444444444444443,0.0,307.4449170267191,415.2151403033929
1123.0,73.9981766619213,19.444444444444443,inf,19.444444444444443,19.444444444444443,19.444444444444443,0.0,306.45492453011866,415.35626031145273
1124.0,74.04960523334988,19.444444444444443,inf,19.444444444444443,19.444444444444443,19.444444444444443,0.0,305.4649320335182,415.4973803195126
1125.0,74.10103380477845,19.444444444444443,inf,19.444444444444443,19.444444444444443,19.444444444444443,0.0,304.47493953691776,415.6385003275725
1126.0,74.15246237620703,19.444444444444443,inf,19.444444444444443,19.444444444444443,19.444444444444443,0.0,303.4849470403173,415.77962033563233
1127.0,74.2038909476356,19.444444444444443,inf,19.444444444444443,19.444444444444443,19.444444444444443,0.0,302.49495454371686,415.9207403436922
1128.0,74.25531951906417,19.444444444444443,inf,19.444444444444443,19.444444444444443,19.444444444444443,0.0,301.50496204711646,416.0618603517521
1129.0,74.30674809049275,19.444444444444443,inf,19.444444444444443,19.444444444444443,19.444444444444443,0.0,300.51496955051596,416.20298035981193
1130.0,74.35817666192132,19.444444444444443,inf,19.444444444444443,19.444444444444443,19.444444444444443,0.0,299.52497705391556,416.3441003678718
1131.0,74.4096052333499,19.444444444444443,inf,19.444444444444443,19.444444444444443,19.444444444444443,0.0,298.5349845573151,416.4852203759317
1132.0,74.46103380477847,19.444444444444443,inf,19.444444444444443,19.444444444444443,19.444444444444443,0.0,297.54499206071466,416.62634038399153
1133.0,74.51246237620704,19.444444444444443,inf,19.444444444444443,19.444444444444443,19.444444444444443,0.0,296.5549995641142,416.7674603920514
1134.0,74.56389094763561,19.444444444444443,inf,19.444444444444443,19.444444444444443,19.444444444444443,0.0,295.56500706751376,416.9085804001113
1135.0,74.61531951906419,19.444444444444443,inf,19.444444444444443,19.444444444444443,19.444444444444443,0.0,294.5750145709133,417.04970040817113
1136.0,74.66674809049276,19.444444444444443,inf,19.444444444444443,19.444444444444443,19.444444444444443,0.0,293.58502207431286,417.190820416231
1137.0,74.71817666192133,19.444444444444443,inf,19.444444444444443,19.444444444444443,19.444444444444443,0.0,292.59502957771247,417.3319404242909
1138.0,74.7696052333499,19.444444444444443,inf,19.444444444444443,19.444444444444443,19.444444444444443,0.0,291.60503708111196,417.47306043235074
1139.0,74.82103380477848,19.444444444444443,inf,19.444444444444443,19.444444444444443,19.444444444444443,0.0,290.61504458451157,417.6141804404106
1140.0,74.87246237620705,19.444444444444443,inf,19.444444444444443,19.444444444444443,19.444444444444443,0.0,289.62505208791106,417.7553004484705
1141.0,74.92389094763563,19.444444444444443,inf,19.444444444444443,19.444444444444443,19.444444444444443,0.0,288.63505959131066,417.89642045653034
1142.0,74.9753195190642,19.444444444444443,inf,19.444444444444443,19.444444444444443,19.444444444444443,0.0,287.6450670947102,418.0375404645902
1143.0,75.02674809049277,19.444444444444443,inf,19.444444444444443,19.444444444444443,19.444444444444443,0.0,286.65507459810976,418.1786604726501
1144.0,75.07817666192135,19.444444444444443,inf,19.444444444444443,19.444444444444443,19.444444444444443,0.0,285.6650821015093,418.31978048070994
1145.0,75.12960523334992,19.444444444444443,inf,19.444444444444443,19.444444444444443,19.444444444444443,0.0,284.67508960490886,418.4609004887698
1146.0,75.1810338047785,19.444444444444443,inf,19.444444444444443,19.444444444444443,19.444444444444443,0.0,283.6850971083084,418.6020204968297
1147.0,75.23246237620707,19.444444444444443,inf,19.444444444444443,19.444444444444443,19.444444444444443,0.0,282.69510461170796,418.74314050488954
1148.0,75.28389094763564,19.444444444444443,inf,19.444444444444443,19.444444444444443,19.444444444444443,0.0,281.70511211510757,418.8842605129494
1149.0,75.33531951906421,19.444444444444443,inf,19.444444444444443,19.444444444444443,19.444444444444443,0.0,280.71511961850706,419.0253805210093
1150.0,75.38674809049279,19.444444444444443,inf,19.444444444444443,19.444444444444443,19.444444444444443,0.0,279.72512712190667,419.16650052906914
1151.0,75.43817666192136,19.444444444444443,inf,19.444444444444443,19.444444444444443,19.444444444444443,0.0,278.73513462530616,419.307620537129
1152.0,75.48960523334993,19.444444444444443,inf,19.444444444444443,19.444444444444443,19.444444444444443,0.0,277.74514212870577,419.4487405451889
1153.0,75.54103380477851,19.444444444444443,inf,19.444444444444443,19.444444444444443,19.444444444444443,0.0,276.75514963210526,419.58986055324874
1154.0,75.59246237620708,19.444444444444443,inf,19.444444444444443,19.444444444444443,19.444444444444443,0.0,275.76515713550486,419.7309805613086
1155.0,75.64389094763565,19.444444444444443,inf,19.444444444444443,19.444444444444443,19.444444444444443,0.0,274.7751646389044,419.8721005693685
1156.0,75.69531951906423,19.444444444444443,inf,19.444444444444443,19.444444444444443,19.444444444444443,0.0,273.78517214230396,420.01322057742834
1157.0,75.7467480904928,19.444444444444443,inf,19.444444444444443,19.444444444444443,19.444444444444443,0.0,272.7951796457035,420.1543405854882
1158.0,75.79817666192137,19.444444444444443,inf,19.444444444444443,19.444444444444443,19.444444444444443,0.0,271.80518714910306,420.2954605935481
1159.0,75.84960523334995,19.444444444444443,inf,19.444444444444443,19.444444444444443,19.444444444444443,0.0,270.81519465250267,420.43658060160794
1160.0,75.90103380477852,19.444444444444443,inf,19.444444444444443,19.444444444444443,19.444444444444443,0.0,269.82520215590216,420.57770060966783
1161.0,75.9524623762071,19.444444444444443,inf,19.444444444444443,19.444444444444443,19.444444444444443,0.0,268.83520965930177,420.7188206177277
1162.0,76.00389094763567,19.444444444444443,inf,19.444444444444443,19.444444444444443,19.444444444444443,0.0,267.84521716270126,420.85994062578754
1163.0,76.05531951906424,19.444444444444443,inf,19.444444444444443,19.444444444444443,19.444444444444443,0.0,266.85522466610087,421.00106063384743
1164.0,76.10674809049281,19.444444444444443,inf,19.444444444444443,19.444444444444443,19.444444444444443,0.0,265.86523216950036,421.1421806419073
1165.0,76.15817666192139,19.444444444444443,inf,19.444444444444443,19.444444444444443,19.444444444444443,0.0,264.87523967289997,421.28330064996715
1166.0,76.20960523334996,19.444444444444443,inf,19.444444444444443,19.444444444444443,19.444444444444443,0.0,263.8852471762995,421.42442065802703
1167.0,76.26103380477853,19.444444444444443,inf,19.444444444444443,19.444444444444443,19.444444444444443,0.0,262.89525467969906,421.5655406660869
1168.0,76.31246237620711,19.444444444444443,inf,19.444444444444443,19.444444444444443,19.444444444444443,0.0,261.9052621830986,421.70666067414675
1169.0,76.36389094763568,19.444444444444443,inf,19.444444444444443,19.444444444444443,19.444444444444443,0.0,260.91526968649816,421.84778068220663
1170.0,76.41531951906425,19.444444444444443,inf,19.444444444444443,19.444444444444443,19.444444444444443,0.0,259.92527718989777,421.9889006902665
1171.0,76.46674809049283,19.444444444444443,inf,19.444444444444443,19.444444444444443,19.444444444444443,0.0,258.93528469329726,422.13002069832635
1172.0,76.5181766619214,19.444444444444443,inf,19.444444444444443,19.444444444444443,19.444444444444443,0.0,257.94529219669687,422.27114070638623
1173.0,76.56960523334998,19.444444444444443,inf,19.444444444444443,19.444444444444443,19.444444444444443,0.0,256.95529970009636,422.4122607144461
1174.0,76.62103380477855,19.444444444444443,inf,19.444444444444443,19.444444444444443,19.444444444444443,0.0,255.96530720349594,422.55338072250595
1175.0,76.67246237620712,19.444444444444443,inf,19.444444444444443,19.444444444444443,19.444444444444443,0.0,254.9753147068955,422.69450073056584
1176.0,76.7238909476357,19.444444444444443,inf,19.444444444444443,19.444444444444443,19.444444444444443,0.0,253.98532221029507,422.8356207386257
1177.0,76.77531951906427,19.444444444444443,inf,19.444444444444443,19.444444444444443,19.444444444444443,0.0,252.99532971369462,422.97674074668555
1178.0,76.82674809049284,19.444444444444443,inf,19.444444444444443,19.444444444444443,19.444444444444443,0.0,252.00533721709417,423.11786075474544
1179.0,76.87817666192142,19.444444444444443,inf,19.444444444444443,19.444444444444443,19.444444444444443,0.0,251.01534472049372,423.2589807628053
1180.0,76.92960523334999,19.444444444444443,inf,19.444444444444443,19.444444444444443,19.444444444444443,0.0,250.02535222389326,423.40010077086515
1181.0,76.98103380477856,19.444444444444443,inf,19.444444444444443,19.444444444444443,19.444444444444443,0.0,249.03535972729284,423.54122077892504
1182.0,77.03246237620714,19.444444444444443,inf,19.444444444444443,19.444444444444443,19.444444444444443,0.0,248.0453672306924,423.6823407869849
1183.0,77.08389094763571,19.444444444444443,inf,19.444444444444443,19.444444444444443,19.444444444444443,0.0,247.05537473409194,423.82346079504475
1184.0,77.13531951906428,19.444444444444443,inf,19.444444444444443,19.444444444444443,19.444444444444443,0.0,246.0653822374915,423.96458080310464
1185.0,77.18674809049286,19.444444444444443,inf,19.444444444444443,19.444444444444443,19.444444444444443,0.0,245.07538974089104,424.1057008111645
1186.0,77.23817666192143,19.444444444444443,inf,19.444444444444443,19.444444444444443,19.444444444444443,0.0,244.0853972442906,424.24682081922435
1187.0,77.28960523335,19.444444444444443,inf,19.444444444444443,19.444444444444443,19.444444444444443,0.0,243.09540474769017,424.38794082728424
1188.0,77.34103380477858,19.444444444444443,inf,19.444444444444443,19.444444444444443,19.444444444444443,0.0,242.10541225108972,424.5290608353441
1189.0,77.39246237620715,19.444444444444443,inf,19.444444444444443,19.444444444444443,19.444444444444443,0.0,241.11541975448927,424.67018084340395
1190.0,77.44389094763572,19.444444444444443,inf,19.444444444444443,19.444444444444443,19.444444444444443,0.0,240.12542725788882,424.81130085146384
1191.0,77.4953195190643,19.444444444444443,inf,19.444444444444443,19.444444444444443,19.444444444444443,0.0,239.13543476128837,424.9524208595237
1192.0,77.54674809049287,19.444444444444443,inf,19.444444444444443,19.444444444444443,19.444444444444443,0.0,238.14544226468792,425.09354086758356
1193.0,77.59817666192144,19.444444444444443,inf,19.444444444444443,19.444444444444443,19.444444444444443,0.0,237.1554497680875,425.23466087564344
1194.0,77.64960523335002,19.444444444444443,inf,19.444444444444443,19.444444444444443,19.444444444444443,0.0,236.16545727148704,425.3757808837033
1195.0,77.70103380477859,19.444444444444443,inf,19.444444444444443,19.444444444444443,19.444444444444443,0.0,235.1754647748866,425.5169008917632
1196.0,77.75246237620716,19.444444444444443,inf,19.444444444444443,19.444444444444443,19.444444444444443,0.0,234.18547227828614,425.65802089982304
1197.0,77.80389094763574,19.444444444444443,inf,19.444444444444443,19.444444444444443,19.444444444444443,0.0,233.1954797816857,425.79914090788293
1198.0,77.85531951906431,19.444444444444443,inf,19.444444444444443,19.444444444444443,19.444444444444443,0.0,232.20548728508527,425.9402609159428
1199.0,77.90674809049288,19.444444444444443,inf,19.444444444444443,19.444444444444443,19.444444444444443,0.0,231.21549478848482,426.08138092400264
1200.0,77.95817666192146,19.444444444444443,inf,19.444444444444443,19.444444444444443,19.444444444444443,0.0,230.22550229188437,426.22250093206253
1201.0,78.00960523335003,19.444444444444443,inf,19.444444444444443,19.444444444444443,19.444444444444443,0.0,229.23550979528392,426.3636209401224
1202.0,78.0610338047786,19.444444444444443,inf,19.444444444444443,19.444444444444443,19.444444444444443,0.0,228.24551729868347,426.50474094818225
1203.0,78.11246237620718,19.444444444444443,inf,19.444444444444443,19.444444444444443,19.444444444444443,0.0,227.25552480208302,426.64586095624213
1204.0,78.16389094763575,19.444444444444443,inf,19.444444444444443,19.444444444444443,19.444444444444443,0.0,226.2655323054826,426.786980964302
1205.0,78.21531951906432,19.444444444444443,inf,19.444444444444443,19.444444444444443,19.444444444444443,0.0,225.27553980888214,426.92810097236185
1206.0,78.2667480904929,19.444444444444443,inf,19.444444444444443,19.444444444444443,19.444444444444443,0.0,224.2855473122817,427.06922098042173
1207.0,78.31817666192147,19.444444444444443,inf,19.444444444444443,19.444444444444443,19.444444444444443,0.0,223.29555481568124,427.2103409884816
1208.0,78.36960523335004,19.444444444444443,inf,19.444444444444443,19.444444444444443,19.444444444444443,0.0,222.3055623190808,427.35146099654145
1209.0,78.42103380477862,19.444444444444443,inf,19.444444444444443,19.444444444444443,19.444444444444443,0.0,221.31556982248037,427.49258100460133
1210.0,78.47246237620719,19.444444444444443,inf,19.444444444444443,19.444444444444443,19.444444444444443,0.0,220.32557732587992,427.6337010126612
1211.0,78.52389094763576,19.444444444444443,inf,19.444444444444443,19.444444444444443,19.444444444444443,0.0,219.33558482927947,427.77482102072105
1212.0,78.57531951906434,19.444444444444443,inf,19.444444444444443,19.444444444444443,19.444444444444443,0.0,218.34559233267902,427.91594102878094
1213.0,78.62674809049291,19.444444444444443,inf,19.444444444444443,19.444444444444443,19.444444444444443,0.0,217.35559983607857,428.0570610368408
1214.0,78.67817666192148,19.444444444444443,inf,19.444444444444443,19.444444444444443,19.444444444444443,0.0,216.36560733947812,428.19818104490065
1215.0,78.72960523335006,19.444444444444443,inf,19.444444444444443,19.444444444444443,19.444444444444443,0.0,215.3756148428777,428.33930105296054
1216.0,78.78103380477863,19.444444444444443,inf,19.444444444444443,19.444444444444443,19.444444444444443,0.0,214.38562234627724,428.4804210610204
1217.0,78.8324623762072,19.444444444444443,inf,19.444444444444443,19.444444444444443,19.444444444444443,0.0,213.3956298496768,428.62154106908025
1218.0,78.88389094763578,19.444444444444443,inf,19.444444444444443,19.444444444444443,19.444444444444443,0.0,212.40563735307634,428.76266107714014
1219.0,78.93531951906435,19.444444444444443,inf,19.444444444444443,19.444444444444443,19.444444444444443,0.0,211.4156448564759,428.9037810852
1220.0,78.98674809049292,19.444444444444443,inf,19.444444444444443,19.444444444444443,19.444444444444443,0.0,210.42565235987547,429.04490109325985
1221.0,79.0381766619215,19.444444444444443,inf,19.444444444444443,19.444444444444443,19.444444444444443,0.0,209.43565986327502,429.18602110131974
1222.0,79.08960523335007,19.444444444444443,inf,19.444444444444443,19.444444444444443,19.444444444444443,0.0,208.44566736667457,429.3271411093796
1223.0,79.14103380477864,19.444444444444443,inf,19.444444444444443,19.444444444444443,19.444444444444443,0.0,207.45567487007412,429.46826111743945
1224.0,79.19246237620722,19.444444444444443,inf,19.444444444444443,19.444444444444443,19.444444444444443,0.0,206.46568237347367,429.60938112549934
1225.0,79.24389094763579,19.444444444444443,inf,19.444444444444443,19.444444444444443,19.444444444444443,0.0,205.47568987687322,429.7505011335592
1226.0,79.29531951906436,19.444444444444443,inf,19.444444444444443,19.444444444444443,19.444444444444443,0.0,204.4856973802728,429.89162114161905
1227.0,79.34674809049294,19.444444444444443,inf,19.444444444444443,19.444444444444443,19.444444444444443,0.0,203.49570488367235,430.03274114967894
1228.0,79.39817666192151,19.444444444444443,inf,19.444444444444443,19.444444444444443,19.444444444444443,0.0,202.5057123870719,430.1738611577388
1229.0,79.44960523335008,19.444444444444443,inf,19.444444444444443,19.444444444444443,19.444444444444443,0.0,201.51571989047144,430.31498116579866
1230.0,79.50103380477866,19.444444444444443,inf,19.444444444444443,19.444444444444443,19.444444444444443,0.0,200.525727393871,430.45610117385854
1231.0,79.55246237620723,19.444444444444443,inf,19.444444444444443,19.444444444444443,19.444444444444443,0.0,199.53573489727057,430.5972211819184
1232.0,79.6038909476358,19.444444444444443,inf,19.444444444444443,19.444444444444443,19.444444444444443,0.0,198.54574240067012,430.73834118997826
1233.0,79.65531951906438,19.444444444444443,inf,19.444444444444443,19.444444444444443,19.444444444444443,0.0,197.55574990406967,430.87946119803814
1234.0,79.70674809049295,19.444444444444443,inf,19.444444444444443,19.444444444444443,19.444444444444443,0.0,196.56575740746922,431.02058120609803
1235.0,79.75817666192152,19.444444444444443,inf,19.444444444444443,19.444444444444443,19.444444444444443,0.0,195.57576491086877,431.16170121415786
1236.0,79.8096052333501,19.444444444444443,inf,19.444444444444443,19.444444444444443,19.444444444444443,0.0,194.58577241426832,431.30282122221774
1237.0,79.86103380477867,19.444444444444443,inf,19.444444444444443,19.444444444444443,19.444444444444443,0.0,193.5957799176679,431.44394123027763
1238.0,79.91246237620724,19.444444444444443,inf,19.444444444444443,19.444444444444443,19.444444444444443,0.0,192.60578742106745,431.58506123833746
1239.0,79.96389094763582,19.444444444444443,inf,19.444444444444443,19.444444444444443,19.444444444444443,0.0,191.615794924467,431.72618124639735
1240.0,80.01531951906439,19.444444444444443,inf,19.444444444444443,19.444444444444443,19.444444444444443,0.0,190.62580242786655,431.86730125445723
1241.0,80.06674809049296,19.444444444444443,inf,19.444444444444443,19.444444444444443,19.444444444444443,0.0,189.6358099312661,432.00842126251706
1242.0,80.11817666192154,19.444444444444443,inf,19.444444444444443,19.444444444444443,19.444444444444443,0.0,188.64581743466564,432.14954127057695
1243.0,80.16960523335011,19.444444444444443,inf,19.444444444444443,19.444444444444443,19.444444444444443,0.0,187.65582493806522,432.29066127863683
1244.0,80.22103380477868,19.444444444444443,inf,19.444444444444443,19.444444444444443,19.444444444444443,0.0,186.66583244146477,432.43178128669666
1245.0,80.27246237620726,19.444444444444443,inf,19.444444444444443,19.444444444444443,19.444444444444443,0.0,185.67583994486432,432.57290129475655
1246.0,80.32389094763583,19.444444444444443,inf,19.444444444444443,19.444444444444443,19.444444444444443,0.0,184.68584744826387,432.71402130281643
1247.0,80.3753195190644,19.444444444444443,inf,19.444444444444443,19.444444444444443,19.444444444444443,0.0,183.69585495166342,432.85514131087626
1248.0,80.42674809049298,19.444444444444443,inf,19.444444444444443,19.444444444444443,19.444444444444443,0.0,182.705862455063,432.99626131893615
1249.0,80.47817666192155,19.444444444444443,inf,19.444444444444443,19.444444444444443,19.444444444444443,0.0,181.71586995846255,433.13738132699604
1250.0,80.52960523335013,19.444444444444443,inf,19.444444444444443,19.444444444444443,19.444444444444443,0.0,180.7258774618621,433.27850133505586
1251.0,80.5810338047787,19.444444444444443,inf,19.444444444444443,19.444444444444443,19.444444444444443,0.0,179.73588496526165,433.41962134311575
1252.0,80.63246237620727,19.444444444444443,inf,19.444444444444443,19.444444444444443,19.444444444444443,0.0,178.7458924686612,433.56074135117564
1253.0,80.68389094763585,19.444444444444443,inf,19.444444444444443,19.444444444444443,19.444444444444443,0.0,177.75589997206075,433.70186135923547
1254.0,80.73531951906442,19.444444444444443,inf,19.444444444444443,19.444444444444443,19.444444444444443,0.0,176.76590747546032,433.84298136729535
1255.0,80.78674809049299,19.444444444444443,inf,19.444444444444443,19.444444444444443,19.444444444444443,0.0,175.77591497885987,433.98410137535524
1256.0,80.83817666192157,19.444444444444443,inf,19.444444444444443,19.444444444444443,19.444444444444443,0.0,174.78592248225942,434.12522138341507
1257.0,80.88960523335014,19.444444444444443,inf,19.444444444444443,19.444444444444443,19.444444444444443,0.0,173.79592998565897,434.26634139147495
1258.0,80.94103380477871,19.444444444444443,inf,19.444444444444443,19.444444444444443,19.444444444444443,0.0,172.80593748905852,434.40746139953484
1259.0,80.99246237620729,19.444444444444443,inf,19.444444444444443,19.444444444444443,19.444444444444443,0.0,171.81594499245807,434.54858140759467
1260.0,81.04389094763586,19.444444444444443,inf,19.444444444444443,19.444444444444443,19.444444444444443,0.0,170.82595249585762,434.68970141565455
1261.0,81.09531951906443,19.444444444444443,inf,19.444444444444443,19.444444444444443,19.444444444444443,0.0,169.83595999925717,434.83082142371444
1262.0,81.146748090493,19.444444444444443,inf,19.444444444444443,19.444444444444443,19.444444444444443,0.0,168.84596750265678,434.97194143177427
1263.0,81.19817666192158,19.444444444444443,inf,19.444444444444443,19.444444444444443,19.444444444444443,0.0,167.85597500605633,435.11306143983415
1264.0,81.24960523335015,19.444444444444443,inf,19.444444444444443,19.444444444444443,19.444444444444443,0.0,166.86598250945588,435.25418144789404
1265.0,81.30103380477873,19.444444444444443,inf,19.444444444444443,19.444444444444443,19.444444444444443,0.0,165.87599001285542,435.39530145595387
1266.0,81.3524623762073,19.444444444444443,inf,19.444444444444443,19.444444444444443,19.444444444444443,0.0,164.88599751625497,435.53642146401376
1267.0,81.40389094763587,19.444444444444443,inf,19.444444444444443,19.444444444444443,19.444444444444443,0.0,163.89600501965452,435.67754147207364
1268.0,81.45531951906445,19.444444444444443,inf,19.444444444444443,19.444444444444443,19.444444444444443,0.0,162.90601252305407,435.81866148013347
1269.0,81.50674809049302,19.444444444444443,inf,19.444444444444443,19.444444444444443,19.444444444444443,0.0,161.91602002645362,435.95978148819336
1270.0,81.55817666192159,19.444444444444443,inf,19.444444444444443,19.444444444444443,19.444444444444443,0.0,160.92602752985317,436.10090149625324
1271.0,81.60960523335017,19.444444444444443,inf,19.444444444444443,19.444444444444443,19.444444444444443,0.0,159.93603503325272,436.2420215043131
1272.0,81.66103380477874,19.444444444444443,inf,19.444444444444443,19.444444444444443,19.444444444444443,0.0,158.94604253665227,436.38314151237296
1273.0,81.71246237620731,19.444444444444443,inf,19.444444444444443,19.444444444444443,19.444444444444443,0.0,157.95605004005188,436.52426152043284
1274.0,81.76389094763589,19.444444444444443,inf,19.444444444444443,19.444444444444443,19.444444444444443,0.0,156.96605754345143,436.6653815284927
1275.0,81.81531951906446,19.444444444444443,inf,19.444444444444443,19.444444444444443,19.444444444444443,0.0,155.97606504685098,436.80650153655256
1276.0,81.86674809049303,19.444444444444443,inf,19.444444444444443,19.444444444444443,19.444444444444443,0.0,154.98607255025053,436.94762154461245
1277.0,81.9181766619216,19.444444444444443,inf,19.444444444444443,19.444444444444443,19.444444444444443,0.0,153.99608005365008,437.0887415526723
1278.0,81.96960523335018,19.444444444444443,inf,19.444444444444443,19.444444444444443,19.444444444444443,0.0,153.00608755704963,437.22986156073216
1279.0,82.02103380477875,19.444444444444443,inf,19.444444444444443,19.444444444444443,19.444444444444443,0.0,152.01609506044917,437.37098156879205
1280.0,82.07246237620733,19.444444444444443,inf,19.444444444444443,19.444444444444443,19.444444444444443,0.0,151.02610256384872,437.51210157685193
1281.0,82.1238909476359,19.444444444444443,inf,19.444444444444443,19.444444444444443,19.444444444444443,0.0,150.03611006724827,437.65322158491176
1282.0,82.17531951906447,19.444444444444443,inf,19.444444444444443,19.444444444444443,19.444444444444443,0.0,149.04611757064782,437.79434159297165
1283.0,82.22674809049305,19.444444444444443,inf,19.444444444444443,19.444444444444443,19.444444444444443,0.0,148.05612507404737,437.93546160103153
1284.0,82.27817666192162,19.444444444444443,inf,19.444444444444443,19.444444444444443,19.444444444444443,0.0,147.06613257744698,438.07658160909136
1285.0,82.3296052333502,19.444444444444443,inf,19.444444444444443,19.444444444444443,19.444444444444443,0.0,146.07614008084653,438.21770161715125
1286.0,82.38103380477877,19.444444444444443,inf,19.444444444444443,19.444444444444443,19.444444444444443,0.0,145.08614758424608,438.35882162521114
1287.0,82.43246237620734,19.444444444444443,inf,19.444444444444443,19.444444444444443,19.444444444444443,0.0,144.09615508764563,438.49994163327096
1288.0,82.48389094763591,19.444444444444443,inf,19.444444444444443,19.444444444444443,19.444444444444443,0.0,143.10616259104518,438.64106164133085
1289.0,82.53531951906449,19.444444444444443,inf,19.444444444444443,19.444444444444443,19.444444444444443,0.0,142.11617009444473,438.78218164939074
1290.0,82.58674809049306,19.444444444444443,inf,19.444444444444443,19.444444444444443,19.444444444444443,0.0,141.12617759784428,438.92330165745057
1291.0,82.63817666192163,19.444444444444443,inf,19.444444444444443,19.444444444444443,19.444444444444443,0.0,140.13618510124383,439.06442166551045
1292.0,82.6896052333502,19.444444444444443,inf,19.444444444444443,19.444444444444443,19.444444444444443,0.0,139.14619260464337,439.20554167357034
1293.0,82.74103380477878,19.444444444444443,inf,19.444444444444443,19.444444444444443,19.444444444444443,0.0,138.15620010804292,439.34666168163017
1294.0,82.79246237620735,19.444444444444443,inf,19.444444444444443,19.444444444444443,19.444444444444443,0.0,137.16620761144247,439.48778168969005
1295.0,82.84389094763593,19.444444444444443,inf,19.444444444444443,19.444444444444443,19.444444444444443,0.0,136.17621511484208,439.62890169774994
1296.0,82.8953195190645,19.444444444444443,inf,19.444444444444443,19.444444444444443,19.444444444444443,0.0,135.18622261824163,439.77002170580977
1297.0,82.94674809049307,19.444444444444443,inf,19.444444444444443,19.444444444444443,19.444444444444443,0.0,134.19623012164118,439.91114171386965
1298.0,82.99817666192165,19.444444444444443,inf,19.444444444444443,19.444444444444443,19.444444444444443,0.0,133.20623762504073,440.05226172192954
1299.0,83.04960523335022,19.444444444444443,inf,19.444444444444443,19.444444444444443,19.444444444444443,0.0,132.21624512844028,440.19338172998937
1300.0,83.1010338047788,19.444444444444443,inf,19.444444444444443,19.444444444444443,19.444444444444443,0.0,131.22625263183983,440.33450173804925
1301.0,83.15246237620737,19.444444444444443,inf,19.444444444444443,19.444444444444443,19.444444444444443,0.0,130.23626013523938,440.47562174610914
1302.0,83.20389094763594,19.444444444444443,inf,19.444444444444443,19.444444444444443,19.444444444444443,0.0,129.24626763863893,440.61674175416897
1303.0,83.25531951906451,19.444444444444443,inf,19.444444444444443,19.444444444444443,19.444444444444443,0.0,128.25627514203848,440.75786176222886
1304.0,83.30674809049309,19.444444444444443,inf,19.444444444444443,19.444444444444443,19.444444444444443,0.0,127.26628264543803,440.89898177028874
1305.0,83.35817666192166,19.444444444444443,inf,19.444444444444443,19.444444444444443,19.444444444444443,0.0,126.27629014883757,441.04010177834857
1306.0,83.40960523335023,19.444444444444443,inf,19.444444444444443,19.444444444444443,19.444444444444443,0.0,125.28629765223712,441.18122178640846
1307.0,83.46103380477881,19.444444444444443,inf,19.444444444444443,19.444444444444443,19.444444444444443,0.0,124.29630515563673,441.32234179446834
1308.0,83.51246237620738,19.444444444444443,inf,19.444444444444443,19.444444444444443,19.444444444444443,0.0,123.30631265903628,441.4634618025282
1309.0,83.56389094763595,19.444444444444443,inf,19.444444444444443,19.444444444444443,19.444444444444443,0.0,122.31632016243583,441.60458181058806
1310.0,83.61531951906453,19.444444444444443,inf,19.444444444444443,19.444444444444443,19.444444444444443,0.0,121.32632766583538,441.74570181864794
1311.0,83.6667480904931,19.444444444444443,inf,19.444444444444443,19.444444444444443,19.444444444444443,0.0,120.33633516923493,441.8868218267078
1312.0,83.71817666192167,19.444444444444443,inf,19.444444444444443,19.444444444444443,19.444444444444443,0.0,119.34634267263448,442.02794183476766
1313.0,83.76960523335025,19.444444444444443,inf,19.444444444444443,19.444444444444443,19.444444444444443,0.0,118.35635017603403,442.16906184282755
1314.0,83.82103380477882,19.444444444444443,inf,19.444444444444443,19.444444444444443,19.444444444444443,0.0,117.36635767943358,442.3101818508874
1315.0,83.8724623762074,19.444444444444443,inf,19.444444444444443,19.444444444444443,19.444444444444443,0.0,116.37636518283313,442.45130185894726
1316.0,83.92389094763597,19.444444444444443,inf,19.444444444444443,19.444444444444443,19.444444444444443,0.0,115.38637268623268,442.59242186700715
1317.0,83.97531951906454,19.444444444444443,inf,19.444444444444443,19.444444444444443,19.444444444444443,0.0,114.39638018963223,442.733541875067
1318.0,84.02674809049311,19.444444444444443,inf,19.444444444444443,19.444444444444443,19.444444444444443,0.0,113.40638769303183,442.87466188312686
1319.0,84.07817666192169,19.444444444444443,inf,19.444444444444443,19.444444444444443,19.444444444444443,0.0,112.41639519643138,443.01578189118675
1320.0,84.12960523335026,19.444444444444443,inf,19.444444444444443,19.444444444444443,19.444444444444443,0.0,111.42640269983093,443.1569018992466
1321.0,84.18103380477883,19.444444444444443,inf,19.444444444444443,19.444444444444443,19.444444444444443,0.0,110.43641020323048,443.29802190730646
1322.0,84.23246237620741,19.444444444444443,inf,19.444444444444443,19.444444444444443,19.444444444444443,0.0,109.44641770663003,443.43914191536635
1323.0,84.28389094763598,19.444444444444443,inf,19.444444444444443,19.444444444444443,19.444444444444443,0.0,108.45642521002958,443.5802619234262
1324.0,84.33531951906456,19.444444444444443,inf,19.444444444444443,19.444444444444443,19.444444444444443,0.0,107.46643271342913,443.72138193148606
1325.0,84.38674809049313,19.444444444444443,inf,19.444444444444443,19.444444444444443,19.444444444444443,0.0,106.47644021682868,443.86250193954595
1326.0,84.4381766619217,19.444444444444443,inf,19.444444444444443,19.444444444444443,19.444444444444443,0.0,105.48644772022823,444.0036219476058
1327.0,84.48960523335028,19.444444444444443,inf,19.444444444444443,19.444444444444443,19.444444444444443,0.0,104.49645522362778,444.14474195566567
1328.0,84.54103380477885,19.444444444444443,inf,19.444444444444443,19.444444444444443,19.444444444444443,0.0,103.50646272702733,444.28586196372555
1329.0,84.59246237620742,19.444444444444443,inf,19.444444444444443,19.444444444444443,19.444444444444443,0.0,102.51647023042693,444.4269819717854
1330.0,84.643890947636,19.444444444444443,inf,19.444444444444443,19.444444444444443,19.444444444444443,0.0,101.52647773382648,444.56810197984527
1331.0,84.69531951906457,19.444444444444443,inf,19.444444444444443,19.444444444444443,19.444444444444443,0.0,100.53648523722603,444.70922198790515
1332.0,84.74674809049314,19.444444444444443,inf,19.444444444444443,19.444444444444443,19.444444444444443,0.0,99.54649274062558,444.850341995965
1333.0,84.79817666192172,19.444444444444443,inf,19.444444444444443,19.444444444444443,19.444444444444443,0.0,98.55650024402513,444.99146200402487
1334.0,84.84960523335029,19.444444444444443,inf,19.444444444444443,19.444444444444443,19.444444444444443,0.0,97.56650774742468,445.13258201208475
1335.0,84.90103380477886,19.444444444444443,inf,19.444444444444443,19.444444444444443,19.444444444444443,0.0,96.57651525082423,445.2737020201446
1336.0,84.95246237620744,19.444444444444443,inf,19.444444444444443,19.444444444444443,19.444444444444443,0.0,95.58652275422378,445.41482202820447
1337.0,85.00389094763601,19.444444444444443,inf,19.444444444444443,19.444444444444443,19.444444444444443,0.0,94.59653025762333,445.55594203626436
1338.0,85.05531951906458,19.444444444444443,inf,19.444444444444443,19.444444444444443,19.444444444444443,0.0,93.60653776102288,445.6970620443242
1339.0,85.10674809049316,19.444444444444443,inf,19.444444444444443,19.444444444444443,19.444444444444443,0.0,92.61654526442243,445.83818205238407
1340.0,85.15817666192173,19.444444444444443,inf,19.444444444444443,19.444444444444443,19.444444444444443,0.0,91.62655276782203,445.97930206044396
1341.0,85.2096052333503,19.444444444444443,inf,19.444444444444443,19.444444444444443,19.444444444444443,0.0,90.63656027122158,446.1204220685038
1342.0,85.26103380477888,19.444444444444443,inf,19.444444444444443,19.444444444444443,19.444444444444443,0.0,89.64656777462113,446.26154207656367
1343.0,85.31246237620745,19.444444444444443,inf,19.444444444444443,19.444444444444443,19.444444444444443,0.0,88.65657527802068,446.40266208462356
1344.0,85.36389094763602,19.444444444444443,inf,19.444444444444443,19.444444444444443,19.444444444444443,0.0,87.66658278142023,446.5437820926834
1345.0,85.4153195190646,19.444444444444443,inf,19.444444444444443,19.444444444444443,19.444444444444443,0.0,86.67659028481978,446.6849021007433
1346.0,85.46674809049317,19.444444444444443,inf,19.444444444444443,19.444444444444443,19.444444444444443,0.0,85.68659778821933,446.82602210880316
1347.0,85.51817666192174,19.444444444444443,inf,19.444444444444443,19.444444444444443,19.444444444444443,0.0,84.69660529161888,446.967142116863
1348.0,85.56960523335032,19.444444444444443,inf,19.444444444444443,19.444444444444443,19.444444444444443,0.0,83.70661279501843,447.1082621249229
1349.0,85.62103380477889,19.444444444444443,inf,19.444444444444443,19.444444444444443,19.444444444444443,0.0,82.71662029841798,447.24938213298276
1350.0,85.67246237620746,19.444444444444443,inf,19.444444444444443,19.444444444444443,19.444444444444443,0.0,81.72662780181753,447.3905021410426
1351.0,85.72389094763604,19.444444444444443,inf,19.444444444444443,19.444444444444443,19.444444444444443,0.0,80.73663530521713,447.5316221491025
1352.0,85.77531951906461,19.444444444444443,inf,19.444444444444443,19.444444444444443,19.444444444444443,0.0,79.74664280861668,447.67274215716236
1353.0,85.82674809049318,19.444444444444443,inf,19.444444444444443,19.444444444444443,19.444444444444443,0.0,78.75665031201623,447.8138621652222
1354.0,85.87817666192176,19.444444444444443,inf,19.444444444444443,19.444444444444443,19.444444444444443,0.0,77.76665781541578,447.9549821732821
1355.0,85.92960523335033,19.444444444444443,inf,19.444444444444443,19.444444444444443,19.444444444444443,0.0,76.77666531881533,448.09610218134196
1356.0,85.9810338047789,19.444444444444443,inf,19.444444444444443,19.444444444444443,19.444444444444443,0.0,75.78667282221488,448.2372221894018
1357.0,86.03246237620748,19.444444444444443,inf,19.444444444444443,19.444444444444443,19.444444444444443,0.0,74.79668032561443,448.3783421974617
1358.0,86.08389094763605,19.444444444444443,inf,19.444444444444443,19.444444444444443,19.444444444444443,0.0,73.80668782901398,448.51946220552156
1359.0,86.13531951906462,19.444444444444443,inf,19.444444444444443,19.444444444444443,19.444444444444443,0.0,72.81669533241353,448.6605822135814
1360.0,86.1867480904932,19.444444444444443,inf,19.444444444444443,19.444444444444443,19.444444444444443,0.0,71.82670283581308,448.8017022216413
1361.0,86.23817666192177,19.444444444444443,inf,19.444444444444443,19.444444444444443,19.444444444444443,0.0,70.83671033921263,448.94282222970116
1362.0,86.28960523335034,19.444444444444443,inf,19.444444444444443,19.444444444444443,19.444444444444443,0.0,69.84671784261224,449.083942237761
1363.0,86.34103380477892,19.444444444444443,inf,19.444444444444443,19.444444444444443,19.444444444444443,0.0,68.85672534601179,449.2250622458209
1364.0,86.39246237620749,19.444444444444443,inf,19.444444444444443,19.444444444444443,19.444444444444443,0.0,67.86673284941133,449.36618225388077
1365.0,86.44389094763606,19.444444444444443,inf,19.444444444444443,19.444444444444443,19.444444444444443,0.0,66.87674035281088,449.5073022619406
1366.0,86.49531951906464,19.444444444444443,inf,19.444444444444443,19.444444444444443,19.444444444444443,0.0,65.88674785621043,449.6484222700005
1367.0,86.54674809049321,19.444444444444443,inf,19.444444444444443,19.444444444444443,19.444444444444443,0.0,64.89675535960998,449.78954227806037
1368.0,86.59817666192178,19.444444444444443,inf,19.444444444444443,19.444444444444443,19.444444444444443,0.0,63.90676286300953,449.9306622861202
1369.0,86.64960523335036,19.444444444444443,inf,19.444444444444443,19.444444444444443,19.444444444444443,0.0,62.91677036640908,450.0717822941801
1370.0,86.70103380477893,19.444444444444443,inf,19.444444444444443,19.444444444444443,19.444444444444443,0.0,61.92677786980863,450.21290230223997
1371.0,86.7524623762075,19.444444444444443,inf,19.444444444444443,19.444444444444443,19.444444444444443,0.0,60.93678537320818,450.3540223102998
1372.0,86.80389094763608,19.444444444444443,inf,19.444444444444443,19.444444444444443,19.444444444444443,0.0,59.94679287660773,450.4951423183597
1373.0,86.85531951906465,19.444444444444443,inf,19.444444444444443,19.444444444444443,19.444444444444443,0.0,58.95680038000734,450.63626232641957
1374.0,86.90674809049322,19.444444444444443,inf,19.444444444444443,19.444444444444443,19.444444444444443,0.0,57.96680788340689,450.7773823344794
1375.0,86.9581766619218,19.444444444444443,inf,19.444444444444443,19.444444444444443,19.444444444444443,0.0,56.976815386806436,450.9185023425393
1376.0,87.00960523335037,19.444444444444443,inf,19.444444444444443,19.444444444444443,19.444444444444443,0.0,55.986822890205985,451.05962235059917
1377.0,87.06103380477894,19.444444444444443,inf,19.444444444444443,19.444444444444443,19.444444444444443,0.0,54.996830393605535,451.200742358659
1378.0,87.11246237620752,19.444444444444443,inf,19.444444444444443,19.444444444444443,19.444444444444443,0.0,54.006837897005084,451.3418623667189
1379.0,87.16389094763609,19.444444444444443,inf,19.444444444444443,19.444444444444443,19.444444444444443,0.0,53.016845400404634,451.48298237477877
1380.0,87.21531951906466,19.444444444444443,inf,19.444444444444443,19.444444444444443,19.444444444444443,0.0,52.02685290380418,451.6241023828386
1381.0,87.26674809049324,19.444444444444443,inf,19.444444444444443,19.444444444444443,19.444444444444443,0.0,51.03686040720373,451.7652223908985
1382.0,87.31817666192181,19.444444444444443,inf,19.444444444444443,19.444444444444443,19.444444444444443,0.0,50.04686791060328,451.9063423989584
1383.0,87.36960523335038,19.444444444444443,inf,19.444444444444443,19.444444444444443,19.444444444444443,0.0,49.05687541400283,452.0474624070182
1384.0,87.42103380477896,19.444444444444443,inf,19.444444444444443,19.444444444444443,19.444444444444443,0.0,48.06688291740238,452.1885824150781
1385.0,87.47246237620753,19.444444444444443,inf,19.444444444444443,19.444444444444443,19.444444444444443,0.0,47.07689042080199,452.329702423138
1386.0,87.5238909476361,19.444444444444443,inf,19.444444444444443,19.444444444444443,19.444444444444443,0.0,46.08689792420154,452.4708224311978
1387.0,87.57531951906468,19.444444444444443,inf,19.444444444444443,19.444444444444443,19.444444444444443,0.0,45.09690542760109,452.6119424392577
1388.0,87.62674809049325,19.444444444444443,inf,19.444444444444443,19.444444444444443,19.444444444444443,0.0,44.106912931000636,452.7530624473176
1389.0,87.67817666192182,19.444444444444443,inf,19.444444444444443,19.444444444444443,19.444444444444443,0.0,43.116920434400186,452.8941824553774
1390.0,87.7296052333504,19.444444444444443,inf,19.444444444444443,19.444444444444443,19.444444444444443,0.0,42.126927937799735,453.0353024634373
1391.0,87.78103380477897,19.444444444444443,inf,19.444444444444443,19.444444444444443,19.444444444444443,0.0,41.136935441199284,453.1764224714972
1392.0,87.83246237620754,19.444444444444443,inf,19.444444444444443,19.444444444444443,19.444444444444443,0.0,40.146942944598834,453.317542479557
1393.0,87.88389094763612,19.444444444444443,inf,19.444444444444443,19.444444444444443,19.444444444444443,0.0,39.15695044799838,453.4586624876169
1394.0,87.93531951906469,19.444444444444443,inf,19.444444444444443,19.444444444444443,19.444444444444443,0.0,38.16695795139793,453.5997824956768
1395.0,87.98674809049326,19.444444444444443,inf,19.444444444444443,19.444444444444443,19.444444444444443,0.0,37.17696545479748,453.7409025037366
1396.0,88.03817666192184,19.444444444444443,inf,19.444444444444443,19.444444444444443,19.444444444444443,0.0,36.18697295819709,453.8820225117965
1397.0,88.08960523335041,19.444444444444443,inf,19.444444444444443,19.444444444444443,19.444444444444443,0.0,35.19698046159664,454.0231425198564
1398.0,88.14103380477898,19.444444444444443,inf,19.444444444444443,19.444444444444443,19.444444444444443,0.0,34.20698796499619,454.1642625279162
1399.0,88.19246237620756,19.444444444444443,inf,19.444444444444443,19.444444444444443,19.444444444444443,0.0,33.21699546839574,454.3053825359761
1400.0,88.24389094763613,19.444444444444443,inf,19.444444444444443,19.444444444444443,19.444444444444443,0.0,32.22700297179529,454.446502544036
1401.0,88.2953195190647,19.444444444444443,inf,19.444444444444443,19.444444444444443,19.444444444444443,0.0,31.237010475194836,454.5876225520958
1402.0,88.34674809049328,19.444444444444443,inf,19.444444444444443,19.444444444444443,19.444444444444443,0.0,30.247017978594386,454.7287425601557
1403.0,88.39817666192185,19.444444444444443,inf,19.444444444444443,19.444444444444443,19.444444444444443,0.0,29.257025481993935,454.8698625682156
1404.0,88.44960523335043,19.444444444444443,inf,19.444444444444443,19.444444444444443,19.444444444444443,0.0,28.267032985393485,455.0109825762754
1405.0,88.501033804779,19.444444444444443,inf,19.444444444444443,19.444444444444443,19.444444444444443,0.0,27.277040488793034,455.1521025843353
1406.0,88.55246237620757,19.444444444444443,inf,19.444444444444443,19.444444444444443,19.444444444444443,0.0,26.287047992192583,455.2932225923952
1407.0,88.60389094763615,19.444444444444443,inf,19.444444444444443,19.444444444444443,19.444444444444443,0.0,25.29705549559219,455.434342600455
1408.0,88.65531951906472,19.444444444444443,inf,19.444444444444443,19.444444444444443,19.444444444444443,0.0,24.30706299899174,455.5754626085149
1409.0,88.70674809049329,19.444444444444443,inf,19.444444444444443,19.444444444444443,19.444444444444443,0.0,23.31707050239129,455.7165826165748
1410.0,88.75817666192187,19.444444444444443,inf,19.444444444444443,19.444444444444443,19.444444444444443,0.0,22.32707800579084,455.8577026246346
1411.0,88.80960523335044,19.444444444444443,inf,19.444444444444443,19.444444444444443,19.444444444444443,0.0,21.337085509190388,455.9988226326945
1412.0,88.86103380477901,19.444444444444443,inf,19.444444444444443,19.444444444444443,19.444444444444443,0.0,20.347093012589937,456.1399426407544
1413.0,88.91246237620759,19.444444444444443,inf,19.444444444444443,19.444444444444443,19.444444444444443,0.0,19.357100515989487,456.2810626488142
1414.0,88.96389094763616,19.444444444444443,inf,19.444444444444443,19.444444444444443,19.444444444444443,0.0,18.367108019389036,456.4221826568741
1415.0,89.01531951906473,19.444444444444443,inf,19.444444444444443,19.444444444444443,19.444444444444443,0.0,17.377115522788586,456.563302664934
1416.0,89.0667480904933,19.444444444444443,inf,19.444444444444443,19.444444444444443,19.444444444444443,0.0,16.387123026188135,456.7044226729938
1417.0,89.11817666192188,19.444444444444443,inf,19.444444444444443,19.444444444444443,19.444444444444443,0.0,15.397130529587685,456.8455426810537
1418.0,89.16960523335045,19.444444444444443,inf,19.444444444444443,19.444444444444443,19.444444444444443,0.0,14.407138032987291,456.9866626891136
1419.0,89.22103380477903,19.444444444444443,inf,19.444444444444443,19.444444444444443,19.444444444444443,0.0,13.41714553638684,457.1277826971734
1420.0,89.2724623762076,19.444444444444443,inf,19.444444444444443,19.444444444444443,19.444444444444443,0.0,12.42715303978639,457.2689027052333
1421.0,89.32389094763617,19.444444444444443,inf,19.444444444444443,19.444444444444443,19.444444444444443,0.0,11.43716054318594,457.4100227132932
1422.0,89.37531951906475,19.444444444444443,inf,19.444444444444443,19.444444444444443,19.444444444444443,0.0,10.447168046585489,457.551142721353
1423.0,89.42674809049332,19.444444444444443,inf,19.444444444444443,19.444444444444443,19.444444444444443,0.0,9.457175549985038,457.6922627294129
1424.0,89.47817666192189,19.444444444444443,inf,19.444444444444443,19.444444444444443,19.444444444444443,0.0,8.467183053384588,457.8333827374728
1425.0,89.52960523335047,19.444444444444443,inf,19.444444444444443,19.444444444444443,19.444444444444443,0.0,7.477190556784137,457.9745027455326
1426.0,89.58103380477904,19.444444444444443,inf,19.444444444444443,19.444444444444443,19.444444444444443,0.0,6.487198060183687,458.1156227535925
1427.0,89.63246237620761,19.444444444444443,inf,19.444444444444443,19.444444444444443,19.444444444444443,0.0,5.497205563583236,458.2567427616524
1428.0,89.68389094763619,19.444444444444443,inf,19.444444444444443,19.444444444444443,19.444444444444443,0.0,4.507213066982786,458.3978627697122
1429.0,89.73531951906476,19.444444444444443,inf,19.444444444444443,19.444444444444443,19.444444444444443,0.0,3.517220570382392,458.5389827777721
1430.0,89.78674809049333,19.444444444444443,inf,19.444444444444443,19.444444444444443,19.444444444444443,0.0,2.5272280737819415,458.680102785832
1431.0,89.8381766619219,19.444444444444443,inf,19.444444444444443,19.444444444444443,19.444444444444443,0.0,1.537235577181491,458.8212227938918
1432.0,89.88960523335048,19.444444444444443,inf,19.444444444444443,19.444444444444443,19.444444444444443,0.0,0.5472430805810404,458.9623428019517
1433.0,89.94103380477905,19.444444444444443,inf,19.444444444444443,19.444444444444443,19.444444444444443,0.0,-0.4427494160194101,459.1034628100116
1434.0,89.99246237620763,19.444444444444443,inf,19.444444444444443,19.444444444444443,19.444444444444443,0.0,-1.4327419126198606,459.2445828180714
1435.0,90.0438909476362,19.444444444444443,inf,19.444444444444443,19.444444444444443,19.444444444444443,0.0,-2.422734409220311,459.3857028261313
1436.0,90.09531951906477,19.444444444444443,inf,19.444444444444443,19.444444444444443,19.444444444444443,0.0,-3.4127269058207617,459.5268228341912
1437.0,90.14674809049335,19.444444444444443,inf,19.444444444444443,19.444444444444443,19.444444444444443,0.0,-4.402719402421212,459.667942842251
1438.0,90.19817666192192,19.444444444444443,inf,19.444444444444443,19.444444444444443,19.444444444444443,0.0,-5.392711899021663,459.8090628503109
1439.0,90.2496052333505,19.444444444444443,inf,19.444444444444443,19.444444444444443,19.444444444444443,0.0,-6.382704395622113,459.9501828583708
1440.0,90.30103380477907,19.444444444444443,inf,19.444444444444443,19.444444444444443,19.444444444444443,0.0,-7.372696892222507,460.0913028664306
1441.0,90.35246237620764,19.444444444444443,inf,19.444444444444443,19.444444444444443,19.444444444444443,0.0,-8.362689388822957,460.2324228744905
1442.0,90.40389094763621,19.444444444444443,inf,19.444444444444443,19.444444444444443,19.444444444444443,0.0,-9.352681885423408,460.3735428825504
1443.0,90.45531951906479,19.444444444444443,inf,19.444444444444443,19.444444444444443,19.444444444444443,0.0,-10.342674382023858,460.5146628906102
1444.0,90.50674809049336,19.444444444444443,inf,19.444444444444443,19.444444444444443,19.444444444444443,0.0,-11.332666878624309,460.6557828986701
1445.0,90.55817666192193,19.444444444444443,inf,19.444444444444443,19.444444444444443,19.444444444444443,0.0,-12.32265937522476,460.79690290673
1446.0,90.6096052333505,19.444444444444443,inf,19.444444444444443,19.444444444444443,19.444444444444443,0.0,-13.31265187182521,460.9380229147899
1447.0,90.66103380477908,19.444444444444443,inf,19.444444444444443,19.444444444444443,19.444444444444443,0.0,-14.30264436842566,461.0791429228497
1448.0,90.71246237620765,19.444444444444443,inf,19.444444444444443,19.444444444444443,19.444444444444443,0.0,-15.292636865026111,461.2202629309096
1449.0,90.76389094763623,19.444444444444443,inf,19.444444444444443,19.444444444444443,19.444444444444443,0.0,-16.28262936162656,461.3613829389695
1450.0,90.8153195190648,19.444444444444443,inf,19.444444444444443,19.444444444444443,19.444444444444443,0.0,-17.272621858227012,461.5025029470293
1451.0,90.86674809049337,19.444444444444443,inf,19.444444444444443,19.444444444444443,19.444444444444443,0.0,-18.262614354827406,461.6436229550892
1452.0,90.91817666192195,19.444444444444443,inf,19.444444444444443,19.444444444444443,19.444444444444443,0.0,-19.252606851427856,461.7847429631491
1453.0,90.96960523335052,19.444444444444443,inf,19.444444444444443,19.444444444444443,19.444444444444443,0.0,-20.242599348028307,461.9258629712089
1454.0,91.0210338047791,19.444444444444443,inf,19.444444444444443,19.444444444444443,19.444444444444443,0.0,-21.232591844628757,462.0669829792688
1455.0,91.07246237620767,19.444444444444443,inf,19.444444444444443,19.444444444444443,19.444444444444443,0.0,-22.222584341229208,462.20810298732863
1456.0,91.12389094763624,19.444444444444443,inf,19.444444444444443,19.444444444444443,19.444444444444443,0.0,-23.21257683782966,462.3492229953885
1457.0,91.17531951906481,19.444444444444443,inf,19.444444444444443,19.444444444444443,19.444444444444443,0.0,-24.20256933443011,462.4903430034484
1458.0,91.22674809049339,19.444444444444443,inf,19.444444444444443,19.444444444444443,19.444444444444443,0.0,-25.19256183103056,462.63146301150823
1459.0,91.27817666192196,19.444444444444443,inf,19.444444444444443,19.444444444444443,19.444444444444443,0.0,-26.18255432763101,462.7725830195681
1460.0,91.32960523335053,19.444444444444443,inf,19.444444444444443,19.444444444444443,19.444444444444443,0.0,-27.17254682423146,462.913703027628
1461.0,91.38103380477911,19.444444444444443,inf,19.444444444444443,19.444444444444443,19.444444444444443,0.0,-28.16253932083191,463.05482303568783
1462.0,91.43246237620768,19.444444444444443,inf,19.444444444444443,19.444444444444443,19.444444444444443,0.0,-29.152531817432305,463.1959430437477
1463.0,91.48389094763625,19.444444444444443,inf,19.444444444444443,19.444444444444443,19.444444444444443,0.0,-30.142524314032755,463.3370630518076
1464.0,91.53531951906483,19.444444444444443,inf,19.444444444444443,19.444444444444443,19.444444444444443,0.0,-31.132516810633206,463.47818305986743
1465.0,91.5867480904934,19.444444444444443,inf,19.444444444444443,19.444444444444443,19.444444444444443,0.0,-32.122509307233656,463.6193030679273
1466.0,91.63817666192197,19.444444444444443,inf,19.444444444444443,19.444444444444443,19.444444444444443,0.0,-33.11250180383411,463.7604230759872
1467.0,91.68960523335055,19.444444444444443,inf,19.444444444444443,19.444444444444443,19.444444444444443,0.0,-34.10249430043456,463.9015430840471
1468.0,91.74103380477912,19.444444444444443,inf,19.444444444444443,19.444444444444443,19.444444444444443,0.0,-35.09248679703501,464.0426630921069
1469.0,91.7924623762077,19.444444444444443,inf,19.444444444444443,19.444444444444443,19.444444444444443,0.0,-36.08247929363546,464.1837831001668
1470.0,91.84389094763627,19.444444444444443,inf,19.444444444444443,19.444444444444443,19.444444444444443,0.0,-37.07247179023591,464.3249031082267
1471.0,91.89531951906484,19.444444444444443,inf,19.444444444444443,19.444444444444443,19.444444444444443,0.0,-38.06246428683636,464.4660231162865
1472.0,91.94674809049341,19.444444444444443,inf,19.444444444444443,19.444444444444443,19.444444444444443,0.0,-39.05245678343681,464.6071431243464
1473.0,91.99817666192199,19.444444444444443,inf,19.444444444444443,19.444444444444443,19.444444444444443,0.0,-40.04244928003726,464.7482631324063
1474.0,92.04960523335056,19.444444444444443,inf,19.444444444444443,19.444444444444443,19.444444444444443,0.0,-41.032441776637654,464.8893831404661
1475.0,92.10103380477914,19.444444444444443,inf,19.444444444444443,19.444444444444443,19.444444444444443,0.0,-42.022434273238105,465.030503148526
1476.0,92.15246237620771,19.444444444444443,inf,19.444444444444443,19.444444444444443,19.444444444444443,0.0,-43.012426769838555,465.1716231565859
1477.0,92.20389094763628,19.444444444444443,inf,19.444444444444443,19.444444444444443,19.444444444444443,0.0,-44.002419266439006,465.3127431646457
1478.0,92.25531951906486,19.444444444444443,inf,19.444444444444443,19.444444444444443,19.444444444444443,0.0,-44.992411763039456,465.4538631727056
1479.0,92.30674809049343,19.444444444444443,inf,19.444444444444443,19.444444444444443,19.444444444444443,0.0,-45.98240425963991,465.5949831807655
1480.0,92.358176661922,19.444444444444443,inf,19.444444444444443,19.444444444444443,19.444444444444443,0.0,-46.97239675624036,465.7361031888253
1481.0,92.40960523335058,19.444444444444443,inf,19.444444444444443,19.444444444444443,19.444444444444443,0.0,-47.96238925284081,465.8772231968852
1482.0,92.46103380477915,19.444444444444443,inf,19.444444444444443,19.444444444444443,19.444444444444443,0.0,-48.95238174944126,466.0183432049451
1483.0,92.51246237620772,19.444444444444443,inf,19.444444444444443,19.444444444444443,19.444444444444443,0.0,-49.94237424604171,466.1594632130049
1484.0,92.5638909476363,19.444444444444443,inf,19.444444444444443,19.444444444444443,19.444444444444443,0.0,-50.93236674264216,466.3005832210648
1485.0,92.61531951906487,19.444444444444443,inf,19.444444444444443,19.444444444444443,19.444444444444443,0.0,-51.92235923924255,466.4417032291247
1486.0,92.66674809049344,19.444444444444443,inf,19.444444444444443,19.444444444444443,19.444444444444443,0.0,-52.912351735843004,466.5828232371845
1487.0,92.71817666192202,19.444444444444443,inf,19.444444444444443,19.444444444444443,19.444444444444443,0.0,-53.902344232443454,466.7239432452444
1488.0,92.76960523335059,19.444444444444443,inf,19.444444444444443,19.444444444444443,19.444444444444443,0.0,-54.892336729043905,466.8650632533043
1489.0,92.82103380477916,19.444444444444443,inf,19.444444444444443,19.444444444444443,19.444444444444443,0.0,-55.882329225644355,467.00618326136413
1490.0,92.87246237620774,19.444444444444443,inf,19.444444444444443,19.444444444444443,19.444444444444443,0.0,-56.872321722244806,467.147303269424
1491.0,92.92389094763631,19.444444444444443,inf,19.444444444444443,19.444444444444443,19.444444444444443,0.0,-57.862314218845256,467.2884232774839
1492.0,92.97531951906488,19.444444444444443,inf,19.444444444444443,19.444444444444443,19.444444444444443,0.0,-58.85230671544571,467.42954328554373
1493.0,93.02674809049346,19.444444444444443,inf,19.444444444444443,19.444444444444443,19.444444444444443,0.0,-59.84229921204616,467.5706632936036
1494.0,93.07817666192203,19.444444444444443,inf,19.444444444444443,19.444444444444443,19.444444444444443,0.0,-60.83229170864661,467.7117833016635
1495.0,93.1296052333506,19.444444444444443,inf,19.444444444444443,19.444444444444443,19.444444444444443,0.0,-61.82228420524706,467.85290330972333
1496.0,93.18103380477918,19.444444444444443,inf,19.444444444444443,19.444444444444443,19.444444444444443,0.0,-62.81227670184745,467.9940233177832
1497.0,93.23246237620775,19.444444444444443,inf,19.444444444444443,19.444444444444443,19.444444444444443,0.0,-63.8022691984479,468.1351433258431
1498.0,93.28389094763632,19.444444444444443,inf,19.444444444444443,19.444444444444443,19.444444444444443,0.0,-64.79226169504835,468.276263333903
1499.0,93.3353195190649,19.444444444444443,inf,19.444444444444443,19.444444444444443,19.444444444444443,0.0,-65.7822541916488,468.4173833419628
1500.0,93.38674809049347,19.444444444444443,inf,19.444444444444443,19.444444444444443,19.444444444444443,0.0,-66.77224668824925,468.5585033500227
1501.0,93.43817666192204,19.444444444444443,inf,19.444444444444443,19.444444444444443,19.444444444444443,0.0,-67.7622391848497,468.6996233580826
1502.0,93.48960523335062,19.444444444444443,inf,19.444444444444443,19.444444444444443,19.444444444444443,0.0,-68.75223168145016,468.8407433661424
1503.0,93.54103380477919,19.444444444444443,inf,19.444444444444443,19.444444444444443,19.444444444444443,0.0,-69.7422241780506,468.9818633742023
1504.0,93.59246237620776,19.444444444444443,inf,19.444444444444443,19.444444444444443,19.444444444444443,0.0,-70.73221667465106,469.1229833822622
1505.0,93.64389094763634,19.444444444444443,inf,19.444444444444443,19.444444444444443,19.444444444444443,0.0,-71.7222091712515,469.264103390322
1506.0,93.69531951906491,19.444444444444443,inf,19.444444444444443,19.444444444444443,19.444444444444443,0.0,-72.71220166785196,469.4052233983819
1507.0,93.74674809049348,19.444444444444443,inf,19.444444444444443,19.444444444444443,19.444444444444443,0.0,-73.70219416445235,469.5463434064418
1508.0,93.79817666192206,19.444444444444443,inf,19.444444444444443,19.444444444444443,19.444444444444443,0.0,-74.6921866610528,469.6874634145016
1509.0,93.84960523335063,19.444444444444443,inf,19.444444444444443,19.444444444444443,19.444444444444443,0.0,-75.68217915765325,469.8285834225615
1510.0,93.9010338047792,19.444444444444443,inf,19.444444444444443,19.444444444444443,19.444444444444443,0.0,-76.6721716542537,469.9697034306214
1511.0,93.95246237620778,19.444444444444443,inf,19.444444444444443,19.444444444444443,19.444444444444443,0.0,-77.66216415085415,470.1108234386812
1512.0,94.00389094763635,19.444444444444443,inf,19.444444444444443,19.444444444444443,19.444444444444443,0.0,-78.6521566474546,470.2519434467411
1513.0,94.05531951906492,19.444444444444443,inf,19.444444444444443,19.444444444444443,19.444444444444443,0.0,-79.64214914405505,470.393063454801
1514.0,94.1067480904935,19.444444444444443,inf,19.444444444444443,19.444444444444443,19.444444444444443,0.0,-80.6321416406555,470.5341834628608
1515.0,94.15817666192207,19.444444444444443,inf,19.444444444444443,19.444444444444443,19.444444444444443,0.0,-81.62213413725596,470.6753034709207
1516.0,94.20960523335064,19.444444444444443,inf,19.444444444444443,19.444444444444443,19.444444444444443,0.0,-82.6121266338564,470.8164234789806
1517.0,94.26103380477922,19.444444444444443,inf,19.444444444444443,19.444444444444443,19.444444444444443,0.0,-83.60211913045686,470.9575434870404
1518.0,94.31246237620779,19.444444444444443,inf,19.444444444444443,19.444444444444443,19.444444444444443,0.0,-84.5921116270573,471.0986634951003
1519.0,94.36389094763636,19.444444444444443,inf,19.444444444444443,19.444444444444443,19.444444444444443,0.0,-85.5821041236577,471.2397835031602
1520.0,94.41531951906494,19.444444444444443,inf,19.444444444444443,19.444444444444443,19.444444444444443,0.0,-86.57209662025821,471.38090351122
1521.0,94.46674809049351,19.444444444444443,inf,19.444444444444443,19.444444444444443,19.444444444444443,0.0,-87.5620891168586,471.5220235192799
1522.0,94.51817666192208,19.444444444444443,inf,19.444444444444443,19.444444444444443,19.444444444444443,0.0,-88.55208161345911,471.6631435273398
1523.0,94.56960523335066,19.444444444444443,inf,19.444444444444443,19.444444444444443,19.444444444444443,0.0,-89.5420741100595,471.8042635353996
1524.0,94.62103380477923,19.444444444444443,inf,19.444444444444443,19.444444444444443,19.444444444444443,0.0,-90.5320666066599,471.9453835434595
1525.0,94.6724623762078,19.444444444444443,inf,19.444444444444443,19.444444444444443,19.444444444444443,0.0,-91.5220591032604,472.0865035515194
1526.0,94.72389094763638,19.444444444444443,inf,19.444444444444443,19.444444444444443,19.444444444444443,0.0,-92.5120515998608,472.22762355957923
1527.0,94.77531951906495,19.444444444444443,inf,19.444444444444443,19.444444444444443,19.444444444444443,0.0,-93.5020440964613,472.3687435676391
1528.0,94.82674809049352,19.444444444444443,inf,19.444444444444443,19.444444444444443,19.444444444444443,0.0,-94.4920365930617,472.509863575699
1529.0,94.8781766619221,19.444444444444443,inf,19.444444444444443,19.444444444444443,19.444444444444443,0.0,-95.4820290896622,472.65098358375883
1530.0,94.92960523335067,19.444444444444443,inf,19.444444444444443,19.444444444444443,19.444444444444443,0.0,-96.4720215862626,472.7921035918187
1531.0,94.98103380477924,19.444444444444443,inf,19.444444444444443,19.444444444444443,19.444444444444443,0.0,-97.4620140828631,472.9332235998786
1532.0,95.03246237620782,19.444444444444443,inf,19.444444444444443,19.444444444444443,19.444444444444443,0.0,-98.4520065794635,473.07434360793843
1533.0,95.08389094763639,19.444444444444443,inf,19.444444444444443,19.444444444444443,19.444444444444443,0.0,-99.44199907606401,473.2154636159983
1534.0,95.13531951906496,19.444444444444443,inf,19.444444444444443,19.444444444444443,19.444444444444443,0.0,-100.4319915726644,473.3565836240582
1535.0,95.18674809049354,19.444444444444443,inf,19.444444444444443,19.444444444444443,19.444444444444443,0.0,-101.4219840692648,473.49770363211803
1536.0,95.23817666192211,19.444444444444443,inf,19.444444444444443,19.444444444444443,19.444444444444443,0.0,-102.4119765658653,473.6388236401779
1537.0,95.28960523335068,19.444444444444443,inf,19.444444444444443,19.444444444444443,19.444444444444443,0.0,-103.4019690624657,473.7799436482378
1538.0,95.34103380477926,19.444444444444443,inf,19.444444444444443,19.444444444444443,19.444444444444443,0.0,-104.3919615590662,473.92106365629763
1539.0,95.39246237620783,19.444444444444443,inf,19.444444444444443,19.444444444444443,19.444444444444443,0.0,-105.3819540556666,474.0621836643575
1540.0,95.4438909476364,19.444444444444443,inf,19.444444444444443,19.444444444444443,19.444444444444443,0.0,-106.3719465522671,474.2033036724174
1541.0,95.49531951906498,19.444444444444443,inf,19.444444444444443,19.444444444444443,19.444444444444443,0.0,-107.3619390488675,474.34442368047723
1542.0,95.54674809049355,19.444444444444443,inf,19.444444444444443,19.444444444444443,19.444444444444443,0.0,-108.351931545468,474.4855436885371
1543.0,95.59817666192212,19.444444444444443,inf,19.444444444444443,19.444444444444443,19.444444444444443,0.0,-109.3419240420684,474.626663696597
1544.0,95.6496052333507,19.444444444444443,inf,19.444444444444443,19.444444444444443,19.444444444444443,0.0,-110.3319165386689,474.76778370465684
1545.0,95.70103380477927,19.444444444444443,inf,19.444444444444443,19.444444444444443,19.444444444444443,0.0,-111.3219090352693,474.9089037127167
1546.0,95.75246237620784,19.444444444444443,inf,19.444444444444443,19.444444444444443,19.444444444444443,0.0,-112.3119015318697,475.0500237207766
1547.0,95.80389094763642,19.444444444444443,inf,19.444444444444443,19.444444444444443,19.444444444444443,0.0,-113.3018940284702,475.19114372883644
1548.0,95.85531951906499,19.444444444444443,inf,19.444444444444443,19.444444444444443,19.444444444444443,0.0,-114.2918865250706,475.3322637368963
1549.0,95.90674809049356,19.444444444444443,inf,19.444444444444443,19.444444444444443,19.444444444444443,0.0,-115.2818790216711,475.4733837449562
1550.0,95.95817666192214,19.444444444444443,inf,19.444444444444443,19.444444444444443,19.444444444444443,0.0,-116.2718715182715,475.61450375301604
1551.0,96.00960523335071,19.444444444444443,inf,19.444444444444443,19.444444444444443,19.444444444444443,0.0,-117.261864014872,475.7556237610759
1552.0,96.06103380477929,19.444444444444443,inf,19.444444444444443,19.444444444444443,19.444444444444443,0.0,-118.2518565114724,475.8967437691358
1553.0,96.11246237620786,19.444444444444443,inf,19.444444444444443,19.444444444444443,19.444444444444443,0.0,-119.2418490080729,476.03786377719564
1554.0,96.16389094763643,19.444444444444443,inf,19.444444444444443,19.444444444444443,19.444444444444443,0.0,-120.2318415046733,476.1789837852555
1555.0,96.215319519065,19.444444444444443,inf,19.444444444444443,19.444444444444443,19.444444444444443,0.0,-121.2218340012738,476.3201037933154
1556.0,96.26674809049358,19.444444444444443,inf,19.444444444444443,19.444444444444443,19.444444444444443,0.0,-122.2118264978742,476.46122380137524
1557.0,96.31817666192215,19.444444444444443,inf,19.444444444444443,19.444444444444443,19.444444444444443,0.0,-123.20181899447459,476.6023438094351
1558.0,96.36960523335073,19.444444444444443,inf,19.444444444444443,19.444444444444443,19.444444444444443,0.0,-124.1918114910751,476.743463817495
1559.0,96.4210338047793,19.444444444444443,inf,19.444444444444443,19.444444444444443,19.444444444444443,0.0,-125.1818039876755,476.88458382555484
1560.0,96.47246237620787,19.444444444444443,inf,19.444444444444443,19.444444444444443,19.444444444444443,0.0,-126.171796484276,477.0257038336147
1561.0,96.52389094763645,19.444444444444443,inf,19.444444444444443,19.444444444444443,19.444444444444443,0.0,-127.1617889808764,477.1668238416746
1562.0,96.57531951906502,19.444444444444443,inf,19.444444444444443,19.444444444444443,19.444444444444443,0.0,-128.1517814774769,477.30794384973444
1563.0,96.62674809049359,19.444444444444443,inf,19.444444444444443,19.444444444444443,19.444444444444443,0.0,-129.1417739740773,477.44906385779433
1564.0,96.67817666192217,19.444444444444443,inf,19.444444444444443,19.444444444444443,19.444444444444443,0.0,-130.1317664706778,477.5901838658542
1565.0,96.72960523335074,19.444444444444443,inf,19.444444444444443,19.444444444444443,19.444444444444443,0.0,-131.1217589672782,477.73130387391404
1566.0,96.78103380477931,19.444444444444443,inf,19.444444444444443,19.444444444444443,19.444444444444443,0.0,-132.1117514638787,477.87242388197393
1567.0,96.83246237620789,19.444444444444443,inf,19.444444444444443,19.444444444444443,19.444444444444443,0.0,-133.1017439604791,478.0135438900338
1568.0,96.88389094763646,19.444444444444443,inf,19.444444444444443,19.444444444444443,19.444444444444443,0.0,-134.0917364570795,478.15466389809365
1569.0,96.93531951906503,19.444444444444443,inf,19.444444444444443,19.444444444444443,19.444444444444443,0.0,-135.08172895368,478.29578390615353
1570.0,96.9867480904936,19.444444444444443,inf,19.444444444444443,19.444444444444443,19.444444444444443,0.0,-136.0717214502804,478.4369039142134
1571.0,97.03817666192218,19.444444444444443,inf,19.444444444444443,19.444444444444443,19.444444444444443,0.0,-137.0617139468809,478.57802392227325
1572.0,97.08960523335075,19.444444444444443,inf,19.444444444444443,19.444444444444443,19.444444444444443,0.0,-138.0517064434813,478.71914393033313
1573.0,97.14103380477933,19.444444444444443,inf,19.444444444444443,19.444444444444443,19.444444444444443,0.0,-139.0416989400818,478.860263938393
1574.0,97.1924623762079,19.444444444444443,inf,19.444444444444443,19.444444444444443,19.444444444444443,0.0,-140.0316914366822,479.00138394645285
1575.0,97.24389094763647,19.444444444444443,inf,19.444444444444443,19.444444444444443,19.444444444444443,0.0,-141.0216839332827,479.14250395451273
1576.0,97.29531951906505,19.444444444444443,inf,19.444444444444443,19.444444444444443,19.444444444444443,0.0,-142.0116764298831,479.2836239625726
1577.0,97.34674809049362,19.444444444444443,inf,19.444444444444443,19.444444444444443,19.444444444444443,0.0,-143.0016689264836,479.42474397063245
1578.0,97.3981766619222,19.444444444444443,inf,19.444444444444443,19.444444444444443,19.444444444444443,0.0,-143.991661423084,479.56586397869233
1579.0,97.44960523335077,19.444444444444443,inf,19.444444444444443,19.444444444444443,19.444444444444443,0.0,-144.9816539196844,479.7069839867522
1580.0,97.50103380477934,19.444444444444443,inf,19.444444444444443,19.444444444444443,19.444444444444443,0.0,-145.9716464162849,479.84810399481205
1581.0,97.55246237620791,19.444444444444443,inf,19.444444444444443,19.444444444444443,19.444444444444443,0.0,-146.9616389128853,479.98922400287194
1582.0,97.60389094763649,19.444444444444443,inf,19.444444444444443,19.444444444444443,19.444444444444443,0.0,-147.9516314094858,480.1303440109318
1583.0,97.65531951906506,19.444444444444443,inf,19.444444444444443,19.444444444444443,19.444444444444443,0.0,-148.9416239060862,480.27146401899165
1584.0,97.70674809049363,19.444444444444443,inf,19.444444444444443,19.444444444444443,19.444444444444443,0.0,-149.9316164026867,480.41258402705154
1585.0,97.7581766619222,19.444444444444443,inf,19.444444444444443,19.444444444444443,19.444444444444443,0.0,-150.9216088992871,480.5537040351114
1586.0,97.80960523335078,19.444444444444443,inf,19.444444444444443,19.444444444444443,19.444444444444443,0.0,-151.9116013958876,480.69482404317125
1587.0,97.86103380477935,19.444444444444443,inf,19.444444444444443,19.444444444444443,19.444444444444443,0.0,-152.901593892488,480.83594405123114
1588.0,97.91246237620793,19.444444444444443,inf,19.444444444444443,19.444444444444443,19.444444444444443,0.0,-153.8915863890885,480.977064059291
1589.0,97.9638909476365,19.444444444444443,inf,19.444444444444443,19.444444444444443,19.444444444444443,0.0,-154.8815788856889,481.11818406735085
1590.0,98.01531951906507,19.444444444444443,inf,19.444444444444443,19.444444444444443,19.444444444444443,0.0,-155.8715713822893,481.25930407541074
1591.0,98.06674809049365,19.444444444444443,inf,19.444444444444443,19.444444444444443,19.444444444444443,0.0,-156.8615638788898,481.4004240834706
1592.0,98.11817666192222,19.444444444444443,inf,19.444444444444443,19.444444444444443,19.444444444444443,0.0,-157.8515563754902,481.54154409153045
1593.0,98.1696052333508,19.444444444444443,inf,19.444444444444443,19.444444444444443,19.444444444444443,0.0,-158.8415488720907,481.68266409959034
1594.0,98.22103380477937,19.444444444444443,inf,19.444444444444443,19.444444444444443,19.444444444444443,0.0,-159.8315413686911,481.8237841076502
1595.0,98.27246237620794,19.444444444444443,inf,19.444444444444443,19.444444444444443,19.444444444444443,0.0,-160.8215338652916,481.96490411571006
1596.0,98.32389094763651,19.444444444444443,inf,19.444444444444443,19.444444444444443,19.444444444444443,0.0,-161.811526361892,482.10602412376994
1597.0,98.37531951906509,19.444444444444443,inf,19.444444444444443,19.444444444444443,19.444444444444443,0.0,-162.8015188584925,482.2471441318298
1598.0,98.42674809049366,19.444444444444443,inf,19.444444444444443,19.444444444444443,19.444444444444443,0.0,-163.7915113550929,482.38826413988966
1599.0,98.47817666192223,19.444444444444443,inf,19.444444444444443,19.444444444444443,19.444444444444443,0.0,-164.7815038516934,482.52938414794954
1600.0,98.52960523335081,19.444444444444443,inf,19.444444444444443,19.444444444444443,19.444444444444443,0.0,-165.7714963482938,482.67050415600943
1601.0,98.58103380477938,19.444444444444443,inf,19.444444444444443,19.444444444444443,19.444444444444443,0.0,-166.7614888448943,482.81162416406926
1602.0,98.63246237620795,19.444444444444443,inf,19.444444444444443,19.444444444444443,19.444444444444443,0.0,-167.7514813414947,482.95274417212914
1603.0,98.68389094763653,19.444444444444443,inf,19.444444444444443,19.444444444444443,19.444444444444443,0.0,-168.7414738380951,483.09386418018903
1604.0,98.7353195190651,19.444444444444443,inf,19.444444444444443,19.444444444444443,19.444444444444443,0.0,-169.7314663346956,483.23498418824886
1605.0,98.78674809049367,19.444444444444443,inf,19.444444444444443,19.444444444444443,19.444444444444443,0.0,-170.721458831296,483.37610419630875
1606.0,98.83817666192225,19.444444444444443,inf,19.444444444444443,19.444444444444443,19.444444444444443,0.0,-171.7114513278965,483.51722420436863
1607.0,98.88960523335082,19.444444444444443,inf,19.444444444444443,19.444444444444443,19.444444444444443,0.0,-172.7014438244969,483.65834421242846
1608.0,98.9410338047794,19.444444444444443,inf,19.444444444444443,19.444444444444443,19.444444444444443,0.0,-173.6914363210974,483.79946422048835
1609.0,98.99246237620797,19.444444444444443,inf,19.444444444444443,19.444444444444443,19.444444444444443,0.0,-174.6814288176978,483.94058422854823
1610.0,99.04389094763654,19.444444444444443,inf,19.444444444444443,19.444444444444443,19.444444444444443,0.0,-175.6714213142983,484.08170423660806
1611.0,99.09531951906511,19.444444444444443,inf,19.444444444444443,19.444444444444443,19.444444444444443,0.0,-176.6614138108987,484.22282424466795
1612.0,99.14674809049369,19.444444444444443,inf,19.444444444444443,19.444444444444443,19.444444444444443,0.0,-177.6514063074992,484.36394425272783
1613.0,99.19817666192226,19.444444444444443,inf,19.444444444444443,19.444444444444443,19.444444444444443,0.0,-178.6413988040996,484.50506426078766
1614.0,99.24960523335083,19.444444444444443,inf,19.444444444444443,19.444444444444443,19.444444444444443,0.0,-179.6313913007,484.64618426884755
1615.0,99.30103380477941,19.444444444444443,inf,19.444444444444443,19.444444444444443,19.444444444444443,0.0,-180.6213837973005,484.78730427690743
1616.0,99.35246237620798,19.444444444444443,inf,19.444444444444443,19.444444444444443,19.444444444444443,0.0,-181.6113762939009,484.92842428496726
1617.0,99.40389094763655,19.444444444444443,inf,19.444444444444443,19.444444444444443,19.444444444444443,0.0,-182.6013687905014,485.06954429302715
1618.0,99.45531951906513,19.444444444444443,inf,19.444444444444443,19.444444444444443,19.444444444444443,0.0,-183.5913612871018,485.21066430108704
1619.0,99.5067480904937,19.444444444444443,inf,19.444444444444443,19.444444444444443,19.444444444444443,0.0,-184.5813537837023,485.35178430914686
1620.0,99.55817666192227,19.444444444444443,inf,19.444444444444443,19.444444444444443,19.444444444444443,0.0,-185.5713462803027,485.49290431720675
1621.0,99.60960523335085,19.444444444444443,inf,19.444444444444443,19.444444444444443,19.444444444444443,0.0,-186.5613387769032,485.63402432526664
1622.0,99.66103380477942,19.444444444444443,inf,19.444444444444443,19.444444444444443,19.444444444444443,0.0,-187.5513312735036,485.77514433332647
1623.0,99.712462376208,19.444444444444443,inf,19.444444444444443,19.444444444444443,19.444444444444443,0.0,-188.5413237701041,485.91626434138635
1624.0,99.76389094763657,19.444444444444443,inf,19.444444444444443,19.444444444444443,19.444444444444443,0.0,-189.5313162667045,486.05738434944624
1625.0,99.81531951906514,19.444444444444443,inf,19.444444444444443,19.444444444444443,19.444444444444443,0.0,-190.5213087633049,486.19850435750607
1626.0,99.86674809049372,19.444444444444443,inf,19.444444444444443,19.444444444444443,19.444444444444443,0.0,-191.5113012599054,486.33962436556595
1627.0,99.91817666192229,19.444444444444443,inf,19.444444444444443,19.444444444444443,19.444444444444443,0.0,-192.5012937565058,486.48074437362584
1628.0,99.96960523335086,19.444444444444443,inf,19.444444444444443,19.444444444444443,19.444444444444443,0.0,-193.4912862531063,486.62186438168567
1629.0,100.02103380477944,19.444444444444443,inf,19.444444444444443,19.444444444444443,19.444444444444443,0.0,-194.4812787497067,486.76298438974555
1630.0,100.07246237620801,19.444444444444443,inf,19.444444444444443,19.444444444444443,19.444444444444443,0.0,-195.4712712463072,486.90410439780544
1631.0,100.12389094763658,19.444444444444443,inf,19.444444444444443,19.444444444444443,19.444444444444443,0.0,-196.4612637429076,487.04522440586527
1632.0,100.17531951906516,19.444444444444443,inf,19.444444444444443,19.444444444444443,19.444444444444443,0.0,-197.4512562395081,487.18634441392516
1633.0,100.22674809049373,19.444444444444443,inf,19.444444444444443,19.444444444444443,19.444444444444443,0.0,-198.4412487361085,487.32746442198504
1634.0,100.2781766619223,19.444444444444443,inf,19.444444444444443,19.444444444444443,19.444444444444443,0.0,-199.431241232709,487.46858443004487
1635.0,100.32960523335088,19.444444444444443,inf,19.444444444444443,19.444444444444443,19.444444444444443,0.0,-200.4212337293094,487.60970443810476
1636.0,100.38103380477945,19.444444444444443,inf,19.444444444444443,19.444444444444443,19.444444444444443,0.0,-201.4112262259098,487.75082444616464
1637.0,100.43246237620802,19.444444444444443,inf,19.444444444444443,19.444444444444443,19.444444444444443,0.0,-202.4012187225103,487.8919444542245
1638.0,100.4838909476366,19.444444444444443,inf,19.444444444444443,19.444444444444443,19.444444444444443,0.0,-203.3912112191107,488.03306446228436
1639.0,100.53531951906517,19.444444444444443,inf,19.444444444444443,19.444444444444443,19.444444444444443,0.0,-204.3812037157112,488.17418447034424
1640.0,100.58674809049374,19.444444444444443,inf,19.444444444444443,19.444444444444443,19.444444444444443,0.0,-205.3711962123116,488.3153044784041
1641.0,100.63817666192232,19.444444444444443,inf,19.444444444444443,19.444444444444443,19.444444444444443,0.0,-206.3611887089121,488.45642448646396
1642.0,100.68960523335089,19.444444444444443,inf,19.444444444444443,19.444444444444443,19.444444444444443,0.0,-207.3511812055125,488.59754449452385
1643.0,100.74103380477946,19.444444444444443,inf,19.444444444444443,19.444444444444443,19.444444444444443,0.0,-208.341173702113,488.7386645025837
1644.0,100.79246237620804,19.444444444444443,inf,19.444444444444443,19.444444444444443,19.444444444444443,0.0,-209.3311661987134,488.87978451064356
1645.0,100.84389094763661,19.444444444444443,inf,19.444444444444443,19.444444444444443,19.444444444444443,0.0,-210.3211586953139,489.02090451870345
1646.0,100.89531951906518,19.444444444444443,inf,19.444444444444443,19.444444444444443,19.444444444444443,0.0,-211.3111511919143,489.1620245267633
1647.0,100.94674809049376,19.444444444444443,inf,19.444444444444443,19.444444444444443,19.444444444444443,0.0,-212.30114368851468,489.30314453482316
1648.0,100.99817666192233,19.444444444444443,inf,19.444444444444443,19.444444444444443,19.444444444444443,0.0,-213.2911361851152,489.44426454288305
1649.0,101.0496052333509,19.444444444444443,inf,19.444444444444443,19.444444444444443,19.444444444444443,0.0,-214.2811286817156,489.5853845509429
1650.0,101.10103380477948,19.444444444444443,inf,19.444444444444443,19.444444444444443,19.444444444444443,0.0,-215.2711211783161,489.72650455900276
1651.0,101.15246237620805,19.444444444444443,inf,19.444444444444443,19.444444444444443,19.444444444444443,0.0,-216.2611136749165,489.86762456706265
1652.0,101.20389094763662,19.444444444444443,inf,19.444444444444443,19.444444444444443,19.444444444444443,0.0,-217.251106171517,490.0087445751225
1653.0,101.2553195190652,19.444444444444443,inf,19.444444444444443,19.444444444444443,19.444444444444443,0.0,-218.2410986681174,490.14986458318236
1654.0,101.30674809049377,19.444444444444443,inf,19.444444444444443,19.444444444444443,19.444444444444443,0.0,-219.2310911647179,490.29098459124225
1655.0,101.35817666192234,19.444444444444443,inf,19.444444444444443,19.444444444444443,19.444444444444443,0.0,-220.2210836613183,490.4321045993021
1656.0,101.40960523335092,19.444444444444443,inf,19.444444444444443,19.444444444444443,19.444444444444443,0.0,-221.2110761579188,490.57322460736196
1657.0,101.46103380477949,19.444444444444443,inf,19.444444444444443,19.444444444444443,19.444444444444443,0.0,-222.2010686545192,490.71434461542185
1658.0,101.51246237620806,19.444444444444443,inf,19.444444444444443,19.444444444444443,19.444444444444443,0.0,-223.19106115111958,490.8554646234817
1659.0,101.56389094763664,19.444444444444443,inf,19.444444444444443,19.444444444444443,19.444444444444443,0.0,-224.1810536477201,490.99658463154157
1660.0,101.61531951906521,19.444444444444443,inf,19.444444444444443,19.444444444444443,19.444444444444443,0.0,-225.17104614432048,491.13770463960145
1661.0,101.66674809049378,19.444444444444443,inf,19.444444444444443,19.444444444444443,19.444444444444443,0.0,-226.161038640921,491.2788246476613
1662.0,101.71817666192236,19.444444444444443,inf,19.444444444444443,19.444444444444443,19.444444444444443,0.0,-227.1510311375214,491.41994465572117
1663.0,101.76960523335093,19.444444444444443,inf,19.444444444444443,19.444444444444443,19.444444444444443,0.0,-228.1410236341219,491.56106466378105
1664.0,101.8210338047795,19.444444444444443,inf,19.444444444444443,19.444444444444443,19.444444444444443,0.0,-229.1310161307223,491.7021846718409
1665.0,101.87246237620808,19.444444444444443,inf,19.444444444444443,19.444444444444443,19.444444444444443,0.0,-230.1210086273228,491.84330467990077
1666.0,101.92389094763665,19.444444444444443,inf,19.444444444444443,19.444444444444443,19.444444444444443,0.0,-231.1110011239232,491.98442468796065
1667.0,101.97531951906522,19.444444444444443,inf,19.444444444444443,19.444444444444443,19.444444444444443,0.0,-232.1009936205237,492.1255446960205
1668.0,102.0267480904938,19.444444444444443,inf,19.444444444444443,19.444444444444443,19.444444444444443,0.0,-233.0909861171241,492.26666470408037
1669.0,102.07817666192237,19.444444444444443,inf,19.444444444444443,19.444444444444443,19.444444444444443,0.0,-234.08097861372448,492.40778471214026
1670.0,102.12960523335094,19.444444444444443,inf,19.444444444444443,19.444444444444443,19.444444444444443,0.0,-235.070971110325,492.5489047202001
1671.0,102.18103380477952,19.444444444444443,inf,19.444444444444443,19.444444444444443,19.444444444444443,0.0,-236.06096360692538,492.69002472825997
1672.0,102.23246237620809,19.444444444444443,inf,19.444444444444443,19.444444444444443,19.444444444444443,0.0,-237.0509561035259,492.83114473631986
1673.0,102.28389094763666,19.444444444444443,inf,19.444444444444443,19.444444444444443,19.444444444444443,0.0,-238.04094860012628,492.9722647443797
1674.0,102.33531951906524,19.444444444444443,inf,19.444444444444443,19.444444444444443,19.444444444444443,0.0,-239.0309410967268,493.1133847524396
1675.0,102.38674809049381,19.444444444444443,inf,19.444444444444443,19.444444444444443,19.444444444444443,0.0,-240.0209335933272,493.25450476049946
1676.0,102.43817666192238,19.444444444444443,inf,19.444444444444443,19.444444444444443,19.444444444444443,0.0,-241.0109260899277,493.3956247685593
1677.0,102.48960523335096,19.444444444444443,inf,19.444444444444443,19.444444444444443,19.444444444444443,0.0,-242.0009185865281,493.5367447766192
1678.0,102.54103380477953,19.444444444444443,inf,19.444444444444443,19.444444444444443,19.444444444444443,0.0,-242.9909110831286,493.67786478467906
1679.0,102.5924623762081,19.444444444444443,inf,19.444444444444443,19.444444444444443,19.444444444444443,0.0,-243.980903579729,493.8189847927389
1680.0,102.64389094763668,19.444444444444443,inf,19.444444444444443,19.444444444444443,19.444444444444443,0.0,-244.97089607632938,493.9601048007988
1681.0,102.69531951906525,19.444444444444443,inf,19.444444444444443,19.444444444444443,19.444444444444443,0.0,-245.9608885729299,494.10122480885866
1682.0,102.74674809049382,19.444444444444443,inf,19.444444444444443,19.444444444444443,19.444444444444443,0.0,-246.95088106953028,494.2423448169185
1683.0,102.7981766619224,19.444444444444443,inf,19.444444444444443,19.444444444444443,19.444444444444443,0.0,-247.9408735661308,494.3834648249784
1684.0,102.84960523335097,19.444444444444443,inf,19.444444444444443,19.444444444444443,19.444444444444443,0.0,-248.93086606273118,494.52458483303826
1685.0,102.90103380477954,19.444444444444443,inf,19.444444444444443,19.444444444444443,19.444444444444443,0.0,-249.9208585593317,494.6657048410981
1686.0,102.95246237620812,19.444444444444443,inf,19.444444444444443,19.444444444444443,19.444444444444443,0.0,-250.91085105593208,494.806824849158
1687.0,103.00389094763669,19.444444444444443,inf,19.444444444444443,19.444444444444443,19.444444444444443,0.0,-251.9008435525326,494.94794485721786
1688.0,103.05531951906526,19.444444444444443,inf,19.444444444444443,19.444444444444443,19.444444444444443,0.0,-252.890836049133,495.0890648652777
1689.0,103.10674809049384,19.444444444444443,inf,19.444444444444443,19.444444444444443,19.444444444444443,0.0,-253.8808285457335,495.2301848733376
1690.0,103.15817666192241,19.444444444444443,inf,19.444444444444443,19.444444444444443,19.444444444444443,0.0,-254.8708210423339,495.37130488139746
1691.0,103.20960523335098,19.444444444444443,inf,19.444444444444443,19.444444444444443,19.444444444444443,0.0,-255.86081353893428,495.5124248894573
1692.0,103.26103380477956,19.444444444444443,inf,19.444444444444443,19.444444444444443,19.444444444444443,0.0,-256.8508060355348,495.6535448975172
1693.0,103.31246237620813,19.444444444444443,inf,19.444444444444443,19.444444444444443,19.444444444444443,0.0,-257.8407985321352,495.79466490557706
1694.0,103.3638909476367,19.444444444444443,inf,19.444444444444443,19.444444444444443,19.444444444444443,0.0,-258.8307910287357,495.9357849136369
1695.0,103.41531951906528,19.444444444444443,inf,19.444444444444443,19.444444444444443,19.444444444444443,0.0,-259.8207835253361,496.0769049216968
1696.0,103.46674809049385,19.444444444444443,inf,19.444444444444443,19.444444444444443,19.444444444444443,0.0,-260.8107760219366,496.21802492975667
1697.0,103.51817666192242,19.444444444444443,inf,19.444444444444443,19.444444444444443,19.444444444444443,0.0,-261.800768518537,496.3591449378165
1698.0,103.569605233351,19.444444444444443,inf,19.444444444444443,19.444444444444443,19.444444444444443,0.0,-262.7907610151375,496.5002649458764
1699.0,103.62103380477957,19.444444444444443,inf,19.444444444444443,19.444444444444443,19.444444444444443,0.0,-263.7807535117379,496.64138495393627
1700.0,103.67246237620814,19.444444444444443,inf,19.444444444444443,19.444444444444443,19.444444444444443,0.0,-264.7707460083384,496.7825049619961
1701.0,103.72389094763672,19.444444444444443,inf,19.444444444444443,19.444444444444443,19.444444444444443,0.0,-265.7607385049388,496.923624970056
1702.0,103.77531951906529,19.444444444444443,inf,19.444444444444443,19.444444444444443,19.444444444444443,0.0,-266.7507310015392,497.06474497811587
1703.0,103.82674809049387,19.444444444444443,inf,19.444444444444443,19.444444444444443,19.444444444444443,0.0,-267.7407234981397,497.2058649861757
1704.0,103.87817666192244,19.444444444444443,inf,19.444444444444443,19.444444444444443,19.444444444444443,0.0,-268.7307159947401,497.3469849942356
1705.0,103.92960523335101,19.444444444444443,inf,19.444444444444443,19.444444444444443,19.444444444444443,0.0,-269.7207084913406,497.48810500229547
1706.0,103.98103380477959,19.444444444444443,inf,19.444444444444443,19.444444444444443,19.444444444444443,0.0,-270.710700987941,497.6292250103553
1707.0,104.03246237620816,19.444444444444443,inf,19.444444444444443,19.444444444444443,19.444444444444443,-0.5925925925923252,-271.7006934845415,497.7703450184152
1708.0,104.08393131413686,19.413944333079296,inf,19.444444444444443,19.444444444444443,19.413944333079296,-1.0,-272.6906859811419,497.91146502647507
1709.0,104.13550919660115,19.36236645061501,inf,19.444444444444443,19.444444444444443,19.36236645061501,-1.0,-273.6806784777424,498.05258503453496
1710.0,104.18722484078549,19.310650806430676,inf,19.444444444444443,19.444444444444443,19.310650806430676,-1.0,-274.6706709743428,498.1937050425948
1711.0,104.23907935648445,19.258796290731716,inf,19.444444444444443,19.444444444444443,19.258796290731716,-0.9999999999999716,-275.6606634709433,498.3348250506547
1712.0,104.29107386847379,19.20680177874239,inf,19.444444444444443,19.444444444444443,19.20680177874239,-1.0000000000000284,-276.6506559675437,498.47594505871456
1713.0,104.34320951679506,19.154666130421113,inf,19.444444444444443,19.444444444444443,19.154666130421113,-0.9999999999999716,-277.6406484641441,498.6170650667744
1714.0,104.39548745704734,19.102388190168835,inf,19.444444444444443,19.444444444444443,19.102388190168835,-0.9999999999999716,-278.6306409607446,498.7581850748343
1715.0,104.44790886068603,19.04996678653015,inf,19.444444444444443,19.444444444444443,19.04996678653015,-1.0,-279.620633457345,498.89930508289416
1716.0,104.50047491532915,18.99740073188703,inf,19.444444444444443,19.444444444444443,18.99740073188703,-1.0,-280.6106259539455,499.040425090954
1717.0,104.55318682507128,18.944688822144897,inf,19.444444444444443,19.444444444444443,18.944688822144897,-1.0,-281.6006184505459,499.1815450990139
1718.0,104.60604581080537,18.891829836410814,inf,19.444444444444443,19.444444444444443,18.891829836410814,-1.0000000000000284,-282.5906109471464,499.32266510707376
1719.0,104.65905311055265,18.838822536663532,inf,19.444444444444443,19.444444444444443,18.838822536663532,-1.0000000000000284,-283.5806034437468,499.4637851151336
1720.0,104.71220997980099,18.785665667415188,inf,19.444444444444443,19.444444444444443,18.785665667415188,-0.9999999999999716,-284.5705959403473,499.6049051231935
1721.0,104.76551769185184,18.732357955364343,inf,19.444444444444443,19.444444444444443,18.732357955364343,-1.0000000000000284,-285.5605884369477,499.74602513125336
1722.0,104.81897753817609,18.678898109040098,inf,19.444444444444443,19.444444444444443,18.678898109040098,-1.0,-286.5505809335482,499.8871451393132
1723.0,104.87259082877912,18.625284818437052,inf,19.444444444444443,19.444444444444443,18.625284818437052,-1.0,-287.5405734301486,500.0282651473731
1724.0,104.92635889257544,18.57151675464074,inf,19.444444444444443,19.444444444444443,18.57151675464074,-0.9999999999999716,-288.530565926749,500.16938515543296
1725.0,104.98028307777288,18.517592569443302,inf,19.444444444444443,19.444444444444443,18.517592569443302,-0.9999999999999716,-289.5205584233495,500.3105051634928
1726.0,105.03436475226715,18.46351089494904,inf,19.444444444444443,19.444444444444443,18.46351089494904,-0.9999999999999716,-290.5105509199499,500.4516251715527
1727.0,105.08860530404664,18.40927034316955,inf,19.444444444444443,19.444444444444443,18.40927034316955,-1.0,-291.5005434165504,500.59274517961256
1728.0,105.1430061416081,18.354869505608093,inf,19.444444444444443,19.444444444444443,18.354869505608093,-1.0,-292.4905359131508,500.7338651876724
1729.0,105.19756869438335,18.300306952832837,inf,19.444444444444443,19.444444444444443,18.300306952832837,-1.0,-293.4805284097513,500.8749851957323
1730.0,105.25229441317758,18.24558123403861,inf,19.444444444444443,19.444444444444443,18.24558123403861,-0.9999999999999716,-294.4705209063517,501.01610520379216
1731.0,105.3071847706194,18.190690876596797,inf,19.444444444444443,19.444444444444443,18.190690876596797,-1.0,-295.4605134029522,501.157225211852
1732.0,105.36224126162323,18.135634385592965,inf,19.444444444444443,19.444444444444443,18.135634385592965,-1.0,-296.4505058995526,501.2983452199119
1733.0,105.41746540386436,18.080410243351835,inf,19.444444444444443,19.444444444444443,18.080410243351835,-1.0,-297.4404983961531,501.43946522797177
1734.0,105.47285873826706,18.025016908949127,inf,19.444444444444443,19.444444444444443,18.025016908949127,-1.0000000000000284,-298.4304908927535,501.5805852360316
1735.0,105.5284228295063,17.96945281770989,inf,19.444444444444443,19.444444444444443,17.96945281770989,-1.0000000000000284,-299.4204833893539,501.7217052440915
1736.0,105.58415926652337,17.913716380692808,inf,19.444444444444443,19.444444444444443,17.913716380692808,-1.0000000000000284,-300.4104758859544,501.86282525215137
1737.0,105.64006966305615,17.85780598416003,inf,19.444444444444443,19.444444444444443,17.85780598416003,-1.0,-301.4004683825548,502.0039452602112
1738.0,105.69615565818417,17.80171998903201,inf,19.444444444444443,19.444444444444443,17.80171998903201,-1.0,-302.3904608791553,502.1450652682711
1739.0,105.75241891688934,17.74545673032683,inf,19.444444444444443,19.444444444444443,17.74545673032683,-1.0000000000000284,-303.3804533757557,502.28618527633097
1740.0,105.80886113063266,17.689014516583498,inf,19.444444444444443,19.444444444444443,17.689014516583498,-0.9999999999999716,-304.3704458723562,502.42730528439085
1741.0,105.86548401794755,17.63239162926861,inf,19.444444444444443,19.444444444444443,17.63239162926861,-1.0000000000000284,-305.3604383689566,502.5684252924507
1742.0,105.92228932505036,17.575586322165805,inf,19.444444444444443,19.444444444444443,17.575586322165805,-1.0,-306.3504308655571,502.70954530051057
1743.0,105.97927882646874,17.518596820747423,inf,19.444444444444443,19.444444444444443,17.518596820747423,-1.0,-307.3404233621575,502.85066530857046
1744.0,106.03645432568848,17.461421321527688,inf,19.444444444444443,19.444444444444443,17.461421321527688,-1.0,-308.330415858758,502.9917853166303
1745.0,106.0938176558194,17.40405799139677,inf,19.444444444444443,19.444444444444443,17.40405799139677,-0.9999999999999716,-309.3204083553584,503.13290532469017
1746.0,106.15137068028113,17.346504966935033,inf,19.444444444444443,19.444444444444443,17.346504966935033,-1.0000000000000284,-310.3104008519588,503.27402533275006
1747.0,106.20911529350943,17.28876035370673,inf,19.444444444444443,19.444444444444443,17.28876035370673,-1.0000000000000284,-311.3003933485593,503.4151453408099
1748.0,106.26705342168374,17.23082222553241,inf,19.444444444444443,19.444444444444443,17.23082222553241,-1.0,-312.2903858451597,503.5562653488698
1749.0,106.32518702347696,17.172688623739198,inf,19.444444444444443,19.444444444444443,17.172688623739198,-0.9999999999999716,-313.2803783417602,503.69738535692966
1750.0,106.38351809082796,17.114357556388196,inf,19.444444444444443,19.444444444444443,17.114357556388196,-1.0,-314.2703708383606,503.8385053649895
1751.0,106.44204864973808,17.055826997478068,inf,19.444444444444443,19.444444444444443,17.055826997478068,-1.0000000000000284,-315.2603633349611,503.9796253730494
1752.0,106.50078076109217,16.99709488612397,inf,19.444444444444443,19.444444444444443,16.99709488612397,-1.0000000000000284,-316.2503558315615,504.12074538110926
1753.0,106.5597165215053,16.938159125710847,inf,19.444444444444443,19.444444444444443,16.938159125710847,-1.0,-317.240348328162,504.2618653891691
1754.0,106.61885806419605,16.879017583020097,inf,19.444444444444443,19.444444444444443,16.879017583020097,-1.0,-318.2303408247624,504.402985397229
1755.0,106.6782075598875,16.819668087328644,inf,19.444444444444443,19.444444444444443,16.819668087328644,-1.0,-319.2203333213629,504.54410540528886
1756.0,106.73776721773689,16.760108429479256,inf,19.444444444444443,19.444444444444443,16.760108429479256,-1.0,-320.2103258179633,504.6852254133487
1757.0,106.79753928629509,16.700336360921046,inf,19.444444444444443,19.444444444444443,16.700336360921046,-1.0000000000000284,-321.2003183145637,504.8263454214086
1758.0,106.85752605449719,16.640349592718945,inf,19.444444444444443,19.444444444444443,16.640349592718945,-1.0000000000000284,-322.1903108111642,504.96746542946846
1759.0,106.9177298526852,16.580145794530925,inf,19.444444444444443,19.444444444444443,16.580145794530925,-1.0,-323.1803033077646,505.1085854375283
1760.0,106.97815305366446,16.51972259355167,inf,19.444444444444443,19.444444444444443,16.51972259355167,-1.0,-324.1702958043651,505.2497054455882
1761.0,107.03879807379478,16.459077573421347,inf,19.444444444444443,19.444444444444443,16.459077573421347,-0.9999999999999716,-325.1602883009655,505.39082545364806
1762.0,107.09966737411807,16.398208273098057,inf,19.444444444444443,19.444444444444443,16.398208273098057,-1.0000000000000284,-326.150280797566,505.5319454617079
1763.0,107.16076346152366,16.337112185692472,inf,19.444444444444443,19.444444444444443,16.337112185692472,-1.0000000000000284,-327.1402732941664,505.6730654697678
1764.0,107.22208888995301,16.275786757263116,inf,19.444444444444443,19.444444444444443,16.275786757263116,-1.0,-328.1302657907669,505.81418547782766
1765.0,107.28364626164552,16.214229385570608,inf,19.444444444444443,19.444444444444443,16.214229385570608,-1.0,-329.1202582873673,505.9553054858875
1766.0,107.34543822842693,16.152437418789198,inf,19.444444444444443,19.444444444444443,16.152437418789198,-0.9999999999999716,-330.1102507839678,506.0964254939474
1767.0,107.40746749304236,16.090408154173762,inf,19.444444444444443,19.444444444444443,16.090408154173762,-1.0000000000000284,-331.1002432805682,506.23754550200726
1768.0,107.46973681053575,16.028138836680366,inf,19.444444444444443,19.444444444444443,16.028138836680366,-1.0000000000000284,-332.0902357771687,506.3786655100671
1769.0,107.5322489896777,15.965626657538419,inf,19.444444444444443,19.444444444444443,15.965626657538419,-1.0000000000000142,-333.0802282737691,506.519785518127
1770.0,107.59500689444383,15.902868752772292,inf,19.444444444444443,19.444444444444443,15.902868752772292,-1.0,-334.0702207703695,506.66090552618687
1771.0,107.65801344554589,15.839862201670233,inf,19.444444444444443,19.444444444444443,15.839862201670233,-1.0000000000000142,-335.06021326697,506.8020255342467
1772.0,107.72127162201788,15.77660402519824,inf,19.444444444444443,19.444444444444443,15.77660402519824,-0.9999999999999858,-336.0502057635704,506.9431455423066
1773.0,107.78478446285965,15.71309118435648,inf,19.444444444444443,19.444444444444443,15.71309118435648,-1.0,-337.0401982601709,507.08426555036647
1774.0,107.84855506874048,15.649320578475647,inf,19.444444444444443,19.444444444444443,15.649320578475647,-1.0,-338.0301907567713,507.2253855584263
1775.0,107.91258660376553,15.5852890434506,inf,19.444444444444443,19.444444444444443,15.5852890434506,-1.0000000000000142,-339.0201832533718,507.3665055664862
1776.0,107.97688229730771,15.520993349908418,inf,19.444444444444443,19.444444444444443,15.520993349908418,-1.0000000000000142,-340.0101757499722,507.50762557454607
1777.0,108.04144544590828,15.456430201307846,inf,19.444444444444443,19.444444444444443,15.456430201307846,-1.0,-341.0001682465727,507.6487455826059
1778.0,108.1062794152491,15.391596231967018,inf,19.444444444444443,19.444444444444443,15.391596231967018,-0.9999999999999858,-341.9901607431731,507.7898655906658
1779.0,108.17138764220006,15.326488005016065,inf,19.444444444444443,19.444444444444443,15.326488005016065,-1.0,-342.9801532397736,507.93098559872567
1780.0,108.236773636945,15.261102010271124,inf,19.444444444444443,19.444444444444443,15.261102010271124,-0.9999999999999858,-343.970145736374,508.0721056067855
1781.0,108.30244098519012,15.195434662026004,inf,19.444444444444443,19.444444444444443,15.195434662026004,-1.0000000000000142,-344.9601382329744,508.2132256148454
1782.0,108.36839335045853,15.12948229675759,inf,19.444444444444443,19.444444444444443,15.12948229675759,-1.0,-345.9501307295749,508.35434562290527
1783.0,108.4346344764753,15.063241170740822,inf,19.444444444444443,19.444444444444443,15.063241170740822,-0.9999999999999858,-346.9401232261753,508.4954656309651
1784.0,108.50116818964726,14.996707457568856,inf,19.444444444444443,19.444444444444443,14.996707457568856,-1.0000000000000142,-347.9301157227758,508.636585639025
1785.0,108.56799840164234,14.929877245573767,inf,19.444444444444443,19.444444444444443,14.929877245573767,-1.0,-348.9201082193762,508.7777056470849
1786.0,108.63512911207324,14.862746535142868,inf,19.444444444444443,19.444444444444443,14.862746535142868,-1.0,-349.9101007159767,508.9188256551447
1787.0,108.70256441129068,14.795311235925432,inf,19.444444444444443,19.444444444444443,14.795311235925432,-1.0,-350.9000932125771,509.0599456632046
1788.0,108.77030848329181,14.727567163924302,inf,19.444444444444443,19.444444444444443,14.727567163924302,-1.0000000000000142,-351.8900857091776,509.2010656712645
1789.0,108.83836560874957,14.659510038466541,inf,19.444444444444443,19.444444444444443,14.659510038466541,-1.0,-352.880078205778,509.3421856793243
1790.0,108.90674016816921,14.591135479046903,inf,19.444444444444443,19.444444444444443,14.591135479046903,-1.0000000000000142,-353.8700707023785,509.4833056873842
1791.0,108.97543664517856,14.522439002037546,inf,19.444444444444443,19.444444444444443,14.522439002037546,-1.0000000000000142,-354.8600631989789,509.6244256954441
1792.0,109.0444596299591,14.453416017257002,inf,19.444444444444443,19.444444444444443,14.453416017257002,-1.0,-355.8500556955793,509.7655457035039
1793.0,109.11381382282515,14.384061824390955,inf,19.444444444444443,19.444444444444443,14.384061824390955,-1.0000000000000142,-356.8400481921798,509.9066657115638
1794.0,109.18350403795917,14.314371609256943,inf,19.444444444444443,19.444444444444443,14.314371609256943,-1.0000000000000142,-357.8300406887802,510.0477857196237
1795.0,109.25353520731153,14.244340439904587,inf,19.444444444444443,19.444444444444443,14.244340439904587,-0.9999999999999858,-358.8200331853807,510.1889057276835
1796.0,109.32391238467373,14.173963262542387,inf,19.444444444444443,19.444444444444443,14.173963262542387,-1.0,-359.8100256819811,510.3300257357434
1797.0,109.39464074993452,14.103234897281588,inf,19.444444444444443,19.444444444444443,14.103234897281588,-1.0,-360.8000181785816,510.4711457438033
1798.0,109.46572561352914,14.03215003368697,inf,19.444444444444443,19.444444444444443,14.03215003368697,-1.0,-361.790010675182,510.6122657518631
1799.0,109.5371724210924,13.96070322612372,inf,19.444444444444443,19.444444444444443,13.96070322612372,-0.9999999999999858,-362.7800031717825,510.753385759923
1800.0,109.60898675832722,13.88888888888889,inf,19.444444444444443,19.444444444444443,13.88888888888889,0.0,-363.7699956683829,510.8945057679829
1801.0,109.68098675832722,13.88888888888889,17.88854381999832,13.88888888888889,13.88888888888889,13.88888888888889,0.0,-364.76016353365964,511.03438813906655
1802.0,109.75298675832722,13.88888888888889,17.88854381999832,13.88888888888889,13.88888888888889,13.88888888888889,0.0,-365.75067801022686,511.17179465593347
1803.0,109.82498675832723,13.88888888888889,17.88854381999832,13.88888888888889,13.88888888888889,13.88888888888889,0.0,-366.7415329073723,511.3067244597932
1804.0,109.89698675832723,13.88888888888889,17.88854381999832,13.88888888888889,13.88888888888889,13.88888888888889,0.0,-367.73272203225605,511.43917670733504
1805.0,109.96898675832723,13.88888888888889,17.88854381999832,13.88888888888889,13.88888888888889,13.88888888888889,0.0,-368.7242391899495,511.56915057073286
1806.0,110.04098675832724,13.88888888888889,17.88854381999832,13.88888888888889,13.88888888888889,13.88888888888889,0.0,-369.7160781834733,511.6966452376504
1807.0,110.11298675832724,13.88888888888889,17.88854381999832,13.88888888888889,13.88888888888889,13.88888888888889,0.0,-370.7082328138372,511.8216599112464
1808.0,110.18498675832724,13.88888888888889,17.88854381999832,13.88888888888889,13.88888888888889,13.88888888888889,0.0,-371.7006968800779,511.94419381017957
1809.0,110.25698675832724,13.88888888888889,17.88854381999832,13.88888888888889,13.88888888888889,13.88888888888889,0.0,-372.6934641792982,512.0642461686134
1810.0,110.32898675832725,13.88888888888889,17.88854381999832,13.88888888888889,13.88888888888889,13.88888888888889,0.0,-373.68652850670577,512.1818162362212
1811.0,110.40098675832725,13.88888888888889,17.88854381999832,13.88888888888889,13.88888888888889,13.88888888888889,0.0,-374.67988365565174,512.2969032781901
1812.0,110.47298675832725,13.88888888888889,17.88854381999832,13.88888888888889,13.88888888888889,13.88888888888889,0.0,-375.67352341766974,512.4095065752269
1813.0,110.54498675832725,13.88888888888889,17.88854381999832,13.88888888888889,13.88888888888889,13.88888888888889,0.0,-376.66744158251464,512.5196254235611
1814.0,110.61698675832726,13.88888888888889,17.88854381999832,13.88888888888889,13.88888888888889,13.88888888888889,0.0,-377.6616319382008,512.6272591349502
1815.0,110.68898675832726,13.88888888888889,17.88854381999832,13.88888888888889,13.88888888888889,13.88888888888889,0.0,-378.6560882710419,512.7324070366841
1816.0,110.76098675832726,13.88888888888889,17.88854381999832,13.88888888888889,13.88888888888889,13.88888888888889,0.0,-379.650804365689,512.8350684715886
1817.0,110.83298675832727,13.88888888888889,17.88854381999832,13.88888888888889,13.88888888888889,13.88888888888889,0.0,-380.6457740051699,512.9352427980299
1818.0,110.90498675832727,13.88888888888889,17.88854381999832,13.88888888888889,13.88888888888889,13.88888888888889,0.0,-381.64099097092753,513.032929389919
1819.0,110.97698675832727,13.88888888888889,17.88854381999832,13.88888888888889,13.88888888888889,13.88888888888889,0.0,-382.6364490428591,513.128127636715
1820.0,111.04898675832727,13.88888888888889,17.88854381999832,13.88888888888889,13.88888888888889,13.88888888888889,0.0,-383.6321419993549,513.2208369434292
1821.0,111.12098675832728,13.88888888888889,17.88854381999832,13.88888888888889,13.88888888888889,13.88888888888889,0.0,-384.6280636173373,513.3110567306287
1822.0,111.19298675832728,13.88888888888889,17.88854381999832,13.88888888888889,13.88888888888889,13.88888888888889,0.0,-385.62420767229924,513.39878643444
1823.0,111.26498675832728,13.88888888888889,17.88854381999832,13.88888888888889,13.88888888888889,13.88888888888889,0.0,-386.62056793834364,513.4840255065528
1824.0,111.33698675832728,13.88888888888889,17.88854381999832,13.88888888888889,13.88888888888889,13.88888888888889,0.0,-387.6171381882221,513.5667734142233
1825.0,111.40898675832729,13.88888888888889,17.88854381999832,13.88888888888889,13.88888888888889,13.88888888888889,0.0,-388.6139121933739,513.6470296402773
1826.0,111.48098675832729,13.88888888888889,17.88854381999832,13.88888888888889,13.88888888888889,13.88888888888889,0.0,-389.61088372396466,513.7247936831136
1827.0,111.5529867583273,13.88888888888889,17.88854381999832,13.88888888888889,13.88888888888889,13.88888888888889,0.0,-390.6080465489256,513.8000650567071
1828.0,111.6249867583273,13.88888888888889,17.88854381999832,13.88888888888889,13.88888888888889,13.88888888888889,0.0,-391.60539443599225,513.8728432906121
1829.0,111.6969867583273,13.88888888888889,17.88854381999832,13.88888888888889,13.88888888888889,13.88888888888889,0.0,-392.60292115174366,513.9431279299648
1830.0,111.7689867583273,13.88888888888889,17.88854381999832,13.88888888888889,13.88888888888889,13.88888888888889,0.0,-393.60062046164126,514.0109185354866
1831.0,111.8409867583273,13.88888888888889,17.88854381999832,13.88888888888889,13.88888888888889,13.88888888888889,0.0,-394.5984861300672,514.0762146834861
1832.0,111.9129867583273,13.88888888888889,17.88854381999832,13.88888888888889,13.88888888888889,13.88888888888889,0.0,-395.5965119203645,514.139015965863
1833.0,111.98498675832731,13.88888888888889,17.88854381999832,13.88888888888889,13.88888888888889,13.88888888888889,0.0,-396.59469159487526,514.1993219901092
1834.0,112.05698675832731,13.88888888888889,17.88854381999832,13.88888888888889,13.88888888888889,13.88888888888889,0.0,-397.59301891497967,514.2571323793122
1835.0,112.12898675832731,13.88888888888889,17.88854381999832,13.88888888888889,13.88888888888889,13.88888888888889,0.0,-398.59148764113536,514.3124467721575
1836.0,112.20098675832732,13.88888888888889,17.88854381999832,13.88888888888889,13.88888888888889,13.88888888888889,0.0,-399.5900915329159,514.3652648229302
1837.0,112.27298675832732,13.88888888888889,17.88854381999832,13.88888888888889,13.88888888888889,13.88888888888889,0.0,-400.58882434905036,514.4155862015176
1838.0,112.34498675832732,13.88888888888889,17.88854381999832,13.88888888888889,13.88888888888889,13.88888888888889,0.0,-401.5876798474619,514.4634105934113
1839.0,112.41698675832733,13.88888888888889,17.88854381999832,13.88888888888889,13.88888888888889,13.88888888888889,0.0,-402.58665178530674,514.5087376997091
1840.0,112.48898675832733,13.88888888888889,17.88854381999832,13.88888888888889,13.88888888888889,13.88888888888889,0.0,-403.5857339190136,514.5515672371165
1841.0,112.56098675832733,13.88888888888889,17.88854381999832,13.88888888888889,13.88888888888889,13.88888888888889,0.0,-404.5849200043223,514.5918989379493
1842.0,112.63298675832733,13.88888888888889,17.88854381999832,13.88888888888889,13.88888888888889,13.88888888888889,0.0,-405.58420379632327,514.6297325501342
1843.0,112.70498675832734,13.88888888888889,17.88854381999832,13.88888888888889,13.88888888888889,13.88888888888889,0.0,-406.58357904949594,514.6650678372116
1844.0,112.77698675832734,13.88888888888889,17.88854381999832,13.88888888888889,13.88888888888889,13.88888888888889,0.0,-407.5830395177482,514.6979045783359
1845.0,112.84898675832734,13.88888888888889,17.88854381999832,13.88888888888889,13.88888888888889,13.88888888888889,0.0,-408.58257895445547,514.7282425682774
1846.0,112.92098675832735,13.88888888888889,17.88854381999832,13.88888888888889,13.88888888888889,13.88888888888889,0.0,-409.58219111249963,514.7560816174241
1847.0,112.99298675832735,13.88888888888889,17.88854381999832,13.88888888888889,13.88888888888889,13.88888888888889,0.0,-410.5818697443076,514.7814215517818
1848.0,113.06498675832735,13.88888888888889,17.88854381999832,13.88888888888889,13.88888888888889,13.88888888888889,0.0,-411.5816086018914,514.804262212976
1849.0,113.13698675832735,13.88888888888889,17.88854381999832,13.88888888888889,13.88888888888889,13.88888888888889,0.0,-412.5814014368864,514.8246034582528
1850.0,113.20898675832736,13.88888888888889,17.88854381999832,13.88888888888889,13.88888888888889,13.88888888888889,0.0,-413.5812420005906,514.8424451604793
1851.0,113.28098675832736,13.88888888888889,17.88854381999832,13.88888888888889,13.88888888888889,13.88888888888889,0.0,-414.5811240440038,514.857787208145
1852.0,113.35298675832736,13.88888888888889,17.88854381999832,13.88888888888889,13.88888888888889,13.88888888888889,0.0,-415.58104131786644,514.8706295053622
1853.0,113.42498675832736,13.88888888888889,17.88854381999832,13.88888888888889,13.88888888888889,13.88888888888889,0.0,-416.58098757269886,514.8809719718666
1854.0,113.49698675832737,13.88888888888889,17.88854381999832,13.88888888888889,13.88888888888889,13.88888888888889,0.0,-417.58095655884017,514.8888145430177
1855.0,113.56898675832737,13.88888888888889,17.88854381999832,13.88888888888889,13.88888888888889,13.88888888888889,0.0,-418.5809420264876,514.8941571697994
1856.0,113.64098675832737,13.88888888888889,17.88854381999832,13.88888888888889,13.88888888888889,13.88888888888889,0.0,-419.580937725735,514.8969998188205
1857.0,113.71298675832738,13.88888888888889,17.88854381999832,13.88888888888889,13.88888888888889,13.88888888888889,0.0,-420.58093740661263,514.8973424723144
1858.0,113.78498675832738,13.88888888888889,17.88854381999832,13.88888888888889,13.88888888888889,13.88888888888889,0.0,-421.58093481912573,514.8951851281394
1859.0,113.85698675832738,13.88888888888889,17.88854381999832,13.88888888888889,13.88888888888889,13.88888888888889,0.0,-422.58092371329366,514.890527799779
1860.0,113.92898675832738,13.88888888888889,17.88854381999832,13.88888888888889,13.88888888888889,13.88888888888889,0.0,-423.5808978391892,514.8833705163415
1861.0,114.00098675832739,13.88888888888889,17.88854381999832,13.88888888888889,13.88888888888889,13.88888888888889,0.0,-424.58085094697725,514.8737133225599
1862.0,114.07298675832739,13.88888888888889,17.88854381999832,13.88888888888889,13.88888888888889,13.88888888888889,0.0,-425.5807767869542,514.8615562787915
1863.0,114.14498675832739,13.88888888888889,17.88854381999832,13.88888888888889,13.88888888888889,13.88888888888889,0.0,-426.5806691095869,514.8468994610178
1864.0,114.2169867583274,13.88888888888889,17.88854381999832,13.88888888888889,13.88888888888889,13.88888888888889,0.0,-427.58052166555126,514.829742960844
1865.0,114.2889867583274,13.88888888888889,17.88854381999832,13.88888888888889,13.88888888888889,13.88888888888889,0.0,-428.58032820577233,514.8100868854982
1866.0,114.3609867583274,13.88888888888889,17.88854381999832,13.88888888888889,13.88888888888889,13.88888888888889,0.0,-429.58008248146234,514.7879313578306
1867.0,114.4329867583274,13.88888888888889,17.88854381999832,13.88888888888889,13.88888888888889,13.88888888888889,0.0,-430.5797782441604,514.7632765163133
1868.0,114.5049867583274,13.88888888888889,17.88854381999832,13.88888888888889,13.88888888888889,13.88888888888889,0.0,-431.5794092457713,514.736122515039
1869.0,114.57698675832741,13.88888888888889,17.88854381999832,13.88888888888889,13.88888888888889,13.88888888888889,0.0,-432.5789692386044,514.7064695237201
1870.0,114.64898675832741,13.88888888888889,17.88854381999832,13.88888888888889,13.88888888888889,13.88888888888889,0.0,-433.57845197541315,514.6743177276877
1871.0,114.72098675832741,13.88888888888889,17.88854381999832,13.88888888888889,13.88888888888889,13.88888888888889,0.0,-434.57785120943373,514.6396673278904
1872.0,114.79298675832742,13.88888888888889,17.88854381999832,13.88888888888889,13.88888888888889,13.88888888888889,0.0,-435.5771606944239,514.6025185408931
1873.0,114.86498675832742,13.88888888888889,17.88854381999832,13.88888888888889,13.88888888888889,13.88888888888889,0.0,-436.57637418470284,514.5628715988755
1874.0,114.93698675832742,13.88888888888889,17.88854381999832,13.88888888888889,13.88888888888889,13.88888888888889,0.0,-437.5754854351894,514.5207267496311
1875.0,115.00898675832742,13.88888888888889,17.88854381999832,13.88888888888889,13.88888888888889,13.88888888888889,0.0,-438.5744882014416,514.4760842565647
1876.0,115.08098675832743,13.88888888888889,17.88854381999832,13.88888888888889,13.88888888888889,13.88888888888889,0.0,-439.57337623969545,514.4289443986921
1877.0,115.15298675832743,13.88888888888889,17.88854381999832,13.88888888888889,13.88888888888889,13.88888888888889,0.0,-440.5721433069038,514.3793074706372
1878.0,115.22498675832743,13.88888888888889,17.88854381999832,13.88888888888889,13.88888888888889,13.88888888888889,0.0,-441.5707831607758,514.3271737826304
1879.0,115.29698675832744,13.88888888888889,17.88854381999832,13.88888888888889,13.88888888888889,13.88888888888889,0.0,-442.5692895598157,514.2725436605074
1880.0,115.36898675832744,13.88888888888889,17.88854381999832,13.88888888888889,13.88888888888889,13.88888888888889,0.0,-443.5676562633618,514.215417445706
1881.0,115.44098675832744,13.88888888888889,17.88854381999832,13.88888888888889,13.88888888888889,13.88888888888889,0.0,-444.5658770316252,514.1557954952649
1882.0,115.51298675832744,13.88888888888889,17.88854381999832,13.88888888888889,13.88888888888889,13.88888888888889,0.0,-445.56394562572945,514.0936781818212
1883.0,115.58498675832745,13.88888888888889,17.88854381999832,13.88888888888889,13.88888888888889,13.88888888888889,0.0,-446.5618558077491,514.029065893608
1884.0,115.65698675832745,13.88888888888889,17.88854381999832,13.88888888888889,13.88888888888889,13.88888888888889,0.0,-447.5596013407489,513.9619590344518
1885.0,115.72898675832745,13.88888888888889,17.88854381999832,13.88888888888889,13.88888888888889,13.88888888888889,0.0,-448.5571759888223,513.89235802377
1886.0,115.80098675832745,13.88888888888889,17.88854381999832,13.88888888888889,13.88888888888889,13.88888888888889,0.0,-449.55457351713113,513.8202632965691
1887.0,115.87298675832746,13.88888888888889,17.88854381999832,13.88888888888889,13.88888888888889,13.88888888888889,0.0,-450.551787691944,513.7456753034406
1888.0,115.94498675832746,13.88888888888889,17.88854381999832,13.88888888888889,13.88888888888889,13.88888888888889,0.0,-451.54881228067586,513.6685945105595
1889.0,116.01698675832746,13.88888888888889,17.88854381999832,13.88888888888889,13.88888888888889,13.88888888888889,0.0,-452.5456410519258,513.5890213996802
1890.0,116.08898675832747,13.88888888888889,17.88854381999832,13.88888888888889,13.88888888888889,13.88888888888889,0.0,-453.54226777551753,513.5069564681346
1891.0,116.16098675832747,13.88888888888889,17.88854381999832,13.88888888888889,13.88888888888889,13.88888888888889,0.0,-454.5386862225372,513.4224002288281
1892.0,116.23298675832747,13.88888888888889,17.88854381999832,13.88888888888889,13.88888888888889,13.88888888888889,0.0,-455.5348901653728,513.335353210237
1893.0,116.30498675832747,13.88888888888889,17.88854381999832,13.88888888888889,13.88888888888889,13.88888888888889,0.0,-456.53087337775287,513.2458159564051
1894.0,116.37698675832748,13.88888888888889,17.88854381999832,13.88888888888889,13.88888888888889,13.88888888888889,0.0,-457.52662963478565,513.1537890269394
1895.0,116.44898675832748,13.88888888888889,17.88854381999832,13.88888888888889,13.88888888888889,13.88888888888889,0.0,-458.5221527129977,513.0592729970084
1896.0,116.52098675832748,13.88888888888889,17.88854381999832,13.88888888888889,13.88888888888889,13.88888888888889,0.0,-459.51743639037323,512.9622684573369
1897.0,116.59298675832748,13.88888888888889,17.88854381999832,13.88888888888889,13.88888888888889,13.88888888888889,0.0,-460.51247444639216,512.8627760142027
1898.0,116.66498675832749,13.88888888888889,17.88854381999832,13.88888888888889,13.88888888888889,13.88888888888889,0.0,-461.50726066207005,512.7607962894335
1899.0,116.73698675832749,13.88888888888889,17.88854381999832,13.88888888888889,13.88888888888889,13.88888888888889,0.0,-462.5017888199963,512.6563299204022
1900.0,116.80898675832749,13.88888888888889,17.88854381999832,13.88888888888889,13.88888888888889,13.88888888888889,0.0,-463.49605270437314,512.5493775600232
1901.0,116.8809867583275,13.88888888888889,17.88854381999832,13.88888888888889,13.88888888888889,13.88888888888889,0.0,-464.4900461010545,512.4399398767484
1902.0,116.9529867583275,13.88888888888889,17.88854381999832,13.88888888888889,13.88888888888889,13.88888888888889,0.0,-465.4837627975849,512.3280175545631
1903.0,117.0249867583275,13.88888888888889,17.88854381999832,13.88888888888889,13.88888888888889,13.88888888888889,0.0,-466.4771965832383,512.2136112929813
1904.0,117.0969867583275,13.88888888888889,17.88854381999832,13.88888888888889,13.88888888888889,13.88888888888889,0.0,-467.47034124905673,512.0967218070418
1905.0,117.1689867583275,13.88888888888889,17.88854381999832,13.88888888888889,13.88888888888889,13.88888888888889,0.0,-468.46319058788936,511.9773498273035
1906.0,117.24098675832751,13.88888888888889,17.88854381999832,13.88888888888889,13.88888888888889,13.88888888888889,0.0,-469.4557383944308,511.85549609984093
1907.0,117.31298675832751,13.88888888888889,17.88854381999832,13.88888888888889,13.88888888888889,13.88888888888889,0.0,-470.44797846526063,511.7311613862395
1908.0,117.38498675832751,13.88888888888889,17.88854381999832,13.88888888888889,13.88888888888889,13.88888888888889,0.0,-471.43990459888164,511.6043464635907
1909.0,117.45698675832752,13.88888888888889,17.88854381999832,13.88888888888889,13.88888888888889,13.88888888888889,0.0,-472.4315105957587,511.47505212448743
1910.0,117.52898675832752,13.88888888888889,17.88854381999832,13.88888888888889,13.88888888888889,13.88888888888889,0.0,-473.4227902583576,511.34327917701887
1911.0,117.60098675832752,13.88888888888889,17.88854381999832,13.88888888888889,13.88888888888889,13.88888888888889,0.0,-474.41373739118364,511.20902844476547
1912.0,117.67298675832753,13.88888888888889,17.88854381999832,13.88888888888889,13.88888888888889,13.88888888888889,0.0,-475.4043458008207,511.07230076679394
1913.0,117.74498675832753,13.88888888888889,17.88854381999832,13.88888888888889,13.88888888888889,13.88888888888889,0.0,-476.39460929596896,510.93309699765183
1914.0,117.81698675832753,13.88888888888889,17.88854381999832,13.88888888888889,13.88888888888889,13.88888888888889,0.0,-477.3845216874852,510.79141800736215
1915.0,117.88898675832753,13.88888888888889,17.88854381999832,13.88888888888889,13.88888888888889,13.88888888888889,0.0,-478.3740767884199,510.6472646814182
1916.0,117.96098675832754,13.88888888888889,17.88854381999832,13.88888888888889,13.88888888888889,13.88888888888889,0.0,-479.3632684140572,510.5006379207778
1917.0,118.03298675832754,13.88888888888889,17.88854381999832,13.88888888888889,13.88888888888889,13.88888888888889,0.0,-480.3520903819524,510.35153864185776
1918.0,118.10498675832754,13.88888888888889,17.88854381999832,13.88888888888889,13.88888888888889,13.88888888888889,0.0,-481.34053651197166,510.19996777652807
1919.0,118.17698675832754,13.88888888888889,17.88854381999832,13.88888888888889,13.88888888888889,13.88888888888889,0.0,-482.32860062632966,510.04592627210604
1920.0,118.24898675832755,13.88888888888889,17.88854381999832,13.88888888888889,13.88888888888889,13.88888888888889,0.0,-483.31627654962904,509.88941509135066
1921.0,118.32098675832755,13.88888888888889,17.88854381999832,13.88888888888889,13.88888888888889,13.88888888888889,0.0,-484.30355810889864,509.73043521245626
1922.0,118.39298675832755,13.88888888888889,17.88854381999832,13.88888888888889,13.88888888888889,13.88888888888889,0.0,-485.2904391336316,509.56898762904666
1923.0,118.46498675832756,13.88888888888889,17.88854381999832,13.88888888888889,13.88888888888889,13.88888888888889,0.0,-486.27691345582485,509.4050733501686
1924.0,118.53698675832756,13.88888888888889,17.88854381999832,13.88888888888889,13.88888888888889,13.88888888888889,0.0,-487.2629749100171,509.2386934002859
1925.0,118.60898675832756,13.88888888888889,17.88854381999832,13.88888888888889,13.88888888888889,13.88888888888889,0.0,-488.2486173333275,509.0698488192727
1926.0,118.68098675832756,13.88888888888889,17.88854381999832,13.88888888888889,13.88888888888889,13.88888888888889,0.0,-489.2338345654941,508.89854066240696
1927.0,118.75298675832757,13.88888888888889,17.88854381999832,13.88888888888889,13.88888888888889,13.88888888888889,0.0,-490.21862044891236,508.72477000036423
1928.0,118.82498675832757,13.88888888888889,17.88854381999832,13.88888888888889,13.88888888888889,13.88888888888889,0.0,-491.2029688286738,508.5485379192105
1929.0,118.89698675832757,13.88888888888889,17.88854381999832,13.88888888888889,13.88888888888889,13.88888888888889,0.0,-492.1868735526042,508.36984552039576
1930.0,118.96898675832757,13.88888888888889,17.88854381999832,13.88888888888889,13.88888888888889,13.88888888888889,0.0,-493.17032847130247,508.1886939207469
1931.0,119.04098675832758,13.88888888888889,17.88854381999832,13.88888888888889,13.88888888888889,13.88888888888889,0.0,-494.1533274381781,508.00508425246085
1932.0,119.11298675832758,13.88888888888889,17.88854381999832,13.88888888888889,13.88888888888889,13.88888888888889,0.0,-495.135864309491,507.8190176630974
1933.0,119.18498675832758,13.88888888888889,17.88854381999832,13.88888888888889,13.88888888888889,13.88888888888889,0.0,-496.11793294438894,507.63049531557215
1934.0,119.25698675832759,13.88888888888889,17.88854381999832,13.88888888888889,13.88888888888889,13.88888888888889,0.0,-497.0995272049462,507.4395183881491
1935.0,119.32898675832759,13.88888888888889,17.88854381999832,13.88888888888889,13.88888888888889,13.88888888888889,0.0,-498.08064095620165,507.24608807443354
1936.0,119.40098675832759,13.88888888888889,17.88854381999832,13.88888888888889,13.88888888888889,13.88888888888889,0.0,-499.0612680661977,507.05020558336423
1937.0,119.4729867583276,13.88888888888889,17.88854381999832,13.88888888888889,13.88888888888889,13.88888888888889,0.0,-500.0414024060183,506.8518721392061
1938.0,119.5449867583276,13.88888888888889,17.88854381999832,13.88888888888889,13.88888888888889,13.88888888888889,0.0,-501.0210378498265,506.65108898154256
1939.0,119.6169867583276,13.88888888888889,17.88854381999832,13.88888888888889,13.88888888888889,13.88888888888889,0.0,-502.0001682749043,506.4478573652676
1940.0,119.6889867583276,13.88888888888889,17.88854381999832,13.88888888888889,13.88888888888889,13.88888888888889,0.0,-502.97878756168967,506.24217856057834
1941.0,119.7609867583276,13.88888888888889,17.88854381999832,13.88888888888889,13.88888888888889,13.88888888888889,0.0,-503.9568895938153,506.0340538529665
1942.0,119.8329867583276,13.88888888888889,17.88854381999832,13.88888888888889,13.88888888888889,13.88888888888889,0.0,-504.9344682581466,505.82348454321084
1943.0,119.90498675832761,13.88888888888889,17.88854381999832,13.88888888888889,13.88888888888889,13.88888888888889,0.0,-505.9115174448201,505.6104719473689
1944.0,119.97698675832761,13.88888888888889,17.88854381999832,13.88888888888889,13.88888888888889,13.88888888888889,0.0,-506.88803104728163,505.3950173967687
1945.0,120.04898675832762,13.88888888888889,17.88854381999832,13.88888888888889,13.88888888888889,13.88888888888889,0.0,-507.8640029623243,505.17712223800044
1946.0,120.12098675832762,13.88888888888889,17.88854381999832,13.88888888888889,13.88888888888889,13.88888888888889,0.0,-508.83942709012706,504.9567878329081
1947.0,120.19298675832762,13.88888888888889,17.88854381999832,13.88888888888889,13.88888888888889,13.88888888888889,0.0,-509.81429733429184,504.7340155585812
1948.0,120.26498675832762,13.88888888888889,17.88854381999832,13.88888888888889,13.88888888888889,13.88888888888889,0.0,-510.78860760188303,504.50880680734554
1949.0,120.33698675832763,13.88888888888889,17.88854381999832,13.88888888888889,13.88888888888889,13.88888888888889,0.0,-511.76235180346464,504.28116298675525
1950.0,120.40898675832763,13.88888888888889,17.88854381999832,13.88888888888889,13.88888888888889,13.88888888888889,0.0,-512.7355238531385,504.05108551958324
1951.0,120.48098675832763,13.88888888888889,17.88854381999832,13.88888888888889,13.88888888888889,13.88888888888889,0.0,-513.7081176685825,503.8185758438131
1952.0,120.55298675832763,13.88888888888889,17.88854381999832,13.88888888888889,13.88888888888889,13.88888888888889,0.0,-514.6801271710885,503.5836354126296
1953.0,120.62498675832764,13.88888888888889,17.88854381999832,13.88888888888889,13.88888888888889,13.88888888888889,0.0,-515.6515462856003,503.34626569440945
1954.0,120.69698675832764,13.88888888888889,17.88854381999832,13.88888888888889,13.88888888888889,13.88888888888889,0.0,-516.6223689407516,503.10646817271277
1955.0,120.76898675832764,13.88888888888889,17.88854381999832,13.88888888888889,13.88888888888889,13.88888888888889,0.0,-517.592589068904,502.86424434627327
1956.0,120.84098675832765,13.88888888888889,17.88854381999832,13.88888888888889,13.88888888888889,13.88888888888889,0.0,-518.5622006061845,502.61959572898905
1957.0,120.91298675832765,13.88888888888889,17.88854381999832,13.88888888888889,13.88888888888889,13.88888888888889,0.0,-519.5311974925246,502.37252384991325
1958.0,120.98498675832765,13.88888888888889,17.88854381999832,13.88888888888889,13.88888888888889,13.88888888888889,0.0,-520.4995736716967,502.12303025324417
1959.0,121.05698675832765,13.88888888888889,17.88854381999832,13.88888888888889,13.88888888888889,13.88888888888889,0.0,-521.4673230913528,501.8711164983161
1960.0,121.12898675832766,13.88888888888889,17.88854381999832,13.88888888888889,13.88888888888889,13.88888888888889,0.0,-522.4344397030623,501.61678415958914
1961.0,121.20098675832766,13.88888888888889,17.88854381999832,13.88888888888889,13.88888888888889,13.88888888888889,0.0,-523.4009174623494,501.36003482663955
1962.0,121.27298675832766,13.88888888888889,17.88854381999832,13.88888888888889,13.88888888888889,13.88888888888889,0.0,-524.3667503287315,501.10087010414986
1963.0,121.34498675832766,13.88888888888889,17.88854381999832,13.88888888888889,13.88888888888889,13.88888888888889,0.0,-525.331932265756,500.8392916118988
1964.0,121.41698675832767,13.88888888888889,17.88854381999832,13.88888888888889,13.88888888888889,13.88888888888889,0.0,-526.2964572410391,500.575300984751
1965.0,121.48898675832767,13.88888888888889,17.88854381999832,13.88888888888889,13.88888888888889,13.88888888888889,0.0,-527.2603192263028,500.30889987264703
1966.0,121.56098675832767,13.88888888888889,17.88854381999832,13.88888888888889,13.88888888888889,13.88888888888889,0.0,-528.2235121974129,500.040089940593
1967.0,121.63298675832768,13.88888888888889,17.88854381999832,13.88888888888889,13.88888888888889,13.88888888888889,0.0,-529.1860301344165,499.76887286865013
1968.0,121.70498675832768,13.88888888888889,17.88854381999832,13.88888888888889,13.88888888888889,13.88888888888889,0.0,-530.1478670215794,499.49525035192426
1969.0,121.77698675832768,13.88888888888889,17.88854381999832,13.88888888888889,13.88888888888889,13.88888888888889,0.0,-531.1090168474243,499.21922410055515
1970.0,121.84898675832768,13.88888888888889,17.88854381999832,13.88888888888889,13.88888888888889,13.88888888888889,0.0,-532.0694736047681,498.94079583970597
1971.0,121.92098675832769,13.88888888888889,17.88854381999832,13.88888888888889,13.88888888888889,13.88888888888889,0.0,-533.0292312907592,498.6599673095525
1972.0,121.99298675832769,13.88888888888889,17.88854381999832,13.88888888888889,13.88888888888889,13.88888888888889,0.0,-533.9882839069148,498.37674026527213
1973.0,122.06498675832769,13.88888888888889,17.88854381999832,13.88888888888889,13.88888888888889,13.88888888888889,0.0,-534.9466254591593,498.091116477033
1974.0,122.1369867583277,13.88888888888889,17.88854381999832,13.88888888888889,13.88888888888889,13.88888888888889,0.0,-535.9042499578615,497.8030977299827
1975.0,122.2089867583277,13.88888888888889,17.88854381999832,13.88888888888889,13.88888888888889,13.88888888888889,0.0,-536.8611514178709,497.51268582423774
1976.0,122.2809867583277,13.88888888888889,17.88854381999832,13.88888888888889,13.88888888888889,13.88888888888889,0.0,-537.8173238585568,497.2198825748713
1977.0,122.3529867583277,13.88888888888889,17.88854381999832,13.88888888888889,13.88888888888889,13.88888888888889,0.0,-538.7727613038444,496.92468981190285
1978.0,122.4249867583277,13.88888888888889,17.88854381999832,13.88888888888889,13.88888888888889,13.88888888888889,0.0,-539.7274577822529,496.62710938028624
1979.0,122.49698675832771,13.88888888888889,17.88854381999832,13.88888888888889,13.88888888888889,13.88888888888889,0.0,-540.6814073269325,496.32714313989817
1980.0,122.56898675832771,13.88888888888889,17.88854381999832,13.88888888888889,13.88888888888889,13.88888888888889,0.0,-541.6346039757016,496.0247929655266
1981.0,122.64098675832771,13.88888888888889,17.88854381999832,13.88888888888889,13.88888888888889,13.88888888888889,0.0,-542.5870417710839,495.7200607468592
1982.0,122.71298675832772,13.88888888888889,17.88854381999832,13.88888888888889,13.88888888888889,13.88888888888889,0.0,-543.5387147603466,495.4129483884714
1983.0,122.78498675832772,13.88888888888889,17.88854381999832,13.88888888888889,13.88888888888889,13.88888888888889,0.0,-544.4896169955365,495.10345780981436
1984.0,122.85698675832772,13.88888888888889,17.88854381999832,13.88888888888889,13.88888888888889,13.88888888888889,0.0,-545.4397425335178,494.7915909452032
1985.0,122.92898675832772,13.88888888888889,17.88854381999832,13.88888888888889,13.88888888888889,13.88888888888889,0.0,-546.389085436009,494.4773497438048
1986.0,123.00098675832773,13.88888888888889,17.88854381999832,13.88888888888889,13.88888888888889,13.88888888888889,0.0,-547.3376397696201,494.1607361696257
1987.0,123.07298675832773,13.88888888888889,17.88854381999832,13.88888888888889,13.88888888888889,13.88888888888889,0.0,-548.2853996058896,493.84175220149956
1988.0,123.14498675832773,13.88888888888889,17.88854381999832,13.88888888888889,13.88888888888889,13.88888888888889,0.0,-549.2323590213214,493.5203998330753
1989.0,123.21698675832774,13.88888888888889,17.88854381999832,13.88888888888889,13.88888888888889,13.88888888888889,0.0,-550.1785120974223,493.1966810728042
1990.0,123.28898675832774,13.88888888888889,17.88854381999832,13.88888888888889,13.88888888888889,13.88888888888889,0.0,-551.1238529207387,492.87059794392735
1991.0,123.36098675832774,13.88888888888889,17.88854381999832,13.88888888888889,13.88888888888889,13.88888888888889,0.0,-552.0683755828936,492.54215248446326
1992.0,123.43298675832774,13.88888888888889,17.88854381999832,13.88888888888889,13.88888888888889,13.88888888888889,0.0,-553.0120741806234,492.211346747195
1993.0,123.50498675832775,13.88888888888889,17.88854381999832,13.88888888888889,13.88888888888889,13.88888888888889,0.0,-553.9549428158149,491.8781827996574
1994.0,123.57698675832775,13.88888888888889,17.88854381999832,13.88888888888889,13.88888888888889,13.88888888888889,0.0,-554.8969755955422,491.542662724124
1995.0,123.64898675832775,13.88888888888889,17.88854381999832,13.88888888888889,13.88888888888889,13.88888888888889,0.0,-555.8381666321036,491.20478861759415
1996.0,123.72098675832775,13.88888888888889,17.88854381999832,13.88888888888889,13.88888888888889,13.88888888888889,0.0,-556.7785100430582,490.8645625917799
1997.0,123.79298675832776,13.88888888888889,17.88854381999832,13.88888888888889,13.88888888888889,13.88888888888889,0.0,-557.7179999512624,490.5219867730929
1998.0,123.86498675832776,13.88888888888889,17.88854381999832,13.88888888888889,13.88888888888889,13.88888888888889,0.0,-558.6566304849077,490.17706330263087
1999.0,123.93698675832776,13.88888888888889,17.88854381999832,13.88888888888889,13.88888888888889,13.88888888888889,0.0,-559.5943957775561,489.82979433616435
2000.0,124.00898675832777,13.88888888888889,17.88854381999832,13.88888888888889,13.88888888888889,13.88888888888889,0.0,-560.5312899681777,489.48018204412324
2001.0,124.08098675832777,13.88888888888889,17.88854381999832,13.88888888888889,13.88888888888889,13.88888888888889,0.0,-561.4673072011868,489.12822861158327
2002.0,124.15298675832777,13.88888888888889,17.88854381999832,13.88888888888889,13.88888888888889,13.88888888888889,0.0,-562.4024416264788,488.77393623825225
2003.0,124.22498675832777,13.88888888888889,17.88854381999832,13.88888888888889,13.88888888888889,13.88888888888889,0.0,-563.3366873994667,488.41730713845624
2004.0,124.29698675832778,13.88888888888889,17.88854381999832,13.88888888888889,13.88888888888889,13.88888888888889,0.0,-564.2700386811171,488.0583435411262
2005.0,124.36898675832778,13.88888888888889,17.88854381999832,13.88888888888889,13.88888888888889,13.88888888888889,0.0,-565.2024896379878,487.6970476897831
2006.0,124.44098675832778,13.88888888888889,17.88854381999832,13.88888888888889,13.88888888888889,13.88888888888889,0.0,-566.1340344422633,487.3334218425251
2007.0,124.51298675832778,13.88888888888889,17.88854381999832,13.88888888888889,13.88888888888889,13.88888888888889,0.0,-567.0646672717917,486.9674682720126
2008.0,124.58498675832779,13.88888888888889,17.88854381999832,13.88888888888889,13.88888888888889,13.88888888888889,0.0,-567.9943823101206,486.599189265454
2009.0,124.65698675832779,13.88888888888889,17.88854381999832,13.88888888888889,13.88888888888889,13.88888888888889,0.0,-568.9231737465342,486.2285871245921
2010.0,124.72898675832779,13.88888888888889,17.88854381999832,13.88888888888889,13.88888888888889,13.88888888888889,0.0,-569.851035776089,485.85566416568884
2011.0,124.8009867583278,13.88888888888889,17.88854381999832,13.88888888888889,13.88888888888889,13.88888888888889,0.0,-570.7779625996504,485.48042271951175
2012.0,124.8729867583278,13.88888888888889,17.88854381999832,13.88888888888889,13.88888888888889,13.88888888888889,0.0,-571.703948423929,485.1028651313185
2013.0,124.9449867583278,13.88888888888889,17.88854381999832,13.88888888888889,13.88888888888889,13.88888888888889,0.0,-572.6289874615156,484.7229937608429
2014.0,125.0169867583278,13.88888888888889,17.88854381999832,13.88888888888889,13.88888888888889,13.88888888888889,0.0,-573.5530739309203,484.3408109822795
2015.0,125.0889867583278,13.88888888888889,17.88854381999832,13.88888888888889,13.88888888888889,13.88888888888889,0.0,-574.476202056605,483.9563191842698
2016.0,125.16098675832781,13.88888888888889,17.88854381999832,13.88888888888889,13.88888888888889,13.88888888888889,0.0,-575.3983660690219,483.5695207698861
2017.0,125.23298675832781,13.88888888888889,17.88854381999832,13.88888888888889,13.88888888888889,13.88888888888889,0.0,-576.3195602046492,483.1804181566171
2018.0,125.30498675832781,13.88888888888889,17.88854381999832,13.88888888888889,13.88888888888889,13.88888888888889,0.0,-577.2397787060263,482.78901377635316
2019.0,125.37698675832782,13.88888888888889,17.88854381999832,13.88888888888889,13.88888888888889,13.88888888888889,0.0,-578.1590158217908,482.3953100753702
2020.0,125.44898675832782,13.88888888888889,17.88854381999832,13.88888888888889,13.88888888888889,13.88888888888889,0.0,-579.0772658067137,481.9993095143151
2021.0,125.52098675832782,13.88888888888889,17.88854381999832,13.88888888888889,13.88888888888889,13.88888888888889,0.0,-579.9945229217356,481.60101456818995
2022.0,125.59298675832783,13.88888888888889,17.88854381999832,13.88888888888889,13.88888888888889,13.88888888888889,0.0,-580.9107814340023,481.2004277263372
2023.0,125.66498675832783,13.88888888888889,17.88854381999832,13.88888888888889,13.88888888888889,13.88888888888889,0.0,-581.8260356169011,480.797551492423
2024.0,125.73698675832783,13.88888888888889,17.88854381999832,13.88888888888889,13.88888888888889,13.88888888888889,0.0,-582.7402797500965,480.3923883844226
2025.0,125.80898675832783,13.88888888888889,17.88854381999832,13.88888888888889,13.88888888888889,13.88888888888889,0.0,-583.6535081195656,479.9849409346041
2026.0,125.88098675832784,13.88888888888889,17.88854381999832,13.88888888888889,13.88888888888889,13.88888888888889,0.0,-584.5657150176339,479.57521168951274
2027.0,125.95298675832784,13.88888888888889,17.88854381999832,13.88888888888889,13.88888888888889,13.88888888888889,0.0,-585.4768947430116,479.163203209955
2028.0,126.02498675832784,13.88888888888889,17.88854381999832,13.88888888888889,13.88888888888889,13.88888888888889,0.0,-586.3870416008283,478.7489180709824
2029.0,126.09698675832784,13.88888888888889,17.88854381999832,13.88888888888889,13.88888888888889,13.88888888888889,0.0,-587.2961499026686,478.332358861876
2030.0,126.16898675832785,13.88888888888889,17.88854381999832,13.88888888888889,13.88888888888889,13.88888888888889,0.0,-588.2042139666094,477.91352818612916
2031.0,126.24098675832785,13.88888888888889,17.88854381999832,13.88888888888889,13.88888888888889,13.88888888888889,0.0,-589.1112281172525,477.49242866143254
2032.0,126.31298675832785,13.88888888888889,17.88854381999832,13.88888888888889,13.88888888888889,13.88888888888889,0.0,-590.0171866857628,477.0690629196566
2033.0,126.38498675832786,13.88888888888889,17.88854381999832,13.88888888888889,13.88888888888889,13.88888888888889,0.0,-590.9220840099022,476.64343360683586
2034.0,126.45698675832786,13.88888888888889,17.88854381999832,13.88888888888889,13.88888888888889,13.88888888888889,0.0,-591.8259144340651,476.21554338315224
2035.0,126.52898675832786,13.88888888888889,17.88854381999832,13.88888888888889,13.88888888888889,13.88888888888889,0.0,-592.7286723093147,475.78539492291816
2036.0,126.60098675832786,13.88888888888889,17.88854381999832,13.88888888888889,13.88888888888889,13.88888888888889,0.0,-593.6303519934169,475.3529909145601
2037.0,126.67298675832787,13.88888888888889,17.88854381999832,13.88888888888889,13.88888888888889,13.88888888888889,0.0,-594.5309478508768,474.9183340606017
2038.0,126.74498675832787,13.88888888888889,17.88854381999832,13.88888888888889,13.88888888888889,13.88888888888889,0.0,-595.4304542529728,474.481427077647
2039.0,126.81698675832787,13.88888888888889,17.88854381999832,13.88888888888889,13.88888888888889,13.88888888888889,0.0,-596.3288655777936,474.04227269636306
2040.0,126.88898675832787,13.88888888888889,17.88854381999832,13.88888888888889,13.88888888888889,13.88888888888889,0.0,-597.2261762102708,473.60087366146354
2041.0,126.96098675832788,13.88888888888889,17.88854381999832,13.88888888888889,13.88888888888889,13.88888888888889,0.0,-598.1223805422158,473.1572327316907
2042.0,127.03298675832788,13.88888888888889,17.88854381999832,13.88888888888889,13.88888888888889,13.88888888888889,0.0,-599.0174729723547,472.7113526797991
2043.0,127.10498675832788,13.88888888888889,17.88854381999832,13.88888888888889,13.88888888888889,13.88888888888889,0.0,-599.9114479063626,472.2632362925376
2044.0,127.17698675832789,13.88888888888889,17.88854381999832,13.88888888888889,13.88888888888889,13.88888888888889,0.0,-600.804299756899,471.8128863706321
2045.0,127.24898675832789,13.88888888888889,17.88854381999832,13.88888888888889,13.88888888888889,13.88888888888889,0.0,-601.6960229436429,471.36030572876814
2046.0,127.32098675832789,13.88888888888889,17.88854381999832,13.88888888888889,13.88888888888889,13.88888888888889,0.0,-602.5866118933275,470.9054971955732
2047.0,127.3929867583279,13.88888888888889,17.88854381999832,13.88888888888889,13.88888888888889,13.88888888888889,0.0,-603.4760610397742,470.44846361359924
2048.0,127.4649867583279,13.88888888888889,17.88854381999832,13.88888888888889,13.88888888888889,13.88888888888889,0.0,-604.364364823929,469.98920783930475
2049.0,127.5369867583279,13.88888888888889,17.88854381999832,13.88888888888889,13.88888888888889,13.88888888888889,0.0,-605.2515176938963,469.52773274303667
2050.0,127.6089867583279,13.88888888888889,17.88854381999832,13.88888888888889,13.88888888888889,13.88888888888889,0.0,-606.1375141049733,469.0640412090129
2051.0,127.6809867583279,13.88888888888889,17.88854381999832,13.88888888888889,13.88888888888889,13.88888888888889,0.0,-607.0223485196855,468.598136135304
2052.0,127.7529867583279,13.88888888888889,17.88854381999832,13.88888888888889,13.88888888888889,13.88888888888889,0.0,-607.9060154078206,468.13002043381516
2053.0,127.82498675832791,13.88888888888889,17.88854381999832,13.88888888888889,13.88888888888889,13.88888888888889,0.0,-608.7885092464636,467.6596970302679
2054.0,127.89698675832791,13.88888888888889,17.88854381999832,13.88888888888889,13.88888888888889,13.88888888888889,0.0,-609.6698245200304,467.18716886418224
2055.0,127.96898675832792,13.88888888888889,17.88854381999832,13.88888888888889,13.88888888888889,13.88888888888889,0.0,-610.5499557203041,466.7124388888574
2056.0,128.0409867583279,13.88888888888889,17.88854381999832,13.88888888888889,13.88888888888889,13.88888888888889,0.0,-611.4288973464669,466.2355100713543
2057.0,128.1129867583279,13.88888888888889,17.88854381999832,13.88888888888889,13.88888888888889,13.88888888888889,0.0,-612.3066439051369,465.7563853924765
2058.0,128.1849867583279,13.88888888888889,17.88854381999832,13.88888888888889,13.88888888888889,13.88888888888889,0.0,-613.1831899104009,465.27506784675165
2059.0,128.2569867583279,13.88888888888889,17.88854381999832,13.88888888888889,13.88888888888889,13.88888888888889,0.0,-614.058529883849,464.7915604424129
2060.0,128.32898675832791,13.88888888888889,17.88854381999832,13.88888888888889,13.88888888888889,13.88888888888889,0.0,-614.9326583546095,464.3058662013799
2061.0,128.40098675832792,13.88888888888889,17.88854381999832,13.88888888888889,13.88888888888889,13.88888888888889,0.0,-615.8055698593822,463.81798815924003
2062.0,128.47298675832792,13.88888888888889,17.88854381999832,13.88888888888889,13.88888888888889,13.88888888888889,0.0,-616.6772589424731,463.32792936522947
2063.0,128.54498675832792,13.88888888888889,17.88854381999832,13.88888888888889,13.88888888888889,13.88888888888889,0.0,-617.5477201558281,462.83569288221435
2064.0,128.61698675832793,13.88888888888889,17.88854381999832,13.88888888888889,13.88888888888889,13.88888888888889,0.0,-618.4169480590677,462.34128178667066
2065.0,128.68898675832793,13.88888888888889,17.88854381999832,13.88888888888889,13.88888888888889,13.88888888888889,0.0,-619.2849372195201,461.84469916866647
2066.0,128.76098675832793,13.88888888888889,17.88854381999832,13.88888888888889,13.88888888888889,13.88888888888889,0.0,-620.151682212256,461.3459481318414
2067.0,128.83298675832793,13.88888888888889,17.88854381999832,13.88888888888889,13.88888888888889,13.88888888888889,0.0,-621.0171776201219,460.84503179338776
2068.0,128.90498675832794,13.88888888888889,17.88854381999832,13.88888888888889,13.88888888888889,13.88888888888889,0.0,-621.8814180337744,460.34195328403115
2069.0,128.97698675832794,13.88888888888889,17.88854381999832,13.88888888888889,13.88888888888889,13.88888888888889,0.0,-622.7443980517137,459.83671574801053
2070.0,129.04898675832794,13.88888888888889,17.88854381999832,13.88888888888889,13.88888888888889,13.88888888888889,0.0,-623.6061122803176,459.32932234305895
2071.0,129.12098675832794,13.88888888888889,17.88854381999832,13.88888888888889,13.88888888888889,13.88888888888889,0.0,-624.466555333875,458.8197762403833
2072.0,129.19298675832795,13.88888888888889,17.88854381999832,13.88888888888889,13.88888888888889,13.88888888888889,0.0,-625.3257218346193,458.3080806246454
2073.0,129.26498675832795,13.88888888888889,17.88854381999832,13.88888888888889,13.88888888888889,13.88888888888889,0.0,-626.1836064127629,457.79423869394094
2074.0,129.33698675832795,13.88888888888889,17.88854381999832,13.88888888888889,13.88888888888889,13.88888888888889,0.0,-627.0402037065301,457.27825365978043
2075.0,129.40898675832796,13.88888888888889,17.88854381999832,13.88888888888889,13.88888888888889,13.88888888888889,0.0,-627.8955083621902,456.7601287470686
2076.0,129.48098675832796,13.88888888888889,17.88854381999832,13.88888888888889,13.88888888888889,13.88888888888889,0.0,-628.7495150340924,456.2398671940845
2077.0,129.55298675832796,13.88888888888889,17.88854381999832,13.88888888888889,13.88888888888889,13.88888888888889,0.0,-629.6022183846974,455.7174722524611
2078.0,129.62498675832796,13.88888888888889,17.88854381999832,13.88888888888889,13.88888888888889,13.88888888888889,0.0,-630.4536130846124,455.19294718716503
2079.0,129.69698675832797,13.88888888888889,17.88854381999832,13.88888888888889,13.88888888888889,13.88888888888889,0.0,-631.3036938126227,454.66629527647655
2080.0,129.76898675832797,13.88888888888889,17.88854381999832,13.88888888888889,13.88888888888889,13.88888888888889,0.0,-632.1524552557271,454.13751981196793
2081.0,129.84098675832797,13.88888888888889,17.88854381999832,13.88888888888889,13.88888888888889,13.88888888888889,0.0,-632.999892109169,453.6066240984844
2082.0,129.91298675832797,13.88888888888889,17.88854381999832,13.88888888888889,13.88888888888889,13.88888888888889,0.0,-633.845999076471,453.07361145412244
2083.0,129.98498675832798,13.88888888888889,17.88854381999832,13.88888888888889,13.88888888888889,13.88888888888889,0.0,-634.6907708694673,452.5384852102092
2084.0,130.05698675832798,13.88888888888889,17.88854381999832,13.88888888888889,13.88888888888889,13.88888888888889,0.0,-635.5342022083369,452.00124871128213
2085.0,130.12898675832798,13.88888888888889,17.88854381999832,13.88888888888889,13.88888888888889,13.88888888888889,0.0,-636.3762878216365,451.46190531506744
2086.0,130.20098675832799,13.88888888888889,17.88854381999832,13.88888888888889,13.88888888888889,13.88888888888889,0.0,-637.2170224463341,450.9204583924597
2087.0,130.272986758328,13.88888888888889,17.88854381999832,13.88888888888889,13.88888888888889,13.88888888888889,0.0,-638.0564008278409,450.37691132750024
2088.0,130.344986758328,13.88888888888889,17.88854381999832,13.88888888888889,13.88888888888889,13.88888888888889,0.0,-638.8944177200444,449.8312675173568
2089.0,130.416986758328,13.88888888888889,17.88854381999832,13.88888888888889,13.88888888888889,13.88888888888889,0.0,-639.7310678853426,449.283530372301
2090.0,130.488986758328,13.88888888888889,17.88854381999832,13.88888888888889,13.88888888888889,13.88888888888889,0.0,-640.5663460946737,448.73370331568856
2091.0,130.560986758328,13.88888888888889,17.88854381999832,13.88888888888889,13.88888888888889,13.88888888888889,0.0,-641.4002471275523,448.1817897839366
2092.0,130.632986758328,13.88888888888889,17.88854381999832,13.88888888888889,13.88888888888889,13.88888888888889,0.0,-642.2327657720994,447.62779322650294
2093.0,130.704986758328,13.88888888888889,17.88854381999832,13.88888888888889,13.88888888888889,13.88888888888889,0.0,-643.063896825076,447.0717171058643
2094.0,130.776986758328,13.88888888888889,17.88854381999832,13.88888888888889,13.88888888888889,13.88888888888889,0.0,-643.8936350919162,446.51356489749463
2095.0,130.848986758328,13.88888888888889,17.88854381999832,13.88888888888889,13.88888888888889,13.88888888888889,0.0,-644.721975386758,445.9533400898433
2096.0,130.920986758328,13.88888888888889,17.88854381999832,13.88888888888889,13.88888888888889,13.88888888888889,0.0,-645.5489125324777,445.3910461843136
2097.0,130.99298675832802,13.88888888888889,17.88854381999832,13.88888888888889,13.88888888888889,13.88888888888889,0.0,-646.3744413607208,444.82668669524065
2098.0,131.06498675832802,13.88888888888889,17.88854381999832,13.88888888888889,13.88888888888889,13.88888888888889,0.0,-647.1985567119343,444.2602651498694
2099.0,131.13698675832802,13.88888888888889,17.88854381999832,13.88888888888889,13.88888888888889,13.88888888888889,0.0,-648.0212534354005,443.69178508833267
2100.0,131.20898675832802,13.88888888888889,17.88854381999832,13.88888888888889,13.88888888888889,13.88888888888889,0.0,-648.8425263892673,443.121250063629
2101.0,131.28098675832803,13.88888888888889,17.88854381999832,13.88888888888889,13.88888888888889,13.88888888888889,0.0,-649.6623704405814,442.5486636416004
2102.0,131.35298675832803,13.88888888888889,17.88854381999832,13.88888888888889,13.88888888888889,13.88888888888889,0.0,-650.4807804653203,441.9740294009101
2103.0,131.42498675832803,13.88888888888889,17.88854381999832,13.88888888888889,13.88888888888889,13.88888888888889,0.0,-651.2977513484241,441.39735093302033
2104.0,131.49698675832803,13.88888888888889,17.88854381999832,13.88888888888889,13.88888888888889,13.88888888888889,0.0,-652.113277983827,440.81863184216974
2105.0,131.56898675832804,13.88888888888889,17.88854381999832,13.88888888888889,13.88888888888889,13.88888888888889,0.0,-652.9273552744905,440.2378757453504
2106.0,131.64098675832804,13.88888888888889,17.88854381999832,13.88888888888889,13.88888888888889,13.88888888888889,0.0,-653.7399781324341,439.6550862722863
2107.0,131.71298675832804,13.88888888888889,17.88854381999832,13.88888888888889,13.88888888888889,13.88888888888889,0.0,-654.5511414787677,439.07026706540984
2108.0,131.78498675832805,13.88888888888889,17.88854381999832,13.88888888888889,13.88888888888889,13.88888888888889,0.0,-655.3608402437228,438.4834217798389
2109.0,131.85698675832805,13.88888888888889,17.88854381999832,13.88888888888889,13.88888888888889,13.88888888888889,0.0,-656.1690693666851,437.8945540833548
2110.0,131.92898675832805,13.88888888888889,17.88854381999832,13.88888888888889,13.88888888888889,13.88888888888889,0.0,-656.9758237962249,437.3036676563786
2111.0,132.00098675832805,13.88888888888889,17.88854381999832,13.88888888888889,13.88888888888889,13.88888888888889,0.0,-657.7810984901296,436.7107661919486
2112.0,132.07298675832806,13.88888888888889,17.88854381999832,13.88888888888889,13.88888888888889,13.88888888888889,0.0,-658.5848884154354,436.11585339569694
2113.0,132.14498675832806,13.88888888888889,17.88854381999832,13.88888888888889,13.88888888888889,13.88888888888889,0.0,-659.3871885484574,435.51893298582695
2114.0,132.21698675832806,13.88888888888889,17.88854381999832,13.88888888888889,13.88888888888889,13.88888888888889,0.0,-660.1879938748227,434.9200086930888
2115.0,132.28898675832806,13.88888888888889,17.88854381999832,13.88888888888889,13.88888888888889,13.88888888888889,0.0,-660.9872993895005,434.31908426075773
2116.0,132.36098675832807,13.88888888888889,17.88854381999832,13.88888888888889,13.88888888888889,13.88888888888889,0.0,-661.785100096834,433.7161634446094
2117.0,132.43298675832807,13.88888888888889,17.88854381999832,13.88888888888889,13.88888888888889,13.88888888888889,0.0,-662.5813910105712,433.11125001289685
2118.0,132.50498675832807,13.88888888888889,17.88854381999832,13.88888888888889,13.88888888888889,13.88888888888889,0.0,-663.3761671538966,432.5043477463271
2119.0,132.57698675832808,13.88888888888889,17.88854381999832,13.88888888888889,13.88888888888889,13.88888888888889,0.0,-664.1694235594621,431.89546043803745
2120.0,132.64898675832808,13.88888888888889,17.88854381999832,13.88888888888889,13.88888888888889,13.88888888888889,0.0,-664.9611552694173,431.2845918935715
2121.0,132.72098675832808,13.88888888888889,17.88854381999832,13.88888888888889,13.88888888888889,13.88888888888889,0.0,-665.7513573354421,430.6717459308555
2122.0,132.79298675832808,13.88888888888889,17.88854381999832,13.88888888888889,13.88888888888889,13.88888888888889,0.0,-666.5400248187757,430.05692638017496
2123.0,132.8649867583281,13.88888888888889,17.88854381999832,13.88888888888889,13.88888888888889,13.88888888888889,0.0,-667.3271527902491,429.4401370841501
2124.0,132.9369867583281,13.88888888888889,17.88854381999832,13.88888888888889,13.88888888888889,13.88888888888889,0.0,-668.1127363303151,428.82138189771183
2125.0,133.0089867583281,13.88888888888889,17.88854381999832,13.88888888888889,13.88888888888889,13.88888888888889,0.0,-668.896770529079,428.2006646880782
2126.0,133.0809867583281,13.88888888888889,17.88854381999832,13.88888888888889,13.88888888888889,13.88888888888889,0.0,-669.6792504863297,427.57798933472964
2127.0,133.1529867583281,13.88888888888889,17.88854381999832,13.88888888888889,13.88888888888889,13.88888888888889,0.0,-670.4601713115699,426.95335972938517
2128.0,133.2249867583281,13.88888888888889,17.88854381999832,13.88888888888889,13.88888888888889,13.88888888888889,0.0,-671.2395281240472,426.32677977597757
2129.0,133.2969867583281,13.88888888888889,17.88854381999832,13.88888888888889,13.88888888888889,13.88888888888889,0.0,-672.0173160527838,425.69825339063
2130.0,133.3689867583281,13.88888888888889,17.88854381999832,13.88888888888889,13.88888888888889,13.88888888888889,0.0,-672.7935302366079,425.0677845016297
2131.0,133.4409867583281,13.88888888888889,17.88854381999832,13.88888888888889,13.88888888888889,13.88888888888889,0.0,-673.5681658241833,424.4353770494057
2132.0,133.5129867583281,13.88888888888889,17.88854381999832,13.88888888888889,13.88888888888889,13.88888888888889,0.0,-674.3412179740401,423.8010349865022
2133.0,133.5849867583281,13.88888888888889,17.88854381999832,13.88888888888889,13.88888888888889,13.88888888888889,0.0,-675.1126818546047,423.16476227755516
2134.0,133.65698675832812,13.88888888888889,17.88854381999832,13.88888888888889,13.88888888888889,13.88888888888889,0.0,-675.8825526442306,422.5265628992669
2135.0,133.72898675832812,13.88888888888889,17.88854381999832,13.88888888888889,13.88888888888889,13.88888888888889,0.0,-676.6508255312278,421.8864408403815
2136.0,133.80098675832812,13.88888888888889,17.88854381999832,13.88888888888889,13.88888888888889,13.88888888888889,0.0,-677.4174957138932,421.24440010165966
2137.0,133.87298675832812,13.88888888888889,17.88854381999832,13.88888888888889,13.88888888888889,13.88888888888889,0.0,-678.182558400541,420.60044469585387
2138.0,133.94498675832813,13.88888888888889,17.88854381999832,13.88888888888889,13.88888888888889,13.88888888888889,0.0,-678.9460088095311,419.9545786476836
2139.0,134.01698675832813,13.88888888888889,17.88854381999832,13.88888888888889,13.88888888888889,13.88888888888889,0.0,-679.7078421693019,419.30680599380923
2140.0,134.08898675832813,13.88888888888889,17.88854381999832,13.88888888888889,13.88888888888889,13.88888888888889,0.0,-680.4680537183967,418.6571307828079
2141.0,134.16098675832814,13.88888888888889,17.88854381999832,13.88888888888889,13.88888888888889,13.88888888888889,0.0,-681.226638705496,418.0055570751475
2142.0,134.23298675832814,13.88888888888889,17.88854381999832,13.88888888888889,13.88888888888889,13.88888888888889,0.0,-681.9835923894461,417.3520889431616
2143.0,134.30498675832814,13.88888888888889,17.88854381999832,13.88888888888889,13.88888888888889,13.88888888888889,0.0,-682.738910039289,416.696730471024
2144.0,134.37698675832814,13.88888888888889,17.88854381999832,13.88888888888889,13.88888888888889,13.88888888888889,0.0,-683.4925869342917,416.0394857547228
2145.0,134.44898675832815,13.88888888888889,17.88854381999832,13.88888888888889,13.88888888888889,13.88888888888889,0.0,-684.2446183639763,415.3803589020356
2146.0,134.52098675832815,13.88888888888889,17.88854381999832,13.88888888888889,13.88888888888889,13.88888888888889,0.0,-684.9949996281487,414.71935403250274
2147.0,134.59298675832815,13.88888888888889,17.88854381999832,13.88888888888889,13.88888888888889,13.88888888888889,0.0,-685.7437260369281,414.05647527740285
2148.0,134.66498675832815,13.88888888888889,17.88854381999832,13.88888888888889,13.88888888888889,13.88888888888889,0.0,-686.4907929107774,413.39172677972584
2149.0,134.73698675832816,13.88888888888889,17.88854381999832,13.88888888888889,13.88888888888889,13.88888888888889,0.0,-687.2361955805309,412.7251126941477
2150.0,134.80898675832816,13.88888888888889,17.88854381999832,13.88888888888889,13.88888888888889,13.88888888888889,0.0,-687.9799293874241,412.0566371870042
2151.0,134.88098675832816,13.88888888888889,17.88854381999832,13.88888888888889,13.88888888888889,13.88888888888889,0.0,-688.7219896831235,411.38630443626516
2152.0,134.95298675832817,13.88888888888889,17.88854381999832,13.88888888888889,13.88888888888889,13.88888888888889,0.0,-689.4623718297544,410.7141186315081
2153.0,135.02498675832817,13.88888888888889,17.88854381999832,13.88888888888889,13.88888888888889,13.88888888888889,0.0,-690.2010711999311,410.04008397389197
2154.0,135.09698675832817,13.88888888888889,17.88854381999832,13.88888888888889,13.88888888888889,13.88888888888889,0.0,-690.9380831767844,409.3642046761315
2155.0,135.16898675832817,13.88888888888889,17.88854381999832,13.88888888888889,13.88888888888889,13.88888888888889,0.0,-691.6734031539925,408.6864849624697
2156.0,135.24098675832818,13.88888888888889,17.88854381999832,13.88888888888889,13.88888888888889,13.88888888888889,0.0,-692.4070265358074,408.0069290686529
2157.0,135.31298675832818,13.88888888888889,17.88854381999832,13.88888888888889,13.88888888888889,13.88888888888889,0.0,-693.1389487370856,407.3255412419031
2158.0,135.38498675832818,13.88888888888889,17.88854381999832,13.88888888888889,13.88888888888889,13.88888888888889,0.0,-693.8691651833157,406.642325740892
2159.0,135.45698675832818,13.88888888888889,17.88854381999832,13.88888888888889,13.88888888888889,13.88888888888889,0.0,-694.5976713106472,405.9572868357142
2160.0,135.5289867583282,13.88888888888889,17.88854381999832,13.88888888888889,13.88888888888889,13.88888888888889,0.0,-695.3244625659192,405.2704288078608
2161.0,135.6009867583282,13.88888888888889,17.88854381999832,13.88888888888889,13.88888888888889,13.88888888888889,0.0,-696.049534406689,404.581755950192
2162.0,135.6729867583282,13.88888888888889,17.88854381999832,13.88888888888889,13.88888888888889,13.88888888888889,0.0,-696.7728823012596,403.891272566911
2163.0,135.7449867583282,13.88888888888889,17.88854381999832,13.88888888888889,13.88888888888889,13.88888888888889,0.0,-697.4945017287091,403.198982973537
2164.0,135.8169867583282,13.88888888888889,17.88854381999832,13.88888888888889,13.88888888888889,13.88888888888889,0.0,-698.2143881789186,402.5048914968771
2165.0,135.8889867583282,13.88888888888889,17.88854381999832,13.88888888888889,13.88888888888889,13.88888888888889,0.0,-698.9325371525999,401.80900247500136
2166.0,135.9609867583282,13.88888888888889,17.88854381999832,13.88888888888889,13.88888888888889,13.88888888888889,0.0,-699.6489441613243,401.1113202572136
2167.0,136.0329867583282,13.88888888888889,17.88854381999832,13.88888888888889,13.88888888888889,13.88888888888889,0.0,-700.3636047275504,400.4118492040255
2168.0,136.1049867583282,13.88888888888889,17.88854381999832,13.88888888888889,13.88888888888889,13.88888888888889,0.0,-701.076514384652,399.7105936871288
2169.0,136.1769867583282,13.88888888888889,17.88854381999832,13.88888888888889,13.88888888888889,13.88888888888889,0.0,-701.7876686769459,399.0075580893682
2170.0,136.24898675832821,13.88888888888889,17.88854381999832,13.88888888888889,13.88888888888889,13.88888888888889,0.0,-702.4970631597203,398.30274680471393
2171.0,136.32098675832822,13.88888888888889,17.88854381999832,13.88888888888889,13.88888888888889,13.88888888888889,0.0,-703.2046933992622,397.5961642382341
2172.0,136.39298675832822,13.88888888888889,17.88854381999832,13.88888888888889,13.88888888888889,13.88888888888889,0.0,-703.9105549728843,396.88781480606775
2173.0,136.46498675832822,13.88888888888889,17.88854381999832,13.88888888888889,13.88888888888889,13.88888888888889,0.0,-704.6146434689542,396.1777029353963
2174.0,136.53698675832823,13.88888888888889,17.88854381999832,13.88888888888889,13.88888888888889,13.88888888888889,0.0,-705.3169544869215,395.46583306441676
2175.0,136.60898675832823,13.88888888888889,17.88854381999832,13.88888888888889,13.88888888888889,13.88888888888889,0.0,-706.0174836373444,394.75220964231335
2176.0,136.68098675832823,13.88888888888889,17.88854381999832,13.88888888888889,13.88888888888889,13.88888888888889,0.0,-706.716226541918,394.0368371292302
2177.0,136.75298675832823,13.88888888888889,17.88854381999832,13.88888888888889,13.88888888888889,13.88888888888889,0.0,-707.4131788335012,393.31971999624324
2178.0,136.82498675832824,13.88888888888889,17.88854381999832,13.88888888888889,13.88888888888889,13.88888888888889,0.0,-708.108336156145,392.60086272533204
2179.0,136.89698675832824,13.88888888888889,17.88854381999832,13.88888888888889,13.88888888888889,13.88888888888889,0.0,-708.8016941651177,391.88026980935257
2180.0,136.96898675832824,13.88888888888889,17.88854381999832,13.88888888888889,13.88888888888889,13.88888888888889,0.0,-709.4932485269346,391.1579457520077
2181.0,137.04098675832824,13.88888888888889,17.88854381999832,13.88888888888889,13.88888888888889,13.88888888888889,0.0,-710.1829949193828,390.4338950678209
2182.0,137.11298675832825,13.88888888888889,17.88854381999832,13.88888888888889,13.88888888888889,13.88888888888889,0.0,-710.8709290315498,389.7081222821064
2183.0,137.18498675832825,13.88888888888889,17.88854381999832,13.88888888888889,13.88888888888889,13.88888888888889,0.0,-711.5570465638496,388.98063193094174
2184.0,137.25698675832825,13.88888888888889,17.88854381999832,13.88888888888889,13.88888888888889,13.88888888888889,0.0,-712.2413432280496,388.2514285611392
2185.0,137.32898675832826,13.88888888888889,17.88854381999832,13.88888888888889,13.88888888888889,13.88888888888889,0.0,-712.9238147472983,387.5205167302176
2186.0,137.40098675832826,13.88888888888889,17.88854381999832,13.88888888888889,13.88888888888889,13.88888888888889,0.0,-713.6044568561506,386.7879010063734
2187.0,137.47298675832826,13.88888888888889,17.88854381999832,13.88888888888889,13.88888888888889,13.88888888888889,0.0,-714.2832653005958,386.05358596845235
2188.0,137.54498675832826,13.88888888888889,17.88854381999832,13.88888888888889,13.88888888888889,13.88888888888889,0.0,-714.960235838083,385.3175762059215
2189.0,137.61698675832827,13.88888888888889,17.88854381999832,13.88888888888889,13.88888888888889,13.88888888888889,0.0,-715.635364237549,384.57987631883896
2190.0,137.68898675832827,13.88888888888889,17.88854381999832,13.88888888888889,13.88888888888889,13.88888888888889,0.0,-716.308646279443,383.84049091782697
2191.0,137.76098675832827,13.88888888888889,17.88854381999832,13.88888888888889,13.88888888888889,13.88888888888889,0.0,-716.9800777557548,383.0994246240417
2192.0,137.83298675832827,13.88888888888889,17.88854381999832,13.88888888888889,13.88888888888889,13.88888888888889,0.0,-717.6496544700396,382.3566820691452
2193.0,137.90498675832828,13.88888888888889,17.88854381999832,13.88888888888889,13.88888888888889,13.88888888888889,0.0,-718.3173722374454,381.612267895276
2194.0,137.97698675832828,13.88888888888889,17.88854381999832,13.88888888888889,13.88888888888889,13.88888888888889,0.0,-718.983226884738,380.86618675502007
2195.0,138.04898675832828,13.88888888888889,17.88854381999832,13.88888888888889,13.88888888888889,13.88888888888889,0.0,-719.6472142503283,380.11844331138235
2196.0,138.12098675832829,13.88888888888889,17.88854381999832,13.88888888888889,13.88888888888889,13.88888888888889,0.0,-720.3093301842973,379.36904223775673
2197.0,138.1929867583283,13.88888888888889,17.88854381999832,13.88888888888889,13.88888888888889,13.88888888888889,0.0,-720.9695705484226,378.6179882178976
2198.0,138.2649867583283,13.88888888888889,17.88854381999832,13.88888888888889,13.88888888888889,13.88888888888889,0.0,-721.627931216204,377.8652859458902
2199.0,138.3369867583283,13.88888888888889,17.88854381999832,13.88888888888889,13.88888888888889,13.88888888888889,0.0,-722.2844080728896,377.1109401261212
2200.0,138.4089867583283,13.88888888888889,17.88854381999832,13.88888888888889,13.88888888888889,13.88888888888889,0.0,-722.9389970155012,376.3549554732495
2201.0,138.4809867583283,13.88888888888889,17.88854381999832,13.88888888888889,13.88888888888889,13.88888888888889,0.0,-723.5916939528595,375.59733671217685
2202.0,138.5529867583283,13.88888888888889,17.88854381999832,13.88888888888889,13.88888888888889,13.88888888888889,0.0,-724.2424948056116,374.8380885780177
2203.0,138.6249867583283,13.88888888888889,17.88854381999832,13.88888888888889,13.88888888888889,13.88888888888889,0.0,-724.8913955062541,374.07721581607063
2204.0,138.6969867583283,13.88888888888889,17.88854381999832,13.88888888888889,13.88888888888889,13.88888888888889,0.0,-725.5383919991591,373.31472318178817
2205.0,138.7689867583283,13.88888888888889,17.88854381999832,13.88888888888889,13.88888888888889,13.88888888888889,0.0,-726.1834802406013,372.55061544074636
2206.0,138.8409867583283,13.88888888888889,17.88854381999832,13.88888888888889,13.88888888888889,13.88888888888889,0.0,-726.8266561987812,371.7848973686163
2207.0,138.91298675832832,13.88888888888889,17.88854381999832,13.88888888888889,13.88888888888889,13.88888888888889,0.0,-727.4679158538506,371.0175737511338
2208.0,138.98498675832832,13.88888888888889,17.88854381999832,13.88888888888889,13.88888888888889,13.88888888888889,0.0,-728.1072551979394,370.24864938406853
2209.0,139.05698675832832,13.88888888888889,17.88854381999832,13.88888888888889,13.88888888888889,13.88888888888889,0.0,-728.7446702351785,369.47812907319513
2210.0,139.12898675832832,13.88888888888889,17.88854381999832,13.88888888888889,13.88888888888889,13.88888888888889,0.0,-729.3801569817261,368.7060176342633
2211.0,139.20098675832833,13.88888888888889,17.88854381999832,13.88888888888889,13.88888888888889,13.88888888888889,0.0,-730.0137114657919,367.93231989296726
2212.0,139.27298675832833,13.88888888888889,17.88854381999832,13.88888888888889,13.88888888888889,13.88888888888889,0.0,-730.6453297276627,367.1570406849148
2213.0,139.34498675832833,13.88888888888889,17.88854381999832,13.88888888888889,13.88888888888889,13.88888888888889,0.0,-731.275007819726,366.3801848555991
2214.0,139.41698675832833,13.88888888888889,17.88854381999832,13.88888888888889,13.88888888888889,13.88888888888889,0.0,-731.9027418064964,365.60175726036596
2215.0,139.48898675832834,13.88888888888889,17.88854381999832,13.88888888888889,13.88888888888889,13.88888888888889,0.0,-732.5285277646379,364.8217627643859
2216.0,139.56098675832834,13.88888888888889,17.88854381999832,13.88888888888889,13.88888888888889,13.88888888888889,0.0,-733.152361782991,364.0402062426213
2217.0,139.63298675832834,13.88888888888889,17.88854381999832,13.88888888888889,13.88888888888889,13.88888888888889,0.0,-733.7742399625944,363.25709257979827
2218.0,139.70498675832835,13.88888888888889,17.88854381999832,13.88888888888889,13.88888888888889,13.88888888888889,0.0,-734.3941584167117,362.4724266703749
2219.0,139.77698675832835,13.88888888888889,17.88854381999832,13.88888888888889,13.88888888888889,13.88888888888889,0.0,-735.0121132708549,361.6862134185101
2220.0,139.84898675832835,13.88888888888889,17.88854381999832,13.88888888888889,13.88888888888889,13.88888888888889,0.0,-735.6281006628078,360.8984577380345
2221.0,139.92098675832835,13.88888888888889,17.88854381999832,13.88888888888889,13.88888888888889,13.88888888888889,0.0,-736.2421167426514,360.1091645524181
2222.0,139.99298675832836,13.88888888888889,17.88854381999832,13.88888888888889,13.88888888888889,13.88888888888889,0.0,-736.8541576727871,359.31833879474135
2223.0,140.06498675832836,13.88888888888889,17.88854381999832,13.88888888888889,13.88888888888889,13.88888888888889,0.0,-737.4642196279614,358.525985407662
2224.0,140.13698675832836,13.88888888888889,17.88854381999832,13.88888888888889,13.88888888888889,13.88888888888889,0.0,-738.0722987952887,357.73210934338647
2225.0,140.20898675832836,13.88888888888889,17.88854381999832,13.88888888888889,13.88888888888889,13.88888888888889,0.0,-738.6783913742761,356.9367155636379
2226.0,140.28098675832837,13.88888888888889,17.88854381999832,13.88888888888889,13.88888888888889,13.88888888888889,0.0,-739.2824935768472,356.1398090396244
2227.0,140.35298675832837,13.88888888888889,17.88854381999832,13.88888888888889,13.88888888888889,13.88888888888889,0.0,-739.8846016273653,355.341394752009
2228.0,140.42498675832837,13.88888888888889,17.88854381999832,13.88888888888889,13.88888888888889,13.88888888888889,0.0,-740.4847117626568,354.5414776908787
2229.0,140.49698675832838,13.88888888888889,17.88854381999832,13.88888888888889,13.88888888888889,13.88888888888889,0.0,-741.0828202320354,353.7400628557127
2230.0,140.56898675832838,13.88888888888889,17.88854381999832,13.88888888888889,13.88888888888889,13.88888888888889,0.0,-741.6789232973251,352.9371552553506
2231.0,140.64098675832838,13.88888888888889,17.88854381999832,13.88888888888889,13.88888888888889,13.88888888888889,0.0,-742.2730172328838,352.1327599079626
2232.0,140.71298675832838,13.88888888888889,17.88854381999832,13.88888888888889,13.88888888888889,13.88888888888889,0.0,-742.8650983256259,351.32688184101727
2233.0,140.7849867583284,13.88888888888889,17.88854381999832,13.88888888888889,13.88888888888889,13.88888888888889,0.0,-743.455162875047,350.51952609124953
2234.0,140.8569867583284,13.88888888888889,17.88854381999832,13.88888888888889,13.88888888888889,13.88888888888889,0.0,-744.0432071932455,349.7106977046301
2235.0,140.9289867583284,13.88888888888889,17.88854381999832,13.88888888888889,13.88888888888889,13.88888888888889,0.0,-744.6292276049463,348.90040173633383
2236.0,141.0009867583284,13.88888888888889,17.88854381999832,13.88888888888889,13.88888888888889,13.88888888888889,0.0,-745.2132204475236,348.0886432507083
2237.0,141.0729867583284,13.88888888888889,17.88854381999832,13.88888888888889,13.88888888888889,13.88888888888889,0.0,-745.7951820710241,347.27542732124084
2238.0,141.1449867583284,13.88888888888889,17.88854381999832,13.88888888888889,13.88888888888889,13.88888888888889,0.0,-746.3751088381894,346.46075903052883
2239.0,141.2169867583284,13.88888888888889,17.88854381999832,13.88888888888889,13.88888888888889,13.88888888888889,0.0,-746.9529971244795,345.644643470246
2240.0,141.2889867583284,13.88888888888889,17.88854381999832,13.88888888888889,13.88888888888889,13.88888888888889,0.0,-747.5288433180939,344.8270857411124
2241.0,141.3609867583284,13.88888888888889,17.88854381999832,13.88888888888889,13.88888888888889,13.88888888888889,0.0,-748.1026438199964,344.00809095286064
2242.0,141.4329867583284,13.88888888888889,17.88854381999832,13.88888888888889,13.88888888888889,13.88888888888889,0.0,-748.6743950439354,343.18766422420583
2243.0,141.5049867583284,13.88888888888889,17.88854381999832,13.88888888888889,13.88888888888889,13.88888888888889,0.0,-749.2440934164675,342.3658106828125
2244.0,141.57698675832842,13.88888888888889,17.88854381999832,13.88888888888889,13.88888888888889,13.88888888888889,0.0,-749.8117353769801,341.5425354652622
2245.0,141.64898675832842,13.88888888888889,17.88854381999832,13.88888888888889,13.88888888888889,13.88888888888889,0.0,-750.3773173777123,340.7178437170228
2246.0,141.72098675832842,13.88888888888889,17.88854381999832,13.88888888888889,13.88888888888889,13.88888888888889,0.0,-750.9408358837788,339.8917405924145
2247.0,141.79298675832842,13.88888888888889,17.88854381999832,13.88888888888889,13.88888888888889,13.88888888888889,0.0,-751.5022873731907,339.0642312545798
2248.0,141.86498675832843,13.88888888888889,17.88854381999832,13.88888888888889,13.88888888888889,13.88888888888889,0.0,-752.0616683368781,338.23532087544874
2249.0,141.93698675832843,13.88888888888889,17.88854381999832,13.88888888888889,13.88888888888889,13.88888888888889,0.0,-752.6189752787117,337.40501463570877
2250.0,142.00898675832843,13.88888888888889,17.88854381999832,13.88888888888889,13.88888888888889,13.88888888888889,0.0,-753.1742047155246,336.5733177247714
2251.0,142.08098675832844,13.88888888888889,17.88854381999832,13.88888888888889,13.88888888888889,13.88888888888889,0.0,-753.7273531771351,335.74023534073945
2252.0,142.15298675832844,13.88888888888889,17.88854381999832,13.88888888888889,13.88888888888889,13.88888888888889,0.0,-754.2784172063672,334.90577269037476
2253.0,142.22498675832844,13.88888888888889,17.88854381999832,13.88888888888889,13.88888888888889,13.88888888888889,0.0,-754.8273933590722,334.0699349890665
2254.0,142.29698675832844,13.88888888888889,17.88854381999832,13.88888888888889,13.88888888888889,13.88888888888889,0.0,-755.3742782041508,333.23272746079783
2255.0,142.36898675832845,13.88888888888889,17.88854381999832,13.88888888888889,13.88888888888889,13.88888888888889,0.0,-755.9190683235748,332.3941553381125
2256.0,142.44098675832845,13.88888888888889,17.88854381999832,13.88888888888889,13.88888888888889,13.88888888888889,0.0,-756.4617603124077,331.55422386208386
2257.0,142.51298675832845,13.88888888888889,17.88854381999832,13.88888888888889,13.88888888888889,13.88888888888889,0.0,-757.0023507788262,330.7129382822812
2258.0,142.58498675832845,13.88888888888889,17.88854381999832,13.88888888888889,13.88888888888889,13.88888888888889,0.0,-757.5408363441416,329.8703038567363
2259.0,142.65698675832846,13.88888888888889,17.88854381999832,13.88888888888889,13.88888888888889,13.88888888888889,0.0,-758.0772136428211,329.02632585191134
2260.0,142.72898675832846,13.88888888888889,17.88854381999832,13.88888888888889,13.88888888888889,13.88888888888889,0.0,-758.6114793225083,328.18100954266646
2261.0,142.80098675832846,13.88888888888889,17.88854381999832,13.88888888888889,13.88888888888889,13.88888888888889,0.0,-759.1436300440442,327.334360212226
2262.0,142.87298675832847,13.88888888888889,17.88854381999832,13.88888888888889,13.88888888888889,13.88888888888889,0.0,-759.6736624814888,326.48638315214504
2263.0,142.94498675832847,13.88888888888889,17.88854381999832,13.88888888888889,13.88888888888889,13.88888888888889,0.0,-760.2015733221408,325.637083662278
2264.0,143.01698675832847,13.88888888888889,17.88854381999832,13.88888888888889,13.88888888888889,13.88888888888889,0.0,-760.7273592665596,324.7864670507432
2265.0,143.08898675832847,13.88888888888889,17.88854381999832,13.88888888888889,13.88888888888889,13.88888888888889,0.0,-761.2510170285841,323.93453863389254
2266.0,143.16098675832848,13.88888888888889,17.88854381999832,13.88888888888889,13.88888888888889,13.88888888888889,0.0,-761.7725433353557,323.0813037362751
2267.0,143.23298675832848,13.88888888888889,17.88854381999832,13.88888888888889,13.88888888888889,13.88888888888889,0.0,-762.2919349273365,322.2267676906065
2268.0,143.30498675832848,13.88888888888889,17.88854381999832,13.88888888888889,13.88888888888889,13.88888888888889,0.0,-762.8091885583302,321.37093583773463
2269.0,143.37698675832848,13.88888888888889,17.88854381999832,13.88888888888889,13.88888888888889,13.88888888888889,0.0,-763.324300995504,320.5138135266051
2270.0,143.4489867583285,13.88888888888889,17.88854381999832,13.88888888888889,13.88888888888889,13.88888888888889,0.0,-763.8372690194062,319.65540611423023
2271.0,143.5209867583285,13.88888888888889,17.88854381999832,13.88888888888889,13.88888888888889,13.88888888888889,0.0,-764.348089423989,318.7957189656529
2272.0,143.5929867583285,13.88888888888889,17.88854381999832,13.88888888888889,13.88888888888889,13.88888888888889,0.0,-764.856759016626,317.9347574539156
2273.0,143.6649867583285,13.88888888888889,17.88854381999832,13.88888888888889,13.88888888888889,13.88888888888889,0.0,-765.3632746181341,317.07252696002445
2274.0,143.7369867583285,13.88888888888889,17.88854381999832,13.88888888888889,13.88888888888889,13.88888888888889,0.0,-765.8676330627927,316.2090328729174
2275.0,143.8089867583285,13.88888888888889,17.88854381999832,13.88888888888889,13.88888888888889,13.88888888888889,0.0,-766.3698311983625,315.3442805894301
2276.0,143.8809867583285,13.88888888888889,17.88854381999832,13.88888888888889,13.88888888888889,13.88888888888889,0.0,-766.8698658861072,314.47827551426116
2277.0,143.9529867583285,13.88888888888889,17.88854381999832,13.88888888888889,13.88888888888889,13.88888888888889,0.0,-767.3677340008119,313.61102305993916
2278.0,144.0249867583285,13.88888888888889,17.88854381999832,13.88888888888889,13.88888888888889,13.88888888888889,0.0,-767.8634324308023,312.7425286467894
2279.0,144.0969867583285,13.88888888888889,17.88854381999832,13.88888888888889,13.88888888888889,13.88888888888889,0.0,-768.3569580779644,311.87279770289956
2280.0,144.16898675832851,13.88888888888889,17.88854381999832,13.88888888888889,13.88888888888889,13.88888888888889,0.0,-768.848307857765,311.0018356640845
2281.0,144.24098675832852,13.88888888888889,17.88854381999832,13.88888888888889,13.88888888888889,13.88888888888889,0.0,-769.3374786992695,310.1296479738544
2282.0,144.31298675832852,13.88888888888889,17.88854381999832,13.88888888888889,13.88888888888889,13.88888888888889,0.0,-769.8244675451615,309.2562400833799
2283.0,144.38498675832852,13.88888888888889,17.88854381999832,13.88888888888889,13.88888888888889,13.88888888888889,0.0,-770.3092713517624,308.38161745145703
2284.0,144.45698675832853,13.88888888888889,17.88854381999832,13.88888888888889,13.88888888888889,13.88888888888889,0.0,-770.7918870890503,307.50578554447424
2285.0,144.52898675832853,13.88888888888889,17.88854381999832,13.88888888888889,13.88888888888889,13.88888888888889,0.0,-771.2723117406781,306.62874983637823
2286.0,144.60098675832853,13.88888888888889,17.88854381999832,13.88888888888889,13.88888888888889,13.88888888888889,0.0,-771.7505423039931,305.7505158086399
2287.0,144.67298675832853,13.88888888888889,17.88854381999832,13.88888888888889,13.88888888888889,13.88888888888889,0.0,-772.2265757900565,304.8710889502181
2288.0,144.74498675832854,13.88888888888889,17.88854381999832,13.88888888888889,13.88888888888889,13.88888888888889,0.0,-772.7004092236599,303.99047475752866
2289.0,144.81698675832854,13.88888888888889,17.88854381999832,13.88888888888889,13.88888888888889,13.88888888888889,0.0,-773.1720396433462,303.1086787344068
2290.0,144.88898675832854,13.88888888888889,17.88854381999832,13.88888888888889,13.88888888888889,13.88888888888889,0.0,-773.6414641014267,302.2257063920754
2291.0,144.96098675832854,13.88888888888889,17.88854381999832,13.88888888888889,13.88888888888889,13.88888888888889,0.0,-774.1086796640002,301.34156324910794
2292.0,145.03298675832855,13.88888888888889,17.88854381999832,13.88888888888889,13.88888888888889,13.88888888888889,0.0,-774.5736834109708,300.4562548313968
2293.0,145.10498675832855,13.88888888888889,17.88854381999832,13.88888888888889,13.88888888888889,13.88888888888889,0.0,-775.0364724360666,299.5697866721167
2294.0,145.17698675832855,13.88888888888889,17.88854381999832,13.88888888888889,13.88888888888889,13.88888888888889,0.0,-775.4970438468579,298.6821643116904
2295.0,145.24898675832856,13.88888888888889,17.88854381999832,13.88888888888889,13.88888888888889,13.88888888888889,0.0,-775.9553947647746,297.7933932977553
2296.0,145.32098675832856,13.88888888888889,17.88854381999832,13.88888888888889,13.88888888888889,13.88888888888889,0.0,-776.4115223251251,296.90347918512657
2297.0,145.39298675832856,13.88888888888889,17.88854381999832,13.88888888888889,13.88888888888889,13.88888888888889,0.0,-776.8654236771137,296.01242753576537
2298.0,145.46498675832856,13.88888888888889,17.88854381999832,13.88888888888889,13.88888888888889,13.88888888888889,0.0,-777.3170959838583,295.1202439187408
2299.0,145.53698675832857,13.88888888888889,17.88854381999832,13.88888888888889,13.88888888888889,13.88888888888889,0.0,-777.7665364224086,294.226933910198
2300.0,145.60898675832857,13.88888888888889,17.88854381999832,13.88888888888889,13.88888888888889,13.88888888888889,0.0,-778.2137421837631,293.33250309332186
2301.0,145.68098675832857,13.88888888888889,17.88854381999832,13.88888888888889,13.88888888888889,13.88888888888889,0.0,-778.6587104728874,292.43695705830174
2302.0,145.75298675832857,13.88888888888889,17.88854381999832,13.88888888888889,13.88888888888889,13.88888888888889,0.0,-779.1014385087312,291.54030140229725
2303.0,145.82498675832858,13.88888888888889,17.88854381999832,13.88888888888889,13.88888888888889,13.88888888888889,0.0,-779.5419235242457,290.64254172940343
2304.0,145.89698675832858,13.88888888888889,17.88854381999832,13.88888888888889,13.88888888888889,13.88888888888889,0.0,-779.9801627664008,289.7436836506158
2305.0,145.96898675832858,13.88888888888889,17.88854381999832,13.88888888888889,13.88888888888889,13.88888888888889,0.0,-780.4161534962029,288.8437327837938
2306.0,146.0409867583286,13.88888888888889,17.88854381999832,13.88888888888889,13.88888888888889,13.88888888888889,0.0,-780.8498929887112,287.94269475362773
2307.0,146.1129867583286,13.88888888888889,17.88854381999832,13.88888888888889,13.88888888888889,13.88888888888889,0.0,-781.2813785330552,287.0405751916025
2308.0,146.1849867583286,13.88888888888889,17.88854381999832,13.88888888888889,13.88888888888889,13.88888888888889,0.0,-781.7106074324519,286.13737973596227
2309.0,146.2569867583286,13.88888888888889,17.88854381999832,13.88888888888889,13.88888888888889,13.88888888888889,0.0,-782.1375770042221,285.2331140316753
2310.0,146.3289867583286,13.88888888888889,17.88854381999832,13.88888888888889,13.88888888888889,13.88888888888889,0.0,-782.562284579807,284.32778373039974
2311.0,146.4009867583286,13.88888888888889,17.88854381999832,13.88888888888889,13.88888888888889,13.88888888888889,0.0,-782.9847275047858,283.42139449044726
2312.0,146.4729867583286,13.88888888888889,17.88854381999832,13.88888888888889,13.88888888888889,13.88888888888889,0.0,-783.404903138892,282.51395197674697
2313.0,146.5449867583286,13.88888888888889,17.88854381999832,13.88888888888889,13.88888888888889,13.88888888888889,0.0,-783.8228088560286,281.6054618608123
2314.0,146.6169867583286,13.88888888888889,17.88854381999832,13.88888888888889,13.88888888888889,13.88888888888889,0.0,-784.2384420442866,280.69592982070293
2315.0,146.6889867583286,13.88888888888889,17.88854381999832,13.88888888888889,13.88888888888889,13.88888888888889,0.0,-784.6518001059599,279.7853615409918
2316.0,146.7609867583286,13.88888888888889,17.88854381999832,13.88888888888889,13.88888888888889,13.88888888888889,0.0,-785.062880457562,278.87376271272694
2317.0,146.83298675832862,13.88888888888889,17.88854381999832,13.88888888888889,13.88888888888889,13.88888888888889,0.0,-785.4716805298418,277.9611390333985
2318.0,146.90498675832862,13.88888888888889,17.88854381999832,13.88888888888889,13.88888888888889,13.88888888888889,0.0,-785.8781977678003,277.04749620690177
2319.0,146.97698675832862,13.88888888888889,17.88854381999832,13.88888888888889,13.88888888888889,13.88888888888889,0.0,-786.2824296307062,276.1328399435008
2320.0,147.04898675832862,13.88888888888889,17.88854381999832,13.88888888888889,13.88888888888889,13.88888888888889,0.0,-786.6843735921118,275.21717595979493
2321.0,147.12098675832863,13.88888888888889,17.88854381999832,13.88888888888889,13.88888888888889,13.88888888888889,0.0,-787.0840271398682,274.30050997868034
2322.0,147.19298675832863,13.88888888888889,17.88854381999832,13.88888888888889,13.88888888888889,13.88888888888889,0.0,-787.4813877761424,273.3828477293172
2323.0,147.26498675832863,13.88888888888889,17.88854381999832,13.88888888888889,13.88888888888889,13.88888888888889,0.0,-787.8764530174316,272.46419494709085
2324.0,147.33698675832864,13.88888888888889,17.88854381999832,13.88888888888889,13.88888888888889,13.88888888888889,0.0,-788.2692203945794,271.5445573735786
2325.0,147.40898675832864,13.88888888888889,17.88854381999832,13.88888888888889,13.88888888888889,13.88888888888889,0.0,-788.6596874527906,270.6239407565125
2326.0,147.48098675832864,13.88888888888889,17.88854381999832,13.88888888888889,13.88888888888889,13.88888888888889,0.0,-789.0478517516478,269.7023508497432
2327.0,147.55298675832864,13.88888888888889,17.88854381999832,13.88888888888889,13.88888888888889,13.88888888888889,0.0,-789.4337108651254,268.77979341320423
2328.0,147.62498675832865,13.88888888888889,17.88854381999832,13.88888888888889,13.88888888888889,13.88888888888889,0.0,-789.8172623816049,267.8562742128768
2329.0,147.69698675832865,13.88888888888889,17.88854381999832,13.88888888888889,13.88888888888889,13.88888888888889,0.0,-790.1985039038907,266.93179902075343
2330.0,147.76898675832865,13.88888888888889,17.88854381999832,13.88888888888889,13.88888888888889,13.88888888888889,0.0,-790.5774330492246,266.0063736148003
2331.0,147.84098675832865,13.88888888888889,17.88854381999832,13.88888888888889,13.88888888888889,13.88888888888889,0.0,-790.9540474493007,265.08000377892347
2332.0,147.91298675832866,13.88888888888889,17.88854381999832,13.88888888888889,13.88888888888889,13.88888888888889,0.0,-791.3283447502799,264.15269530293176
2333.0,147.98498675832866,13.88888888888889,17.88854381999832,13.88888888888889,13.88888888888889,13.88888888888889,0.0,-791.7003226128056,263.2244539824999
2334.0,148.05698675832866,13.88888888888889,17.88854381999832,13.88888888888889,13.88888888888889,13.88888888888889,0.0,-792.0699787120175,262.29528561913264
2335.0,148.12898675832867,13.88888888888889,17.88854381999832,13.88888888888889,13.88888888888889,13.88888888888889,0.0,-792.4373107375659,261.3651960201296
2336.0,148.20098675832867,13.88888888888889,17.88854381999832,13.88888888888889,13.88888888888889,13.88888888888889,0.0,-792.8023163936268,260.4341909985481
2337.0,148.27298675832867,13.88888888888889,17.88854381999832,13.88888888888889,13.88888888888889,13.88888888888889,0.0,-793.1649933989163,259.50227637316584
2338.0,148.34498675832867,13.88888888888889,17.88854381999832,13.88888888888889,13.88888888888889,13.88888888888889,0.0,-793.5253394867041,258.56945796844684
2339.0,148.41698675832868,13.88888888888889,17.88854381999832,13.88888888888889,13.88888888888889,13.88888888888889,0.0,-793.8833524048282,257.6357416145024
2340.0,148.48898675832868,13.88888888888889,17.88854381999832,13.88888888888889,13.88888888888889,13.88888888888889,0.0,-794.2390299157094,256.7011331470575
2341.0,148.56098675832868,13.88888888888889,17.88854381999832,13.88888888888889,13.88888888888889,13.88888888888889,0.0,-794.5923697963642,255.7656384074112
2342.0,148.63298675832868,13.88888888888889,17.88854381999832,13.88888888888889,13.88888888888889,13.88888888888889,0.0,-794.9433698384196,254.82926324240293
2343.0,148.7049867583287,13.88888888888889,17.88854381999832,13.88888888888889,13.88888888888889,13.88888888888889,0.0,-795.2920278481262,253.89201350437486
2344.0,148.7769867583287,13.88888888888889,17.88854381999832,13.88888888888889,13.88888888888889,13.88888888888889,0.0,-795.638341646373,252.95389505113394
2345.0,148.8489867583287,13.88888888888889,17.88854381999832,13.88888888888889,13.88888888888889,13.88888888888889,0.0,-795.9823090686994,252.0149137459183
2346.0,148.9209867583287,13.88888888888889,17.88854381999832,13.88888888888889,13.88888888888889,13.88888888888889,0.0,-796.3239279653105,251.07507545735734
2347.0,148.9929867583287,13.88888888888889,17.88854381999832,13.88888888888889,13.88888888888889,13.88888888888889,0.0,-796.663196201089,250.13438605943787
2348.0,149.0649867583287,13.88888888888889,17.88854381999832,13.88888888888889,13.88888888888889,13.88888888888889,0.0,-797.0001116556102,249.19285143146504
2349.0,149.1369867583287,13.88888888888889,17.88854381999832,13.88888888888889,13.88888888888889,13.88888888888889,0.0,-797.3346722231529,248.25047745802738
2350.0,149.2089867583287,13.88888888888889,17.88854381999832,13.88888888888889,13.88888888888889,13.88888888888889,0.0,-797.6668758127147,247.3072700289597
2351.0,149.2809867583287,13.88888888888889,17.88854381999832,13.88888888888889,13.88888888888889,13.88888888888889,0.0,-797.9967203480246,246.3632350393048
2352.0,149.3529867583287,13.88888888888889,17.88854381999832,13.88888888888889,13.88888888888889,13.88888888888889,0.0,-798.324203767555,245.41837838927808
2353.0,149.4249867583287,13.88888888888889,17.88854381999832,13.88888888888889,13.88888888888889,13.88888888888889,0.0,-798.649324024536,244.4727059842309
2354.0,149.49698675832872,13.88888888888889,17.88854381999832,13.88888888888889,13.88888888888889,13.88888888888889,0.0,-798.9720790869666,243.52622373461298
2355.0,149.56898675832872,13.88888888888889,17.88854381999832,13.88888888888889,13.88888888888889,13.88888888888889,0.0,-799.292466937629,242.57893755593466
2356.0,149.64098675832872,13.88888888888889,17.88854381999832,13.88888888888889,13.88888888888889,13.88888888888889,0.0,-799.6104855741,241.63085336873178
2357.0,149.71298675832873,13.88888888888889,17.88854381999832,13.88888888888889,13.88888888888889,13.88888888888889,0.0,-799.9261330087643,240.68197709852774
2358.0,149.78498675832873,13.88888888888889,17.88854381999832,13.88888888888889,13.88888888888889,13.88888888888889,0.0,-800.2394072688263,239.73231467579592
2359.0,149.85698675832873,13.88888888888889,17.88854381999832,13.88888888888889,13.88888888888889,13.88888888888889,0.0,-800.5503063963232,238.7818720359229
2360.0,149.92898675832873,13.88888888888889,17.88854381999832,13.88888888888889,13.88888888888889,13.88888888888889,0.0,-800.8588284481361,237.83065511917243
2361.0,150.00098675832874,13.88888888888889,17.88854381999832,13.88888888888889,13.88888888888889,13.88888888888889,0.0,-801.1649714960033,236.87866987064757
2362.0,150.07298675832874,13.88888888888889,17.88854381999832,13.88888888888889,13.88888888888889,13.88888888888889,0.0,-801.468733626532,235.92592224025236
2363.0,150.14498675832874,13.88888888888889,17.88854381999832,13.88888888888889,13.88888888888889,13.88888888888889,0.0,-801.7701129412095,234.9724181826569
2364.0,150.21698675832874,13.88888888888889,17.88854381999832,13.88888888888889,13.88888888888889,13.88888888888889,0.0,-802.0691075564164,234.01816365725796
2365.0,150.28898675832875,13.88888888888889,17.88854381999832,13.88888888888889,13.88888888888889,13.88888888888889,0.0,-802.3657156034369,233.0631646281438
2366.0,150.36098675832875,13.88888888888889,17.88854381999832,13.88888888888889,13.88888888888889,13.88888888888889,0.0,-802.659935228472,232.1074270640545
2367.0,150.43298675832875,13.88888888888889,17.88854381999832,13.88888888888889,13.88888888888889,13.88888888888889,0.0,-802.9517645926501,231.15095693834718
2368.0,150.50498675832876,13.88888888888889,17.88854381999832,13.88888888888889,13.88888888888889,13.88888888888889,0.0,-803.2412018720381,230.19376022895733
2369.0,150.57698675832876,13.88888888888889,17.88854381999832,13.88888888888889,13.88888888888889,13.88888888888889,0.0,-803.5282452576546,229.23584291836056
2370.0,150.64898675832876,13.88888888888889,17.88854381999832,13.88888888888889,13.88888888888889,13.88888888888889,0.0,-803.812892955479,228.27721099353766
2371.0,150.72098675832876,13.88888888888889,17.88854381999832,13.88888888888889,13.88888888888889,13.88888888888889,0.0,-804.0951431864643,227.31787044593437
2372.0,150.79298675832877,13.88888888888889,17.88854381999832,13.88888888888889,13.88888888888889,13.88888888888889,0.0,-804.3749941865472,226.35782727142657
2373.0,150.86498675832877,13.88888888888889,17.88854381999832,13.88888888888889,13.88888888888889,13.88888888888889,0.0,-804.65244420666,225.39708747028038
2374.0,150.93698675832877,13.88888888888889,17.88854381999832,13.88888888888889,13.88888888888889,13.88888888888889,0.0,-804.9274915127411,224.4356570471167
2375.0,151.00898675832877,13.88888888888889,17.88854381999832,13.88888888888889,13.88888888888889,13.88888888888889,0.0,-805.2001343857455,223.47354201087296
2376.0,151.08098675832878,13.88888888888889,17.88854381999832,13.88888888888889,13.88888888888889,13.88888888888889,0.0,-805.4703711216563,222.51074837476466
2377.0,151.15298675832878,13.88888888888889,17.88854381999832,13.88888888888889,13.88888888888889,13.88888888888889,0.0,-805.7382000314949,221.5472821562485
2378.0,151.22498675832878,13.88888888888889,17.88854381999832,13.88888888888889,13.88888888888889,13.88888888888889,0.0,-806.0036194413312,220.58314937698566
2379.0,151.29698675832879,13.88888888888889,17.88854381999832,13.88888888888889,13.88888888888889,13.88888888888889,0.0,-806.2666276922948,219.618356062803
2380.0,151.3689867583288,13.88888888888889,17.88854381999832,13.88888888888889,13.88888888888889,13.88888888888889,0.0,-806.5272231405853,218.65290824365513
2381.0,151.4409867583288,13.88888888888889,17.88854381999832,13.88888888888889,13.88888888888889,13.88888888888889,0.0,-806.7854041574816,217.68681195358806
2382.0,151.5129867583288,13.88888888888889,17.88854381999832,13.88888888888889,13.88888888888889,13.88888888888889,0.0,-807.0411691293534,216.72007323070073
2383.0,151.5849867583288,13.88888888888889,17.88854381999832,13.88888888888889,13.88888888888889,13.88888888888889,0.0,-807.2945164576704,215.75269811710672
2384.0,151.6569867583288,13.88888888888889,17.88854381999832,13.88888888888889,13.88888888888889,13.88888888888889,0.0,-807.5454445590126,214.78469265889697
2385.0,151.7289867583288,13.88888888888889,17.88854381999832,13.88888888888889,13.88888888888889,13.88888888888889,0.0,-807.7939518650803,213.8160629061028
2386.0,151.8009867583288,13.88888888888889,17.88854381999832,13.88888888888889,13.88888888888889,13.88888888888889,0.0,-808.0400368227033,212.84681491265735
2387.0,151.8729867583288,13.88888888888889,17.88854381999832,13.88888888888889,13.88888888888889,13.88888888888889,0.0,-808.2836978938519,211.87695473635677
2388.0,151.9449867583288,13.88888888888889,17.88854381999832,13.88888888888889,13.88888888888889,13.88888888888889,0.0,-808.524933555645,210.90648843882468
2389.0,152.0169867583288,13.88888888888889,17.88854381999832,13.88888888888889,13.88888888888889,13.88888888888889,0.0,-808.7637423003605,209.9354220854716
2390.0,152.08898675832882,13.88888888888889,17.88854381999832,13.88888888888889,13.88888888888889,13.88888888888889,0.0,-809.0001226354443,208.9637617454597
2391.0,152.16098675832882,13.88888888888889,17.88854381999832,13.88888888888889,13.88888888888889,13.88888888888889,0.0,-809.2340730835206,207.99151349166232
2392.0,152.23298675832882,13.88888888888889,17.88854381999832,13.88888888888889,13.88888888888889,13.88888888888889,0.0,-809.4655921823993,207.01868340062822
2393.0,152.30498675832882,13.88888888888889,17.88854381999832,13.88888888888889,13.88888888888889,13.88888888888889,0.0,-809.694678485087,206.0452775525426
2394.0,152.37698675832883,13.88888888888889,17.88854381999832,13.88888888888889,13.88888888888889,13.88888888888889,0.0,-809.9213305597951,205.07130203118817
2395.0,152.44898675832883,13.88888888888889,17.88854381999832,13.88888888888889,13.88888888888889,13.88888888888889,0.0,-810.1455469899488,204.09676292390952
2396.0,152.52098675832883,13.88888888888889,17.88854381999832,13.88888888888889,13.88888888888889,13.88888888888889,0.0,-810.3673263741963,203.12166632157215
2397.0,152.59298675832883,13.88888888888889,17.88854381999832,13.88888888888889,13.88888888888889,13.88888888888889,0.0,-810.586667326417,202.14601831852735
2398.0,152.66498675832884,13.88888888888889,17.88854381999832,13.88888888888889,13.88888888888889,13.88888888888889,0.0,-810.8035684757308,201.16982501257127
2399.0,152.73698675832884,13.88888888888889,17.88854381999832,13.88888888888889,13.88888888888889,13.88888888888889,0.0,-811.0180284665059,200.1930925049092
2400.0,152.80898675832884,13.88888888888889,17.88854381999832,13.88888888888889,13.88888888888889,13.88888888888889,0.9999999999999858,-811.2300459583685,199.21582690011655
2401.0,152.88080109556367,13.96070322612372,inf,25.0,25.0,25.0,1.0,-811.4408417577993,198.23829678245147
2402.0,152.95224790312693,14.03215003368697,inf,25.0,25.0,25.0,1.0,-811.6516375572301,197.26076666478636
2403.0,153.02333276672155,14.103234897281588,inf,25.0,25.0,25.0,1.0,-811.8624333566609,196.28323654712125
2404.0,153.09406113198236,14.173963262542387,inf,25.0,25.0,25.0,0.9999999999999858,-812.0732291560915,195.30570642945617
2405.0,153.16443830934455,14.244340439904587,inf,25.0,25.0,25.0,1.0000000000000142,-812.2840249555223,194.32817631179108
2406.0,153.2344694786969,14.314371609256943,inf,25.0,25.0,25.0,1.0000000000000142,-812.4948207549531,193.35064619412597
2407.0,153.3041596938309,14.384061824390955,inf,25.0,25.0,25.0,1.0,-812.7056165543839,192.37311607646086
2408.0,153.37351388669697,14.453416017257002,inf,25.0,25.0,25.0,1.0000000000000142,-812.9164123538147,191.39558595879578
2409.0,153.4425368714775,14.522439002037546,inf,25.0,25.0,25.0,1.0000000000000142,-813.1272081532455,190.4180558411307
2410.0,153.51123334848685,14.591135479046903,inf,25.0,25.0,25.0,1.0,-813.3380039526762,189.44052572346558
2411.0,153.5796079079065,14.659510038466541,inf,25.0,25.0,25.0,1.0000000000000142,-813.548799752107,188.46299560580047
2412.0,153.64766503336426,14.727567163924302,inf,25.0,25.0,25.0,1.0,-813.7595955515378,187.4854654881354
2413.0,153.71540910536538,14.795311235925432,inf,25.0,25.0,25.0,1.0,-813.9703913509686,186.5079353704703
2414.0,153.78284440458282,14.862746535142868,inf,25.0,25.0,25.0,1.0,-814.1811871503994,185.5304052528052
2415.0,153.8499751150137,14.929877245573767,inf,25.0,25.0,25.0,1.0000000000000142,-814.3919829498302,184.55287513514008
2416.0,153.9168053270088,14.996707457568856,inf,25.0,25.0,25.0,0.9999999999999858,-814.6027787492609,183.575345017475
2417.0,153.98333904018077,15.063241170740822,inf,25.0,25.0,25.0,1.0,-814.8135745486917,182.59781489980992
2418.0,154.04958016619753,15.12948229675759,inf,25.0,25.0,25.0,1.0000000000000142,-815.0243703481225,181.6202847821448
2419.0,154.11553253146593,15.195434662026004,inf,25.0,25.0,25.0,0.9999999999999858,-815.2351661475533,180.6427546644797
2420.0,154.18119987971104,15.261102010271124,inf,25.0,25.0,25.0,1.0,-815.4459619469841,179.6652245468146
2421.0,154.24658587445597,15.326488005016065,inf,25.0,25.0,25.0,0.9999999999999858,-815.6567577464149,178.68769442914953
2422.0,154.3116941014069,15.391596231967018,inf,25.0,25.0,25.0,1.0,-815.8675535458456,177.71016431148442
2423.0,154.37652807074775,15.456430201307846,inf,25.0,25.0,25.0,1.0000000000000142,-816.0783493452764,176.7326341938193
2424.0,154.44109121934832,15.520993349908418,inf,25.0,25.0,25.0,1.0000000000000142,-816.2891451447072,175.75510407615423
2425.0,154.50538691289051,15.5852890434506,inf,25.0,25.0,25.0,1.0,-816.499940944138,174.77757395848914
2426.0,154.56941844791555,15.649320578475647,inf,25.0,25.0,25.0,1.0,-816.7107367435688,173.80004384082403
2427.0,154.6331890537964,15.71309118435648,inf,25.0,25.0,25.0,0.9999999999999858,-816.9215325429996,172.82251372315892
2428.0,154.69670189463815,15.77660402519824,inf,25.0,25.0,25.0,1.0000000000000142,-817.1323283424302,171.84498360549384
2429.0,154.75996007111016,15.839862201670233,inf,25.0,25.0,25.0,1.0,-817.343124141861,170.86745348782875
2430.0,154.82296662221222,15.902868752772292,inf,25.0,25.0,25.0,1.0000000000000142,-817.5539199412918,169.88992337016364
2431.0,154.88572452697835,15.965626657538419,inf,25.0,25.0,25.0,1.0000000000000284,-817.7647157407226,168.91239325249853
2432.0,154.9482367061203,16.028138836680366,inf,25.0,25.0,25.0,1.0000000000000284,-817.9755115401534,167.93486313483345
2433.0,155.0105060236137,16.090408154173762,inf,25.0,25.0,25.0,0.9999999999999716,-818.1863073395842,166.95733301716837
2434.0,155.07253528822912,16.152437418789198,inf,25.0,25.0,25.0,1.0,-818.397103139015,165.97980289950326
2435.0,155.13432725501053,16.214229385570608,inf,25.0,25.0,25.0,1.0,-818.6078989384457,165.00227278183814
2436.0,155.19588462670305,16.275786757263116,inf,25.0,25.0,25.0,1.0000000000000284,-818.8186947378765,164.02474266417306
2437.0,155.2572100551324,16.337112185692472,inf,25.0,25.0,25.0,1.0000000000000284,-819.0294905373073,163.04721254650798
2438.0,155.31830614253798,16.398208273098057,inf,25.0,25.0,25.0,0.9999999999999716,-819.2402863367381,162.06968242884287
2439.0,155.37917544286128,16.459077573421347,inf,25.0,25.0,25.0,1.0,-819.4510821361689,161.09215231117776
2440.0,155.4398204629916,16.51972259355167,inf,25.0,25.0,25.0,1.0,-819.6618779355997,160.11462219351267
2441.0,155.50024366397085,16.580145794530925,inf,25.0,25.0,25.0,1.0000000000000284,-819.8726737350304,159.1370920758476
2442.0,155.56044746215886,16.640349592718945,inf,25.0,25.0,25.0,1.0000000000000284,-820.0834695344612,158.15956195818248
2443.0,155.62043423036096,16.700336360921046,inf,25.0,25.0,25.0,1.0,-820.294265333892,157.18203184051737
2444.0,155.68020629891916,16.760108429479256,inf,25.0,25.0,25.0,1.0,-820.5050611333228,156.20450172285229
2445.0,155.73976595676854,16.819668087328644,inf,25.0,25.0,25.0,1.0,-820.7158569327536,155.2269716051872
2446.0,155.79911545246,16.879017583020097,inf,25.0,25.0,25.0,1.0,-820.9266527321844,154.2494414875221
2447.0,155.85825699515075,16.938159125710847,inf,25.0,25.0,25.0,1.0000000000000284,-821.1374485316151,153.27191136985698
2448.0,155.9171927555639,16.99709488612397,inf,25.0,25.0,25.0,1.0000000000000284,-821.3482443310459,152.2943812521919
2449.0,155.97592486691798,17.055826997478068,inf,25.0,25.0,25.0,1.0,-821.5590401304767,151.31685113452681
2450.0,156.0344554258281,17.114357556388196,inf,25.0,25.0,25.0,0.9999999999999716,-821.7698359299075,150.3393210168617
2451.0,156.0927864931791,17.172688623739198,inf,25.0,25.0,25.0,1.0,-821.9806317293383,149.3617908991966
2452.0,156.1509200949723,17.23082222553241,inf,25.0,25.0,25.0,1.0000000000000284,-822.191427528769,148.3842607815315
2453.0,156.20885822314662,17.28876035370673,inf,25.0,25.0,25.0,1.0000000000000284,-822.4022233281997,147.40673066386643
2454.0,156.26660283637491,17.346504966935033,inf,25.0,25.0,25.0,0.9999999999999716,-822.6130191276305,146.42920054620132
2455.0,156.32415586083664,17.40405799139677,inf,25.0,25.0,25.0,1.0,-822.8238149270613,145.4516704285362
2456.0,156.38151919096757,17.461421321527688,inf,25.0,25.0,25.0,1.0,-823.0346107264921,144.47414031087112
2457.0,156.4386946901873,17.518596820747423,inf,25.0,25.0,25.0,1.0,-823.2454065259229,143.49661019320604
2458.0,156.49568419160568,17.575586322165805,inf,25.0,25.0,25.0,1.0000000000000284,-823.4562023253537,142.51908007554093
2459.0,156.55248949870847,17.63239162926861,inf,25.0,25.0,25.0,0.9999999999999716,-823.6669981247844,141.54154995787582
2460.0,156.60911238602336,17.689014516583498,inf,25.0,25.0,25.0,1.0000000000000284,-823.8777939242152,140.56401984021073
2461.0,156.6655545997667,17.74545673032683,inf,25.0,25.0,25.0,1.0,-824.088589723646,139.58648972254565
2462.0,156.72181785847187,17.80171998903201,inf,25.0,25.0,25.0,1.0,-824.2993855230768,138.60895960488054
2463.0,156.7779038535999,17.85780598416003,inf,25.0,25.0,25.0,1.0000000000000284,-824.5101813225076,137.63142948721543
2464.0,156.83381425013266,17.913716380692808,inf,25.0,25.0,25.0,1.0000000000000284,-824.7209771219384,136.65389936955034
2465.0,156.88955068714975,17.96945281770989,inf,25.0,25.0,25.0,1.0000000000000284,-824.9317729213692,135.67636925188526
2466.0,156.94511477838898,18.025016908949127,inf,25.0,25.0,25.0,1.0,-825.1425687207999,134.69883913422015
2467.0,157.0005081127917,18.080410243351835,inf,25.0,25.0,25.0,1.0,-825.3533645202307,133.72130901655504
2468.0,157.05573225503284,18.135634385592965,inf,25.0,25.0,25.0,1.0,-825.5641603196615,132.74377889888996
2469.0,157.11078874603666,18.190690876596797,inf,25.0,25.0,25.0,0.9999999999999716,-825.7749561190923,131.76624878122487
2470.0,157.16567910347848,18.24558123403861,inf,25.0,25.0,25.0,1.0,-825.9857519185231,130.78871866355976
2471.0,157.2204048222727,18.300306952832837,inf,25.0,25.0,25.0,1.0,-826.1965477179539,129.81118854589465
2472.0,157.27496737504796,18.354869505608093,inf,25.0,25.0,25.0,1.0,-826.4073435173846,128.83365842822957
2473.0,157.3293682126094,18.40927034316955,inf,25.0,25.0,25.0,0.9999999999999716,-826.6181393168154,127.85612831056447
2474.0,157.3836087643889,18.46351089494904,inf,25.0,25.0,25.0,0.9999999999999716,-826.8289351162462,126.87859819289937
2475.0,157.43769043888315,18.517592569443302,inf,25.0,25.0,25.0,0.9999999999999716,-827.039730915677,125.90106807523428
2476.0,157.4916146240806,18.57151675464074,inf,25.0,25.0,25.0,1.0,-827.2505267151078,124.92353795756918
2477.0,157.5453826878769,18.625284818437052,inf,25.0,25.0,25.0,1.0,-827.4613225145386,123.94600783990408
2478.0,157.59899597847993,18.678898109040098,inf,25.0,25.0,25.0,1.0000000000000284,-827.6721183139692,122.96847772223899
2479.0,157.65245582480418,18.732357955364343,inf,25.0,25.0,25.0,0.9999999999999716,-827.8829141134,121.99094760457389
2480.0,157.70576353685502,18.785665667415188,inf,25.0,25.0,25.0,1.0000000000000284,-828.0937099128308,121.01341748690879
2481.0,157.75892040610336,18.838822536663532,inf,25.0,25.0,25.0,1.0000000000000284,-828.3045057122616,120.0358873692437
2482.0,157.81192770585065,18.891829836410814,inf,25.0,25.0,25.0,1.0,-828.5153015116924,119.0583572515786
2483.0,157.86478669158473,18.944688822144897,inf,25.0,25.0,25.0,1.0,-828.7260973111232,118.0808271339135
2484.0,157.91749860132686,18.99740073188703,inf,25.0,25.0,25.0,1.0,-828.9368931105539,117.1032970162484
2485.0,157.97006465596996,19.04996678653015,inf,25.0,25.0,25.0,0.9999999999999716,-829.1476889099847,116.12576689858331
2486.0,158.02248605960864,19.102388190168835,inf,25.0,25.0,25.0,0.9999999999999716,-829.3584847094155,115.14823678091821
2487.0,158.07476399986092,19.154666130421113,inf,25.0,25.0,25.0,1.0000000000000284,-829.5692805088463,114.17070666325311
2488.0,158.1268996481822,19.20680177874239,inf,25.0,25.0,25.0,0.9999999999999716,-829.7800763082771,113.19317654558802
2489.0,158.17889416017152,19.258796290731716,inf,25.0,25.0,25.0,1.0,-829.9908721077079,112.21564642792292
2490.0,158.23074867587047,19.310650806430676,inf,25.0,25.0,25.0,1.0,-830.2016679071386,111.23811631025782
2491.0,158.2824643200548,19.36236645061501,inf,25.0,25.0,25.0,1.0,-830.4124637065694,110.26058619259273
2492.0,158.33404220251907,19.413944333079296,inf,25.0,25.0,25.0,0.9999999999999716,-830.6232595060002,109.28305607492763
2493.0,158.3854834183546,19.465385548914814,inf,25.0,25.0,25.0,1.0,-830.834055305431,108.30552595726253
2494.0,158.43678904822062,19.516691178780835,inf,25.0,25.0,25.0,1.0000000000000284,-831.0448511048618,107.32799583959743
2495.0,158.48796015860927,19.567862289169497,inf,25.0,25.0,25.0,1.0000000000000284,-831.2556469042926,106.35046572193234
2496.0,158.53899780210423,19.618899932664466,inf,25.0,25.0,25.0,1.0,-831.4664427037233,105.37293560426724
2497.0,158.58990301763333,19.669805148193557,inf,25.0,25.0,25.0,0.9999999999999716,-831.6772385031541,104.39540548660214
2498.0,158.64067683071528,19.720578961275496,inf,25.0,25.0,25.0,1.0,-831.8880343025849,103.41787536893705
2499.0,158.69132025370075,19.771222384260962,inf,25.0,25.0,25.0,1.0,-832.0988301020157,102.44034525127195
2500.0,158.74183428600787,19.821736416568093,inf,25.0,25.0,25.0,1.0000000000000284,-832.3096259014465,101.46281513360685
2501.0,158.7922199143524,19.87212204491261,inf,25.0,25.0,25.0,1.0,-832.5204217008773,100.48528501594176
2502.0,158.84247811297246,19.922380243532693,inf,25.0,25.0,25.0,1.0,-832.731217500308,99.50775489827666
2503.0,158.89260984384853,19.97251197440877,inf,25.0,25.0,25.0,1.0,-832.9420132997387,98.53022478061156
2504.0,158.94261605691813,20.02251818747836,inf,25.0,25.0,25.0,0.9999999999999716,-833.1528090991695,97.55269466294646
2505.0,158.99249769028586,20.07239982084608,inf,25.0,25.0,25.0,1.0000000000000284,-833.3636048986003,96.57516454528137
2506.0,159.04225567042877,20.122157800988983,inf,25.0,25.0,25.0,0.9999999999999716,-833.5744006980311,95.59763442761627
2507.0,159.09189091239713,20.17179304295733,inf,25.0,25.0,25.0,1.0,-833.7851964974619,94.62010430995117
2508.0,159.14140432001074,20.221306450570935,inf,25.0,25.0,25.0,1.0,-833.9959922968927,93.64257419228608
2509.0,159.19079678605098,20.27069891661118,inf,25.0,25.0,25.0,1.0000000000000284,-834.2067880963234,92.66504407462098
2510.0,159.24006919244863,20.319971323008843,inf,25.0,25.0,25.0,1.0,-834.4175838957542,91.68751395695588
2511.0,159.2892224104676,20.36912454102782,inf,25.0,25.0,25.0,1.0000000000000284,-834.628379695185,90.70998383929079
2512.0,159.33825730088466,20.418159431444888,inf,25.0,25.0,25.0,1.0,-834.8391754946158,89.73245372162569
2513.0,159.38717471416535,20.467076844725575,inf,25.0,25.0,25.0,1.0,-835.0499712940466,88.75492360396059
2514.0,159.43597549063605,20.515877621196267,inf,25.0,25.0,25.0,1.0,-835.2607670934774,87.7773934862955
2515.0,159.4846604606524,20.564562591212628,inf,25.0,25.0,25.0,1.0,-835.4715628929081,86.7998633686304
2516.0,159.53323044476423,20.613132575324446,inf,25.0,25.0,25.0,0.9999999999999716,-835.6823586923389,85.8223332509653
2517.0,159.58168625387677,20.661588384436996,inf,25.0,25.0,25.0,1.0000000000000284,-835.8931544917697,84.8448031333002
2518.0,159.63002868940876,20.709930819969,inf,25.0,25.0,25.0,1.0000000000000284,-836.1039502912005,83.8672730156351
2519.0,159.67825854344701,20.758160674007268,inf,25.0,25.0,25.0,1.0,-836.3147460906313,82.88974289797001
2520.0,159.72637659889787,20.806278729458132,inf,25.0,25.0,25.0,1.0000000000000284,-836.5255418900621,81.91221278030491
2521.0,159.77438362963545,20.85428576019572,inf,25.0,25.0,25.0,0.9999999999999716,-836.7363376894928,80.93468266263982
2522.0,159.8222804006469,20.902182531207163,inf,25.0,25.0,25.0,1.0000000000000284,-836.9471334889236,79.95715254497472
2523.0,159.87006766817456,20.94996979873484,inf,25.0,25.0,25.0,0.9999999999999716,-837.1579292883544,78.97962242730962
2524.0,159.91774617985538,20.997648310415666,inf,25.0,25.0,25.0,1.0,-837.3687250877852,78.00209230964452
2525.0,159.9653166748573,21.045218805417583,inf,25.0,25.0,25.0,0.9999999999999716,-837.579520887216,77.02456219197943
2526.0,160.01277988401296,21.09268201457325,inf,25.0,25.0,25.0,0.9999999999999716,-837.7903166866467,76.04703207431433
2527.0,160.06013652995077,21.14003866051105,inf,25.0,25.0,25.0,0.9999999999999716,-838.0011124860774,75.06950195664923
2528.0,160.10738732722317,21.18728945778345,inf,25.0,25.0,25.0,1.0000000000000284,-838.2119082855082,74.09197183898414
2529.0,160.15453298243253,21.234435112992806,inf,25.0,25.0,25.0,1.0000000000000284,-838.422704084939,73.11444172131904
2530.0,160.20157419435435,21.281476324914628,inf,25.0,25.0,25.0,0.9999999999999716,-838.6334998843698,72.13691160365394
2531.0,160.24851165405815,21.328413784618437,inf,25.0,25.0,25.0,1.0000000000000284,-838.8442956838006,71.15938148598883
2532.0,160.29534604502592,21.375248175586215,inf,25.0,25.0,25.0,1.0,-839.0550914832314,70.18185136832375
2533.0,160.34207804326823,21.421980173828512,inf,25.0,25.0,25.0,1.0,-839.2658872826621,69.20432125065867
2534.0,160.38870831743802,21.4686104479983,inf,25.0,25.0,25.0,1.0000000000000284,-839.4766830820929,68.22679113299355
2535.0,160.4352375289423,21.515139659502605,inf,25.0,25.0,25.0,0.9999999999999716,-839.6874788815237,67.24926101532844
2536.0,160.48166633205165,21.56156846261194,inf,25.0,25.0,25.0,0.9999999999999716,-839.8982746809545,66.27173089766336
2537.0,160.5279953740074,21.60789750456767,inf,25.0,25.0,25.0,1.0,-840.1090704803853,65.29420077999828
2538.0,160.57422529512698,21.654127425687275,inf,25.0,25.0,25.0,0.9999999999999716,-840.3198662798161,64.31667066233317
2539.0,160.6203567289073,21.700258859467592,inf,25.0,25.0,25.0,0.9999999999999716,-840.5306620792469,63.339140544668055
2540.0,160.66639030212582,21.746292432686122,inf,25.0,25.0,25.0,1.0000000000000284,-840.7414578786776,62.36161042700297
2541.0,160.71232663494007,21.79222876550037,inf,25.0,25.0,25.0,1.0,-840.9522536781084,61.38408030933789
2542.0,160.758166340985,21.83806847154532,inf,25.0,25.0,25.0,1.0,-841.1630494775392,60.40655019167278
2543.0,160.8039100274688,21.883812158029087,inf,25.0,25.0,25.0,1.0,-841.37384527697,59.42902007400767
2544.0,160.84955829526646,21.929460425826754,inf,25.0,25.0,25.0,1.0,-841.5846410764008,58.451489956342584
2545.0,160.89511173901215,21.975013869572454,inf,25.0,25.0,25.0,0.9999999999999716,-841.7954368758316,57.4739598386775
2546.0,160.94057094718946,22.020473077749752,inf,25.0,25.0,25.0,1.0000000000000284,-842.0062326752623,56.49642972101239
2547.0,160.98593650222006,22.06583863278035,inf,25.0,25.0,25.0,0.9999999999999716,-842.217028474693,55.51889960334728
2548.0,161.03120898055084,22.11111111111112,inf,25.0,25.0,25.0,1.0,-842.4278242741239,54.541369485682196
2549.0,161.07638895273934,22.156291083299607,inf,25.0,25.0,25.0,1.0,-842.6386200735546,53.56383936801711
2550.0,161.1214769835376,22.201379114097882,inf,25.0,25.0,25.0,1.0,-842.8494158729854,52.586309250352
2551.0,161.16647363197467,22.24637576253493,inf,25.0,25.0,25.0,1.0000000000000284,-843.0602116724162,51.60877913268689
2552.0,161.21137945143724,22.291281581997517,inf,25.0,25.0,25.0,0.9999999999999716,-843.2710074718469,50.63124901502181
2553.0,161.2561949897493,22.336097120309574,inf,25.0,25.0,25.0,1.0000000000000284,-843.4818032712777,49.653718897356725
2554.0,161.30092078924994,22.380822919810203,inf,25.0,25.0,25.0,1.0000000000000284,-843.6925990707085,48.676188779691614
2555.0,161.34555738686996,22.425459517430223,inf,25.0,25.0,25.0,1.0,-843.9033948701393,47.6986586620265
2556.0,161.39010531420712,22.470007444767386,inf,25.0,25.0,25.0,0.9999999999999716,-844.1141906695701,46.72112854436142
2557.0,161.43456509759997,22.514467228160246,inf,25.0,25.0,25.0,0.9999999999999716,-844.3249864690009,45.74359842669634
2558.0,161.47893725820043,22.55883938876071,inf,25.0,25.0,25.0,0.9999999999999716,-844.5357822684316,44.766068309031226
2559.0,161.52322231204502,22.60312444260531,inf,25.0,25.0,25.0,1.0,-844.7465780678624,43.788538191366115
2560.0,161.56742077012495,22.64732290068523,inf,25.0,25.0,25.0,1.0000000000000568,-844.9573738672932,42.81100807370103
2561.0,161.6115331384548,22.691435269015084,inf,25.0,25.0,25.0,1.0,-845.168169666724,41.83347795603595
2562.0,161.65555991814023,22.735462048700523,inf,25.0,25.0,25.0,1.0,-845.3789654661548,40.85594783837084
2563.0,161.69950160544434,22.77940373600463,inf,25.0,25.0,25.0,1.0,-845.5897612655856,39.87841772070573
2564.0,161.74335869185293,22.82326082241321,inf,25.0,25.0,25.0,0.9999999999999432,-845.8005570650164,38.900887603040644
2565.0,161.78713166413863,22.8670337946989,inf,25.0,25.0,25.0,1.0,-846.0113528644471,37.92335748537556
2566.0,161.83082100442397,22.91072313498423,inf,25.0,25.0,25.0,1.0,-846.2221486638779,36.94582736771045
2567.0,161.8744271902433,22.954329320803552,inf,25.0,25.0,25.0,1.0,-846.4329444633087,35.96829725004534
2568.0,161.9179506946037,22.997852825163953,inf,25.0,25.0,25.0,1.0000000000000568,-846.6437402627395,34.990767132380256
2569.0,161.96139198604484,23.04129411660512,inf,25.0,25.0,25.0,1.0,-846.8545360621703,34.01323701471517
2570.0,162.0047515286979,23.084653659258173,inf,25.0,25.0,25.0,1.0,-847.065331861601,33.03570689705006
2571.0,162.04802978234326,23.127931912903534,inf,25.0,25.0,25.0,0.9999999999999432,-847.2761276610318,32.05817677938495
2572.0,162.09122720246754,23.171129333027807,inf,25.0,25.0,25.0,1.0,-847.4869234604625,31.080646661719868
2573.0,162.13434424031945,23.214246370879707,inf,25.0,25.0,25.0,1.0,-847.6977192598933,30.103116544054785
2574.0,162.1773813429648,23.257283473525053,inf,25.0,25.0,25.0,1.0,-847.9085150593241,29.125586426389674
2575.0,162.2203389533406,23.30024108390086,inf,25.0,25.0,25.0,1.0,-848.119310858755,28.148056308724563
2576.0,162.26321751030824,23.34311964086852,inf,25.0,25.0,25.0,1.0,-848.3301066581857,27.17052619105948
2577.0,162.30601744870583,23.3859195792661,inf,25.0,25.0,25.0,1.0,-848.5409024576164,26.192996073394397
2578.0,162.34873919939955,23.428641329959824,inf,25.0,25.0,25.0,1.0,-848.7516982570472,25.215465955729286
2579.0,162.39138318933436,23.47128531989464,inf,25.0,25.0,25.0,1.0,-848.962494056478,24.237935838064175
2580.0,162.43394984158374,23.51385197214403,inf,25.0,25.0,25.0,1.0000000000000568,-849.1732898559088,23.260405720399092
2581.0,162.47643957539867,23.556341705958964,inf,25.0,25.0,25.0,1.0,-849.3840856553396,22.28287560273401
2582.0,162.5188528062558,23.59875493681609,inf,25.0,25.0,25.0,1.0,-849.5948814547704,21.305345485068898
2583.0,162.56118994590483,23.641092076465117,inf,25.0,25.0,25.0,1.0,-849.8056772542011,20.327815367403787
2584.0,162.60345140241517,23.68335353297547,inf,25.0,25.0,25.0,1.0000000000000568,-850.0164730536319,19.350285249738704
2585.0,162.6456375802219,23.725539710782172,inf,25.0,25.0,25.0,1.0,-850.2272688530627,18.37275513207362
2586.0,162.68774888017072,23.76765101073099,inf,25.0,25.0,25.0,1.0,-850.4380646524935,17.39522501440851
2587.0,162.7297856995626,23.809687830122886,inf,25.0,25.0,25.0,1.0,-850.6488604519243,16.4176948967434
2588.0,162.77174843219746,23.851650562757744,inf,25.0,25.0,25.0,1.0,-850.8596562513551,15.440164779078316
2589.0,162.8136374684171,23.893539598977416,inf,25.0,25.0,25.0,1.0,-851.0704520507858,14.462634661413233
2590.0,162.85545319514776,23.935355325708073,inf,25.0,25.0,25.0,1.0,-851.2812478502166,13.485104543748122
2591.0,162.89719599594162,23.977098126501918,inf,25.0,25.0,25.0,0.9999999999999432,-851.4920436496474,12.50757442608301
2592.0,162.9388662510179,24.018768381578223,inf,25.0,25.0,25.0,1.0,-851.7028394490782,11.530044308417928
2593.0,162.98046433730343,24.060366467863737,inf,25.0,25.0,25.0,0.9999999999999432,-851.913635248509,10.552514190752845
2594.0,163.02199062847217,24.101892759032467,inf,25.0,25.0,25.0,0.9999999999999432,-852.1244310479398,9.574984073087734
2595.0,163.06344549498453,24.143347625544838,inf,25.0,25.0,25.0,1.0,-852.3352268473704,8.597453955422623
2596.0,163.10482930412596,24.184731434686256,inf,25.0,25.0,25.0,1.0,-852.5460226468012,7.61992383775754
2597.0,163.14614242004478,24.226044550605067,inf,25.0,25.0,25.0,0.9999999999999432,-852.756818446232,6.642393720092457
2598.0,163.18738520378966,24.26728733434995,inf,25.0,25.0,25.0,1.0,-852.9676142456628,5.664863602427346
2599.0,163.22855801334643,24.308460143906718,inf,25.0,25.0,25.0,1.0000000000000568,-853.1784100450936,4.6873334847622345
2600.0,163.2696612036743,24.34956333423459,inf,25.0,25.0,25.0,1.0,-853.3892058445244,3.7098033670971517
2601.0,163.3106951267416,24.39059725730187,inf,25.0,25.0,25.0,1.0,-853.6000016439552,2.732273249432069
2602.0,163.35166013156086,24.431562262121133,inf,25.0,25.0,25.0,1.0,-853.8107974433859,1.7547431317669577
2603.0,163.39255656422358,24.472458694783846,inf,25.0,25.0,25.0,1.0,-854.0215932428167,0.7772130141018465
2604.0,163.43338476793423,24.51328689849449,inf,25.0,25.0,25.0,1.0,-854.2323890422475,-0.2003171035632363
2605.0,163.47414508304388,24.554047213604147,inf,25.0,25.0,25.0,1.0,-854.4431848416783,-1.177847221228319
2606.0,163.51483784708336,24.594739977643624,inf,25.0,25.0,25.0,1.0000000000000568,-854.6539806411091,-2.1553773388934303
2607.0,163.5554633947958,24.635365525356054,inf,25.0,25.0,25.0,1.0,-854.8647764405399,-3.1329074565585415
2608.0,163.59602205816876,24.675924188729013,inf,25.0,25.0,25.0,1.0,-855.0755722399706,-4.110437574223624
2609.0,163.63651416646593,24.716416297026186,inf,25.0,25.0,25.0,1.0,-855.2863680394014,-5.087967691888707
2610.0,163.6769400462583,24.756842176818544,inf,25.0,25.0,25.0,1.0,-855.4971638388322,-6.065497809553818
2611.0,163.71730002145483,24.797202152015085,inf,25.0,25.0,25.0,1.0,-855.707959638263,-7.04302792721893
2612.0,163.75759441333284,24.8374965438931,inf,25.0,25.0,25.0,1.0000000000000568,-855.9187554376938,-8.020558044884012
2613.0,163.79782354056775,24.87772567112801,inf,25.0,25.0,25.0,1.0,-856.1295512371246,-8.998088162549095
2614.0,163.83798771926251,24.917889849822792,inf,25.0,25.0,25.0,1.0,-856.3403470365553,-9.975618280214206
2615.0,163.87808726297663,24.957989393536927,inf,25.0,25.0,25.0,0.9999999999999432,-856.5511428359861,-10.953148397879318
2616.0,163.91812248275468,24.998024613314982,inf,25.0,25.0,25.0,0.04938271604919464,-856.7619386354169,-11.9306785155444
2617.0,163.95812406312646,25.0,inf,25.0,25.0,25.0,0.0,-856.9727344348477,-12.908208633209483
2618.0,163.99812406312645,25.0,inf,25.0,25.0,25.0,0.0,-857.1835302342785,-13.885738750874594
2619.0,164.03812406312645,25.0,inf,25.0,25.0,25.0,0.0,-857.3943260337093,-14.863268868539706
2620.0,164.07812406312644,25.0,inf,25.0,25.0,25.0,0.0,-857.60512183314,-15.840798986204788
2621.0,164.11812406312643,25.0,inf,25.0,25.0,25.0,0.0,-857.8159176325707,-16.81832910386987
2622.0,164.15812406312642,25.0,inf,25.0,25.0,25.0,0.0,-858.0267134320015,-17.795859221534982
2623.0,164.19812406312641,25.0,inf,25.0,25.0,25.0,0.0,-858.2375092314323,-18.773389339200094
2624.0,164.2381240631264,25.0,inf,25.0,25.0,25.0,0.0,-858.4483050308631,-19.750919456865176
2625.0,164.2781240631264,25.0,inf,25.0,25.0,25.0,0.0,-858.6591008302939,-20.72844957453026
2626.0,164.3181240631264,25.0,inf,25.0,25.0,25.0,0.0,-858.8698966297247,-21.70597969219537
2627.0,164.35812406312638,25.0,inf,25.0,25.0,25.0,0.0,-859.0806924291554,-22.68350980986048
2628.0,164.39812406312637,25.0,inf,25.0,25.0,25.0,0.0,-859.2914882285862,-23.661039927525565
2629.0,164.43812406312637,25.0,inf,25.0,25.0,25.0,0.0,-859.502284028017,-24.638570045190647
2630.0,164.47812406312636,25.0,inf,25.0,25.0,25.0,0.0,-859.7130798274478,-25.61610016285576
2631.0,164.51812406312635,25.0,inf,25.0,25.0,25.0,0.0,-859.9238756268786,-26.59363028052087
2632.0,164.55812406312634,25.0,inf,25.0,25.0,25.0,0.0,-860.1346714263093,-27.571160398185953
2633.0,164.59812406312633,25.0,inf,25.0,25.0,25.0,0.0,-860.3454672257401,-28.548690515851035
2634.0,164.63812406312633,25.0,inf,25.0,25.0,25.0,0.0,-860.5562630251709,-29.526220633516147
2635.0,164.67812406312632,25.0,inf,25.0,25.0,25.0,0.0,-860.7670588246017,-30.503750751181258
2636.0,164.7181240631263,25.0,inf,25.0,25.0,25.0,0.0,-860.9778546240325,-31.48128086884634
2637.0,164.7581240631263,25.0,inf,25.0,25.0,25.0,0.0,-861.1886504234633,-32.45881098651142
2638.0,164.7981240631263,25.0,inf,25.0,25.0,25.0,0.0,-861.3994462228941,-33.436341104176535
2639.0,164.8381240631263,25.0,inf,25.0,25.0,25.0,0.0,-861.6102420223248,-34.413871221841646
2640.0,164.87812406312628,25.0,inf,25.0,25.0,25.0,0.0,-861.8210378217556,-35.39140133950673
2641.0,164.91812406312627,25.0,inf,25.0,25.0,25.0,0.0,-862.0318336211864,-36.36893145717181
2642.0,164.95812406312626,25.0,inf,25.0,25.0,25.0,0.0,-862.2426294206172,-37.34646157483692
2643.0,164.99812406312626,25.0,inf,25.0,25.0,25.0,0.0,-862.453425220048,-38.323991692502034
2644.0,165.03812406312625,25.0,inf,25.0,25.0,25.0,0.0,-862.6642210194788,-39.30152181016712
2645.0,165.07812406312624,25.0,inf,25.0,25.0,25.0,0.0,-862.8750168189094,-40.2790519278322
2646.0,165.11812406312623,25.0,inf,25.0,25.0,25.0,0.0,-863.0858126183402,-41.25658204549731
2647.0,165.15812406312622,25.0,inf,25.0,25.0,25.0,0.0,-863.296608417771,-42.23411216316242
2648.0,165.19812406312622,25.0,inf,25.0,25.0,25.0,0.0,-863.5074042172018,-43.211642280827505
2649.0,165.2381240631262,25.0,inf,25.0,25.0,25.0,0.0,-863.7182000166326,-44.18917239849259
2650.0,165.2781240631262,25.0,inf,25.0,25.0,25.0,0.0,-863.9289958160634,-45.1667025161577
2651.0,165.3181240631262,25.0,inf,25.0,25.0,25.0,0.0,-864.1397916154941,-46.14423263382281
2652.0,165.35812406312618,25.0,inf,25.0,25.0,25.0,0.0,-864.3505874149249,-47.12176275148789
2653.0,165.39812406312618,25.0,inf,25.0,25.0,25.0,0.0,-864.5613832143557,-48.099292869152976
2654.0,165.43812406312617,25.0,inf,25.0,25.0,25.0,0.0,-864.7721790137865,-49.07682298681809
2655.0,165.47812406312616,25.0,inf,25.0,25.0,25.0,0.0,-864.9829748132173,-50.0543531044832
2656.0,165.51812406312615,25.0,inf,25.0,25.0,25.0,0.0,-865.1937706126481,-51.03188322214828
2657.0,165.55812406312614,25.0,inf,25.0,25.0,25.0,0.0,-865.4045664120788,-52.009413339813364
2658.0,165.59812406312614,25.0,inf,25.0,25.0,25.0,0.0,-865.6153622115096,-52.986943457478475
2659.0,165.63812406312613,25.0,inf,25.0,25.0,25.0,0.0,-865.8261580109404,-53.964473575143586
2660.0,165.67812406312612,25.0,inf,25.0,25.0,25.0,0.0,-866.0369538103712,-54.94200369280867
2661.0,165.7181240631261,25.0,inf,25.0,25.0,25.0,0.0,-866.247749609802,-55.91953381047375
2662.0,165.7581240631261,25.0,inf,25.0,25.0,25.0,0.0,-866.4585454092328,-56.89706392813889
2663.0,165.7981240631261,25.0,inf,25.0,25.0,25.0,0.0,-866.6693412086636,-57.874594045803974
2664.0,165.8381240631261,25.0,inf,25.0,25.0,25.0,0.0,-866.8801370080943,-58.85212416346906
2665.0,165.87812406312608,25.0,inf,25.0,25.0,25.0,0.0,-867.0909328075251,-59.82965428113414
2666.0,165.91812406312607,25.0,inf,25.0,25.0,25.0,0.0,-867.3017286069559,-60.80718439879922
2667.0,165.95812406312606,25.0,inf,25.0,25.0,25.0,0.0,-867.5125244063867,-61.78471451646436
2668.0,165.99812406312606,25.0,inf,25.0,25.0,25.0,0.0,-867.7233202058175,-62.762244634129445
2669.0,166.03812406312605,25.0,inf,25.0,25.0,25.0,0.0,-867.9341160052481,-63.73977475179453
2670.0,166.07812406312604,25.0,inf,25.0,25.0,25.0,0.0,-868.1449118046789,-64.71730486945967
2671.0,166.11812406312603,25.0,inf,25.0,25.0,25.0,0.0,-868.3557076041097,-65.69483498712475
2672.0,166.15812406312602,25.0,inf,25.0,25.0,25.0,0.0,-868.5665034035405,-66.67236510478983
2673.0,166.19812406312602,25.0,inf,25.0,25.0,25.0,0.0,-868.7772992029713,-67.64989522245492
2674.0,166.238124063126,25.0,inf,25.0,25.0,25.0,0.0,-868.9880950024021,-68.62742534012
2675.0,166.278124063126,25.0,inf,25.0,25.0,25.0,0.0,-869.1988908018329,-69.60495545778514
2676.0,166.318124063126,25.0,inf,25.0,25.0,25.0,0.0,-869.4096866012636,-70.58248557545022
2677.0,166.35812406312598,25.0,inf,25.0,25.0,25.0,0.0,-869.6204824006944,-71.5600156931153
2678.0,166.39812406312598,25.0,inf,25.0,25.0,25.0,0.0,-869.8312782001252,-72.53754581078044
2679.0,166.43812406312597,25.0,inf,25.0,25.0,25.0,0.0,-870.042073999556,-73.51507592844553
2680.0,166.47812406312596,25.0,inf,25.0,25.0,25.0,0.0,-870.2528697989868,-74.49260604611061
2681.0,166.51812406312595,25.0,inf,25.0,25.0,25.0,0.0,-870.4636655984176,-75.47013616377569
2682.0,166.55812406312594,25.0,inf,25.0,25.0,25.0,0.0,-870.6744613978483,-76.44766628144077
2683.0,166.59812406312594,25.0,inf,25.0,25.0,25.0,0.0,-870.8852571972791,-77.42519639910591
2684.0,166.63812406312593,25.0,inf,25.0,25.0,25.0,0.0,-871.0960529967099,-78.402726516771
2685.0,166.67812406312592,25.0,inf,25.0,25.0,25.0,0.0,-871.3068487961407,-79.38025663443608
2686.0,166.7181240631259,25.0,inf,25.0,25.0,25.0,0.0,-871.5176445955715,-80.35778675210122
2687.0,166.7581240631259,25.0,inf,25.0,25.0,25.0,0.0,-871.7284403950023,-81.3353168697663
2688.0,166.7981240631259,25.0,inf,25.0,25.0,25.0,0.0,-871.939236194433,-82.31284698743139
2689.0,166.8381240631259,25.0,inf,25.0,25.0,25.0,0.0,-872.1500319938638,-83.29037710509647
2690.0,166.87812406312588,25.0,inf,25.0,25.0,25.0,0.0,-872.3608277932946,-84.26790722276155
2691.0,166.91812406312587,25.0,inf,25.0,25.0,25.0,0.0,-872.5716235927254,-85.24543734042669
2692.0,166.95812406312587,25.0,inf,25.0,25.0,25.0,0.0,-872.7824193921562,-86.22296745809177
2693.0,166.99812406312586,25.0,inf,25.0,25.0,25.0,0.0,-872.993215191587,-87.20049757575686
2694.0,167.03812406312585,25.0,inf,25.0,25.0,25.0,0.0,-873.2040109910176,-88.178027693422
2695.0,167.07812406312584,25.0,inf,25.0,25.0,25.0,0.0,-873.4148067904484,-89.15555781108708
2696.0,167.11812406312583,25.0,inf,25.0,25.0,25.0,0.0,-873.6256025898792,-90.13308792875216
2697.0,167.15812406312583,25.0,inf,25.0,25.0,25.0,0.0,-873.83639838931,-91.11061804641724
2698.0,167.19812406312582,25.0,inf,25.0,25.0,25.0,0.0,-874.0471941887408,-92.08814816408233
2699.0,167.2381240631258,25.0,inf,25.0,25.0,25.0,0.0,-874.2579899881716,-93.06567828174747
2700.0,167.2781240631258,25.0,inf,25.0,25.0,25.0,0.0,-874.4687857876024,-94.04320839941255
2701.0,167.3181240631258,25.0,inf,25.0,25.0,25.0,0.0,-874.6795815870331,-95.02073851707763
2702.0,167.35812406312579,25.0,inf,25.0,25.0,25.0,0.0,-874.8903773864639,-95.99826863474277
2703.0,167.39812406312578,25.0,inf,25.0,25.0,25.0,0.0,-875.1011731858947,-96.97579875240785
2704.0,167.43812406312577,25.0,inf,25.0,25.0,25.0,0.0,-875.3119689853255,-97.95332887007294
2705.0,167.47812406312576,25.0,inf,25.0,25.0,25.0,0.0,-875.5227647847563,-98.93085898773802
2706.0,167.51812406312575,25.0,inf,25.0,25.0,25.0,0.0,-875.733560584187,-99.9083891054031
2707.0,167.55812406312575,25.0,inf,25.0,25.0,25.0,0.0,-875.9443563836178,-100.88591922306824
2708.0,167.59812406312574,25.0,inf,25.0,25.0,25.0,0.0,-876.1551521830486,-101.86344934073333
2709.0,167.63812406312573,25.0,inf,25.0,25.0,25.0,0.0,-876.3659479824794,-102.84097945839841
2710.0,167.67812406312572,25.0,inf,25.0,25.0,25.0,0.0,-876.5767437819102,-103.81850957606355
2711.0,167.7181240631257,25.0,inf,25.0,25.0,25.0,0.0,-876.787539581341,-104.79603969372863
2712.0,167.7581240631257,25.0,inf,25.0,25.0,25.0,0.0,-876.9983353807718,-105.77356981139371
2713.0,167.7981240631257,25.0,inf,25.0,25.0,25.0,0.0,-877.2091311802025,-106.7510999290588
2714.0,167.8381240631257,25.0,inf,25.0,25.0,25.0,0.0,-877.4199269796333,-107.72863004672388
2715.0,167.87812406312568,25.0,inf,25.0,25.0,25.0,0.0,-877.6307227790641,-108.70616016438902
2716.0,167.91812406312567,25.0,inf,25.0,25.0,25.0,0.0,-877.8415185784949,-109.6836902820541
2717.0,167.95812406312567,25.0,inf,25.0,25.0,25.0,0.0,-878.0523143779257,-110.66122039971918
2718.0,167.99812406312566,25.0,inf,25.0,25.0,25.0,0.0,-878.2631101773565,-111.63875051738432
2719.0,168.03812406312565,25.0,inf,25.0,25.0,25.0,0.0,-878.4739059767871,-112.6162806350494
2720.0,168.07812406312564,25.0,inf,25.0,25.0,25.0,0.0,-878.6847017762179,-113.59381075271449
2721.0,168.11812406312563,25.0,inf,25.0,25.0,25.0,0.0,-878.8954975756487,-114.57134087037957
2722.0,168.15812406312563,25.0,inf,25.0,25.0,25.0,0.0,-879.1062933750795,-115.54887098804465
2723.0,168.19812406312562,25.0,inf,25.0,25.0,25.0,0.0,-879.3170891745103,-116.5264011057098
2724.0,168.2381240631256,25.0,inf,25.0,25.0,25.0,0.0,-879.5278849739411,-117.50393122337488
2725.0,168.2781240631256,25.0,inf,25.0,25.0,25.0,0.0,-879.7386807733719,-118.48146134103996
2726.0,168.3181240631256,25.0,inf,25.0,25.0,25.0,0.0,-879.9494765728026,-119.4589914587051
2727.0,168.3581240631256,25.0,inf,25.0,25.0,25.0,0.0,-880.1602723722334,-120.43652157637018
2728.0,168.39812406312558,25.0,inf,25.0,25.0,25.0,0.0,-880.3710681716642,-121.41405169403527
2729.0,168.43812406312557,25.0,inf,25.0,25.0,25.0,0.0,-880.581863971095,-122.39158181170035
2730.0,168.47812406312556,25.0,inf,25.0,25.0,25.0,0.0,-880.7926597705258,-123.36911192936543
2731.0,168.51812406312555,25.0,inf,25.0,25.0,25.0,0.0,-881.0034555699565,-124.34664204703057
2732.0,168.55812406312555,25.0,inf,25.0,25.0,25.0,0.0,-881.2142513693873,-125.32417216469565
2733.0,168.59812406312554,25.0,inf,25.0,25.0,25.0,0.0,-881.4250471688181,-126.30170228236074
2734.0,168.63812406312553,25.0,inf,25.0,25.0,25.0,0.0,-881.6358429682489,-127.27923240002588
2735.0,168.67812406312552,25.0,inf,25.0,25.0,25.0,0.0,-881.8466387676797,-128.25676251769096
2736.0,168.71812406312552,25.0,inf,25.0,25.0,25.0,0.0,-882.0574345671105,-129.23429263535604
2737.0,168.7581240631255,25.0,inf,25.0,25.0,25.0,0.0,-882.2682303665413,-130.21182275302112
2738.0,168.7981240631255,25.0,inf,25.0,25.0,25.0,0.0,-882.479026165972,-131.1893528706862
2739.0,168.8381240631255,25.0,inf,25.0,25.0,25.0,0.0,-882.6898219654028,-132.16688298835135
2740.0,168.87812406312548,25.0,inf,25.0,25.0,25.0,0.0,-882.9006177648336,-133.14441310601643
2741.0,168.91812406312548,25.0,inf,25.0,25.0,25.0,0.0,-883.1114135642644,-134.1219432236815
2742.0,168.95812406312547,25.0,inf,25.0,25.0,25.0,0.0,-883.3222093636952,-135.09947334134665
2743.0,168.99812406312546,25.0,inf,25.0,25.0,25.0,0.0,-883.533005163126,-136.07700345901173
2744.0,169.03812406312545,25.0,inf,25.0,25.0,25.0,0.0,-883.7438009625566,-137.05453357667682
2745.0,169.07812406312544,25.0,inf,25.0,25.0,25.0,0.0,-883.9545967619874,-138.0320636943419
2746.0,169.11812406312544,25.0,inf,25.0,25.0,25.0,0.0,-884.1653925614182,-139.00959381200698
2747.0,169.15812406312543,25.0,inf,25.0,25.0,25.0,0.0,-884.376188360849,-139.98712392967212
2748.0,169.19812406312542,25.0,inf,25.0,25.0,25.0,0.0,-884.5869841602798,-140.9646540473372
2749.0,169.2381240631254,25.0,inf,25.0,25.0,25.0,0.0,-884.7977799597106,-141.9421841650023
2750.0,169.2781240631254,25.0,inf,25.0,25.0,25.0,0.0,-885.0085757591413,-142.91971428266743
2751.0,169.3181240631254,25.0,inf,25.0,25.0,25.0,0.0,-885.2193715585721,-143.8972444003325
2752.0,169.3581240631254,25.0,inf,25.0,25.0,25.0,0.0,-885.4301673580029,-144.8747745179976
2753.0,169.39812406312538,25.0,inf,25.0,25.0,25.0,0.0,-885.6409631574337,-145.85230463566268
2754.0,169.43812406312537,25.0,inf,25.0,25.0,25.0,0.0,-885.8517589568645,-146.82983475332776
2755.0,169.47812406312536,25.0,inf,25.0,25.0,25.0,0.0,-886.0625547562953,-147.8073648709929
2756.0,169.51812406312536,25.0,inf,25.0,25.0,25.0,0.0,-886.273350555726,-148.78489498865798
2757.0,169.55812406312535,25.0,inf,25.0,25.0,25.0,0.0,-886.4841463551568,-149.76242510632306
2758.0,169.59812406312534,25.0,inf,25.0,25.0,25.0,0.0,-886.6949421545876,-150.7399552239882
2759.0,169.63812406312533,25.0,inf,25.0,25.0,25.0,0.0,-886.9057379540184,-151.7174853416533
2760.0,169.67812406312532,25.0,inf,25.0,25.0,25.0,0.0,-887.1165337534492,-152.69501545931837
2761.0,169.71812406312532,25.0,inf,25.0,25.0,25.0,0.0,-887.32732955288,-153.67254557698345
2762.0,169.7581240631253,25.0,inf,25.0,25.0,25.0,0.0,-887.5381253523108,-154.65007569464854
2763.0,169.7981240631253,25.0,inf,25.0,25.0,25.0,0.0,-887.7489211517415,-155.62760581231367
2764.0,169.8381240631253,25.0,inf,25.0,25.0,25.0,0.0,-887.9597169511723,-156.60513592997876
2765.0,169.87812406312528,25.0,inf,25.0,25.0,25.0,0.0,-888.170512750603,-157.58266604764384
2766.0,169.91812406312528,25.0,inf,25.0,25.0,25.0,0.0,-888.3813085500339,-158.56019616530898
2767.0,169.95812406312527,25.0,inf,25.0,25.0,25.0,0.0,-888.5921043494646,-159.53772628297406
2768.0,169.99812406312526,25.0,inf,25.0,25.0,25.0,0.0,-888.8029001488953,-160.51525640063915
2769.0,170.03812406312525,25.0,inf,25.0,25.0,25.0,0.0,-889.0136959483261,-161.49278651830423
2770.0,170.07812406312524,25.0,inf,25.0,25.0,25.0,0.0,-889.2244917477569,-162.4703166359693
2771.0,170.11812406312524,25.0,inf,25.0,25.0,25.0,0.0,-889.4352875471877,-163.44784675363445
2772.0,170.15812406312523,25.0,inf,25.0,25.0,25.0,0.0,-889.6460833466185,-164.42537687129953
2773.0,170.19812406312522,25.0,inf,25.0,25.0,25.0,0.0,-889.8568791460493,-165.40290698896462
2774.0,170.2381240631252,25.0,inf,25.0,25.0,25.0,0.0,-890.0676749454801,-166.38043710662976
2775.0,170.2781240631252,25.0,inf,25.0,25.0,25.0,0.0,-890.2784707449108,-167.35796722429484
2776.0,170.3181240631252,25.0,inf,25.0,25.0,25.0,0.0,-890.4892665443416,-168.33549734195992
2777.0,170.3581240631252,25.0,inf,25.0,25.0,25.0,0.0,-890.7000623437724,-169.313027459625
2778.0,170.39812406312518,25.0,inf,25.0,25.0,25.0,0.0,-890.9108581432032,-170.2905575772901
2779.0,170.43812406312517,25.0,inf,25.0,25.0,25.0,0.0,-891.121653942634,-171.26808769495523
2780.0,170.47812406312516,25.0,inf,25.0,25.0,25.0,0.0,-891.3324497420648,-172.2456178126203
2781.0,170.51812406312516,25.0,inf,25.0,25.0,25.0,0.0,-891.5432455414955,-173.2231479302854
2782.0,170.55812406312515,25.0,inf,25.0,25.0,25.0,0.0,-891.7540413409263,-174.20067804795053
2783.0,170.59812406312514,25.0,inf,25.0,25.0,25.0,0.0,-891.9648371403571,-175.17820816561562
2784.0,170.63812406312513,25.0,inf,25.0,25.0,25.0,0.0,-892.1756329397879,-176.1557382832807
2785.0,170.67812406312513,25.0,inf,25.0,25.0,25.0,0.0,-892.3864287392187,-177.13326840094578
2786.0,170.71812406312512,25.0,inf,25.0,25.0,25.0,0.0,-892.5972245386495,-178.11079851861086
2787.0,170.7581240631251,25.0,inf,25.0,25.0,25.0,0.0,-892.8080203380803,-179.088328636276
2788.0,170.7981240631251,25.0,inf,25.0,25.0,25.0,0.0,-893.018816137511,-180.0658587539411
2789.0,170.8381240631251,25.0,inf,25.0,25.0,25.0,0.0,-893.2296119369418,-181.04338887160617
2790.0,170.87812406312509,25.0,inf,25.0,25.0,25.0,0.0,-893.4404077363725,-182.0209189892713
2791.0,170.91812406312508,25.0,inf,25.0,25.0,25.0,0.0,-893.6512035358033,-182.9984491069364
2792.0,170.95812406312507,25.0,inf,25.0,25.0,25.0,0.0,-893.8619993352341,-183.97597922460147
2793.0,170.99812406312506,25.0,inf,25.0,25.0,25.0,0.0,-894.0727951346648,-184.95350934226656
2794.0,171.03812406312505,25.0,inf,25.0,25.0,25.0,0.0,-894.2835909340956,-185.93103945993164
2795.0,171.07812406312505,25.0,inf,25.0,25.0,25.0,0.0,-894.4943867335264,-186.90856957759678
2796.0,171.11812406312504,25.0,inf,25.0,25.0,25.0,0.0,-894.7051825329572,-187.88609969526186
2797.0,171.15812406312503,25.0,inf,25.0,25.0,25.0,0.0,-894.915978332388,-188.86362981292694
2798.0,171.19812406312502,25.0,inf,25.0,25.0,25.0,0.0,-895.1267741318188,-189.84115993059208
2799.0,171.238124063125,25.0,inf,25.0,25.0,25.0,0.0,-895.3375699312496,-190.81869004825717
2800.0,171.278124063125,25.0,inf,25.0,25.0,25.0,0.0,-895.5483657306803,-191.79622016592225
2801.0,171.318124063125,25.0,inf,25.0,25.0,25.0,0.0,-895.7591615301111,-192.77375028358733
2802.0,171.358124063125,25.0,inf,25.0,25.0,25.0,0.0,-895.9699573295419,-193.75128040125242
2803.0,171.39812406312498,25.0,inf,25.0,25.0,25.0,0.0,-896.1807531289727,-194.72881051891756
2804.0,171.43812406312497,25.0,inf,25.0,25.0,25.0,0.0,-896.3915489284035,-195.70634063658264
2805.0,171.47812406312497,25.0,inf,25.0,25.0,25.0,0.0,-896.6023447278342,-196.68387075424772
2806.0,171.51812406312496,25.0,inf,25.0,25.0,25.0,0.0,-896.813140527265,-197.66140087191286
2807.0,171.55812406312495,25.0,inf,25.0,25.0,25.0,0.0,-897.0239363266958,-198.63893098957794
2808.0,171.59812406312494,25.0,inf,25.0,25.0,25.0,0.0,-897.2347321261266,-199.61646110724303
2809.0,171.63812406312493,25.0,inf,25.0,25.0,25.0,0.0,-897.4455279255574,-200.5939912249081
2810.0,171.67812406312493,25.0,inf,25.0,25.0,25.0,0.0,-897.6563237249882,-201.5715213425732
2811.0,171.71812406312492,25.0,inf,25.0,25.0,25.0,0.0,-897.867119524419,-202.54905146023833
2812.0,171.7581240631249,25.0,inf,25.0,25.0,25.0,0.0,-898.0779153238497,-203.5265815779034
2813.0,171.7981240631249,25.0,inf,25.0,25.0,25.0,0.0,-898.2887111232805,-204.5041116955685
2814.0,171.8381240631249,25.0,inf,25.0,25.0,25.0,0.0,-898.4995069227112,-205.48164181323364
2815.0,171.8781240631249,25.0,inf,25.0,25.0,25.0,0.0,-898.710302722142,-206.45917193089872
2816.0,171.91812406312488,25.0,inf,25.0,25.0,25.0,0.0,-898.9210985215728,-207.4367020485638
2817.0,171.95812406312487,25.0,inf,25.0,25.0,25.0,0.0,-899.1318943210036,-208.41423216622889
2818.0,171.99812406312486,25.0,inf,25.0,25.0,25.0,0.0,-899.3426901204343,-209.39176228389397
2819.0,172.03812406312485,25.0,inf,25.0,25.0,25.0,0.0,-899.5534859198651,-210.3692924015591
2820.0,172.07812406312485,25.0,inf,25.0,25.0,25.0,0.0,-899.7642817192959,-211.3468225192242
2821.0,172.11812406312484,25.0,inf,25.0,25.0,25.0,0.0,-899.9750775187267,-212.32435263688927
2822.0,172.15812406312483,25.0,inf,25.0,25.0,25.0,0.0,-900.1858733181575,-213.3018827545544
2823.0,172.19812406312482,25.0,inf,25.0,25.0,25.0,0.0,-900.3966691175883,-214.2794128722195
2824.0,172.23812406312481,25.0,inf,25.0,25.0,25.0,0.0,-900.6074649170191,-215.25694298988458
2825.0,172.2781240631248,25.0,inf,25.0,25.0,25.0,0.0,-900.8182607164498,-216.23447310754966
2826.0,172.3181240631248,25.0,inf,25.0,25.0,25.0,0.0,-901.0290565158806,-217.21200322521474
2827.0,172.3581240631248,25.0,inf,25.0,25.0,25.0,0.0,-901.2398523153114,-218.18953334287988
2828.0,172.39812406312478,25.0,inf,25.0,25.0,25.0,0.0,-901.4506481147422,-219.16706346054497
2829.0,172.43812406312477,25.0,inf,25.0,25.0,25.0,0.0,-901.661443914173,-220.14459357821005
2830.0,172.47812406312477,25.0,inf,25.0,25.0,25.0,0.0,-901.8722397136037,-221.1221236958752
2831.0,172.51812406312476,25.0,inf,25.0,25.0,25.0,0.0,-902.0830355130345,-222.09965381354027
2832.0,172.55812406312475,25.0,inf,25.0,25.0,25.0,0.0,-902.2938313124653,-223.07718393120535
2833.0,172.59812406312474,25.0,inf,25.0,25.0,25.0,0.0,-902.5046271118961,-224.05471404887044
2834.0,172.63812406312474,25.0,inf,25.0,25.0,25.0,0.0,-902.7154229113269,-225.03224416653552
2835.0,172.67812406312473,25.0,inf,25.0,25.0,25.0,0.0,-902.9262187107577,-226.00977428420066
2836.0,172.71812406312472,25.0,inf,25.0,25.0,25.0,0.0,-903.1370145101885,-226.98730440186574
2837.0,172.7581240631247,25.0,inf,25.0,25.0,25.0,0.0,-903.3478103096191,-227.96483451953083
2838.0,172.7981240631247,25.0,inf,25.0,25.0,25.0,0.0,-903.55860610905,-228.94236463719596
2839.0,172.8381240631247,25.0,inf,25.0,25.0,25.0,0.0,-903.7694019084807,-229.91989475486105
2840.0,172.8781240631247,25.0,inf,25.0,25.0,25.0,0.0,-903.9801977079115,-230.89742487252613
2841.0,172.91812406312468,25.0,inf,25.0,25.0,25.0,0.0,-904.1909935073423,-231.8749549901912
2842.0,172.95812406312467,25.0,inf,25.0,25.0,25.0,0.0,-904.4017893067731,-232.8524851078563
2843.0,172.99812406312466,25.0,inf,25.0,25.0,25.0,0.0,-904.6125851062038,-233.83001522552144
2844.0,173.03812406312466,25.0,inf,25.0,25.0,25.0,0.0,-904.8233809056346,-234.80754534318652
2845.0,173.07812406312465,25.0,inf,25.0,25.0,25.0,0.0,-905.0341767050654,-235.7850754608516
2846.0,173.11812406312464,25.0,inf,25.0,25.0,25.0,0.0,-905.2449725044962,-236.76260557851674
2847.0,173.15812406312463,25.0,inf,25.0,25.0,25.0,0.0,-905.455768303927,-237.74013569618182
2848.0,173.19812406312462,25.0,inf,25.0,25.0,25.0,0.0,-905.6665641033578,-238.7176658138469
2849.0,173.23812406312462,25.0,inf,25.0,25.0,25.0,0.0,-905.8773599027885,-239.695195931512
2850.0,173.2781240631246,25.0,inf,25.0,25.0,25.0,0.0,-906.0881557022193,-240.67272604917707
2851.0,173.3181240631246,25.0,inf,25.0,25.0,25.0,0.0,-906.2989515016501,-241.6502561668422
2852.0,173.3581240631246,25.0,inf,25.0,25.0,25.0,0.0,-906.5097473010809,-242.6277862845073
2853.0,173.39812406312458,25.0,inf,25.0,25.0,25.0,0.0,-906.7205431005117,-243.60531640217238
2854.0,173.43812406312458,25.0,inf,25.0,25.0,25.0,0.0,-906.9313388999425,-244.58284651983752
2855.0,173.47812406312457,25.0,inf,25.0,25.0,25.0,0.0,-907.1421346993732,-245.5603766375026
2856.0,173.51812406312456,25.0,inf,25.0,25.0,25.0,0.0,-907.352930498804,-246.53790675516768
2857.0,173.55812406312455,25.0,inf,25.0,25.0,25.0,0.0,-907.5637262982348,-247.51543687283277
2858.0,173.59812406312454,25.0,inf,25.0,25.0,25.0,0.0,-907.7745220976656,-248.49296699049785
2859.0,173.63812406312454,25.0,inf,25.0,25.0,25.0,0.0,-907.9853178970964,-249.470497108163
2860.0,173.67812406312453,25.0,inf,25.0,25.0,25.0,0.0,-908.1961136965272,-250.44802722582807
2861.0,173.71812406312452,25.0,inf,25.0,25.0,25.0,0.0,-908.406909495958,-251.42555734349315
2862.0,173.7581240631245,25.0,inf,25.0,25.0,25.0,0.0,-908.6177052953886,-252.4030874611583
2863.0,173.7981240631245,25.0,inf,25.0,25.0,25.0,0.0,-908.8285010948194,-253.38061757882338
2864.0,173.8381240631245,25.0,inf,25.0,25.0,25.0,0.0,-909.0392968942502,-254.35814769648846
2865.0,173.8781240631245,25.0,inf,25.0,25.0,25.0,0.0,-909.250092693681,-255.33567781415354
2866.0,173.91812406312448,25.0,inf,25.0,25.0,25.0,0.0,-909.4608884931118,-256.3132079318186
2867.0,173.95812406312447,25.0,inf,25.0,25.0,25.0,0.0,-909.6716842925425,-257.29073804948376
2868.0,173.99812406312446,25.0,inf,25.0,25.0,25.0,0.0,-909.8824800919733,-258.26826816714885
2869.0,174.03812406312446,25.0,inf,25.0,25.0,25.0,0.0,-910.0932758914041,-259.24579828481393
2870.0,174.07812406312445,25.0,inf,25.0,25.0,25.0,0.0,-910.3040716908349,-260.22332840247907
2871.0,174.11812406312444,25.0,inf,25.0,25.0,25.0,0.0,-910.5148674902657,-261.20085852014415
2872.0,174.15812406312443,25.0,inf,25.0,25.0,25.0,0.0,-910.7256632896965,-262.17838863780923
2873.0,174.19812406312442,25.0,inf,25.0,25.0,25.0,0.0,-910.9364590891273,-263.1559187554743
2874.0,174.23812406312442,25.0,inf,25.0,25.0,25.0,0.0,-911.147254888558,-264.1334488731394
2875.0,174.2781240631244,25.0,inf,25.0,25.0,25.0,0.0,-911.3580506879888,-265.11097899080454
2876.0,174.3181240631244,25.0,inf,25.0,25.0,25.0,0.0,-911.5688464874196,-266.0885091084696
2877.0,174.3581240631244,25.0,inf,25.0,25.0,25.0,0.0,-911.7796422868504,-267.0660392261347
2878.0,174.39812406312438,25.0,inf,25.0,25.0,25.0,0.0,-911.9904380862812,-268.04356934379985
2879.0,174.43812406312438,25.0,inf,25.0,25.0,25.0,0.0,-912.201233885712,-269.0210994614649
2880.0,174.47812406312437,25.0,inf,25.0,25.0,25.0,0.0,-912.4120296851427,-269.99862957913
2881.0,174.51812406312436,25.0,inf,25.0,25.0,25.0,0.0,-912.6228254845735,-270.9761596967951
2882.0,174.55812406312435,25.0,inf,25.0,25.0,25.0,0.0,-912.8336212840043,-271.9536898144602
2883.0,174.59812406312435,25.0,inf,25.0,25.0,25.0,0.0,-913.0444170834351,-272.9312199321253
2884.0,174.63812406312434,25.0,inf,25.0,25.0,25.0,0.0,-913.2552128828659,-273.9087500497904
2885.0,174.67812406312433,25.0,inf,25.0,25.0,25.0,0.0,-913.4660086822967,-274.8862801674555
2886.0,174.71812406312432,25.0,inf,25.0,25.0,25.0,0.0,-913.6768044817275,-275.8638102851206
2887.0,174.7581240631243,25.0,inf,25.0,25.0,25.0,0.0,-913.8876002811581,-276.8413404027857
2888.0,174.7981240631243,25.0,inf,25.0,25.0,25.0,0.0,-914.0983960805889,-277.8188705204508
2889.0,174.8381240631243,25.0,inf,25.0,25.0,25.0,0.0,-914.3091918800197,-278.79640063811587
2890.0,174.8781240631243,25.0,inf,25.0,25.0,25.0,0.0,-914.5199876794505,-279.77393075578095
2891.0,174.91812406312428,25.0,inf,25.0,25.0,25.0,0.0,-914.7307834788813,-280.7514608734461
2892.0,174.95812406312427,25.0,inf,25.0,25.0,25.0,0.0,-914.941579278312,-281.7289909911112
2893.0,174.99812406312427,25.0,inf,25.0,25.0,25.0,0.0,-915.1523750777428,-282.70652110877626
2894.0,175.03812406312426,25.0,inf,25.0,25.0,25.0,0.0,-915.3631708771736,-283.6840512264414
2895.0,175.07812406312425,25.0,inf,25.0,25.0,25.0,0.0,-915.5739666766044,-284.6615813441065
2896.0,175.11812406312424,25.0,inf,25.0,25.0,25.0,0.0,-915.7847624760352,-285.63911146177156
2897.0,175.15812406312423,25.0,inf,25.0,25.0,25.0,0.0,-915.995558275466,-286.61664157943665
2898.0,175.19812406312423,25.0,inf,25.0,25.0,25.0,0.0,-916.2063540748968,-287.59417169710173
2899.0,175.23812406312422,25.0,inf,25.0,25.0,25.0,0.0,-916.4171498743275,-288.57170181476687
2900.0,175.2781240631242,25.0,inf,25.0,25.0,25.0,0.0,-916.6279456737583,-289.54923193243195
2901.0,175.3181240631242,25.0,inf,25.0,25.0,25.0,0.0,-916.8387414731891,-290.52676205009703
2902.0,175.3581240631242,25.0,inf,25.0,25.0,25.0,0.0,-917.0495372726199,-291.5042921677622
2903.0,175.3981240631242,25.0,inf,25.0,25.0,25.0,0.0,-917.2603330720507,-292.48182228542726
2904.0,175.43812406312418,25.0,inf,25.0,25.0,25.0,0.0,-917.4711288714814,-293.45935240309234
2905.0,175.47812406312417,25.0,inf,25.0,25.0,25.0,0.0,-917.6819246709122,-294.4368825207574
2906.0,175.51812406312416,25.0,inf,25.0,25.0,25.0,0.0,-917.892720470343,-295.4144126384225
2907.0,175.55812406312415,25.0,inf,25.0,25.0,25.0,0.0,-918.1035162697738,-296.39194275608764
2908.0,175.59812406312415,25.0,inf,25.0,25.0,25.0,0.0,-918.3143120692046,-297.3694728737527
2909.0,175.63812406312414,25.0,inf,25.0,25.0,25.0,0.0,-918.5251078686354,-298.3470029914178
2910.0,175.67812406312413,25.0,inf,25.0,25.0,25.0,0.0,-918.7359036680662,-299.32453310908295
2911.0,175.71812406312412,25.0,inf,25.0,25.0,25.0,0.0,-918.9466994674968,-300.30206322674803
2912.0,175.75812406312411,25.0,inf,25.0,25.0,25.0,0.0,-919.1574952669276,-301.2795933444131
2913.0,175.7981240631241,25.0,inf,25.0,25.0,25.0,0.0,-919.3682910663584,-302.2571234620782
2914.0,175.8381240631241,25.0,inf,25.0,25.0,25.0,0.0,-919.5790868657892,-303.2346535797433
2915.0,175.8781240631241,25.0,inf,25.0,25.0,25.0,0.0,-919.78988266522,-304.2121836974084
2916.0,175.91812406312408,25.0,inf,25.0,25.0,25.0,0.0,-920.0006784646508,-305.1897138150735
2917.0,175.95812406312407,25.0,inf,25.0,25.0,25.0,0.0,-920.2114742640815,-306.1672439327386
2918.0,175.99812406312407,25.0,inf,25.0,25.0,25.0,0.0,-920.4222700635123,-307.1447740504037
2919.0,176.03812406312406,25.0,inf,25.0,25.0,25.0,0.0,-920.6330658629431,-308.1223041680688
2920.0,176.07812406312405,25.0,inf,25.0,25.0,25.0,0.0,-920.8438616623739,-309.0998342857339
2921.0,176.11812406312404,25.0,inf,25.0,25.0,25.0,0.0,-921.0546574618047,-310.077364403399
2922.0,176.15812406312403,25.0,inf,25.0,25.0,25.0,0.0,-921.2654532612355,-311.05489452106406
2923.0,176.19812406312403,25.0,inf,25.0,25.0,25.0,0.0,-921.4762490606663,-312.0324246387292
2924.0,176.23812406312402,25.0,inf,25.0,25.0,25.0,0.0,-921.687044860097,-313.00995475639434
2925.0,176.278124063124,25.0,inf,25.0,25.0,25.0,0.0,-921.8978406595278,-313.9874848740594
2926.0,176.318124063124,25.0,inf,25.0,25.0,25.0,0.0,-922.1086364589586,-314.9650149917245
2927.0,176.358124063124,25.0,inf,25.0,25.0,25.0,0.0,-922.3194322583894,-315.9425451093896
2928.0,176.398124063124,25.0,inf,25.0,25.0,25.0,0.0,-922.5302280578202,-316.92007522705467
2929.0,176.43812406312398,25.0,inf,25.0,25.0,25.0,0.0,-922.7410238572509,-317.89760534471975
2930.0,176.47812406312397,25.0,inf,25.0,25.0,25.0,0.0,-922.9518196566817,-318.87513546238483
2931.0,176.51812406312396,25.0,inf,25.0,25.0,25.0,0.0,-923.1626154561125,-319.8526655800499
2932.0,176.55812406312396,25.0,inf,25.0,25.0,25.0,0.0,-923.3734112555433,-320.830195697715
2933.0,176.59812406312395,25.0,inf,25.0,25.0,25.0,0.0,-923.5842070549741,-321.8077258153802
2934.0,176.63812406312394,25.0,inf,25.0,25.0,25.0,0.0,-923.7950028544049,-322.7852559330453
2935.0,176.67812406312393,25.0,inf,25.0,25.0,25.0,0.0,-924.0057986538357,-323.76278605071036
2936.0,176.71812406312392,25.0,inf,25.0,25.0,25.0,0.0,-924.2165944532663,-324.74031616837544
2937.0,176.75812406312392,25.0,inf,25.0,25.0,25.0,0.0,-924.4273902526971,-325.7178462860405
2938.0,176.7981240631239,25.0,inf,25.0,25.0,25.0,0.0,-924.6381860521279,-326.6953764037056
2939.0,176.8381240631239,25.0,inf,25.0,25.0,25.0,0.0,-924.8489818515587,-327.6729065213707
2940.0,176.8781240631239,25.0,inf,25.0,25.0,25.0,0.0,-925.0597776509895,-328.6504366390359
2941.0,176.91812406312388,25.0,inf,25.0,25.0,25.0,0.0,-925.2705734504203,-329.62796675670097
2942.0,176.95812406312388,25.0,inf,25.0,25.0,25.0,0.0,-925.481369249851,-330.60549687436605
2943.0,176.99812406312387,25.0,inf,25.0,25.0,25.0,0.0,-925.6921650492818,-331.58302699203114
2944.0,177.03812406312386,25.0,inf,25.0,25.0,25.0,0.0,-925.9029608487126,-332.5605571096962
2945.0,177.07812406312385,25.0,inf,25.0,25.0,25.0,0.0,-926.1137566481434,-333.5380872273613
2946.0,177.11812406312384,25.0,inf,25.0,25.0,25.0,0.0,-926.3245524475742,-334.5156173450264
2947.0,177.15812406312384,25.0,inf,25.0,25.0,25.0,0.0,-926.535348247005,-335.49314746269147
2948.0,177.19812406312383,25.0,inf,25.0,25.0,25.0,0.0,-926.7461440464357,-336.47067758035655
2949.0,177.23812406312382,25.0,inf,25.0,25.0,25.0,0.0,-926.9569398458665,-337.44820769802175
2950.0,177.2781240631238,25.0,inf,25.0,25.0,25.0,0.0,-927.1677356452973,-338.42573781568683
2951.0,177.3181240631238,25.0,inf,25.0,25.0,25.0,0.0,-927.3785314447281,-339.4032679333519
2952.0,177.3581240631238,25.0,inf,25.0,25.0,25.0,0.0,-927.5893272441589,-340.380798051017
2953.0,177.3981240631238,25.0,inf,25.0,25.0,25.0,0.0,-927.8001230435897,-341.3583281686821
2954.0,177.43812406312378,25.0,inf,25.0,25.0,25.0,0.0,-928.0109188430204,-342.33585828634716
2955.0,177.47812406312377,25.0,inf,25.0,25.0,25.0,0.0,-928.2217146424512,-343.31338840401224
2956.0,177.51812406312376,25.0,inf,25.0,25.0,25.0,0.0,-928.432510441882,-344.29091852167744
2957.0,177.55812406312376,25.0,inf,25.0,25.0,25.0,0.0,-928.6433062413128,-345.2684486393425
2958.0,177.59812406312375,25.0,inf,25.0,25.0,25.0,0.0,-928.8541020407436,-346.2459787570076
2959.0,177.63812406312374,25.0,inf,25.0,25.0,25.0,0.0,-929.0648978401744,-347.2235088746727
2960.0,177.67812406312373,25.0,inf,25.0,25.0,25.0,0.0,-929.2756936396052,-348.20103899233777
2961.0,177.71812406312372,25.0,inf,25.0,25.0,25.0,0.0,-929.4864894390358,-349.17856911000285
2962.0,177.75812406312372,25.0,inf,25.0,25.0,25.0,0.0,-929.6972852384666,-350.15609922766794
2963.0,177.7981240631237,25.0,inf,25.0,25.0,25.0,0.0,-929.9080810378974,-351.133629345333
2964.0,177.8381240631237,25.0,inf,25.0,25.0,25.0,0.0,-930.1188768373282,-352.1111594629981
2965.0,177.8781240631237,25.0,inf,25.0,25.0,25.0,0.0,-930.329672636759,-353.0886895806633
2966.0,177.91812406312368,25.0,inf,25.0,25.0,25.0,0.0,-930.5404684361897,-354.0662196983284
2967.0,177.95812406312368,25.0,inf,25.0,25.0,25.0,0.0,-930.7512642356205,-355.04374981599346
2968.0,177.99812406312367,25.0,inf,25.0,25.0,25.0,0.0,-930.9620600350513,-356.02127993365855
2969.0,178.03812406312366,25.0,inf,25.0,25.0,25.0,0.0,-931.1728558344821,-356.99881005132363
2970.0,178.07812406312365,25.0,inf,25.0,25.0,25.0,0.0,-931.3836516339129,-357.9763401689887
2971.0,178.11812406312364,25.0,inf,25.0,25.0,25.0,0.0,-931.5944474333437,-358.9538702866538
2972.0,178.15812406312364,25.0,inf,25.0,25.0,25.0,0.0,-931.8052432327745,-359.931400404319
2973.0,178.19812406312363,25.0,inf,25.0,25.0,25.0,0.0,-932.0160390322052,-360.9089305219841
2974.0,178.23812406312362,25.0,inf,25.0,25.0,25.0,0.0,-932.226834831636,-361.88646063964916
2975.0,178.2781240631236,25.0,inf,25.0,25.0,25.0,0.0,-932.4376306310668,-362.86399075731424
2976.0,178.3181240631236,25.0,inf,25.0,25.0,25.0,0.0,-932.6484264304976,-363.8415208749793
2977.0,178.3581240631236,25.0,inf,25.0,25.0,25.0,0.0,-932.8592222299284,-364.8190509926444
2978.0,178.3981240631236,25.0,inf,25.0,25.0,25.0,0.0,-933.0700180293592,-365.7965811103095
2979.0,178.43812406312358,25.0,inf,25.0,25.0,25.0,0.0,-933.2808138287899,-366.7741112279746
2980.0,178.47812406312357,25.0,inf,25.0,25.0,25.0,0.0,-933.4916096282207,-367.75164134563965
2981.0,178.51812406312357,25.0,inf,25.0,25.0,25.0,0.0,-933.7024054276515,-368.72917146330485
2982.0,178.55812406312356,25.0,inf,25.0,25.0,25.0,0.0,-933.9132012270823,-369.70670158096993
2983.0,178.59812406312355,25.0,inf,25.0,25.0,25.0,0.0,-934.123997026513,-370.684231698635
2984.0,178.63812406312354,25.0,inf,25.0,25.0,25.0,0.0,-934.3347928259439,-371.6617618163001
2985.0,178.67812406312353,25.0,inf,25.0,25.0,25.0,0.0,-934.5455886253746,-372.6392919339652
2986.0,178.71812406312353,25.0,inf,25.0,25.0,25.0,0.0,-934.7563844248053,-373.61682205163027
2987.0,178.75812406312352,25.0,inf,25.0,25.0,25.0,0.0,-934.9671802242361,-374.59435216929535
2988.0,178.7981240631235,25.0,inf,25.0,25.0,25.0,0.0,-935.1779760236669,-375.57188228696054
2989.0,178.8381240631235,25.0,inf,25.0,25.0,25.0,0.0,-935.3887718230977,-376.5494124046256
2990.0,178.8781240631235,25.0,inf,25.0,25.0,25.0,0.0,-935.5995676225285,-377.5269425222907
2991.0,178.91812406312349,25.0,inf,25.0,25.0,25.0,0.0,-935.8103634219592,-378.5044726399558
2992.0,178.95812406312348,25.0,inf,25.0,25.0,25.0,0.0,-936.02115922139,-379.4820027576209
2993.0,178.99812406312347,25.0,inf,25.0,25.0,25.0,0.0,-936.2319550208208,-380.45953287528596
2994.0,179.03812406312346,25.0,inf,25.0,25.0,25.0,0.0,-936.4427508202516,-381.43706299295104
2995.0,179.07812406312345,25.0,inf,25.0,25.0,25.0,0.0,-936.6535466196824,-382.4145931106161
2996.0,179.11812406312345,25.0,inf,25.0,25.0,25.0,0.0,-936.8643424191132,-383.3921232282812
2997.0,179.15812406312344,25.0,inf,25.0,25.0,25.0,0.0,-937.075138218544,-384.3696533459464
2998.0,179.19812406312343,25.0,inf,25.0,25.0,25.0,0.0,-937.2859340179747,-385.3471834636115
2999.0,179.23812406312342,25.0,inf,25.0,25.0,25.0,0.0,-937.4967298174055,-386.32471358127657
3000.0,179.2781240631234,25.0,inf,25.0,25.0,25.0,0.0,-937.7075256168363,-387.30224369894165
