t_s,x_m,y_m,heading_rad,yaw_rate_radps,signed_error_m,distance_error_m,heading_error_rad,curvature_command_pm,lateral_accel_mps2
0.0,0.0,0.0,0.0,0.0,3.152737647920627e-06,3.1527376479212332e-06,6.200881182970891e-07,7.767896139386233e-05,0.0
0.01,0.1999999999999994,1.0305408878252376e-08,1.5432738189989946e-07,3.076292979374514e-05,3.2664498627017863e-06,3.2664498627017863e-06,4.657607363971895e-07,8.062136480708436e-05,0.0006152585958749027
0.02,0.3999999999999845,8.242552201541646e-08,6.19073945775801e-07,6.208198258882708e-05,3.322920885293033e-06,3.3229208852930326e-06,3.1504252981685884e-08,8.365331692880441e-05,0.0012416396517765417
0.03,0.5999999999998826,2.790084899874156e-07,1.399923587639993e-06,9.398161007662045e-05,3.2596524862273247e-06,3.2596524862273247e-06,-7.17356097333503e-07,8.677737852215253e-05,0.001879632201532409
0.04,0.7999999999995021,6.638638717955412e-07,2.5028073790224643e-06,0.00012648679390271652,3.0129887134304264e-06,3.012988713430427e-06,-1.7866776697120222e-06,8.999614658731496e-05,0.0025297358780543306
0.05,0.9999999999984669,1.302012601215975e-06,3.933908885862552e-06,0.00015962304952396234,2.518065925871491e-06,2.5180659258714915e-06,-3.2177791765521102e-06,9.331239210861396e-05,0.0031924609904792466
0.06,1.1999999999961477,2.2597380390332284e-06,5.6996697992545496e-06,0.0001934164845406239,1.7106089277218585e-06,1.7106089277218585e-06,-4.948327600908419e-06,9.676805982905503e-05,0.0038683296908124777
0.07,1.3999999999915889,3.6046433833375787e-06,7.806873625872519e-06,0.00022790930081901002,5.215136081408477e-07,5.215136081408477e-07,-7.018587527143075e-06,0.00010032962401041407,0.004558186016380201
0.08,1.5999999999834287,5.405726007729575e-06,1.0262655092159217e-05,0.00026312958749060225,-1.1180357515156808e-06,1.1180357515156806e-06,-9.435608543469036e-06,0.0001039999595171686,0.0052625917498120445
0.09,1.7999999999698169,7.733438515297622e-06,1.3074432737180623e-05,0.0002991060160074269,-3.2783056336081815e-06,3.2783056336081815e-06,-1.2206719873508354e-05,0.0001077819759797831,0.0059821203201485375
0.1,1.9999999999483247,1.0659746084209332e-05,1.6249914747056337e-05,0.0003358678423795887,-6.0310706298030065e-06,6.031070629803007e-06,-1.5382201883384067e-05,0.00011167885053609195,0.006717356847591774
0.11,2.1999999999158475,1.4258185013287483e-05,1.9797105273938113e-05,0.0003734450015402619,-9.44743380719115e-06,9.44743380719115e-06,-1.8886726515337692e-05,0.000115739304688887,0.007468900030805238
0.12,2.399999999868505,1.860392863184911e-05,2.3724401642306628e-05,0.0004118861306790797,-1.3604387105261714e-05,1.3604387105261714e-05,-2.2769259091588758e-05,0.00011992392554270263,0.008237722613581593
0.13,2.599999999801529,2.377387281986489e-05,2.804060441416941e-05,0.0004512232953524352,-1.8578606298613915e-05,1.8578606298613915e-05,-2.703849701755042e-05,0.00012423588545809055,0.009024465907048704
0.14,2.799999999709146,2.9846705843390672e-05,3.2754837924446874e-05,0.0004914891825151165,-2.4448554136751707e-05,2.4448554136751703e-05,-3.170345640449083e-05,0.00012867838669035128,0.009829783650302331
0.15,2.9999999995844493,3.690297373038042e-05,3.787655649262153e-05,0.0005327171000549077,-3.1294545719877486e-05,3.1294545719877486e-05,-3.682517497266549e-05,0.00013325505034857563,0.010654342001098153
0.16,3.199999999419269,4.502514693996588e-05,4.341555140253735e-05,0.0005749411303745064,-3.919610323607986e-05,3.919610323607986e-05,-4.2312472934636654e-05,0.00013802194233961663,0.011498822607490126
0.17,3.399999999204022,5.429769548236443e-05,4.9382062764438973e-05,0.0006182168845865498,-4.8239900249515156e-05,4.8239900249515156e-05,-4.8224745392170504e-05,0.0001429330412915089,0.012364337691730997
0.18,3.599999998927556,6.480718652646117e-05,5.578678984328113e-05,0.000662580646945469,-5.8512237234758176e-05,5.8512237234758176e-05,-5.457256662331206e-05,0.00014799176990942158,0.013251612938909378
0.19,3.799999998576986,7.664236359164888e-05,6.264079794220847e-05,0.0007080693387113829,-7.010158446018645e-05,7.010158446018644e-05,-6.136687079699138e-05,0.00015320157114576046,0.01416138677422766
0.2,3.999999998137511,8.989422039090104e-05,6.995552474956016e-05,0.0007547205135549838,-8.309865583094434e-05,8.309865583094434e-05,-6.868159760434306e-05,0.00015856654982477603,0.015094410271099675
0.21,4.199999997592224,0.00010465607602379756,7.774278791511702e-05,0.0008025726071537804,-9.759319811891901e-05,9.759319811891901e-05,-7.640622118637988e-05,0.0001641504809491379,0.016051452143075608
0.22,4.39999999692191,0.00012102365976116968,8.601491233128655e-05,0.0008516885507010966,-0.00011368361057346804,0.00011368361057346805,-8.461262601488875e-05,0.00016990006950817467,0.017033771014021933
0.23,4.599999996104815,0.00013909522129531426,9.478474006806025e-05,0.0009021089230308191,-0.0001314678197421731,0.00013146781974217306,-9.331350271622579e-05,0.00017581889920895033,0.01804217846061638
0.24,4.799999995116418,0.0001589716195172722,0.00010406552207267268,0.0009538749187051742,-0.00015104635342693353,0.0001510463534269335,-0.00010252194334883454,0.00018191055804066454,0.019077498374103483
0.25,4.999999993929174,0.00018075640490441993,0.00011387092427422797,0.0010070283375183296,-0.00017252242307112039,0.00017252242307112036,-0.00011232734555038983,0.00018817968045509032,0.02014056675036659
0.26,5.199999992512242,0.0002045559032568108,0.00012421503565493948,0.0010616119869389427,-0.00019599802599926943,0.00019599802599926943,-0.00012259555852021201,0.00019469777677434263,0.021232239738778854
0.27,5.399999990831195,0.00023047931018089333,0.0001351125110912965,0.0011176961467759658,-0.0002215855929473654,0.00022158559294736542,-0.00013341340360703276,0.0002014037511760287,0.022353922935519317
0.28,5.5999999888477054,0.0002586388139659513,0.00014657857989540905,0.0011753255096381523,-0.0002493969206612335,0.0002493969206612335,-0.0001447959266255226,0.00020830120422434488,0.023506510192763046
0.29,5.79999998651921,0.00028914969363668703,0.00015862892101922076,0.0012345453090802665,-0.0002795468869961737,0.00027954688699617376,-0.0001567586140081803,0.00021539371697521813,0.02469090618160533
0.3,5.999999983798557,0.0003221304094158181,0.00017127966837147566,0.001295401301165844,-0.00031215354137812773,0.0003121535413781277,-0.0001694093613604352,0.0002226865129620899,0.02590802602331688
0.31,6.1999999806336215,0.0003577026944522203,0.0001845474192540662,0.001357940404585499,-0.00034733337228305434,0.00034733337228305434,-0.00018258514855880274,0.00023025835595252657,0.02715880809170998
0.32,6.399999976966899,0.0003959916584106276,0.0001984493919776471,0.001422239801519348,-0.00038521540927987855,0.00038521540927987855,-0.00019639063573705285,0.00023804007225588456,0.028444796030386958
0.33,6.5999999727350644,0.00043712592210954775,0.00021300343157797683,0.0014883477512210423,-0.00042592779876782656,0.0004259277987678266,-0.00021084344559590485,0.00024603506869467926,0.029766955024420845
0.34,6.799999967868505,0.00048123772376398925,0.0002282278676578848,0.0015563129065390981,-0.0004696022928790471,0.0004696022928790471,-0.00022596167446545365,0.0002542466998522017,0.031126258130781962
0.35000000000000003,6.999999962290824,0.0005284630162826606,0.0002441415181803363,0.001626184285435076,-0.0005163743467717515,0.0005163743467717515,-0.00024187532498790514,0.0002626808612749993,0.032523685708701525
0.36,7.19999995591831,0.0005789415656394855,0.00026076369813150986,0.0016980122700427282,-0.0005663773716261621,0.000566377371626162,-0.0002583860755240509,0.0002714223868546148,0.033960245400854565
0.37,7.399999948659378,0.0006328170621055133,0.000278114389856449,0.001771879841334696,-0.0006197598073344695,0.0006197598073344694,-0.000275619858854581,0.000280394140832181,0.03543759682669392
0.38,7.599999940413948,0.0006902372646149274,0.00029621424401868654,0.0018478377893430932,-0.0006766688379941227,0.0006766688379941227,-0.0002935970562480776,0.00028959905179526315,0.03695675578686186
0.39,7.799999931072807,0.0007513541130727701,0.0003150844199550868,0.001925937058188398,-0.0007372558145414656,0.0007372558145414654,-0.00031233854439982806,0.0002990399542392391,0.03851874116376796
0.4,7.999999920516925,0.0008163238302296998,0.00033474658701448614,0.0020062287057652953,-0.0008016763566160844,0.0008016763566160844,-0.0003320007114592274,0.0003087235312591517,0.04012457411530591
0.41000000000000003,8.199999908616727,0.0008853070243074346,0.0003552229333302743,0.0020887654256373797,-0.0008700833725584113,0.0008700833725584113,-0.00035234204243111164,0.0003187386117998524,0.04177530851274759
0.42,8.399999895231323,0.0009584688052778785,0.00037653634521649977,0.002173634046584869,-0.0009426477272990013,0.0009426477272990013,-0.0003735138002991563,0.00032900077234012434,0.04347268093169738
0.43,8.599999880207674,0.0010359789354225173,0.0003987104009227081,0.0022608862441085022,-0.0010195384866114384,0.0010195384866114382,-0.00039553923689412626,0.0003395121062586534,0.045217724882170046
0.44,8.799999863379705,0.0011180119442765516,0.00042176919447916515,0.0023505734994990497,-0.001100929466399964,0.001100929466399964,-0.00041844210378078674,0.00035027456330383606,0.04701146998998099
0.45,8.999999844567391,0.0012047472315721982,0.0004457373334886949,0.0024427470468015248,-0.0011869993356180464,0.0011869993356180466,-0.0004424102427903165,0.00036129576229995566,0.048854940936030496
0.46,9.199999823575773,0.0012963691704587265,0.0004706399479417245,0.002537460122815448,-0.0012779231377565055,0.0012779231377565055,-0.00046714926371395826,0.0003726654229512032,0.050749202456308956
0.47000000000000003,9.399999800193912,0.001393067224860419,0.0004965028731574368,0.0026348004415645047,-0.0013738973098230947,0.0013738973098230947,-0.0004928405515694593,0.0003842932343962345,0.052696008831290095
0.48,9.599999774193773,0.0014950361009055866,0.0005233526334584343,0.0027348182147210027,-0.001475115714015671,0.001475115714015671,-0.0005195102351784568,0.0003961800411392332,0.054696364294420055
0.49,9.799999745329046,0.001602475859565611,0.0005512162519739873,0.0028375629941455897,-0.0015817775466279865,0.0015817775466279865,-0.000547184922718593,0.00040832649056384576,0.0567512598829118
0.5,9.999999713333919,0.001715592015733205,0.0005801212437158344,0.002943083606887434,-0.0016940874370725673,0.0016940874370725675,-0.00057608991446044,0.00042074129407582096,0.05886167213774868
0.51,10.199999677921774,0.0018345956369470872,0.0006100956244231295,0.0030514313631031724,-0.0018122451485184483,0.0018122451485184483,-0.0006058660745623645,0.000433510919743828,0.06102862726206345
0.52,10.399999638783807,0.001959703456317994,0.0006411680896286075,0.003162690800589748,-0.0019364758631063533,0.0019364758631063533,-0.0006367305727768848,0.00044654142645662355,0.06325381601179496
0.53,10.599999595587551,0.0020911380175583157,0.0006733679852093326,0.003276907580010947,-0.0020670011019941798,0.0020670011019941798,-0.0006687122757702831,0.00045983197461868107,0.06553815160021895
0.54,10.799999547975338,0.0022291277787809477,0.0007067251074451765,0.003394126125386732,-0.0022040482756025127,0.0022040482756025127,-0.0007018404770513843,0.00047338147648000073,0.06788252250773465
0.55,10.999999495562683,0.002373907201316026,0.0007412696902822071,0.0035143895503046713,-0.0023478507723131256,0.002347850772313125,-0.0007363850598884149,0.0004871998325612388,0.07028779100609342
0.56,11.199999437936603,0.002525716837397488,0.0007770324141893022,0.003637744035514977,-0.002498635447364586,0.0024986354473645863,-0.0007719076069809684,0.0005013652931601072,0.07275488071029954
0.5700000000000001,11.399999374653815,0.002684803431579191,0.000814044572317875,0.0037642658365218745,-0.0026566592826665486,0.002656659282666549,-0.0008086677790137809,0.0005157834360444252,0.0752853167304375
0.58,11.599999305238835,0.00285142005023548,0.0008523380252076167,0.003893992305160159,-0.002822174105611439,0.0028221741056114386,-0.0008466968558937797,0.000530451337153138,0.07787984610320318
0.59,11.799999229182012,0.003025826168528371,0.0008919449973968315,0.004026958895642985,-0.00299543812192158,0.00299543812192158,-0.0008860264529776749,0.0005453657844638159,0.0805391779128597
0.6,11.999999145937453,0.0032082877412800497,0.0009328980580626182,0.004163199088096938,-0.0031767159862789254,0.003176715986278925,-0.0009269795136434617,0.0005605377685594104,0.08326398176193876
0.61,12.199999054920886,0.0033990772718194965,0.0009752301296928956,0.004302750052260148,-0.0033662636060734063,0.0033662636060734063,-0.0009690205719458698,0.0005760320583971566,0.08605500104520296
0.62,12.399998955507382,0.0035984738934396006,0.0010189746314592922,0.004445673872086218,-0.0035643725187540763,0.0035643725187540767,-0.001012459751609012,0.0005917576626937293,0.08891347744172437
0.63,12.59999884702896,0.00380676347281341,0.0010641654164303433,0.004591995367221608,-0.003771327089782115,0.0037713270897821146,-0.0010573302021870661,0.0006077092810278782,0.09183990734443216
0.64,12.799998728772119,0.004024238671118992,0.001110836572875025,0.004741736766743396,-0.003987418442220644,0.003987418442220644,-0.0011036652738418775,0.0006238813062314415,0.09483473533486791
0.65,12.999998599975264,0.004251198988459202,0.0011590223980049736,0.0048949176389760755,-0.004212944500672042,0.004212944500672042,-0.0011518510989718257,0.0006402853145126371,0.09789835277952151
0.66,13.199998459826043,0.004487950805279969,0.0012087574057700566,0.005051561749250965,-0.004448191537301938,0.004448191537301938,-0.0012012334971630554,0.0006569679074024939,0.10103123498501929
0.67,13.399998307458548,0.004734807434526384,0.0012600764379975017,0.0052117108477570725,-0.004693487894555536,0.004693487894555537,-0.0012521825825664587,0.0006738458472988796,0.10423421695514146
0.68,13.599998141950373,0.004992089187850315,0.0013130145844981826,0.005375372893675263,-0.004949152065149857,0.004949152065149858,-0.0013047325925917607,0.0006909113525232207,0.10750745787350525
0.6900000000000001,13.799997962319605,0.005260123401641992,0.0013676069984240235,0.00554255260683287,-0.005215509521828739,0.005215509521828739,-0.0013589177860815925,0.000708156345343142,0.11085105213665739
0.7000000000000001,13.999997767521718,0.005539244446431569,0.0014238888636080695,0.005713251414602035,-0.0054928927258319545,0.005492892725831955,-0.0014151996512656389,0.0007255918171201225,0.1142650282920407
0.71,14.199997556446345,0.005829793732274268,0.0014818953998522006,0.0058874750689618185,-0.005781618723517209,0.005781618723517209,-0.0014727789448393393,0.0007432432429999471,0.11774950137923637
0.72,14.399997327913935,0.006132119722150416,0.0015416619345190279,0.006065239296828143,-0.006082054188238517,0.006082054188238517,-0.0015320972302033076,0.0007610392840559706,0.12130478593656285
0.73,14.599997080672255,0.006446577950530257,0.0016032238089466369,0.006246531261595314,-0.006394552450575959,0.006394552450575959,-0.0015931888158994484,0.0007789698231933168,0.12493062523190628
0.74,14.799996813392836,0.006773531005904069,0.001666616217282233,0.006431334374201448,-0.006719473840958305,0.006719473840958305,-0.0016560878125157256,0.0007970244917546596,0.12862668748402895
0.75,14.999996524667319,0.007113348497569006,0.0017318741688305476,0.006619628267806683,-0.007057185654690965,0.007057185654690965,-0.0017213457640640403,0.0008152116191817597,0.13239256535613367
0.76,15.199996213003693,0.007466407017373372,0.0017990324877994672,0.006811396277541548,-0.007408034964415086,0.007408034964415085,-0.0017879864114940514,0.0008335355196994077,0.13622792555083096
0.77,15.399995876822409,0.00783309010582569,0.0018681258419748301,0.007006623777070585,-0.007772427374878229,0.007772427374878229,-0.00185653664159699,0.0008519399657845128,0.1401324755414117
0.78,15.599995514452372,0.008213788214785907,0.0019391886426229573,0.007205274162088136,-0.00815075066764254,0.00815075066764254,-0.0019270296142927072,0.0008704129284595806,0.1441054832417627
0.79,15.79999512412688,0.008608898640174232,0.0020122549147048923,0.007407306789308098,-0.008543399402698682,0.008543399402698684,-0.001999498041687757,0.0008889422035230748,0.14814613578616195
0.8,15.999994703979478,0.009018825440654538,0.0020873582565396924,0.007612676987047728,-0.008950774833902045,0.008950774833902045,-0.002074601383522557,0.0009075303684010374,0.15225353974095457
0.81,16.19999425203972,0.009443979350243822,0.002164531829287781,0.007821341988911965,-0.009373251930384399,0.0093732519303844,-0.0021511477174566427,0.00092616434651041,0.1564268397782393
0.8200000000000001,16.399993766228814,0.009884777690673353,0.0022438083447142193,0.008033254696663253,-0.009811274747218266,0.009811274747218266,-0.0022297661548434764,0.0009448045497552013,0.16066509393326506
0.8300000000000001,16.599993244355215,0.010341644273664753,0.0023252199696292847,0.008248353266735203,-0.010265263860741352,0.010265263860741352,-0.0023104873463604533,0.0009634377129805044,0.16496706533470407
0.84,16.79999268411014,0.010815009280757546,0.002408798232196598,0.008466571826792774,-0.010735646137594727,0.010735646137594727,-0.0023933412295206965,0.0009820504954319222,0.16933143653585547
0.85,16.999992083063063,0.011305309131539973,0.0024945739818954494,0.00868784052556784,-0.011222854597073912,0.011222854597073914,-0.0024791169792195474,0.0010006357677844798,0.1737568105113568
0.86,17.199991438657104,0.011812986344754035,0.0025825773624671695,0.008912088071538192,-0.011727288427166235,0.011727288427166235,-0.0025663603655311563,0.0010191708024919444,0.17824176143076384
0.87,17.399990748204385,0.012338489393616474,0.002672837766666156,0.009139235584136998,-0.01224942849098743,0.01224942849098743,-0.002655823409751097,0.0010376319780601953,0.18278471168273996
0.88,17.599990008881345,0.012882272547930822,0.002765383759347261,0.009369196389998866,-0.012789725138328689,0.012789725138328689,-0.0027475328398091714,0.0010560056418609917,0.1873839277999773
0.89,17.799989217724047,0.013444795702053747,0.0028602430201173953,0.009601880125202996,-0.013348634247202923,0.013348634247202923,-0.0028415144081042343,0.0010742781752683256,0.1920376025040599
0.9,17.999988371623427,0.014026524194146718,0.002957442306864133,0.00983719282181685,-0.013926617032637747,0.013926617032637747,-0.002938713694850972,0.0010924283899076813,0.19674385643633702
0.91,18.19998746732057,0.014627928617208545,0.003057007405034534,0.010075033981439122,-0.014524091592560224,0.014524091592560224,-0.003037357948762534,0.00111043481056673,0.20150067962878243
0.92,18.39998650140196,0.01524948461802074,0.0031589630624093024,0.010315296590916278,-0.015141572816122585,0.015141572816122585,-0.003138347488789572,0.0011282868438632376,0.20630593181832554
0.93,18.59998547029474,0.015891672684542887,0.0032633329462217102,0.010557871560836757,-0.015779536441831513,0.015779536441831513,-0.0032417037566055177,0.0011459713546490078,0.21115743121673514
0.9400000000000001,18.799984370262038,0.01655497792735778,0.003370139617551456,0.01080264676003687,-0.016438462714116045,0.016438462714116045,-0.003347446978352503,0.0011634753466574057,0.21605293520073737
0.9500000000000001,18.999983197398237,0.017239889855389604,0.003479404501485221,0.011049507130832302,-0.017118836140747495,0.017118836140747495,-0.0034567118622862683,0.0011807595570388354,0.22099014261664604
0.96,19.19998194762434,0.01794690214226331,0.0035911478059574777,0.011298324344703318,-0.01782108680106817,0.01782108680106817,-0.0035673394339009136,0.001197816101934967,0.22596648689406637
0.97,19.39998061668343,0.018676512373801864,0.0037053884527021067,0.011548969491988047,-0.018545759823905987,0.018545759823905987,-0.003680409494439938,0.0012146426887906065,0.23097938983976093
0.98,19.599979200136147,0.019429221790895807,0.003822144082607128,0.011801315307694247,-0.01929335069584311,0.01929335069584311,-0.0037959369884194745,0.0012312275349399002,0.23602630615388492
0.99,19.799977693356265,0.020205535033651648,0.003941431053143705,0.012055232380597053,-0.020064358161306004,0.020064358161306004,-0.003913935444436789,0.0012475590840907856,0.24110464761194106
1.0,19.99997609152631,0.021005959882546946,0.004063264417566761,0.012310589285387256,-0.02085928393220134,0.02085928393220134,-0.004035768808859844,0.0012635771452820807,0.2462117857077451
1.01,20.1999743896333,0.02183100698907224,0.004187657808350091,0.012567233361933428,-0.021678561625065533,0.021678561625065533,-0.0041588103386478795,0.0012792989528935075,0.25134466723866855
1.02,20.399972582464702,0.022681189580688522,0.004314623380771041,0.012825021798248933,-0.022522762064284874,0.022522762064284874,-0.004284357589879575,0.001294724918545482,0.2565004359649787
1.03,20.59997066460445,0.023557023172872442,0.0044441718769913366,0.013083814773226534,-0.02339239379369923,0.02339239379369923,-0.004412418038003893,0.001309845271007505,0.2616762954645307
1.04,20.799968630429056,0.024459025288044407,0.0045763126354381655,0.01334347136473588,-0.024287967192842416,0.024287967192842416,-0.0045429975942299855,0.0013246505271487627,0.2668694272947176
1.05,20.999966474103882,0.025387715173694914,0.004711053580475693,0.01360384968552033,-0.02520999414157521,0.025209994141575206,-0.004677738539267513,0.001339058547743052,0.2720769937104066
1.06,21.199964189579564,0.026343613508900774,0.004848401068501389,0.013864778128566159,-0.026158902010920835,0.026158902010920835,-0.004813448075336274,0.001353120255854443,0.27729556257132315
1.07,21.39996177058879,0.027327242078786812,0.004988359858060001,0.014126108651790713,-0.027135282359058314,0.027135282359058314,-0.004951688390940399,0.0013668333992801335,0.2825221730358143
1.08,21.59995921064313,0.02833912347123173,0.0051309332375069315,0.014387695252608907,-0.028139649327558372,0.028139649327558372,-0.005092458816846303,0.001380190635894704,0.2877539050521781
1.09,21.79995650303003,0.029379780784101122,0.0052761230350882975,0.014649391911804057,-0.029172517360546914,0.029172517360546914,-0.005235757029286088,0.001393180923983511,0.29298783823608116
1.1,21.999953640809956,0.0304497373326364,0.0054239296114261685,0.01491105112872172,-0.030234400822588634,0.030234400822588634,-0.00538356360562396,0.001405713360975209,0.2982210225744344
1.11,22.199950616813855,0.03154951634377989,0.005574351686189124,0.015172492323585893,-0.03132570993463384,0.031325709934633836,-0.005532001107668486,0.0014178646672872598,0.30344984647171785
1.12,22.399947423641017,0.03267964061727755,0.005727386343609187,0.01543356887566067,-0.03244705201365115,0.032447052013651154,-0.005682953634841812,0.0014296297642383306,0.3086713775132134
1.1300000000000001,22.59994405365699,0.0338406322213864,0.005883029206185854,0.015694135056202672,-0.03359893889525269,0.03359893889525269,-0.005836412015214329,0.0014410038977896319,0.3138827011240535
1.1400000000000001,22.79994049899168,0.0350330122013684,0.006041274444162383,0.015954046139365467,-0.03478188114081334,0.03478188114081335,-0.005992365389111796,0.0014519668126630214,0.3190809227873093
1.1500000000000001,22.9999367515377,0.03625730028788876,0.006202114754658318,0.016213152243438805,-0.035996387598147606,0.035996387598147606,-0.006153205699607732,0.0014624453347812203,0.3242630448687761
1.16,23.199932802949057,0.037514014590157636,0.006365541205487468,0.01647127747569298,-0.03724283953353498,0.03724283953353499,-0.006314227627523812,0.0014725179810786788,0.3294255495138596
1.17,23.39992864464035,0.03880367126426319,0.006531543279001162,0.016728280521097063,-0.038521855470951674,0.038521855470951674,-0.006477706983169994,0.001482182206548061,0.3345656104219413
1.18,23.599924267785944,0.04012678421957966,0.006700109053381925,0.01698402185495476,-0.039833936923367744,0.03983393692336775,-0.006643626036733527,0.001491435770208701,0.33968043709909523
1.19,23.799919663319415,0.04148386483965798,0.006871225220973007,0.01723836382785608,-0.04117958257364582,0.04117958257364582,-0.006811965387354667,0.0015002487793396475,0.3447672765571216
1.2,23.999914821933267,0.042875421703157175,0.007044877051908328,0.017491159677721295,-0.042559287754884635,0.042559287754884635,-0.006985617218289988,0.0015085713939559779,0.3498231935544259
1.21,24.199909734079085,0.044301960287608806,0.007221048264261108,0.017742245810598127,-0.043973392265709434,0.043973392265709434,-0.007158875125125247,0.0015164780905289334,0.35484491621196257
1.22,24.399904389968125,0.0457639826586824,0.0073997211043808075,0.0179914913665703,-0.04542252214673705,0.04542252214673705,-0.007334491464921967,0.0015239686186533908,0.359829827331406
1.23,24.59989877957196,0.047261987198348135,0.0075808765225194264,0.01823876797775442,-0.04690716076276672,0.04690716076276672,-0.007512440152423561,0.0015310429944968736,0.3647753595550884
1.24,24.79989289262336,0.04879646834807228,0.007764494198033887,0.018483949824524247,-0.048427787169598974,0.04842778716959897,-0.007692693486086915,0.0015376627822309078,0.36967899649048497
1.25,24.999886718617518,0.05036791635197275,0.007950552488221612,0.018726898357041163,-0.04998487547036972,0.04998487547036971,-0.00787875177627464,0.0015438027777322897,0.37453796714082327
1.26,25.1998802468137,0.05197681698142251,0.008139028328570844,0.01896746778743562,-0.05157871088801686,0.05157871088801687,-0.008063697920345402,0.0015495297236018347,0.37934935574871237
1.27,25.399873466237356,0.053623651255602915,0.008329897343772959,0.019205541646472122,-0.05320992456394516,0.05320992456394515,-0.008250863761556365,0.0015548453028160598,0.3841108329294424
1.28,25.599866365682267,0.055308895199744176,0.008523134008740274,0.019441006437663916,-0.054878974332136315,0.05487897433213632,-0.008440215252841854,0.0015597514175038295,0.3888201287532783
1.29,25.79985893371291,0.057033019618059407,0.00871871167847362,0.019673751665198757,-0.056586312359340626,0.05658631235934063,-0.008631716809000534,0.0015642031862665674,0.39347503330397515
1.3,25.999851158667152,0.05879648986644582,0.00891660252482462,0.01990365124700338,-0.05833238430357039,0.058332384303570385,-0.008829607655351535,0.0015681980480897867,0.39807302494006763
1.31,26.19984302865952,0.060599765605898435,0.00911677746626069,0.02013058058336716,-0.06011740713148071,0.06011740713148071,-0.009025506164419612,0.0015717932557064904,0.40261161166734316
1.32,26.399834531584716,0.06244330056115511,0.009319206301375366,0.020354440215420405,-0.061942016322113935,0.061942016322113935,-0.009223448409278804,0.001574992006739287,0.4070888043084081
1.33,26.59982565512126,0.06432754231443955,0.009523857850406226,0.0205751339200544,-0.06380663742255033,0.06380663742255033,-0.009423392888362312,0.0015777976668999005,0.411502678401088
1.34,26.79981638673529,0.0662529321129437,0.009730699987605018,0.02079256871241678,-0.06571168910456865,0.06571168910456865,-0.009625296647772447,0.0015801614557626879,0.41585137424833557
1.35,26.999806713684713,0.06821990467584908,0.009939699569698068,0.021006634130535752,-0.067657582008192,0.067657582008192,-0.009834296229865497,0.0015820994269154119,0.420132682610715
1.36,27.199796623023914,0.07022888798198562,0.010150822391659112,0.021217228257379827,-0.0696444505045826,0.06964445050458261,-0.010040238006929474,0.0015836590778613268,0.42434456514759655
1.37,27.399786101608687,0.07228030307006762,0.01036403333378054,0.021424270004281504,-0.07167293564099377,0.07167293564099377,-0.010248013320674125,0.0015848446987884429,0.4284854000856301
1.3800000000000001,27.599775136101183,0.07437456387064428,0.010579296482046602,0.021627681587264757,-0.07374342465820652,0.07374342465820652,-0.01045757375635958,0.0015856606983940722,0.43255363174529515
1.3900000000000001,27.799763712975068,0.07651207705046831,0.0107965751610875,0.02182738850854059,-0.07585629687913169,0.07585629687913169,-0.010668869524966993,0.0015860569270469524,0.4365477701708118
1.4000000000000001,27.99975181852099,0.0786932418561871,0.011015831858321959,0.022023297884890457,-0.07801192205889862,0.07801192205889862,-0.010888126222201451,0.0015860631623551718,0.44046595769780916
1.41,28.19973943885259,0.08091844993918174,0.011237028200723389,0.02221533046502965,-0.0802103367742023,0.08021033677420229,-0.011103045699780874,0.001585717858479955,0.44430660930059296
1.42,28.39972655991264,0.0831880851981153,0.011460125107023095,0.02240342379582222,-0.08245219117682599,0.082452191176826,-0.011319557356025875,0.0015850260115552834,0.4480684759164444
1.43,28.599713167479173,0.0855025236494798,0.011685082887550878,0.02258751863938877,-0.08473782895776258,0.08473782895776258,-0.011537606363180044,0.0015839926917254718,0.45175037278777536
1.44,28.79969924717181,0.08786213330907146,0.011911861276215265,0.022767558938750182,-0.08706758501556498,0.08706758501556498,-0.01175713657526204,0.001582568576957245,0.45535117877500364
1.45,28.999684784458335,0.09026727407260678,0.012140419353933781,0.022943470214096047,-0.08944178304798293,0.08944178304798292,-0.011985694652980557,0.001580792313470051,0.4588694042819209
1.46,29.19966976466182,0.09271829757845734,0.012370715541004156,0.02311519476534332,-0.09186034546125865,0.09186034546125865,-0.012208386602374126,0.0015786945420946032,0.4623038953068664
1.47,29.39965417296775,0.09521554709109953,0.01260270774733018,0.023282688169529112,-0.09432393765226091,0.09432393765226091,-0.012432401036057883,0.0015762806365762789,0.46565376339058223
1.48,29.599637994431145,0.09775935740884366,0.012836353453675045,0.023445909011469895,-0.09683285527103523,0.09683285527103523,-0.012657677105134255,0.0015735560072976775,0.4689181802293979
1.49,29.799621213983794,0.10035005478097443,0.01307160974151314,0.023604818838712776,-0.09938738446035712,0.09938738446035714,-0.0128841526638893,0.001570473861015789,0.47209637677425553
1.5,29.999603816441766,0.10298795682389222,0.013308433218648368,0.023759361428848637,-0.10198779830291395,0.10198779830291395,-0.013120976141024528,0.0015670774575139287,0.4751872285769727
1.51,30.19958578651335,0.10567337242066309,0.013546780022191143,0.02390949880476866,-0.10463388704972987,0.10463388704972987,-0.01335011095520624,0.0015633910261533526,0.47818997609537317
1.52,30.399567108806963,0.10840660164247312,0.013786605961390586,0.024055203336831112,-0.10732634039267482,0.10732634039267482,-0.013580272489147182,0.001559420057352374,0.48110406673662226
1.53,30.59954776783901,0.11118793569084691,0.014027866582852037,0.024196450116849157,-0.11006540212642411,0.1100654021264241,-0.013811394098611896,0.0015551700486293655,0.4839290023369831
1.54,30.799527748041807,0.11401765684782637,0.014270517197495369,0.02433321690701424,-0.11285130596661343,0.11285130596661343,-0.014043407818044128,0.0015505979024965481,0.48666433814028476
1.55,30.999507033771735,0.11689603842504909,0.01451451281044818,0.02446546484210724,-0.11568427029850979,0.11568427029850979,-0.014287403430996938,0.0015457481066490156,0.4893092968421448
1.56,31.199485609317772,0.11982334469771007,0.014759808130431804,0.0245931734447996,-0.11856393307945828,0.11856393307945828,-0.014521539557629883,0.0015406398289647075,0.491863468895992
1.57,31.39946345890993,0.12279983086020962,0.015006357701509904,0.024716330234229283,-0.12149102059013624,0.12149102059013622,-0.014756382028463471,0.0015352784820466933,0.49432660468458567
1.58,31.599440566727587,0.12582574299936725,0.015254115954930727,0.024834925120206314,-0.12446572151570393,0.12446572151570393,-0.014991858414145126,0.001529669463622262,0.4966985024041263
1.59,31.799416916907855,0.12890131807426408,0.015503037232766793,0.02494895034998309,-0.12748821401070215,0.12748821401070212,-0.015227894883468368,0.0015237740482704715,0.4989790069996618
1.6,31.999392493554126,0.13202678389491534,0.015753075723396192,0.02505838298803248,-0.13055865796378283,0.1305586579637828,-0.015477933374097768,0.0015176354864133168,0.5011676597606496
1.61,32.199367280744944,0.1352023590873725,0.016004185474047136,0.025163217681295917,-0.13367651608735698,0.13367651608735698,-0.015715525825790264,0.0015112690627807762,0.5032643536259184
1.62,32.3993412625427,0.13842825307930115,0.016256320509315688,0.025263455235871122,-0.1368425671765056,0.1368425671765056,-0.015953480078793627,0.001504679976942071,0.5052691047174225
1.6300000000000001,32.5993144230022,0.1417046661002917,0.016509434872108975,0.025359098501061376,-0.14005694196561466,0.14005694196561466,-0.016191717669992393,0.0014978733982920424,0.5071819700212276
1.6400000000000001,32.799286746179256,0.1450317891876099,0.01676348264381432,0.0254501523169675,-0.1433197602998731,0.1433197602998731,-0.016430158588270308,0.0014908152457971356,0.50900304633935
1.6500000000000001,32.99925821613935,0.14840980419073246,0.017018417886029338,0.025536607930856325,-0.1466311198152127,0.1466311198152127,-0.016685093830485324,0.0014835459047160585,0.5107321586171265
1.6600000000000001,33.1992288169666,0.15183888376384333,0.017274194653928505,0.025618472756944413,-0.14999028143667356,0.14999028143667356,-0.01692449790731912,0.0014760777383941801,0.5123694551388882
1.67,33.39919853277249,0.15531919137697273,0.017530767100654637,0.025695758958849808,-0.1533980964970027,0.15339809649700267,-0.017163894325767846,0.001468415647237779,0.5139151791769961
1.68,33.59916734770445,0.15885088133940517,0.017788089509514247,0.025768480400025696,-0.15685463518087972,0.15685463518087972,-0.017403198041491343,0.0014605644916877002,0.5153696080005139
1.69,33.79913524595442,0.16243409882748694,0.018046116310727618,0.02583665259427403,-0.1603599564881209,0.16035995648812087,-0.01764232224069423,0.001452494803669945,0.5167330518854806
1.7,33.999102211767394,0.16606897991119238,0.018304802029566764,0.02590027907806372,-0.16391409180268965,0.16391409180268965,-0.017901007959533376,0.0014442431644841344,0.5180055815612744
1.71,34.1990682294503,0.1697556515701051,0.01856410129899437,0.025959377805002164,-0.16751606922051812,0.16751606922051815,-0.018140477465208617,0.001435819762941073,0.5191875561000433
1.72,34.39903328338052,0.173494231725886,0.018823968949968198,0.026013970408230943,-0.17116683730218796,0.17116683730218796,-0.018379542832116263,0.0014272291524036961,0.5202794081646188
1.73,34.59899735801428,0.1772848292848935,0.019084360036674772,0.02606407989577927,-0.17486640313758747,0.1748664031375875,-0.01861811154874438,0.0014184758407677237,0.5212815979155854
1.74,34.79896043789494,0.18112754418430843,0.019345229850051365,0.026109730605333174,-0.17861476236692886,0.17861476236692886,-0.018856089027004683,0.0014095347328951567,0.5221946121066635
1.75,34.99892250766133,0.18502246743700232,0.019606533872137132,0.026150936454319703,-0.1824118755461922,0.18241187554619218,-0.01911739304909045,0.0014004381913320003,0.523018729086394
1.76,35.1988835520562,0.18896968116716173,0.019868227787058736,0.02618772390100929,-0.1862565013463328,0.1862565013463328,-0.019355072360328785,0.001391194788283963,0.5237544780201858
1.77,35.39884355593447,0.1929692586601424,0.02013026755792796,0.02622012227458443,-0.1901497156124074,0.1901497156124074,-0.01959192041450158,0.0013818087103840881,0.5244024454916886
1.78,35.59880250427114,0.19702126442067516,0.020392609446552665,0.026248161981488657,-0.1940914596446262,0.1940914596446262,-0.019827835966233,0.0013722840964661474,0.5249632396297731
1.79,35.79876038216924,0.2011257542338122,0.02065521002400744,0.026271874465165573,-0.19808166302602162,0.19808166302602162,-0.020062715289147996,0.0013625998561905457,0.5254374893033115
1.8,35.99871717486767,0.20528277522461172,0.02091802613077693,0.026291282194102813,-0.20212020994721847,0.2021202099472185,-0.020325531395917487,0.0013527840890227528,0.5258256438820562
1.81,36.19867286774917,0.20949236590978534,0.021181014885624867,0.02630641832001604,-0.20620554627763543,0.20620554627763543,-0.020559440757428573,0.001342844154786014,0.5261283664003208
1.82,36.398627446347994,0.21375455626137194,0.021444133750160962,0.02631731825285825,-0.21033891142969774,0.21033891142969777,-0.02079205580533518,0.001332783873347669,0.526346365057165
1.83,36.59858089635738,0.2180693677772403,0.02170734054416601,0.026324018214187225,-0.21452017785091468,0.21452017785091468,-0.02102326486549928,0.0013226070166658136,0.5264803642837445
1.84,36.79853320363685,0.2224368135536869,0.02197059345353212,0.026326555202121325,-0.2187492059665035,0.21874920596650352,-0.021252953267661644,0.0013122960655462027,0.5265311040424265
1.85,36.998484354219485,0.2268568983567726,0.022233850995651363,0.026324958544101322,-0.22302579666284852,0.2230257966628485,-0.021516210809780886,0.001301875054047059,0.5264991708820265
1.86,37.19843433431926,0.23132961868668894,0.022497072026026178,0.026319266504970518,-0.22734803141696128,0.22734803141696128,-0.021744224181372084,0.0012913504155908002,0.5263853300994104
1.87,37.39838313033806,0.23585496285209798,0.022760215791787837,0.02630951913968352,-0.23171735677253555,0.23171735677253555,-0.021970437069352262,0.0012807256160868587,0.5261903827936705
1.8800000000000001,37.5983307288725,0.24043291105001935,0.023023241943524068,0.026295757082645806,-0.23613357265879292,0.2361335726587929,-0.022194725192943847,0.0012700040748930166,0.5259151416529161
1.8900000000000001,37.79827711672052,0.24506343544727022,0.02328611054092352,0.02627802151780411,-0.2405964666034167,0.2405964666034167,-0.022416960633839866,0.001259171390111344,0.5255604303560822
1.9000000000000001,37.998222280888015,0.2497465002606497,0.0235487820228105,0.026256347110074685,-0.24510574734897406,0.24510574734897403,-0.02267963211572685,0.0012482478704049622,0.5251269422014937
1.9100000000000001,38.19816620859535,0.25448206183108224,0.023811217211562884,0.0262307758807319,-0.24965907048491215,0.24965907048491215,-0.022899446804059993,0.0012372392217518278,0.524615517614638
1.92,38.3981088872837,0.25927006870588587,0.02407337735693329,0.026201351278691814,-0.254258141823134,0.254258141823134,-0.023116902452467634,0.0012261485766062437,0.5240270255738363
1.93,38.59805030462105,0.264110461725513,0.02433522414507078,0.026168117133059325,-0.2589026842529771,0.2589026842529771,-0.023331859448946453,0.0012149790231245122,0.5233623426611865
1.94,38.7979904485081,0.2690031741113911,0.024596719702196977,0.02613111762805674,-0.2635924077702958,0.26359240777029574,-0.023544173758327062,0.0012037188331882503,0.5226223525611349
1.95,38.997929307084036,0.27394813155251707,0.024857826568685955,0.026090391428354086,-0.2683269176765201,0.26832691767652006,-0.02380528062481604,0.0011923849997986047,0.5218078285670817
1.96,39.19786686873229,0.278945252286811,0.025118507701478242,0.026045983162688954,-0.2731033702586964,0.2731033702586964,-0.024014377801781672,0.0011809826387418033,0.5209196632537791
1.97,39.39780312208602,0.2839944471889734,0.02537872650953217,0.02599793860207782,-0.2779237928897803,0.27792379288978025,-0.024220493365958443,0.001169514573496717,0.5199587720415564
1.98,39.597738056033315,0.2890956198619148,0.025638446860579,0.02594630372938285,-0.28278782576515094,0.28278782576515094,-0.024423469029382798,0.0011579835859796368,0.5189260745876569
1.99,39.79767165972229,0.2942486667289114,0.02589763308313775,0.025891124718657205,-0.287695095540823,0.287695095540823,-0.02462314113063441,0.0011463802075150926,0.5178224943731441
2.0,39.997603922565986,0.2994534771245245,0.026156249944069464,0.025832443079799816,-0.2926450897182156,0.2926450897182156,-0.024881757991566125,0.0011347185450439245,0.5166488615959963
2.0100000000000002,40.1975348342473,0.3047099333809629,0.026414262649237456,0.025770305087481415,-0.29763437750875193,0.2976343775087519,-0.02507735304788292,0.0011230032191074217,0.5154061017496283
2.02,40.39746438472356,0.3100179109195555,0.02667163687183473,0.025704757929929822,-0.3026653822388989,0.30266538223889894,-0.025269265615074143,0.001111236770099626,0.5140951585985964
2.0300000000000002,40.597392564230965,0.31537727834504714,0.026928338757296187,0.025635848867046774,-0.3077376543193875,0.3077376543193875,-0.025457314681240514,0.001099421699781403,0.5127169773409355
2.04,40.7973193632887,0.3207878975403085,0.027184334923931373,0.025563625213688955,-0.3128507297771262,0.3128507297771262,-0.025641312723500415,0.001087550423949499,0.5112725042737791
2.05,40.99724477270309,0.3262496237598261,0.027439592443430555,0.02548813034427038,-0.31800396027194316,0.3180039602719432,-0.025896570242999597,0.0010756345809118959,0.5097626068854076
2.06,41.19716878357156,0.3317623057192115,0.027694078840041682,0.02540941138341289,-0.32319322280540036,0.32319322280540036,-0.026075551766815593,0.0010636783628232237,0.5081882276682579
2.07,41.39709138728637,0.3373257856886459,0.027947762112906383,0.025327516182812773,-0.3284214255480264,0.32842142554802645,-0.026250054341526573,0.001051684052609052,0.5065503236562554
2.08,41.597012575538166,0.3429398995885234,0.028200610739465424,0.02524249255073832,-0.3336880202620446,0.3336880202620446,-0.02641986938901975,0.0010396538974941133,0.5048498510147664
2.09,41.79693234031926,0.34860447708525416,0.028452593674957734,0.025154388238751338,-0.33899244323403527,0.3389924432340352,-0.02658478047137455,0.00102758186625543,0.5030877647750267
2.1,41.99685067392688,0.35431934168586343,0.028703680335411996,0.025063247664344996,-0.34433388797981884,0.3443338879798188,-0.026835867131828815,0.001015477514939982,0.5012649532868999
2.11,42.19676756896622,0.36008431082909553,0.028953840595604803,0.02496911814993536,-0.34970741302513575,0.3497074130251358,-0.02699472316071382,0.0010033446561313322,0.4993823629987072
2.12,42.3966830183534,0.3658991959794784,0.0292030448064107,0.02487204759077611,-0.35511651775493486,0.35511651775493486,-0.02714818755891653,0.0009911853395886195,0.49744095181552217
2.13,42.596597015318004,0.3717638027230629,0.029451263796971286,0.024772083745490378,-0.3605605442728089,0.36056054427280887,-0.02729601845022089,0.0009790015821853426,0.49544167490980756
2.14,42.79650955340564,0.3776779308631229,0.029698468873277244,0.024669274225752606,-0.3660388178139114,0.3660388178139114,-0.027437964514365785,0.0009667886177596917,0.4933854845150521
2.15,42.9964206264802,0.38364137451465974,0.029944631803237285,0.024563663812936395,-0.3715503467619934,0.37155034676199333,-0.027684127444325825,0.0009545542657821263,0.4912732762587279
2.16,43.196330228726175,0.3896539221958281,0.03018972481366066,0.0244552994984025,-0.37708921893219377,0.3770892189321937,-0.027818857548051662,0.0009423019969127152,0.48910598996805
2.17,43.3962383546506,0.3957153569215108,0.030433720603497506,0.024344228717493886,-0.38265965251726286,0.38265965251726286,-0.02794714274903925,0.0009300336501459034,0.48688457434987775
2.18,43.596144999084906,0.4018254562981483,0.03067659234499295,0.024230498694561366,-0.38826086639364615,0.3882608663936461,-0.028068701158928698,0.0009177510342185405,0.48460997389122734
2.19,43.7960501571865,0.40798399261835466,0.030918313681537954,0.024114156435158768,-0.3938920608166776,0.39389206081667755,-0.028183239603841073,0.0009054504012980313,0.48228312870317536
2.2,43.99595382444032,0.41419073295436365,0.03115885871446374,0.02399524652982642,-0.3995520272808678,0.3995520272808678,-0.02842378463676686,0.000893138135822982,0.4799049305965284
2.21,44.19585599666017,0.4204454392487278,0.03139820199926159,0.0238738152145599,-0.4052336983471157,0.4052336983471157,-0.028529796395438338,0.0008808173975810931,0.47747630429119803
2.22,44.39575666998998,0.42674786840652307,0.031636318555467516,0.02374990906118049,-0.4109421645866608,0.4109421645866608,-0.028628140941774457,0.0008684898350244225,0.4749981812236098
2.23,44.59565584090471,0.43309777238844865,0.03187318386698445,0.023623574372156394,-0.4166765050713333,0.4166765050713333,-0.028718488600945915,0.0008561570687524025,0.4724714874431279
2.24,44.79555350621128,0.4394948983035877,0.032108773879360196,0.02349485717490587,-0.42243577807512744,0.42243577807512744,-0.028800496298360345,0.0008438161599501879,0.4698971434981174
2.25,44.995449663049136,0.4459389885010091,0.03234306498800586,0.023363801421594603,-0.4282185222403771,0.4282185222403771,-0.029034787407006008,0.0008314723158673231,0.4672760284318921
2.2600000000000002,45.195344308891,0.45242978065891243,0.032576034033833606,0.02323045225628605,-0.43401628954189425,0.4340162895418942,-0.029106776024645262,0.0008191284128394467,0.464609045125721
2.27,45.39523744154315,0.45896700787474665,0.03280765831042623,0.02309485506823657,-0.4398352285932603,0.4398352285932603,-0.029169673292598074,0.0008067859267378854,0.4618971013647314
2.2800000000000002,45.59512905914573,0.4655503987559462,0.033037915563682484,0.02295705493241922,-0.44567425859233334,0.4456742585923334,-0.029223092869924784,0.0007944463077493585,0.45914109864838437
2.29,45.79501916017274,0.4721796775102143,0.03326678398865435,0.022817096605575224,-0.45153227526964085,0.45153227526964085,-0.029266632625665385,0.000782107249787879,0.4563419321115045
2.3000000000000003,45.99490774343208,0.47885456403467497,0.03349424221893369,0.022675023044931696,-0.45740752593465367,0.4574075259346536,-0.029494090855944732,0.0007697729997469898,0.45350046089863394
2.31,46.194794808065296,0.48557477400279214,0.033720269321854825,0.022530878038988213,-0.46328990431787276,0.46328990431787276,-0.029525901095455265,0.000757446176191498,0.4506175607797642
2.32,46.39468035354735,0.49234001895185564,0.03394484480348968,0.022384705546195094,-0.4691868428010638,0.4691868428010638,-0.02954695679245962,0.0007451280981513071,0.4476941109239019
2.33,46.59456437968609,0.4991500063708457,0.03416794860774856,0.022236549176937858,-0.4750970766462778,0.4750970766462778,-0.02955680497151039,0.0007328200609024514,0.4447309835387572
2.34,46.794446886621586,0.5060044397877681,0.03438956111288686,0.022086452191022236,-0.4810193144148385,0.4810193144148384,-0.029554974219000506,0.0007205202432791668,0.4417290438204447
2.35,46.99432787482545,0.5129030188558761,0.034609663121842604,0.021934456270422422,-0.4869514746205749,0.4869514746205749,-0.029775076227956252,0.0007082321114629776,0.43868912540844845
2.36,47.19420734509994,0.5198454394378483,0.034828235857119354,0.021780603644454107,-0.4928814468586984,0.49288144685869834,-0.029759546715627118,0.0006959580513990864,0.43561207288908216
2.37,47.39408529857701,0.5268313936902091,0.03504526096405919,0.021624936651134078,-0.4988182235717947,0.4988182235717947,-0.029731318957001412,0.0006836992388961807,0.43249873302268155
2.38,47.59396173671712,0.5338605701479403,0.03526072050951461,0.021467497255781696,-0.5047603275421294,0.5047603275421294,-0.029689862405358446,0.0006714568277096794,0.42934994511563396
2.39,47.79383666130802,0.5409326538085072,0.03547459697811488,0.021308327049665052,-0.5107062509846104,0.5107062509846105,-0.02963462522266097,0.0006592293578763783,0.42616654099330104
2.4,47.9937100744633,0.5480473262147839,0.03568687326336977,0.02114746622230581,-0.5166535536147406,0.5166535536147406,-0.029846901507915864,0.0006470196615240666,0.4229493244461162
2.41,48.193581978621,0.5552042655360949,0.03589753266231874,0.02098495528901751,-0.5225876846680072,0.5225876846680071,-0.029775692939582755,0.0006348299174060869,0.4196991057803502
2.42,48.39345237654193,0.5624031466492371,0.036106558877458256,0.020820834825700903,-0.5285195374830074,0.5285195374830074,-0.02968951693642015,0.0006226611697420476,0.4164166965140181
2.43,48.59332127130803,0.5696436412195592,0.03631393601508777,0.02065514501833871,-0.5344473889070145,0.5344473889070146,-0.029587753760808952,0.0006105144421792222,0.41310290036677416
2.44,48.79318866632041,0.5769254177814019,0.03651964858140827,0.020487925662569385,-0.5403694806602526,0.5403694806602526,-0.02946975943207247,0.0005983885322596427,0.4097585132513877
2.45,48.993054565297506,0.5842481418174637,0.03672368147423506,0.02031921528981967,-0.5462830019631005,0.5462830019631005,-0.029673792324899258,0.0005862857558418409,0.4063843057963934
2.46,49.192918972272956,0.5916114758363953,0.036926019977471074,0.020149052585684384,-0.5521704043654978,0.5521704043654978,-0.029537203492332176,0.0005742081107927711,0.4029810517136877
2.47,49.39278189159355,0.599015079450189,0.03712664976200155,0.01997747626094054,-0.5580449061752762,0.5580449061752762,-0.029383005549098305,0.0005621565195211139,0.3995495252188108
2.48,49.592643327916896,0.6064586094515065,0.03732555688380666,0.01980452462513876,-0.5639044996512195,0.5639044996512194,-0.029210477800659804,0.0005501318851355982,0.3960904925027752
2.49,49.79250328620912,0.6139417198903482,0.037522727779950804,0.019630235586904722,-0.5697471366350725,0.5697471366350725,-0.029018872445342958,0.0005381331753320276,0.3926047117380944
2.5,49.99236177174233,0.6214640621496547,0.03771814926076797,0.019454645895403203,-0.5755696597405925,0.5755696597405925,-0.029214293926160127,0.0005261622823436659,0.38909291790806405
2.5100000000000002,50.1922187900922,0.6290252850192394,0.03791180850419265,0.01927779232149131,-0.5813508017584587,0.5813508017584587,-0.029001073144584055,0.000514221050867931,0.3855558464298262
2.52,50.39207434713527,0.6366250347693551,0.038103693055880114,0.019099711638463558,-0.5871066382985336,0.5871066382985336,-0.028767182716077845,0.0005023102895480425,0.38199423276927114
2.5300000000000002,50.5919284490463,0.6442629552241349,0.038293790827172214,0.018920440211698576,-0.592834833162461,0.5928348331624609,-0.02851178998161115,0.0004904307888009043,0.3784088042339715
2.54,50.79178110229539,0.6519386878343438,0.038482090091022506,0.018740013999518353,-0.5985330037212437,0.5985330037212437,-0.028234032699457637,0.0004785816122133684,0.3748002799903671
2.5500000000000003,50.99163231364515,0.6596518717490897,0.0386685794745354,0.01855846787737792,-0.6041977317752947,0.6041977317752946,-0.02842052208297053,0.0004667642990877674,0.37116935754755837
2.56,51.19148209014771,0.6674021438859196,0.038853247953163604,0.018375836639756615,-0.609803088093914,0.6098030880939139,-0.02811768701281886,0.0004549805706441431,0.3675167327951323
2.57,51.39133043914176,0.6751891390004469,0.03903608485026788,0.018192155073805717,-0.6153686794773435,0.6153686794773435,-0.027790661505516855,0.0004432311281712927,0.3638431014761143
2.58,51.59117736824941,0.6830124897557949,0.03921707983501814,0.018007457555573727,-0.6208917926348142,0.6208917926348142,-0.027438492115632533,0.00043151665561399057,0.36014915111147455
2.59,51.79102288537296,0.6908718267913487,0.03939622291828876,0.017821778051278082,-0.6263696611920124,0.6263696611920124,-0.02706019418815936,0.00041983624842351633,0.3564355610255616
2.6,51.99086699869173,0.6987667787904783,0.03957350444544514,0.01763514949633473,-0.6317987922841974,0.6317987922841974,-0.02723747571531574,0.00040819114427782934,0.3527029899266946
2.61,52.19070971665868,0.706696972546687,0.039748915090394056,0.017447604664148023,-0.637147350678411,0.637147350678411,-0.026830162300544802,0.0003965829732530629,0.34895209328296045
2.62,52.39055104799714,0.7146620330292027,0.03992244585475928,0.017259176324718805,-0.6424393335166659,0.6424393335166659,-0.026394647707371818,0.00038501233412922744,0.3451835264943761
2.63,52.5903910016973,0.7226615834483631,0.040094088065798915,0.017069896836291225,-0.6476715982162745,0.6476715982162744,-0.025929853210127585,0.00037347980903744144,0.3413979367258245
2.64,52.790229587012746,0.7306952453203132,0.040263833372295714,0.016879798146912612,-0.6528409420321046,0.6528409420321045,-0.025434668768512476,0.0003619844690235412,0.3375959629382522
2.65,52.99006681345687,0.7387626385306755,0.04043167373749367,0.016688911204126106,-0.6579441018173907,0.6579441018173907,-0.024907953341062116,0.00035052728395037184,0.3337782240825221
2.66,53.18990269079936,0.7468633813966755,0.04059760143296489,0.016497266726763823,-0.6629417969316574,0.6629417969316574,-0.02507388103653333,0.00033910982855028,0.32994533453527647
2.67,53.389737229062476,0.7549970907286258,0.04076160903754682,0.016304895449020074,-0.6678634075926786,0.6678634075926786,-0.024512542974455966,0.0003277326024105921,0.3260979089804015
2.68,53.589570438517455,0.7631633818912176,0.040923689435358394,0.016111827694361154,-0.6727053444306071,0.6727053444306071,-0.023917293857663603,0.0003163960889781897,0.32223655388722305
2.69,53.78940232968065,0.7713618688641243,0.04108383581170145,0.015918093377266324,-0.677463914925929,0.677463914925929,-0.02328690364327257,0.0003050992842352933,0.31836186754532647
2.7,53.98923291330983,0.7795921643015926,0.04124204164605629,0.01572372142225075,-0.6821353590088752,0.6821353590088752,-0.022620114450300245,0.00029384290773949197,0.31447442844501505
2.71,54.18906220040031,0.7878538795904738,0.04139830070570468,0.01552874046604976,-0.6866746504875952,0.6866746504875952,-0.022776373509948638,0.0002826285191813276,0.31057480932099524
2.72,54.38889020218117,0.796146624907561,0.04155260704454976,0.015333179196032134,-0.6911140857045266,0.6911140857045265,-0.022069948269136126,0.00027145652074238487,0.3066635839206427
2.73,54.58871693011132,0.8044700092767524,0.04170495500131765,0.015137065890793304,-0.6954508705962826,0.6954508705962826,-0.021324524879609678,0.00026032729878202866,0.30274131781586605
2.74,54.78854239587557,0.8128236406255512,0.04185533919547895,0.014940428421983521,-0.6996807730965215,0.6996807730965215,-0.020538771610459076,0.0002492397273222474,0.2988085684396704
2.75,54.98836661138064,0.8212071258405449,0.042003754520215035,0.014743293663440253,-0.7037994871978632,0.7037994871978632,-0.01971133616410317,0.00023819427731497296,0.2948658732688051
2.7600000000000002,55.18818958875127,0.8296200708213056,0.042150196135711776,0.01454568814337276,-0.7077561733812339,0.7077561733812339,-0.019857777779599912,0.00022719253950792984,0.2909137628674552
2.77,55.38801134032613,0.8380620805335254,0.04229465946796229,0.014347638494674901,-0.7115850559929978,0.7115850559929978,-0.018985311659500227,0.0002162348188982639,0.28695276989349805
2.7800000000000002,55.58783187865389,0.8465327590620414,0.04243714020724898,0.014149170943660838,-0.7152850250399753,0.7152850250399753,-0.01806840375853562,0.00020532140478112475,0.28298341887321676
2.79,55.78765121648903,0.8550317096632096,0.04257763430408687,0.013950311311897504,-0.7188512697747631,0.718851269774763,-0.017105657859891422,0.0001944510044934618,0.2790062262379501
2.8000000000000003,55.9874693667879,0.863558534816264,0.04271613796207349,0.013751084397721653,-0.7222789010978804,0.7222789010978804,-0.01609567026659214,0.00018362382602891592,0.27502168795443305
2.81,56.18728634270452,0.8721128362730319,0.04285264763073955,0.013551514590801101,-0.7255115786028573,0.7255115786028574,-0.0162321799352582,0.00017284154469780042,0.271030291816022
2.82,56.387102157586604,0.880694215106829,0.04298716000441806,0.013351626461323202,-0.7285837276417102,0.7285837276417102,-0.015171546583040919,0.00016210436689451858,0.26703252922646403
2.83,56.586916824971404,0.8893022717613155,0.043119672021113234,0.013151444174690658,-0.7314972346218569,0.7314972346218568,-0.014060856798113888,0.0001514124832216603,0.26302888349381315
2.84,56.786730358581536,0.8979366060987355,0.04325018085846147,0.012950991493282847,-0.7342466921051602,0.7342466921051601,-0.012898713264775975,0.00014076439042338967,0.25901982986565697
2.85,56.98654277232091,0.9065968174471289,0.04337868392637593,0.012750291113623283,-0.7368266137155954,0.7368266137155955,-0.01168373208498312,0.00013016000212055377,0.25500582227246565
2.86,57.18635408027054,0.9152825046458188,0.04350517885930878,0.012549365248605797,-0.7391759890783752,0.7391759890783751,-0.011810227017915974,0.00011960114108381467,0.25098730497211597
2.87,57.38616429668453,0.9239932660899989,0.04362966351525596,0.012348236393144968,-0.7413267874052716,0.7413267874052717,-0.01053903412422999,0.00010908791193581905,0.24696472786289936
2.88,57.58597343598582,0.9327286997753917,0.04375213597513581,0.012146926638159602,-0.7432857282133402,0.7432857282133403,-0.009212301540030304,9.862040319128654e-05,0.24293853276319205
2.89,57.785781512762135,0.9414884033423315,0.0438725945387573,0.011945457672193144,-0.7450468252915102,0.7450468252915102,-0.007828728635858567,8.819685677889363e-05,0.23890915344386288
2.9,57.98558854176173,0.9502719741187898,0.04399103771716752,0.011743850058084255,-0.7466040193277005,0.7466040193277005,-0.00638705899678528,7.781684163654499e-05,0.23487700116168508
2.91,58.185394537889394,0.9590790091615797,0.04410746422414293,0.011542123780788041,-0.7478930984736533,0.7478930984736534,-0.006503485503760696,6.748240272107097e-05,0.23084247561576082
2.92,58.38519951620227,0.9679091052965461,0.04422187297538707,0.01134029923938819,-0.74893986650096,0.7489398665009599,-0.00500049863886351,5.71935378170252e-05,0.2268059847877638
2.93,58.585003491905816,0.9767618591589842,0.044334263088563544,0.011138396428162053,-0.7497583037961373,0.7497583037961374,-0.0034370725934322124,4.695022803847211e-05,0.22276792856324107
2.94,58.784806480349594,0.985636867233513,0.04444463387925503,0.010936434937994472,-0.7503419187629566,0.7503419187629566,-0.0018121436429012136,3.6750415056780156e-05,0.21872869875988943
2.95,58.984608497023245,0.9945337258928773,0.04455298485291762,0.01073443315669199,-0.7506841623140208,0.7506841623140208,-0.0001247347352406336,2.659325118271016e-05,0.21468866313383983
2.96,59.18440955755238,1.0034520314347715,0.04465931569537476,0.010532408772250791,-0.7507197760169856,0.7507197760169856,-0.00023106557769777408,1.6481093085247227e-05,0.21064817544501582
2.97,59.38420967769463,1.0123913801175315,0.04476362627225487,0.010330380055724677,-0.7504636872025783,0.7504636872025784,0.0015217213788111317,6.413824568883831e-06,0.20660760111449353
2.98,59.58400887333551,1.0213513681962265,0.044865916629851045,0.010128364870359882,-0.7499401357700354,0.7499401357700353,0.003338631331171044,-3.608688064716383e-06,0.20256729740719764
2.99,59.78380716048449,1.030331591958268,0.044966186991048776,0.009926380672738539,-0.7491422772110624,0.7491422772110624,0.005220302686466546,-1.3588850710748073e-05,0.19852761345477077
3.0,59.98360455527086,1.0393316477579007,0.045064437746785396,0.009724443620980999,-0.7480632387185622,0.7480632387185622,0.007167232341605059,-2.3528025014032907e-05,0.19448887241961998
3.0100000000000002,60.183401073939876,1.0483511320485441,0.04516066944526915,0.00952256901400788,-0.7466394610936604,0.7466394610936604,0.007071000643121307,-3.34234346571182e-05,0.1904513802801576
3.02,60.38319673284882,1.05738964141382,0.04525488279169352,0.009320772947296285,-0.744869649438618,0.744869649438618,0.009085546796096862,-4.32753192357899e-05,0.1864154589459257
3.0300000000000002,60.58299154846313,1.0664467725992202,0.045347078650131906,0.009119071102725194,-0.7427916898762459,0.7427916898762458,0.011165856820318365,-5.308393697606684e-05,0.1823814220545039
3.04,60.782785537352375,1.075522122543342,0.04543725803940566,0.00891747874938726,-0.7403986414628108,0.7403986414628108,0.01331190709706445,-6.285209085111386e-05,0.1783495749877452
3.0500000000000003,60.9825787161865,1.08461528840797,0.045525422123941534,0.008716009743975062,-0.7376835811889282,0.7376835811889282,0.015523466663308845,-7.258178407048347e-05,0.17432019487950123
3.06,61.18237110173194,1.0937258676057728,0.045611572201376877,0.008514676875476185,-0.7345876600747551,0.7345876600747551,0.0154373165858735,-8.226968995603151e-05,0.1702935375095237
3.0700000000000003,61.38216271084794,1.1028534578264715,0.045695709702577726,0.008313493997092069,-0.7310882251419728,0.7310882251419729,0.017715942008081666,-9.191618341638171e-05,0.16626987994184136
3.08,61.5819535604828,1.111997657063923,0.045777836194821155,0.00811247453923866,-0.7272401483299803,0.7272401483299803,0.020058920077229515,-0.00010152165943787809,0.16224949078477321
3.09,61.781743667670085,1.1211580636428555,0.04585795337756953,0.007911631509966753,-0.7230367729287588,0.7230367729287587,0.02246529036987472,-0.00011108936971018092,0.15823263019933506
3.1,61.981533049524955,1.13033427624438,0.045936063072613324,0.007710976371995096,-0.7184715250278955,0.7184715250278956,0.024933813082827504,-0.00012062212309936615,0.15421952743990192
3.11,62.181321723240536,1.1395258939288526,0.04601216720965103,0.0075105192486799284,-0.7134929205561229,0.7134929205561228,0.024857708945789793,-0.0001301158838260114,0.15021038497359857
3.12,62.38110970608446,1.148732516156913,0.04608626782662714,0.007310271661197307,-0.7080534583371001,0.7080534583371001,0.027388850439005474,-0.0001395711767206573,0.14620543322394614
3.13,62.58089701539525,1.1579537428117883,0.0461583670745107,0.0071102446947419315,-0.7022275273371885,0.7022275273371885,0.029978752907755046,-0.00014898854848042437,0.14220489389483862
3.14,62.78068366857884,1.1671891742213367,0.046228467212935415,0.00691044899850034,-0.696009265456407,0.6960092654564068,0.03262523211015296,-0.00015837175264667372,0.1382089799700068
3.15,62.98046968310498,1.1764384111787938,0.04629657059951169,0.006710893524289113,-0.6893929744583275,0.6893929744583274,0.0353257556340688,-0.00016772461200011333,0.13421787048578226
3.16,63.180255076504004,1.185701054960551,0.046362679672884044,0.0065115855327443585,-0.6823359326705678,0.6823359326705678,0.03525964656069645,-0.00017704218861071163,0.13023171065488717
3.17,63.38003986636348,1.194976707341719,0.04642679695339243,0.006312534096283305,-0.6747659184878344,0.6747659184878343,0.03801331054267912,-0.00018632517469698576,0.1262506819256661
3.18,63.579824070324975,1.204264970613399,0.046488925049824506,0.006113747833540348,-0.6667774747699077,0.6667774747699077,0.04081484796077249,-0.00019557428648633404,0.12227495667080696
3.19,63.77960770608067,1.2135654475997888,0.04654906665487518,0.005915234908844471,-0.6583661522117057,0.6583661522117057,0.04366059708464228,-0.000204793832610418,0.11830469817688942
3.2,63.97939079137019,1.2228777416739163,0.04660722453351152,0.0057170016185276165,-0.649527754014663,0.649527754014663,0.046546497086304005,-0.0002139889115303661,0.11434003237055233
3.21,64.17917334397748,1.2322014567700084,0.04666340150290919,0.005519052115120149,-0.6402274603590189,0.6402274603590189,0.04649032011690634,-0.00022315344835927676,0.11038104230240298
3.22,64.37895538172789,1.2415361973931711,0.04671760043342581,0.005321392874743189,-0.6303742019398312,0.6303742019398312,0.049413881321841005,-0.00023228832309159068,0.10642785749486378
3.23,64.5787369224851,1.2508815686312864,0.046769824257788604,0.005124029896780955,-0.620080168382263,0.620080168382263,0.05236824294653261,-0.00024139444222091036,0.10248059793561909
3.24,64.77851798414817,1.2602371761668911,0.04682007596632173,0.0049269687028263435,-0.6093429887357412,0.6093429887357412,0.05534811071180506,-0.0002504767203728317,0.09853937405652687
3.25,64.97829858464847,1.2696026262875666,0.04686835859425269,0.004730212758815285,-0.5981606252463549,0.5981606252463549,0.05834777686148006,-0.00025954185810455504,0.0946042551763057
3.2600000000000002,65.17807874194705,1.2789775258925276,0.04691467519781187,0.004533762808455106,-0.586502346645105,0.5865023466451051,0.05830146025792088,-0.0002685823582745311,0.09067525616910212
3.27,65.37785847403192,1.2883614824958864,0.04695902885548764,0.004337622549793752,-0.574271304177477,0.574271304177477,0.061316770954280814,-0.0002775993118552269,0.08675245099587504
3.2800000000000002,65.57763779891545,1.2977541042327876,0.04700142268021405,0.004141795175598838,-0.5615906680125339,0.5615906680125339,0.06433924253494115,-0.0002865938391214675,0.08283590351197676
3.29,65.77741673463152,1.307154999865672,0.04704185981430997,0.003946283371758419,-0.5484607581320091,0.5484607581320091,0.06736196877108092,-0.00029557150541095794,0.07892566743516838
3.3000000000000003,65.97719529923302,1.3165637787889495,0.0470803434156295,0.0037510875669549753,-0.5348822806220905,0.5348822806220905,0.07037767132977711,-0.00030454101743796727,0.07502175133909951
3.31,66.17697351078934,1.3259800510293351,0.04711687662897306,0.0035562047332926678,-0.5208220395533795,0.5208220395533795,0.07034113811643355,-0.0003134931099343918,0.07112409466585336
3.3200000000000003,66.37675138738423,1.3354034272420872,0.047151462587570525,0.003361635572123986,-0.5061972212095809,0.5061972212095809,0.07334413471932522,-0.00032242911047550136,0.06723271144247972
3.33,66.57652894711339,1.3448335187108804,0.04718410442895806,0.0031673802451587132,-0.49113100418121225,0.4911310041812122,0.07632451963264852,-0.0003313503789729966,0.06334760490317426
3.34,66.77630620808209,1.3542699373480216,0.04721480528957111,0.002973438372343421,-0.4756268359241152,0.4756268359241152,0.07927404166111494,-0.0003402631642940371,0.05946876744686842
3.35,66.97608318840297,1.3637122956929346,0.04724356828966749,0.0027798071064330447,-0.4596885579777027,0.4596885579777027,0.08218418831483784,-0.00034917867572928384,0.055596142128660896
3.36,67.17585990619388,1.3731602069057138,0.04727039649904553,0.0025864792173852544,-0.44327292300847226,0.4432729230084722,0.0821573601054598,-0.0003580854620632605,0.05172958434770509
3.37,67.37563637957625,1.382613284755593,0.047295292938671865,0.002393452153307282,-0.4263341539321758,0.4263341539321758,0.08502132843969362,-0.00036698511469054754,0.047869043066145645
3.38,67.57541262667297,1.3920711436139923,0.04731826060108601,0.0022007227826027786,-0.4089815756342019,0.4089815756342019,0.08782827013501782,-0.00037587926045428257,0.04401445565205557
3.39,67.77518866560652,1.4015333984481566,0.0473393024445905,0.0020082873914120743,-0.39122191581882376,0.3912219158188237,0.09056914031286517,-0.00038477484456752025,0.040165747828241484
3.4,67.97496451449695,1.4109996648129217,0.047358421376919924,0.001816139588926233,-0.3730622543389344,0.3730622543389344,0.09323481409041656,-0.000393686183624202,0.036322791778524655
3.41,68.17474019146036,1.4204695588368774,0.04737562021409234,0.0016242674411317117,-0.35444403954098935,0.3544440395409893,0.09321761525324415,-0.0004025991382954431,0.032485348822634236
3.42,68.37451571460754,1.4299426972022051,0.04739090168206226,0.0014326648498737043,-0.3353776386356345,0.3353776386356345,0.09580085992587586,-0.00041151559112258365,0.028653296997474088
3.43,68.57429110204245,1.4394186971302505,0.04740426844266829,0.0012413250922126055,-0.3159451149729107,0.3159451149729107,0.09829063795662596,-0.00042043746303024583,0.02482650184425211
3.44,68.77406637186056,1.4488971763679814,0.047415723087371124,0.001050240817594848,-0.2961562990536177,0.2961562990536177,0.10067792467533196,-0.00042937237737775163,0.02100481635189696
3.45,68.97384154214743,1.4583777531724478,0.047425268119710505,0.0008594018019649782,-0.27602129520653484,0.27602129520653484,0.10295385029614011,-0.00043833848721177595,0.017188036039299564
3.46,69.17361663097748,1.4678600462888625,0.04743290590593599,0.0006687908346292944,-0.2554676725051576,0.2554676725051576,0.10294621250991463,-0.00044731836579869357,0.013375816692585888
3.47,69.37339165641325,1.4773436749208562,0.04743863867652213,0.0004783979471375343,-0.2345678070556017,0.2345678070556017,0.10510403051415707,-0.00045631421186142243,0.009567958942750686
3.48,69.57316663650418,1.4868282587078308,0.047442468558880915,0.0002882124976753939,-0.21336837367272116,0.21336837367272113,0.10713346431722316,-0.0004653282648652178,0.005764249953507878
3.49,69.7729415892856,1.496313417703596,0.04744439757061411,9.822316826291582e-05,-0.19188183907412584,0.19188183907412584,0.10902649027921368,-0.0004743687627486318,0.0019644633652583163
3.5,69.97271653277745,1.5057987723528603,0.04744442760090137,-9.158439741105228e-05,-0.1701197488977564,0.17011974889775638,0.10902646024892643,-0.0004834585628441837,-0.0018316879482210455
3.5100000000000002,70.1724914849838,1.5152839434605236,0.047442560351373925,-0.00028123332349384806,-0.14801088876308482,0.14801088876308482,0.11077736038585584,-0.000492576242665084,-0.0056246664698769615
3.52,70.3722664638924,1.524768552151272,0.04743879733727939,-0.000470737792370802,-0.12567053907708192,0.12567053907708192,0.11237708998479475,-0.0005017243361974847,-0.00941475584741604
3.5300000000000002,70.57204148747418,1.5342522198379411,0.04743313992841598,-0.0006601127091229843,-0.10311304982460381,0.10311304982460381,0.11381903100569159,-0.0005109054193646496,-0.013202254182459686
3.54,70.77181657368241,1.5437345681916321,0.047425589341894066,-0.0008493737038250129,-0.08035287805738665,0.08035287805738664,0.11509714821077904,-0.0005201282179690837,-0.016987474076500256
3.5500000000000003,70.97159174045215,1.553215219109575,0.04741614662274006,-0.001038539552704642,-0.05738333247796919,0.05738333247796919,0.11510659092993304,-0.0005294213090832606,-0.02077079105409284
3.56,71.17136700569993,1.5626937946748936,0.047404812573308246,-0.0012276399774743185,-0.03421457329619657,0.03421457329619658,0.11621737432035811,-0.0005387584481277214,-0.02455279954948637
3.5700000000000003,71.3711423873242,1.572169917104432,0.04739158775382922,-0.0014166937177673626,-0.010907015157526324,0.010907015157526324,0.11715421103480746,-0.0005481425121868154,-0.028333874355347254
3.58,71.570917903205,1.5816432087073176,0.04737647253328278,-0.0016057202815492014,0.012523660687020013,0.012523660687020011,0.1179131016862526,-0.0005575764194833536,-0.03211440563098403
3.59,71.77069357120384,1.5911132918458872,0.04735946708170919,-0.0017947399461953548,0.036061714999743165,0.036061714999743165,0.11849080335740926,-0.0005670691731997189,-0.035894798923907095
3.6,71.97046940916339,1.6005797888942732,0.047340571350502327,-0.0019837761530615136,0.05970630564895756,0.05970630564895756,0.11850969908861611,-0.000576656231276037,-0.039675523061230275
3.61,72.17024543490777,1.6100423221879745,0.04731978498852562,-0.002172865921618509,0.0834143540889197,0.0834143540889197,0.11890564469585692,-0.0005863055802690954,-0.043457318432370176
3.62,72.37002166624352,1.6195005139587895,0.04729710734172736,-0.0023620328601296355,0.10716119979139174,0.10716119979139174,0.1191162937355119,-0.0005960204296586443,-0.04724065720259271
3.63,72.56979812095979,1.6289539862828355,0.047272537515941994,-0.0025513013804223605,0.1309305677006497,0.1309305677006497,0.11914081788503945,-0.0006058040261593948,-0.05102602760844721
3.64,72.76957481682862,1.6384023610316802,0.04724607436886032,-0.0027406966967227853,0.1547049958670394,0.15470499586703937,0.11916728103212111,-0.0006156653344112734,-0.0548139339344557
3.65,72.96935177160512,1.6478452598211095,0.04721771649072524,-0.0029302470742171233,0.17844867231894473,0.1784486723189447,0.11900757605097548,-0.000625647978827955,-0.05860494148434246
3.66,73.16912900302817,1.657282303949979,0.047187462105265456,-0.003119997494828752,0.2021453798964642,0.2021453798964642,0.11866257938280445,-0.0006357131193046248,-0.06239994989657504
3.67,73.36890652882198,1.6667131143212288,0.04715530906802375,-0.0033099766680671923,0.22577895409828677,0.2257789540982868,0.11813394382153972,-0.0006458642589434434,-0.06619953336134385
3.68,73.56868436669684,1.6761373113787643,0.04712125494333998,-0.0035002141222770277,0.24933325109383564,0.24933325109383567,0.11742412933622155,-0.0006561049296665705,-0.07000428244554055
3.69,73.7684625343497,1.685554515048358,0.0470852969961868,-0.0036907401998372987,0.27276768385022043,0.2727676838502205,0.11746008728337473,-0.0006664436171445282,-0.07381480399674598
3.7,73.9682410494648,1.6949643446762785,0.04704743217426844,-0.0038815880028584006,0.29605040295643137,0.29605040295643137,0.11657424600001683,-0.0006769334701676502,-0.07763176005716801
3.71,74.16801992971479,1.7043664189571435,0.047007656991963805,-0.004072811026316181,0.3191869273715797,0.3191869273715797,0.11551447636696835,-0.000687527682095716,-0.08145622052632362
3.72,74.36779919276289,1.7137603558402592,0.04696596752700835,-0.004264443169243565,0.3421619345992342,0.3421619345992343,0.1142855022398476,-0.0006982299711025198,-0.0852888633848713
3.73,74.56757885626402,1.7231457724550299,0.04692235951412762,-0.004456519131923098,0.3649601650417271,0.3649601650417271,0.11289272793023186,-0.0007090440696035722,-0.08913038263846196
3.74,74.76735893786578,1.7325222850415303,0.04687682833707601,-0.004649074405661305,0.38749527369657105,0.38749527369657105,0.11293825910728347,-0.0007199774090905133,-0.09298148811322611
3.75,74.96713945520936,1.7418895088790045,0.04682936901345605,-0.004842146722057594,0.40979354805035345,0.4097935480503534,0.11138965115770327,-0.0007310939946711997,-0.09684293444115187
3.7600000000000002,75.1669204259311,1.7512470582028905,0.046779976060141344,-0.00503579841329666,0.4318545644098063,0.4318545644098063,0.10968990831278477,-0.0007423378900033235,-0.10071596826593321
3.77,75.36670186766506,1.7605945460961558,0.046728643488006094,-0.005230068425027485,0.4536645991244975,0.4536645991244975,0.10784618052919093,-0.0007537128967859785,-0.10460136850054969
3.7800000000000002,75.56648379804463,1.7699315844033907,0.046675364914783794,-0.005424996437297276,0.4751973128914075,0.4751973128914075,0.10789945910241322,-0.0007652228084824819,-0.10849992874594552
3.79,75.76626623470365,1.7792577836514232,0.04662013355781254,-0.00562062284674776,0.49634922150006483,0.49634922150006483,0.10592131866743536,-0.0007768733000015525,-0.1124124569349552
3.8000000000000003,75.96604919527768,1.7885727529682562,0.046562942223202355,-0.005816989497528024,0.5171975264260433,0.5171975264260432,0.10381484813764834,-0.000788740377375712,-0.11633978995056048
3.81,76.16583269740566,1.7978760999900374,0.04650378315177472,-0.006014167505623026,0.5377306093032383,0.5377306093032383,0.10158842221904141,-0.0008007578891100665,-0.12028335011246052
3.8200000000000003,76.36561675873308,1.8071674307378032,0.04644264801168105,-0.006212200381079715,0.5579370903770928,0.5579370903770928,0.09925069814090877,-0.0008129295228018794,-0.1242440076215943
3.83,76.56540139691363,1.816446349521085,0.04637952803296817,-0.006411132232774709,0.5777609043493226,0.5777609043493226,0.09931381811962166,-0.0008252589259456276,-0.12822264465549418
3.84,76.76518662961058,1.825712458849676,0.046314414001729184,-0.006611007740674974,0.5971441700358823,0.5971441700358823,0.09687566570918252,-0.0008377497051613544,-0.13222015481349947
3.85,76.96497247449811,1.8349653593442523,0.046247296254530466,-0.006811872128342084,0.616160142131334,0.6161601421313341,0.09434413158478576,-0.0008504891420960232,-0.1362374425668417
3.86,77.16475894926303,1.8442046496348092,0.0461781645067898,-0.007013804289699145,0.6348000695007013,0.6348000695007013,0.09172834051752762,-0.0008634014612617495,-0.1402760857939829
3.87,77.3645460716082,1.853429926224639,0.04610700784336846,-0.007216851547361174,0.6530555361341737,0.6530555361341737,0.08903745037792338,-0.0008764894815147279,-0.14433703094722347
3.88,77.56433385925426,1.862640783385134,0.046033814875002146,-0.00742106140323444,0.6708467632772067,0.6708467632772067,0.0891106433462897,-0.0008897564206446815,-0.1484212280646888
3.89,77.76412232994097,1.8718368130607035,0.04595857373573328,-0.0076264816929545965,0.6881606613203026,0.6881606613203026,0.08635583535744998,-0.0009032054135487402,-0.15252963385909193
3.9,77.96391150142836,1.881017604773079,0.045881272079771565,-0.007833160546450653,0.7050628882579173,0.7050628882579173,0.08354412715785063,-0.0009169277794584879,-0.15666321092901306
3.91,78.16370139149842,1.8901827455133362,0.045801896903381496,-0.008041181305453919,0.7215479485860065,0.7215479485860065,0.0806844419534943,-0.000930844925814041,-0.16082362610907838
3.92,78.36349201795841,1.8993318195978783,0.04572043453383163,-0.008250594536679787,0.7376107491876674,0.7376107491876676,0.07778552471579418,-0.0009449560489643163,-0.16501189073359573
3.93,78.56328339864244,1.9084644085568525,0.04563687079934311,-0.008461449487288481,0.7531604666549092,0.7531604666549092,0.0778690884502827,-0.0009592635758988565,-0.16922898974576964
3.94,78.76307555141247,1.917580091035176,0.04555119103573577,-0.00867379539043334,0.7682123298447329,0.7682123298447329,0.07494157839079793,-0.0009737697995980764,-0.17347590780866678
3.95,78.96286849415918,1.926678442694045,0.04546338008683302,-0.008887681412467067,0.7828284293710507,0.7828284293710507,0.07199163698676977,-0.0009885679369231607,-0.17775362824934135
3.96,79.16266224480322,1.9357590361004995,0.045373422124481706,-0.009103192662533706,0.7970065911550085,0.7970065911550084,0.0690272318869779,-0.0010035778811495707,-0.18206385325067412
3.97,79.36245682129807,1.9448214405803155,0.04528130063704241,-0.009320380840114955,0.8107450594344789,0.8107450594344789,0.0660560055879709,-0.001018794464032089,-0.1864076168022991
3.98,79.56225224163121,1.9538652221045103,0.045186998611284473,-0.009539294574211913,0.8239560282406585,0.8239560282406585,0.06615030761372884,-0.0010342188971767198,-0.19078589148423825
3.99,79.76204852382452,1.962889943191168,0.04509049855011072,-0.009759982010735106,0.8366607861666637,0.8366607861666636,0.06318174991907359,-0.00104985220131477,-0.19519964021470212
4.0,79.96184568593436,1.9718951628091002,0.04499178247771962,-0.009982490746478802,0.8489250087688383,0.8489250087688381,0.060220600914791186,-0.0010657868257501534,-0.19964981492957606
4.01,80.1616437460522,1.9808804362704637,0.04489083176339768,-0.010206904048134964,0.8607495756015273,0.8607495756015274,0.057273393299848006,-0.0010819424867115216,-0.20413808096269928
4.0200000000000005,80.36144272230659,1.9898453150872313,0.04478762711153835,-0.010433271739100946,0.8721357471640784,0.8721357471640785,0.05434625962036713,-0.0010983092107866243,-0.20866543478201893
4.03,80.56124263286344,1.9987893468620357,0.044682148753064956,-0.010661638706468798,0.8830101436968727,0.8830101436968727,0.05445173797884052,-0.001114886540306478,-0.21323277412937597
4.04,80.76104349592549,2.007712075197031,0.04457437647539806,-0.010892048767257596,0.8933803405054549,0.8933803405054549,0.05155269614604047,-0.0011316737704884683,-0.2178409753451519
4.05,80.96084532973136,2.0166130396061868,0.04446428963354091,-0.01112454459173867,0.903321950458684,0.903321950458684,0.048684783866758556,-0.0011487595103645812,-0.2224908918347734
4.0600000000000005,81.16064815255491,2.025491775418003,0.04435186698399022,-0.011359203096783151,0.9128383806109626,0.9128383806109626,0.04585289878202433,-0.001166064539868171,-0.227184061935663
4.07,81.36045198270595,2.034347813643988,0.04423708667910384,-0.011596068302957651,0.9219333430261958,0.9219333430261958,0.04306152706673569,-0.0011835741362878117,-0.23192136605915303
4.08,81.56025683852933,2.0431806808818553,0.044119926464656886,-0.011835177528578858,0.9305546523854138,0.9305546523854138,0.04317868728118263,-0.0012012857469305559,-0.23670355057157716
4.09,81.76006273840288,2.0519898992391177,0.04400036372201991,-0.012076566342077122,0.9386835247094311,0.9386835247094311,0.04043431118548125,-0.0012191965256968516,-0.24153132684154244
4.1,81.95986970073503,2.060774986261849,0.04387837548606686,-0.012320268480449745,0.9464088476914362,0.9464088476914362,0.03773823217957805,-0.0012373879320156495,-0.2464053696089949
4.11,82.15967774396253,2.069535454855888,0.04375393829581484,-0.012566349272751999,0.9537358946293528,0.9537358946293528,0.03509374317220863,-0.001255782901372087,-0.25132698545503995
4.12,82.35948688654942,2.078270813177203,0.043627028196586655,-0.012814842234844465,0.9606701509432071,0.960670150943207,0.03250376065277636,-0.0012743626648859896,-0.2562968446968893
4.13,82.55929714698436,2.0869805645568804,0.043497620939164594,-0.013065772785954735,0.9671826505374098,0.9671826505374098,0.03263316791019842,-0.0012931222546314648,-0.2613154557190947
4.14,82.75910854377673,2.095664207448254,0.04336569203253368,-0.01331916387454548,0.9732237239575786,0.9732237239575786,0.030102767116356937,-0.001312056383946086,-0.2663832774909096
4.15,82.9589210954523,2.1043212353808642,0.0432312167689771,-0.013575035901010793,0.978895404502915,0.978895404502915,0.027631656830573358,-0.001331236001995716,-0.27150071802021586
4.16,83.15873482054896,2.1129511369093508,0.04309417009784358,-0.013833436959542035,0.9842041584665913,0.9842041584665914,0.02522171141416056,-0.0013505872581089811,-0.27666873919084073
4.17,83.3585497376135,2.121553395536412,0.04295452663903901,-0.01409438494517647,0.989156573756386,0.989156573756386,0.022874490654940845,-0.0013700887134080143,-0.2818876989035294
4.18,83.55836586519665,2.1301274896697633,0.04281226087788987,-0.014357888908241379,0.9937452518660137,0.9937452518660137,0.023016756416089985,-0.001389732855001337,-0.28715777816482757
4.19,83.75818322184699,2.1386728926019436,0.0426673472250445,-0.014623954744551214,0.9978917585771604,0.9978917585771603,0.020736170839633868,-0.0014095118570509957,-0.2924790948910243
4.2,83.95800182610436,2.1471890724983216,0.042519760048326666,-0.014892585133935935,1.001708416798234,1.001708416798234,0.01852058159605153,-0.0014294828982004926,-0.2978517026787187
4.21,84.15782169649331,2.1556754923828794,0.04236947357542928,-0.015163805347421348,1.0052022906525702,1.0052022906525704,0.01637071114498831,-0.001449576707741678,-0.30327610694842694
4.22,84.3576428515171,2.164131610104303,0.04221646192146777,-0.015437612722594989,1.0083804900713593,1.0083804900713593,0.014287039090365841,-0.0014697710507292105,-0.3087522544518998
4.23,84.55746530965025,2.1725568783347313,0.042060699272092106,-0.015713995844135395,1.0112501662012263,1.0112501662012263,0.012269820003964517,-0.001490056001274769,-0.3142799168827079
4.24,84.75728908932999,2.1809507445906577,0.04190215994569166,-0.015992939591844398,1.013719874869346,1.0137198748693457,0.012428359330364964,-0.0015104213634094669,-0.3198587918368879
4.25,84.9571142089472,2.1893126512629224,0.041740818430612406,-0.016274425107049673,1.0158983762499594,1.0158983762499592,0.010480442590711854,-0.0015309074731256701,-0.32548850214099345
4.26,85.15694068683723,2.197642035647437,0.041576649321776855,-0.01655844987862883,1.0177960249859757,1.0177960249859757,0.008598908486482044,-0.0015514518460788267,-0.33116899757257656
4.2700000000000005,85.35676854127108,2.2059383299636384,0.041409627363109,-0.01684498669972469,1.0194200022586164,1.0194200022586164,0.0067834406793316334,-0.001572033419939976,-0.3368997339944938
4.28,85.55659779044515,2.214200961403032,0.041239727609744044,-0.017134000560970752,1.020777475853325,1.020777475853325,0.005033565567608984,-0.001592640282186912,-0.34268001121941505
4.29,85.75642845247026,2.222429352197669,0.0410669254871001,-0.017425452428557617,1.0218014161276798,1.0218014161276798,0.005206367690252928,-0.001613260329058733,-0.34850904857115234
4.3,85.95626054535997,2.2306229196979137,0.04089119683110285,-0.017719299248186604,1.0225628528295068,1.0225628528295068,0.0035243964319870077,-0.0016339142078146901,-0.3543859849637321
4.3100000000000005,86.15609408701884,2.2387810764538814,0.040712517862923486,-0.01801550699495379,1.023084914621684,1.023084914621684,0.0019066839279614223,-0.0016545498212833477,-0.3603101398990758
4.32,86.35592909523068,2.2469032302928604,0.040530865244105534,-0.018314021685831215,1.0233745372120764,1.0233745372120764,0.00035237455290124814,-0.0016751487779658124,-0.3662804337166243
4.33,86.55576558764577,2.2549887844224235,0.04034621620719928,-0.01861478312320502,1.0234386073075379,1.0234386073075379,-0.0011394870058044973,-0.0016956978749814442,-0.3722956624641004
4.34,86.75560358176736,2.2630371375497766,0.04015854860698193,-0.018917727072762878,1.0232294262124682,1.0232294262124684,-0.0009518194055871468,-0.0017161838239998833,-0.37835454145525754
4.3500000000000005,86.95544309493776,2.271047684009896,0.03996784096059334,-0.019222785309585693,1.0227889924613687,1.022788992461369,-0.002379235593621222,-0.001736605015665958,-0.3844557061917139
4.36,87.15528414432417,2.2790198139000784,0.03977407246384273,-0.01952989032235085,1.0221486851129353,1.0221486851129353,-0.003746343588822393,-0.001756925032682441,-0.39059780644701697
4.37,87.35512674690436,2.2869529132192583,0.03957722305329761,-0.01983896151433358,1.021314995026048,1.021314995026048,-0.005054326533483984,-0.0017771286210465334,-0.3967792302866716
4.38,87.5549709194516,2.294846364026012,0.039377273493792185,-0.020149913843741332,1.0202943438743988,1.0202943438743988,-0.006304421961050445,-0.0017972021695221887,-0.40299827687482664
4.39,87.75481667851916,2.302699544608072,0.03917420541917271,-0.020462658562311234,1.0190537221222509,1.0190537221222506,-0.006101353886430967,-0.0018171320990882363,-0.4092531712462247
4.4,87.95466404042456,2.3105118296594713,0.03896800136892997,-0.020777103301461104,1.0176140822887811,1.0176140822887811,-0.0072917083171457064,-0.0018368924022503909,-0.41554206602922206
4.41,88.15451302123351,2.3182825904665876,0.03875864484873502,-0.02109314722197135,1.0160111741059348,1.0160111741059348,-0.008426759991607326,-0.0018564690923945789,-0.421862944439427
4.42,88.35436363674356,2.3260111951078692,0.03854612039042169,-0.021410685942302502,1.0142509360961296,1.0142509360961296,-0.009507856993064494,-0.0018758491481816694,-0.42821371884605003
4.43,88.55421590246729,2.333697008662134,0.03833041358514023,-0.02172961199101223,1.012339228622679,1.012339228622679,-0.010536368451230509,-0.0018950194913737095,-0.4345922398202446
4.44,88.75406983361563,2.3413393934231923,0.03811151111406241,-0.022049814845406128,1.0102538296047998,1.0102538296047998,-0.010317465980152693,-0.0019139660948720725,-0.4409962969081226
4.45,88.9539254450808,2.3489377091206975,0.037889400780476166,-0.022371180616182443,1.0080013049913945,1.0080013049913947,-0.011291567546837706,-0.001932640403668904,-0.44742361232364886
4.46,89.15378275141933,2.356491313152197,0.03766407161171484,-0.022693578440127336,1.0056187606520355,1.0056187606520355,-0.012215847970712155,-0.0019510549120020624,-0.45387156880254675
4.47,89.35364176683416,2.3639995608363975,0.037435513905921716,-0.023016884993341893,1.0031115411649154,1.0031115411649154,-0.013091703343359247,-0.001969197698481489,-0.46033769986683787
4.48,89.55350250515728,2.3714618056627947,0.037203719205913074,-0.023340974672717257,1.0004849113918575,1.0004849113918575,-0.01392052780898008,-0.0019870570819286,-0.46681949345434515
4.49,89.75336497983241,2.3788773995425707,0.03696868032126674,-0.023665719736196016,0.9977243432628867,0.9977243432628868,-0.013685488924333744,-0.002004615442908197,-0.47331439472392034
4.5,89.9532292038979,2.3862456930646068,0.0367303913612967,-0.02399098799341921,0.9948271928436051,0.994827192843605,-0.014465420217650625,-0.0020218133020174062,-0.4798197598683842
4.51,90.15309518996925,2.3935660357651556,0.03648884786225893,-0.024316626316150603,0.9918297772620092,0.9918297772620092,-0.015201081538222978,-0.002038684212439954,-0.48633252632301205
4.5200000000000005,90.35296295022107,2.400837776421444,0.036244046809819234,-0.024642497896247256,0.9887368490966081,0.9887368490966081,-0.01589383836291205,-0.0020552182603450855,-0.4928499579249451
4.53,90.55283249636987,2.4080602633308943,0.03599598656383102,-0.02496846470840884,0.9855530841039628,0.9855530841039627,-0.01654503951289207,-0.0020714058352018874,-0.4993692941681768
4.54,90.75270383965747,2.4152328445869413,0.0357446668697832,-0.025294387654393933,0.9822693014157444,0.9822693014157444,-0.01629371981884425,-0.002087222725890108,-0.5058877530878787
4.55,90.9525769908343,2.4223548683589873,0.03549008889843061,-0.02562012080204478,0.9788774466377127,0.9788774466377127,-0.016901436543638713,-0.0021026105446761817,-0.5124024160408956
4.5600000000000005,91.15245196014277,2.4294256831886147,0.03523225538135409,-0.025945497985762272,0.9754116602244642,0.9754116602244642,-0.017470237836386345,-0.002117617265991806,-0.5189099597152455
4.57,91.35232875729997,2.4364446383075826,0.0349711705999718,-0.02627037532939439,0.9718761310246209,0.9718761310246209,-0.0180014098699765,-0.002132235433197526,-0.5254075065878878
4.58,91.55220739148194,2.4434110839328906,0.034706840274985516,-0.02659460885270082,0.9682749763095077,0.9682749763095077,-0.01849621368650643,-0.0021464579228848875,-0.5318921770540164
4.59,91.7520878713083,2.450324371554601,0.03443927156674925,-0.026918054605382227,0.9646026429308712,0.9646026429308712,-0.018228644978270165,-0.0021602515990257697,-0.5383610921076445
4.6000000000000005,91.95197020482739,2.4571838542271194,0.03416847312665289,-0.02724055836479987,0.9608483135224649,0.9608483135224648,-0.018685085389650358,-0.002173569983192424,-0.5448111672959974
4.61,92.151854399501,2.463988886879314,0.033894455225333055,-0.02756195055543715,0.9570431629804198,0.9570431629804198,-0.01910760938278156,-0.0021864682724014382,-0.551239011108743
4.62,92.35174046218935,2.4707388266400843,0.03361722970267464,-0.02788208681908088,0.9531908587252145,0.9531908587252145,-0.019497397199968677,-0.0021989416432808143,-0.5576417363816176
4.63,92.55162839913726,2.477433033135116,0.03333680983738739,-0.028200823745818695,0.9492950028205579,0.949295002820558,-0.01985559992192313,-0.0022109856052751013,-0.5640164749163739
4.64,92.75151821596128,2.484070868773685,0.03305321033695585,-0.028518018987065644,0.9453524453187805,0.9453524453187805,-0.01957200042149159,-0.0022225569455347786,-0.5703603797413128
4.65,92.95140991763728,2.490651699038539,0.032766447404062364,-0.028833515899492637,0.941351356307717,0.941351356307717,-0.019896576045013277,-0.0022336290186893773,-0.5766703179898527
4.66,93.1513035084876,2.497174892796994,0.03247653884519945,-0.029147150389242538,0.9373195960861906,0.9373195960861908,-0.02019179734429117,-0.002244257671021123,-0.5829430077848508
4.67,93.35119899216889,2.503639822618235,0.032183503980545924,-0.029458783728343915,0.9332603587683796,0.9332603587683795,-0.02045872742702192,-0.0022544406425847627,-0.5891756745668784
4.68,93.55109637166127,2.5100458650586788,0.03188736350826948,-0.0297682790408249,0.9291767794767606,0.9291767794767606,-0.020698399214698404,-0.002264175981761995,-0.595365580816498
4.69,93.75099564925857,2.5163924009358385,0.03158813948557803,-0.03007550138814686,0.9250672600766576,0.9250672600766575,-0.020399175192006954,-0.0022734106086330524,-0.6015100277629372
4.7,93.95089682655882,2.522678815605156,0.03128585541111627,-0.03038029748267654,0.920920047195718,0.9209200471957179,-0.020609531451520238,-0.002282141909510999,-0.6076059496535309
4.71,94.15079990445483,2.5289044992600016,0.030980536306370758,-0.0306825160369899,0.9167596389573087,0.9167596389573087,-0.02079463026403791,-0.002290421261239883,-0.613650320739798
4.72,94.35070488312533,2.5350688472272944,0.030672208588601847,-0.030982029105948012,0.9125888049709107,0.9125888049709107,-0.020955416608117505,-0.0022982487094451586,-0.6196405821189602
4.73,94.55061176202774,2.5411712602305205,0.030360899941720955,-0.03127871129596435,0.908410261905515,0.908410261905515,-0.021092806167805088,-0.0023056245671767743,-0.625574225919287
4.74,94.75052053989184,2.547211144640758,0.030046639290497328,-0.031572439820387786,0.9042233836738968,0.9042233836738968,-0.02077854551658146,-0.0023124873121910905,-0.6314487964077558
4.75,94.950431214714,2.5531879127307513,0.029729456897597706,-0.03186306995946496,0.9000171170374534,0.9000171170374534,-0.020890503372563644,-0.0023188588961693805,-0.6372613991892992
4.76,95.15034378375121,2.5591009829534963,0.029409384414898286,-0.032150468552533853,0.8958127421033061,0.8958127421033061,-0.020980841496579312,-0.002324782924004382,-0.643009371050677
4.7700000000000005,95.35025824351612,2.56494978020605,0.029086454726022823,-0.03243452234438474,0.8916126504770113,0.8916126504770114,-0.021050392079046985,-0.0023302613707786783,-0.6486904468876948
4.78,95.55017458977362,2.5707337360619804,0.028760701831972893,-0.03271512110459634,0.8874191863416736,0.8874191863416735,-0.02109996003704065,-0.002335296429209271,-0.6543024220919268
4.79,95.75009281753835,2.5764522889921886,0.02843216082074794,-0.032992157653830116,0.8832323081558896,0.8832323081558896,-0.020771419025815696,-0.002339820407222462,-0.6598431530766024
4.8,95.95001292107267,2.5821048845889383,0.028100867975980076,-0.03326550012718335,0.8790419725950143,0.8790419725950143,-0.02079903079445355,-0.0023438774105635123,-0.665310002543667
4.8100000000000005,96.14993489388445,2.587690975815071,0.02776686079922504,-0.033535036737898746,0.8748664963756969,0.8748664963756969,-0.020808228123512563,-0.0023475017286102746,-0.670700734757975
4.82,96.3498587287261,2.5932100232293704,0.02743017783067786,-0.033800671492248476,0.8707079357548785,0.8707079357548784,-0.020799739345068076,-0.0023506968381048015,-0.6760134298449695
4.83,96.54978441759512,2.598661495183143,0.027090858554027694,-0.03406231167419004,0.8665683044758031,0.8665683044758031,-0.020774268125058823,-0.0023534663811929884,-0.6812462334838009
4.84,96.74971195173528,2.604044868006102,0.02674894336367808,-0.03431986784596799,0.8624478909997064,0.8624478909997063,-0.020432352934709207,-0.002355739169076405,-0.6863973569193598
4.8500000000000005,96.94964132163842,2.609359626195664,0.026404473680958794,-0.03457322414816004,0.8583377693598004,0.8583377693598006,-0.020388024491631764,-0.002357577144328933,-0.6914644829632008
4.86,97.14957251704591,2.614605262631395,0.026057491951221454,-0.03482229154641692,0.8542536011797631,0.8542536011797631,-0.020328092389112006,-0.0023590051630052703,-0.6964458309283383
4.87,97.34950552695173,2.619781278758596,0.02570804145193436,-0.035066992613044815,0.8501971455381919,0.850197145538192,-0.020253191757354502,-0.0023600277779484407,-0.7013398522608962
4.88,97.54944033960658,2.6248871847464117,0.02535616621810608,-0.03530725325656761,0.8461701233026031,0.8461701233026032,-0.020163935895145445,-0.0023606496576335624,-0.7061450651313522
4.89,97.7493769425227,2.629922499636543,0.025001911009024932,-0.03554300270145872,0.8421729885143512,0.8421729885143512,-0.019809680686064292,-0.0023607987821430364,-0.7108600540291744
4.9,97.94931532247922,2.634886751495524,0.02464532142778823,-0.0357741430518426,0.838197916133383,0.838197916133383,-0.01970432741807899,-0.0023605497553529,-0.715482861036852
4.91,98.14925546552719,2.6397794775915115,0.024286443898509487,-0.03600060789542625,0.8342582371864095,0.8342582371864095,-0.01958582951495918,-0.0023599188597199293,-0.720012157908525
4.92,98.34919735699623,2.644600224535512,0.02392532547047897,-0.03622233858325317,0.8303554471566235,0.8303554471566235,-0.019454740085963595,-0.0023589113381981006,-0.7244467716650633
4.93,98.54914098150196,2.649348548400736,0.0235620137632342,-0.03643927970404285,0.8264910070546697,0.8264910070546697,-0.019311593247310594,-0.0023575325052927684,-0.728785594080857
4.94,98.74908632295418,2.6540240148339986,0.0231965569343626,-0.03665137904841682,0.8226654320774663,0.8226654320774663,-0.018946136418438994,-0.002355711868461261,-0.7330275809683363
4.95,98.94903336456525,2.6586261991707807,0.022829003798409048,-0.03685855752389419,0.8188719108784698,0.8188719108784698,-0.01878935169342041,-0.002353531512153724,-0.7371711504778838
4.96,99.1489820888585,2.6631546865736584,0.02245940378990643,-0.03706077011175043,0.815121761460801,0.8151217614608008,-0.018621573216425047,-0.0023510005459577207,-0.7412154022350086
4.97,99.34893247767786,2.6676090721327164,0.022087806771004595,-0.037257976292329825,0.8114162448994631,0.8114162448994631,-0.01844328305146185,-0.0023481245775480533,-0.7451595258465965
4.98,99.5488845121983,2.6719889609476573,0.021714262993883862,-0.037450138569107644,0.8077565910283473,0.8077565910283474,-0.01825494698217258,-0.0023449070674164785,-0.7490027713821529
4.99,99.74883817293669,2.6762939682036753,0.02133882307509005,-0.03763722155848659,0.8041433110516365,0.8041433110516365,-0.017879507063378767,-0.0023412874766884123,-0.7527444311697318
5.0,99.94879343976304,2.68052371925131,0.020961538101764553,-0.037819166602510945,0.8005704837348822,0.8005704837348822,-0.017679730205836502,-0.002337344213110379,-0.7563833320502189
5.01,100.14875029191161,2.684677849705828,0.020582459586026197,-0.03799594725627836,0.7970477117419611,0.7970477117419613,-0.017470844469986677,-0.002333082985329513,-0.7599189451255672
5.0200000000000005,100.34870870799313,2.688756005510448,0.02020163929047428,-0.0381675398593064,0.7935760468622862,0.7935760468622862,-0.01725327124206812,-0.0023285095085432677,-0.763350797186128
5.03,100.54866866600753,2.6927578429842494,0.019819129200608108,-0.03833392348299134,0.7901565124270197,0.7901565124270196,-0.017027418149810764,-0.0023236233383501603,-0.7666784696598268
5.04,100.7486301433573,2.6966830288654364,0.019434981510016845,-0.03849507743714886,0.7867895757825233,0.7867895757825233,-0.0166432704592195,-0.0023183806377307455,-0.7699015487429772
5.05,100.94859311686075,2.7005312403590422,0.01904924870422871,-0.038650964080664874,0.7834700671785063,0.7834700671785062,-0.0164079468783778,-0.0023128469949906744,-0.7730192816132975
5.0600000000000005,101.1485575627654,2.7043021651981975,0.018661983511137414,-0.03880157249247861,0.780206145651043,0.7802061456510431,-0.016165172711939305,-0.00230702805654935,-0.7760314498495723
5.07,101.3485234567622,2.7079955016745716,0.018273238755544582,-0.03894689420391267,0.776998675138444,0.776998675138444,-0.01591531824339744,-0.0023009294541633165,-0.7789378840782534
5.08,101.54849077400023,2.71161095865587,0.017883067334908465,-0.039086923144305744,0.7738484935082556,0.7738484935082556,-0.01565874230594385,-0.0022945481387719427,-0.7817384628861148
5.09,101.74845948910163,2.7151482555996784,0.017491522212848592,-0.03922165215569475,0.7707560003662773,0.7707560003662773,-0.015267197183883977,-0.0022878533547045854,-0.7844330431138951
5.1000000000000005,101.94842957617668,2.7186071225719792,0.017098656484956353,-0.03935106204179217,0.7677166360622015,0.7677166360622015,-0.015002927126488335,-0.0022808995456443507,-0.7870212408358435
5.11,102.14840100883869,2.72198730027472,0.01670452332871415,-0.039475155547565484,0.764737360129084,0.764737360129084,-0.014732674438948427,-0.0022736921569766746,-0.7895031109513097
5.12,102.34837376021989,2.7252885400474094,0.01630917588360874,-0.03959393752014532,0.7618188667678205,0.7618188667678205,-0.014456767041824121,-0.0022662366045925054,-0.7918787504029063
5.13,102.5483478029873,2.7285106038579316,0.01591266723037719,-0.0397074148555192,0.7589618261454816,0.7589618261454816,-0.014175523504068858,-0.002258528290627653,-0.794148297110384
5.14,102.74832310935888,2.7316532642905784,0.01551505039061644,-0.03981559249224874,0.7561665561287509,0.7561665561287509,-0.013777906664308106,-0.00225054638609451,-0.7963118498449748
5.15,102.94829965111978,2.734716304538792,0.015116378378409996,-0.03991846702227372,0.7534289693033489,0.753428969303349,-0.013490581554389171,-0.002242335866050882,-0.7983693404454744
5.16,103.14827739963839,2.7376995184036836,0.01471670415223009,-0.04001605291633424,0.7507550433958796,0.7507550433958796,-0.013198584479002799,-0.0022339018853888004,-0.8003210583266849
5.17,103.3482563258831,2.7406027102708808,0.014316080517037524,-0.04010836640010461,0.7481453179910267,0.7481453179910267,-0.012902208946321637,-0.0022252495599224494,-0.8021673280020922
5.18,103.548236400439,2.7434256950785216,0.013914560106984435,-0.040195425403967394,0.7456003103615213,0.7456003103615212,-0.01260174102274865,-0.002216373548081981,-0.8039085080793479
5.19,103.74821759352477,2.7461682982832056,0.01351219538931252,-0.04027724538785642,0.7431202485716238,0.743120248571624,-0.012199376305076736,-0.0022072603393180506,-0.8055449077571284
5.2,103.94819987500948,2.748830355830552,0.01310903870504184,-0.04035383615504226,0.7407013854593778,0.7407013854593779,-0.01189430312891471,-0.0021979469968864468,-0.8070767231008452
5.21,104.14818321442944,2.751411714129253,0.012705142224498667,-0.040425221992710474,0.7383489110011955,0.7383489110011955,-0.011585741487000985,-0.0021884383343276303,-0.8085044398542095
5.22,104.34816758100521,2.7539122300071974,0.012300557867986834,-0.04049142861341784,0.7360632225684557,0.7360632225684558,-0.011273957735607019,-0.0021787391206166892,-0.8098285722683568
5.23,104.5481529436588,2.7563317706604122,0.01189533729176409,-0.040552483109219085,0.7338446966535667,0.7338446966535668,-0.010959212540475282,-0.002168843848415286,-0.8110496621843817
5.24,104.74813927103068,2.7586702136005874,0.011489531894800592,-0.04060840985465818,0.7316934668616435,0.7316934668616435,-0.010553407143511785,-0.0021587442550565906,-0.8121681970931637
5.25,104.9481265314969,2.760927446607006,0.011083192851157952,-0.04065922946939552,0.7296060000266374,0.7296060000266373,-0.01023542227758683,-0.0021484708703923662,-0.8131845893879104
5.26,105.14811469318605,2.7631033676804515,0.010676371070094826,-0.0407049742554262,0.7275868724720825,0.7275868724720825,-0.009915032932163574,-0.0021380281443752857,-0.8140994851085239
5.2700000000000005,105.3481037239963,2.765197884982391,0.010269117132217788,-0.040745677637422296,0.7256363492541167,0.7256363492541168,-0.009592485011713628,-0.002127420479949884,-0.8149135527484459
5.28,105.54809359161248,2.76721091676841,0.009861481278459618,-0.04078137412188589,0.7237546757113084,0.7237546757113084,-0.00926802035862471,-0.002116642592158481,-0.8156274824377179
5.29,105.7480842635231,2.769142391320742,0.009453513418615528,-0.040812095439061086,0.7219418881402484,0.7219418881402483,-0.00886005249878062,-0.002105689876332065,-0.8162419087812217
5.3,105.94807570703713,2.7709922468849477,0.009045263157478552,-0.04083787086731994,0.7201945450805697,0.7201945450805697,-0.008533626909348115,-0.0020945875099533367,-0.8167574173463988
5.3100000000000005,106.14806788930083,2.7727604316076175,0.00863677975994544,-0.040858739076235114,0.7185167674723217,0.7185167674723216,-0.008205807031793428,-0.0020833395772667726,-0.8171747815247022
5.32,106.34806077731434,2.774446903462066,0.008228112099944326,-0.04087473958713957,0.7169086956001169,0.7169086956001168,-0.007876824604893428,-0.0020719501152210167,-0.8174947917427915
5.33,106.5480543379485,2.7760516301694826,0.00781930865209548,-0.04088591273753027,0.7153704509297978,0.7153704509297978,-0.007546908849579898,-0.002060414300204125,-0.8177182547506054
5.34,106.74804853796122,2.777574589119607,0.007410417501234464,-0.04089229615588987,0.7139019704160906,0.7139019704160906,-0.007138017698718882,-0.0020487299992849404,-0.8178459231177975
5.3500000000000005,106.94804334401393,2.7790157672952525,0.007001486363887431,-0.040893925880909836,0.7124997831589482,0.7124997831589482,-0.006807355731249584,-0.002036918026439191,-0.8178785176181967
5.36,107.14803872268759,2.7803751611973166,0.00659256255842187,-0.040890845480554376,0.7111677014969798,0.7111677014969798,-0.006476260249765665,-0.0020249821113905524,-0.8178169096110876
5.37,107.34803464049898,2.781652776760052,0.0061836929644434515,-0.040883099137153746,0.7099057462199986,0.7099057462199986,-0.006144954854285424,-0.0020129259377228283,-0.8176619827430749
5.38,107.54803106391654,2.7828486292628103,0.0057749240168052055,-0.04087073161696637,0.7087139199363279,0.7087139199363279,-0.005813662126963233,-0.0020007452707823687,-0.8174146323393273
5.39,107.7480279593761,2.783962743241645,0.005366301715557635,-0.040853785122784154,0.7075920584565638,0.7075920584565638,-0.005405039825715663,-0.0019884395870684553,-0.8170757024556831
5.4,107.94802529329652,2.784995152404473,0.004957871643955631,-0.040832300814407585,0.7065365378542563,0.7065365378542563,-0.005074173952611836,-0.001976026151630055,-0.8166460162881517
5.41,108.1480230320949,2.785945899546441,0.004549678943443816,-0.04080632587403596,0.7055510016120945,0.7055510016120945,-0.004743809576081663,-0.0019635083589879163,-0.8161265174807192
5.42,108.34802114220194,2.786815036457454,0.004141768281587625,-0.04077590789391873,0.704635354059491,0.704635354059491,-0.0044141680841032075,-0.0019508895595799576,-0.8155181578783746
5.43,108.54801959007688,2.787602623827021,0.003734183848101266,-0.04074109485077798,0.7037894817135636,0.7037894817135636,-0.004085471343152164,-0.0019381661562136079,-0.8148218970155596
5.44,108.74801834222225,2.788308731149221,0.0033269693648441973,-0.04070193234674934,0.703013117375722,0.703013117375722,-0.0036782568598950948,-0.0019253386235677543,-0.8140386469349868
5.45,108.94801736519845,2.788933436630943,0.0029201681012415346,-0.0406584652689711,0.702302353827978,0.702302353827978,-0.0033511408293935476,-0.0019124213412230514,-0.813169305379422
5.46,109.14801662563809,2.789476827100234,0.0025138228537374485,-0.040610743310452134,0.7016608029662333,0.7016608029662332,-0.003025459101867887,-0.0018994173921833652,-0.8122148662090427
5.47,109.34801609026013,2.789938997908386,0.002107975920657288,-0.04055881640116514,0.7010882534138391,0.7010882534138391,-0.002701436840492196,-0.001886329817931199,-0.8111763280233029
5.48,109.54801572588373,2.7903200528300243,0.0017026690999439019,-0.0405027346869109,0.700584476068881,0.700584476068881,-0.0023793012204480625,-0.0018731556539677758,-0.810054693738218
5.49,109.74801549944186,2.7906201039635437,0.001297943698953224,-0.04044254614651664,0.7001490987434911,0.7001490987434911,-0.001974575819457385,-0.0018598959509374938,-0.8088509229303329
5.5,109.94801537799482,2.7908392716345247,0.0008938405479315147,-0.0403782982248482,0.6997777890740482,0.6997777890740482,-0.001655178685862765,-0.0018465627392675668,-0.807565964496964
5.51,110.14801532874327,2.790977684299287,0.0004903999834881762,-0.04031004219166854,0.6994742669028967,0.6994742669028968,-0.0013381705570592976,-0.001833158815884252,-0.8062008438333708
5.5200000000000005,110.34801531904121,2.7910354784434745,8.766182907116556e-05,-0.04023782940918827,0.6992382035215048,0.6992382035215048,-0.0010237865803599732,-0.0018196869389799839,-0.8047565881837654
5.53,110.54801531640857,2.7910127984792155,-0.00031433460587120064,-0.040161711314895515,0.6990692522792636,0.6990692522792636,-0.0007122655265086151,-0.0018061447384514048,-0.8032342262979103
5.54,110.74801528854366,2.790909796642787,-0.0007155505164472026,-0.04008173738912406,0.6989669340996099,0.6989669340996097,-0.00031104961593261316,-0.0017925335575036307,-0.8016347477824812
5.55,110.94801520333525,2.7907266328950087,-0.0011159475903218014,-0.0399979566643763,0.6989263323100716,0.6989263323100716,-3.4531471758802567e-06,-0.0017788635089711993,-0.799959133287526
5.5600000000000005,111.14801502887447,2.7904634748218515,-0.0015154880207057977,-0.03991042120719683,0.6989514215466679,0.6989514215466679,0.0003007524445786671,-0.0017651371291642266,-0.7982084241439367
5.57,111.34801473346636,2.790120497531149,-0.001914134521342187,-0.039819183057589726,0.6990417516002452,0.6990417516002452,0.0006013154371064018,-0.001751356918485819,-0.7963836611517945
5.58,111.54801428564124,2.7896978835483384,-0.002311850326172265,-0.039724294215323884,0.6991968537695425,0.6991968537695427,0.0008979787554563791,-0.001737521043863966,-0.7944858843064777
5.59,111.74801365416577,2.7891958227128426,-0.0027085991803276715,-0.03962580492455864,0.6994161407761147,0.6994161407761147,0.0012947276096117858,-0.0017236309572480535,-0.7925160984911728
5.6000000000000005,111.94801280805372,2.788614512076938,-0.0031043453292752252,-0.0395237650095628,0.6996939283916981,0.6996939283916981,0.0015862256560479333,-0.0017096952003864004,-0.7904753001912559
5.61,112.14801171657642,2.7879541558049517,-0.003499053528745126,-0.03941822669077754,0.7000346057499883,0.7000346057499884,0.001873256704724301,-0.001695716073378755,-0.7883645338155508
5.62,112.34801034927312,2.7872149650694324,-0.0038926890560543707,-0.039309242065510536,0.7004375942041371,0.7004375942041371,0.002155545329746038,-0.0016816958431650761,-0.7861848413102107
5.63,112.54800867596089,2.786397157946732,-0.004285217708821631,-0.03919686309724203,0.7009022956946998,0.7009022956946998,0.0024328088670370115,-0.0016676331474595562,-0.7839372619448406
5.64,112.74800666674426,2.785500959313319,-0.004676605796432002,-0.0390811401810051,0.7014280149559087,0.7014280149559087,0.002824196954647383,-0.0016535294329709373,-0.7816228036201021
5.65,112.94800429202472,2.784526600744363,-0.005066820130089097,-0.03896212328687933,0.7020080846793955,0.7020080846793953,0.003094971240323375,-0.0016393919485005967,-0.7792424657375865
5.66,113.14800152250973,2.7834743204127714,-0.0054558280301347925,-0.038839864266188164,0.7026474873357169,0.7026474873357169,0.003360098671666774,-0.0016252227806748242,-0.7767972853237632
5.67,113.34799832922171,2.782344362985913,-0.005843597334419136,-0.03871441476988939,0.7033455058478242,0.7033455058478241,0.0036192723054545213,-0.0016110239855576173,-0.7742882953977879
5.68,113.54799468350654,2.7811369795220524,-0.0062300963962557375,-0.03858582624043922,0.7041014023900618,0.7041014023900618,0.003872175884108594,-0.0015967946033889366,-0.7717165248087844
5.69,113.7479905570419,2.7798524273675898,-0.006615294076365891,-0.03845414872157453,0.7049143770380284,0.7049143770380283,0.004257373564218748,-0.00158253600944654,-0.7690829744314907
5.7,113.9479859218452,2.7784909700563785,-0.006999159733669291,-0.03831943181074633,0.7057765214771132,0.7057765214771132,0.0045023489344711825,-0.0015682543831336264,-0.7663886362149266
5.71,114.14798075028149,2.7770528772096044,-0.007381663230410223,-0.0381817265705179,0.7066936168184265,0.7066936168184265,0.004740361404559315,-0.0015539516183765644,-0.7636345314103581
5.72,114.34797501507083,2.7755384244339427,-0.007762774938148916,-0.03804108380239113,0.7076647941614858,0.7076647941614859,0.004971063887351573,-0.0015396295809508573,-0.7608216760478226
5.73,114.54796868929556,2.773947893219662,-0.008142465735120997,-0.03789755404082735,0.708689162053139,0.708689162053139,0.005194097686714836,-0.0015252876477333437,-0.7579510808165469
5.74,114.74796174640711,2.772281570839585,-0.0085207069986487,-0.03775118657286527,0.7097658065682309,0.709765806568231,0.005409091882609179,-0.0015109270882033786,-0.7550237314573054
5.75,114.94795416023288,2.7705397502499527,-0.008897470596550855,-0.0376020302123423,0.7108853203118322,0.7108853203118322,0.005785855480511334,-0.0014965531924967925,-0.7520406042468459
5.76,115.14794590498245,2.768722729991956,-0.009272728890445716,-0.03745013490155128,0.7120544685815414,0.7120544685815413,0.0059909209945176655,-0.0014821676805655936,-0.7490026980310256
5.7700000000000005,115.34793695525384,2.7668308140920166,-0.009646454739830486,-0.03729555027500802,0.7132722318011812,0.7132722318011813,0.006187138728119202,-0.0014677722464224157,-0.7459110055001604
5.78,115.54792728603928,2.764864311962205,-0.01001862149898245,-0.03713832565527305,0.714537547173632,0.7145375471736322,0.006374097779439705,-0.001453366542659223,-0.742766513105461
5.79,115.74791687273091,2.762823538301551,-0.010389203009814848,-0.03697850925067193,0.715849327086486,0.7158493270864861,0.006551372436333464,-0.0014389517190716923,-0.7395701850134385
5.8,115.94790569112605,2.7607088129991038,-0.010758173593819632,-0.036816148770291025,0.7171965154976593,0.7171965154976593,0.0069203430203382465,-0.001424532322189619,-0.7363229754058205
5.8100000000000005,116.1478937174324,2.7585204610377434,-0.011125508053873127,-0.03665129277905992,0.7185869134612145,0.7185869134612146,0.007085855948884495,-0.0014101099147150024,-0.7330258555811985
5.82,116.34788092827272,2.7562588123971263,-0.01149118167678125,-0.03648398949912966,0.7200194076506906,0.7200194076506907,0.007240761160857643,-0.0013956860354226198,-0.7296797899825933
5.83,116.54786730068957,2.753924201956921,-0.011855170229838436,-0.03631428680718433,0.7214927419192358,0.7214927419192358,0.00738458484532306,-0.0013812605580075074,-0.7262857361436865
5.84,116.74785281214959,2.7515169694009507,-0.012217449954099081,-0.03614223158186603,0.7230056323667522,0.7230056323667522,0.007516835570548771,-0.0013668345112924564,-0.7228446316373206
5.8500000000000005,116.94783744054753,2.7490374591229556,-0.012577997556791263,-0.03596787018099869,0.7245450680925641,0.724545068092564,0.007877383173240951,-0.0013524118164988292,-0.7193574036199737
5.86,117.14782116421014,2.746486020133168,-0.012936790211906595,-0.03579124959736754,0.7261200609069913,0.7261200609069914,0.007995796202197357,-0.0013379938939252405,-0.7158249919473508
5.87,117.34780396189983,2.7438630059643363,-0.013293805561518284,-0.03561241645571425,0.7277294346871815,0.7277294346871815,0.008101575238557646,-0.0013235821417651372,-0.712248329114285
5.88,117.54778581281793,2.741168774578154,-0.013649021712093213,-0.035431417011270436,0.7293717132054355,0.7293717132054356,0.008194172017513357,-0.0013091766070110972,-0.7086283402254088
5.89,117.74776669660791,2.738403688272606,-0.014002417228149103,-0.035248296621963084,0.731045388884134,0.7310453888841338,0.008273017666039655,-0.0012947782034596093,-0.7049659324392616
5.9,117.94774659335819,2.735568113590812,-0.01435397112509274,-0.035063100109459684,0.7327351585613411,0.7327351585613411,0.008624571562983291,-0.0012803903235684142,-0.7012620021891937
5.91,118.14772548360484,2.732662421230734,-0.014703662868834967,-0.03487587275140259,0.7344514070520102,0.7344514070520102,0.008687213679507939,-0.0012660142583646253,-0.6975174550280517
5.92,118.3477033483341,2.7296869859545816,-0.015051472376130338,-0.03468665944015768,0.7361929510999213,0.7361929510999214,0.008734881947161467,-0.0012516512784161561,-0.6937331888031537
5.93,118.54768016898444,2.726642186498713,-0.01539738001072186,-0.03449550468234109,0.7379580625529835,0.7379580625529835,0.008766941525112074,-0.0012373015629642808,-0.6899100936468218
5.94,118.74765592744873,2.723528405484451,-0.015741366577353692,-0.03430245217426317,0.739744977597448,0.739744977597448,0.008782733901641209,-0.0012229659204144345,-0.6860490434852634
5.95,118.94763060607585,2.720346029330294,-0.016083413314998452,-0.034107545067139415,0.7415357375998718,0.7415357375998718,0.009124780639285969,-0.0012086472936686861,-0.6821509013427883
5.96,119.14760418767237,2.7170954481650167,-0.01642350189570126,-0.03391082682320126,0.7433422297368514,0.7433422297368514,0.009121664714174733,-0.001194346856078013,-0.6782165364640252
5.97,119.34757665550391,2.7137770557406777,-0.01676161442414327,-0.03371234050874844,0.7451633576787937,0.7451633576787936,0.009100872629211028,-0.001180065762020217,-0.6742468101749688
5.98,119.54754799329628,2.710391249346183,-0.017097733433684037,-0.03351212879447502,0.7469971041373629,0.746997104137363,0.009061670786708198,-0.0011658042883107207,-0.6702425758895004
5.99,119.74751818523632,2.7069384297217622,-0.01743184188070116,-0.03331023361576505,0.7488414111000904,0.7488414111000904,0.009003298962382188,-0.0011515631490188135,-0.666204672315301
6.0,119.9474872159728,2.7034190009747396,-0.017763923138179122,-0.033106696360416646,0.7506752872349786,0.7506752872349786,0.009335380219860148,-0.0011373449028325114,-0.6621339272083329
6.01,120.14745507061693,2.69983337049622,-0.018093960993952447,-0.03290155861000299,0.7525121866660838,0.7525121866660838,0.009255007468918384,-0.001123150615663692,-0.6580311722000598
6.0200000000000005,120.34742173474271,2.6961819488778347,-0.018421939649658537,-0.03269486154485632,0.7543512523150998,0.7543512523150998,0.00915384587574267,-0.001108981335793778,-0.6538972308971264
6.03,120.54738719438706,2.6924651498291,-0.018747843716729964,-0.032486645945030965,0.7561901351809166,0.7561901351809167,0.00903105173624562,-0.0010948374087462152,-0.6497329189006193
6.04,120.74735143604988,2.6886833900956666,-0.019071658211035444,-0.03227695191991848,0.7580264397312468,0.7580264397312468,0.008885752168702597,-0.0010807194653438025,-0.6455390383983696
6.05,120.94731444669382,2.684837089378785,-0.019393368546806518,-0.032065819034513846,0.7598357716999561,0.7598357716999561,0.00920746250447367,-0.001066629734263724,-0.6413163806902769
6.0600000000000005,121.14727621374396,2.6809266702556926,-0.019712960534422237,-0.03185328695298792,0.7616331040419216,0.7616331040419216,0.009036636574826208,-0.0010525691830266068,-0.6370657390597584
6.07,121.34723672508714,2.6769525581001843,-0.02003042037888538,-0.03163939493727227,0.763418057709544,0.763418057709544,0.008841456085314309,-0.0010385387627381195,-0.6327878987454454
6.08,121.54719596907141,2.6729151810038294,-0.02034573467580757,-0.03142418184852313,0.7651879045055535,0.7651879045055535,0.008620958122283568,-0.0010245388639236604,-0.6284836369704626
6.09,121.74715393450502,2.6688149696980656,-0.020658890406327488,-0.03120768593305275,0.7669398632311121,0.7669398632311122,0.008374148905419208,-0.001010570044497497,-0.624153718661055
6.1000000000000005,121.94711061065544,2.6646523574774306,-0.020969874931356138,-0.030989944900794476,0.7686458070622469,0.7686458070622469,0.008685133430447857,-0.0009966342483382776,-0.6197988980158895
6.11,122.1470659872481,2.6604277801237117,-0.021278675989019762,-0.03077099648480253,0.7703219980977125,0.7703219980977125,0.008408804629970677,-0.000982732352589258,-0.6154199296960506
6.12,122.34702005446509,2.6561416758303786,-0.021585281692769603,-0.030550878018338543,0.771968899489076,0.771968899489076,0.00810407177730534,-0.000968865219081994,-0.6110175603667709
6.13,122.54697280294363,2.6517944851276836,-0.02188968052739316,-0.03032962643672422,0.7735833526512526,0.7735833526512526,0.007769848024687191,-0.0009550332641327729,-0.6065925287344844
6.140000000000001,122.74692422377437,2.6473866508086195,-0.022191861344189247,-0.03010727810878518,0.7751621390707161,0.7751621390707161,0.007405015501637755,-0.0009412369819420458,-0.6021455621757036
6.15,122.94687430849957,2.642918617855946,-0.02249181335551395,-0.029883868878912586,0.7766731602275267,0.7766731602275267,0.007704967512962459,-0.0009274780695061982,-0.5976773775782517
6.16,123.14682304911125,2.6383908333701194,-0.02278952613197816,-0.02965943455378664,0.7781334616613259,0.778133461661326,0.0073061383949756305,-0.0009137573207102427,-0.5931886910757328
6.17,123.34677043804898,2.633803746497589,-0.02308498960027986,-0.029434010545467328,0.7795448902686787,0.7795448902686787,0.006874363011800773,-0.0009000755151321292,-0.5886802109093465
6.18,123.54671646819773,2.6291578083597664,-0.02337819403926874,-0.029207631873542413,0.7809038045243892,0.7809038045243892,0.006408433309273442,-0.0008864330795221575,-0.5841526374708482
6.19,123.74666113288549,2.62445347198283,-0.023669130075359493,-0.02898033303316979,0.7822064959979378,0.7822064959979378,0.005907112530391747,-0.0008728304522788453,-0.5796066606633958
6.2,123.94660442588074,2.6196911922285393,-0.02395778867736267,-0.028752148010074967,0.7834168150046794,0.7834168150046794,0.006195771132394923,-0.0008592691154791219,-0.5750429602014994
6.21,124.14654634138992,2.6148714257259327,-0.02424416115351461,-0.028523110703962722,0.7845516861539313,0.7845516861539312,0.005655508798722713,-0.0008457497860969356,-0.5704622140792545
6.22,124.34648687405469,2.609994630803448,-0.024528239149105634,-0.028293254627219443,0.785615125396313,0.785615125396313,0.005077292098166687,-0.0008322731677172911,-0.5658650925443889
6.23,124.54642601894903,2.6050612674217217,-0.024810014642618772,-0.02806261290728011,0.7866029584078397,0.7866029584078398,0.004459806195711593,-0.0008188396854289361,-0.5612522581456022
6.24,124.74636377157627,2.6000717971072005,-0.0250894799413651,-0.027831218183959023,0.7875109376409103,0.7875109376409103,0.003801713617329148,-0.00080544972847125,-0.5566243636791804
6.25,124.9463001278661,2.5950266828866995,-0.025366627676584895,-0.027599102604907926,0.7882990317831103,0.7882990317831103,0.0040788613525489445,-0.0007921045910791505,-0.5519820520981585
6.26,125.14623508417132,2.5899263892228284,-0.02564145080037279,-0.02736629819376379,0.7889825932704543,0.7889825932704543,0.003376479656726713,-0.0007788049189977538,-0.5473259638752758
6.2700000000000005,125.34616863726461,2.584771381949878,-0.025913942583161608,-0.027132836595785276,0.7895689157414454,0.7895689157414454,0.002630751186228613,-0.0007655513454254768,-0.5426567319157055
6.28,125.54610078433504,2.579562128210386,-0.026184096609951153,-0.02689874908037637,0.7900532513865366,0.7900532513865367,0.0018402860473886833,-0.0007523442844221043,-0.5379749816075273
6.29,125.7460315229847,2.574299096392486,-0.02645190677615177,-0.026664066461743973,0.7904307746551856,0.7904307746551856,0.0010036831351490846,-0.0007391840815419781,-0.5332813292348795
6.3,125.94596085122507,2.568982756068153,-0.026717367282941384,-0.02642881908078153,0.7906580964925114,0.7906580964925114,0.0012691436419387007,-0.000726071866224182,-0.5285763816156306
6.3100000000000005,126.14588876747338,2.563613577932292,-0.026980472634136818,-0.02619303712488035,0.7907468385942364,0.7907468385942366,0.0003826394004983573,-0.0007130082180946412,-0.5238607424976071
6.32,126.34581527054878,2.558192033742314,-0.027241217633581585,-0.02595675041322867,0.7907090905300321,0.7907090905300321,-0.0005528275003281354,-0.0006999937050082738,-0.5191350082645734
6.33,126.5457403596686,2.5527185962583823,-0.02749959738147718,-0.02571998839944078,0.790539509232493,0.790539509232493,-0.0015386660158800169,-0.0006870287228873084,-0.5143997679888156
6.34,126.74566403444433,2.5471937391844217,-0.027755607270421995,-0.02548278011070607,0.7902326729007226,0.7902326729007225,-0.0025762775867056997,-0.00067411357804957,-0.5096556022141214
6.3500000000000005,126.9455862948777,2.54161793710997,-0.02800924298101144,-0.025245154120747026,0.7897428210511925,0.7897428210511925,-0.0023226418761162562,-0.0006612492548398792,-0.5049030824149405
6.36,127.14550714135649,2.5359916654528463,-0.028260500478695296,-0.02500713882731526,0.7890748377633818,0.7890748377633817,-0.0034157925730889695,-0.0006484362713812774,-0.5001427765463052
6.37,127.3454265746505,2.530315400402323,-0.028509376011109363,-0.02476876227103963,0.7882476137602781,0.7882476137602781,-0.004563475521632377,-0.000635675134742922,-0.49537524542079264
6.38,127.54534459590728,2.524589618862966,-0.028755866104517656,-0.02453005213812021,0.7872552216897856,0.7872552216897856,-0.0057670304152959715,-0.0006229662174534846,-0.4906010427624042
6.390000000000001,127.74526120664783,2.5188147983991955,-0.02899996756003607,-0.024291035714064792,0.7860916604290255,0.7860916604290256,-0.007027761314984265,-0.000610309790174843,-0.48582071428129586
6.4,127.9451764087622,2.5129914171806624,-0.029241677449462797,-0.02405173985128127,0.7847103300245711,0.7847103300245711,-0.006786051425557538,-0.0005977067090698682,-0.4810347970256254
6.41,128.14509020450515,2.507119953928392,-0.02948099311215371,-0.023812191209527385,0.7831054598363426,0.7831054598363426,-0.008107612254818408,-0.0005851574349492551,-0.47624382419054767
6.42,128.3450025964917,2.5012008878614593,-0.029717912152329457,-0.02357241610315559,0.7813052725352865,0.7813052725352865,-0.009488817049065327,-0.000572662418235295,-0.4714483220631118
6.43,128.5449135876925,2.4952346986443064,-0.029952432435635095,-0.023332440503838425,0.7793033186084722,0.7793033186084722,-0.010930807361373456,-0.0005602220043126933,-0.4666488100767685
6.44,128.7448231814293,2.489221866334761,-0.03018455208553868,-0.023092290005756348,0.7770930888425449,0.7770930888425448,-0.012434649705344452,-0.0005478364310550923,-0.461845800115127
6.45,128.9447313813703,2.4831628713328224,-0.030414269479380158,-0.022851989790495422,0.7746292330229638,0.7746292330229638,-0.012204932311502973,-0.000535506441018289,-0.45703979580990844
6.46,129.14463819152556,2.477058194330188,-0.030641583245289206,-0.02261156483508464,0.7718906112727847,0.7718906112727846,-0.013774010017800651,-0.0005232324415228349,-0.4522312967016928
6.47,129.3445436162421,2.4709083162603136,-0.030866492259493866,-0.022371039783284447,0.7689177854624428,0.7689177854624428,-0.015406800917859162,-0.0005110148301206533,-0.44742079566568893
6.48,129.54444766019932,2.4647137182490986,-0.031088995643001615,-0.022130438948317222,0.7657039197204788,0.7657039197204789,-0.017104072399439018,-0.0004988539225147309,-0.44260877896634443
6.49,129.744350328404,2.4584748815662505,-0.03130909275816411,-0.021889786286998118,0.7622421452855399,0.7622421452855398,-0.01886646505009479,-0.0004867499260880596,-0.43779572573996234
6.5,129.9442516261857,2.4521922875773647,-0.03152678320493345,-0.021649105363894663,0.758490881426085,0.758490881426085,-0.018648774603325452,-0.00047470348239662225,-0.43298210727789327
6.51,130.14415155919156,2.4458664176967284,-0.031742066817841155,-0.0214084195310379,0.7544085262091565,0.7544085262091565,-0.020479194203483105,-0.0004627149487733928,-0.42816839062075795
6.5200000000000005,130.34405013338173,2.439497753340648,-0.031954943663329294,-0.021167751819570993,0.7500512581706059,0.7500512581706059,-0.02237557561272733,-0.00045078467336184016,-0.42335503639141986
6.53,130.54394735502413,2.433086775881386,-0.03216541403655514,-0.020927124942464032,0.7454120888993262,0.7454120888993261,-0.02433808697527847,-0.00043891294061318577,-0.41854249884928063
6.54,130.74384323068966,2.4266339666017473,-0.03237347845811462,-0.020686561275590338,0.7404840400526711,0.7404840400526711,-0.02636670626230474,-0.00042709992927285914,-0.41373122551180674
6.55,130.94373776724714,2.420139806650348,-0.03257913767049476,-0.020446082822539204,0.7352319086635416,0.7352319086635416,-0.0261610470499246,-0.00041534619084114825,-0.4089216564507841
6.5600000000000005,131.14363097185833,2.4136047769975737,-0.0327823926351284,-0.020205711369608394,0.7295890314460504,0.7295890314460504,-0.028257949009248027,-0.00040365203588755937,-0.40411422739216785
6.57,131.34352285197275,2.4070293583920566,-0.03298324452976416,-0.019965468394691894,0.7236303061878451,0.7236303061878451,-0.030420273534914208,-0.0003920177663349094,-0.39930936789383786
6.58,131.54341341532285,2.4004140313177413,-0.033181694745395944,-0.019725375069962286,0.7173489446409104,0.7173489446409103,-0.032647322548583914,-0.00038044363457723305,-0.39450750139924573
6.59,131.7433026699187,2.3937592759515764,-0.03337774488313763,-0.0194854522483098,0.7107382295574484,0.7107382295574485,-0.03493813662886651,-0.0003689297922378472,-0.389709044966196
6.6000000000000005,131.9431906240431,2.3870655721218506,-0.03357139675086181,-0.01924572042975661,0.7037714170914092,0.7037714170914092,-0.034744484761142336,-0.0003574767102943898,-0.3849144085951322
6.61,132.14307728624624,2.380333399267189,-0.03376265236034051,-0.019006199894916954,0.6963541039326476,0.6963541039326476,-0.037100221239209946,-0.00034608465553337506,-0.38012399789833906
6.62,132.34296266534085,2.3735632363960546,-0.03395151392466742,-0.018766910628476487,0.6885820834878298,0.6885820834878298,-0.0395169452242232,-0.0003347538866048316,-0.37533821256952976
6.63,132.54284677039686,2.3667555620468277,-0.0341379838553117,-0.018527872321829862,0.6804492476487384,0.6804492476487384,-0.04199280499405308,-0.00032348462363784045,-0.37055744643659727
6.640000000000001,132.7427296107364,2.3599108542484735,-0.03432206475913774,-0.018289104363632933,0.6719496364581542,0.6719496364581542,-0.04452561670888573,-0.0003122769923996793,-0.36578208727265865
6.65,132.94261119592855,2.3530295904818312,-0.03450375943522029,-0.01805062580842769,0.6630656464885158,0.6630656464885158,-0.04434392203280318,-0.00030113139167713344,-0.3610125161685538
6.66,133.14249153578427,2.346112247641522,-0.034683070872079065,-0.017812455491380993,0.6536763084011251,0.6536763084011251,-0.04693353679356406,-0.00029004804723997994,-0.35624910982761987
6.67,133.34237064035133,2.3391593019983623,-0.034860002245162926,-0.017574611964109255,0.6438985040362205,0.6438985040362205,-0.04957467266233823,-0.0002790271772022897,-0.3514922392821851
6.68,133.54224851990898,2.332171229162324,-0.0350345569140274,-0.017337113497261233,0.6337273965660265,0.6337273965660265,-0.05226405683181213,-0.0002680689696816863,-0.34674226994522467
6.69,133.74212518496302,2.3251485040460627,-0.03520673841949328,-0.01709997807420215,0.6231583832226562,0.6231583832226562,-0.05499802734652127,-0.0002571735256772735,-0.341999561484043
6.7,133.94200064624042,2.3180916008290353,-0.03537655048062925,-0.016863223362201123,0.6121813171355149,0.6121813171355149,-0.0548282152853853,-0.0002463411790909892,-0.3372644672440225
6.71,134.14187491468445,2.311000992922204,-0.035543996992085075,-0.01662686681092587,0.6006557746132335,0.6006557746132335,-0.057605076508216155,-0.00023557211725279073,-0.3325373362185174
6.72,134.34174800144942,2.303877152933234,-0.03570908202164597,-0.01639092559870519,0.5887167181305104,0.5887167181305103,-0.060417990599790805,-0.00022486652029097951,-0.32781851197410383
6.73,134.5416199178956,2.2967205526322174,-0.03587180980753189,-0.01615541663504975,0.5763612324408833,0.5763612324408833,-0.06326207692437359,-0.00021422454491593982,-0.32310833270099504
6.74,134.74149067558398,2.2895316629179407,-0.03603218475568945,-0.015920356556701005,0.5635867168669355,0.5635867168669355,-0.06613204030755622,-0.0002036462683241578,-0.3184071311340201
6.75,134.94136028627145,2.282310953784705,-0.03619021143693346,-0.01568576170154265,0.5503857547241986,0.5503857547241986,-0.06597401362631222,-0.00019313196596035102,-0.313715234030853
6.76,135.1412287619055,2.2750588942897125,-0.03634589458438183,-0.015451648193030049,0.5366129759801804,0.5366129759801803,-0.06886648880812897,-0.0001826817891232583,-0.309032963860601
6.7700000000000005,135.34109611461926,2.267775952520927,-0.03649923909108598,-0.01521803189527105,0.5224142076325067,0.5224142076325067,-0.0717730093780983,-0.0001722958823396364,-0.304360637905421
6.78,135.54096235672637,2.2604625955654414,-0.036650250007449627,-0.014984928415479614,0.507789074117728,0.507789074117728,-0.07468705621756368,-0.00016197437177850566,-0.2996985683095923
6.79,135.74082750071605,2.2531192894783585,-0.036798932538648944,-0.014752353101792378,0.4927375706635877,0.4927375706635877,-0.07760172147281068,-0.00015171731171983758,-0.2950470620358476
6.8,135.94069155924802,2.245746499252205,-0.036945292041924684,-0.014520321019928839,0.47724742951774834,0.4772474295177484,-0.07745536196953492,-0.00014152492482464825,-0.2904064203985768
6.8100000000000005,136.14055454514755,2.238344688786875,-0.037089334024120575,-0.014288847025466912,0.4611898934755755,0.4611898934755755,-0.08036568304948397,-0.0001313973286185955,-0.2857769405093382
6.82,136.3404164714004,2.230914320860041,-0.0372310641393939,-0.014057945726367701,0.4447100341385005,0.4447100341385006,-0.08326170528713805,-0.00012133463426264589,-0.28115891452735403
6.83,136.54027735114806,2.2234558570980365,-0.037370488186751316,-0.013827631485357933,0.42781048412157124,0.42781048412157124,-0.08613547106287625,-0.00011133693844075363,-0.27655262970715866
6.84,136.74013719768263,2.2159697579472444,-0.03750761210759208,-0.013597918419052718,0.4104942613301838,0.41049426133018374,-0.08897872674928198,-0.00010140427335492614,-0.27195836838105436
6.8500000000000005,136.93999602444205,2.2084564826459774,-0.037642441983143274,-0.013368820377292293,0.3927354565427992,0.3927354565427992,-0.08884389687373077,-9.153681390705787e-05,-0.26737640754584585
6.86,137.13985384500512,2.2009164891968735,-0.03777498403210206,-0.013140351004937535,0.37444715943348894,0.37444715943348894,-0.09165041520552189,-8.173464597252966e-05,-0.2628070200987507
6.87,137.33971067308678,2.1933502343397264,-0.037905244608429416,-0.012912523710671838,0.35575897039977566,0.35575897039977566,-0.09440916448475209,-7.199784944867482e-05,-0.2582504742134368
6.88,137.53956652253325,2.1857581735247837,-0.03803323019899989,-0.012685351669310365,0.33667673960763433,0.33667673960763433,-0.0971112280222937,-6.232649272450894e-05,-0.2537070333862073
6.890000000000001,137.73942140731722,2.1781407608865146,-0.03815894742126332,-0.012458847821873302,0.31720666845795664,0.31720666845795664,-0.0997475576030541,-5.2720586738021386e-05,-0.24917695643746604
6.9,137.93927534153306,2.170498449217853,-0.038282403020815946,-0.012233024857463264,0.29730254370804315,0.29730254370804315,-0.09962410200350147,-4.318026309685739e-05,-0.24466049714926527
6.91,138.1391283393922,2.1628316899449174,-0.03840360386914602,-0.012007895266041855,0.27694125743451814,0.2769412574345182,-0.10218782397016848,-3.370557802647585e-05,-0.24015790532083708
6.92,138.33898041521832,2.1551409331021634,-0.03852255696151241,-0.011783471312519665,0.2562223617972823,0.2562223617972823,-0.10466752274940105,-2.4296582141806303e-05,-0.2356694262503933
6.93,138.53883158344283,2.1474266273079734,-0.03863926941470528,-0.01155976503899064,0.23515481806244323,0.23515481806244323,-0.10705407673788456,-1.4953316816252808e-05,-0.23119530077981282
6.94,138.73868185860013,2.1396892197406947,-0.038753748464821734,-0.011336788265484234,0.2137478670559758,0.2137478670559758,-0.1093384569059944,-5.6757725289029314e-06,-0.22673576530968467
6.95,138.93853125532306,2.1319291561151315,-0.03886600146496605,-0.011114552574207162,0.19193491577533048,0.1919349157753305,-0.10922620390585008,3.5359584257876614e-06,-0.22229105148414324
6.96,139.13837978833834,2.124146880659484,-0.038976035883097435,-0.010893069354574075,0.16976582297829865,0.16976582297829862,-0.11140175447775154,1.268184758334251e-05,-0.2178613870914815
6.97,139.33822747246214,2.116342836092707,-0.039083859299994396,-0.010672349781746809,0.14730049109244658,0.14730049109244658,-0.11345759292525526,2.1761871740124755e-05,-0.2134469956349362
6.98,139.53807432259543,2.108517463602282,-0.03918947940712307,-0.01045240481879341,0.1245505970413901,0.12455059704139011,-0.1153853446100722,3.07760152047456e-05,-0.2090480963758682
6.99,139.7379203537197,2.1006712028224204,-0.03929290400452238,-0.010233245217912896,0.10152801510984567,0.10152801510984567,-0.11717698036840374,3.97243071505738e-05,-0.20466490435825793
7.0,139.9377655808924,2.0928044918126862,-0.03939414099862722,-0.010014881506842993,0.0781563024284872,0.07815630242848719,-0.1170757433742989,4.860669103438549e-05,-0.20029763013685986
7.01,140.13761001924283,2.084917767037059,-0.039493198400216395,-0.009797324027250889,0.05454559987594373,0.05454559987594373,-0.11872582177094293,5.742316436573504e-05,-0.1959464805450178
7.0200000000000005,140.33745368396757,2.0770114633433825,-0.03959008432246304,-0.009580582917011304,0.03071659019818716,0.03071659019818716,-0.12022500312189817,6.617372958199897e-05,-0.1916116583402261
7.03,140.53729659032626,2.0690860139432177,-0.0396848069789071,-0.009364668112290385,0.006683081140181468,0.006683081140181467,-0.12156666278794712,7.485839531302161e-05,-0.1872933622458077
7.04,140.73713875363748,2.0611418503920964,-0.039777374681446036,-0.009149589349087299,-0.01756118600484928,0.01756118600484928,-0.12147409508540816,8.347720957101815e-05,-0.18299178698174598
7.05,140.9369801892744,2.053179402570183,-0.039867795838274774,-0.00893535615160142,-0.04201933003660985,0.04201933003660985,-0.12265433752065738,9.203014836588705e-05,-0.1787071230320284
7.0600000000000005,141.13682091266074,2.0451990986633435,-0.03995607895193178,-0.008721977864941043,-0.06662036279654497,0.06662036279654496,-0.12366559922235522,0.00010051723348812072,-0.17443955729882085
7.07,141.33666093926655,2.03720136514459,-0.040042232617435,-0.008509463640539356,-0.0913490779982295,0.0913490779982295,-0.12450315166212653,0.00010893849133866517,-0.1701892728107871
7.08,141.5365002846043,2.029186626755903,-0.0401262655203552,-0.008297822438163504,-0.11619019517236319,0.11619019517236319,-0.12516298736920742,0.00011729395350143233,-0.16595644876327006
7.09,141.73633896422467,2.0211553064904404,-0.04020818643490801,-0.008087063027657302,-0.1411493217670376,0.14114932176703762,-0.1250810664546546,0.0001255836860040792,-0.16174126055314603
7.1000000000000005,141.93617699371276,2.0131078255751302,-0.040288004222005194,-0.007877193979061305,-0.16618268619708304,0.16618268619708304,-0.12556203726606557,0.00013380769452813712,-0.15754387958122612
7.11,142.13601438868398,2.005044603453651,-0.04036572782739627,-0.007668223690467913,-0.191261138686647,0.19126113868664696,-0.1258595647143027,0.00014196602353875657,-0.15336447380935825
7.12,142.33585116478025,1.9969660577697612,-0.04044136627988911,-0.007460160376066718,-0.2163686499996116,0.2163686499996116,-0.12597198912109236,0.00015005872180892698,-0.14920320752133437
7.13,142.53568733766622,1.988872604351003,-0.04051492868952065,-0.007253012068080082,-0.2414891337098237,0.2414891337098237,-0.12589842671146081,0.0001580858425188551,-0.14506024136160164
7.140000000000001,142.7355229230254,1.9807646571927597,-0.040586424245746454,-0.007046786618620918,-0.2665952354498332,0.26659523544983327,-0.1258269768314928,0.00016604746887816685,-0.14093573237241835
7.15,142.93535793655633,1.9726426284426852,-0.04065586221559792,-0.006841491691366719,-0.2916612298220486,0.2916612298220486,-0.12556956746878636,0.0001739436336346977,-0.13682983382733438
7.16,143.13519239396905,1.9645069283854888,-0.04072325194191688,-0.006637134785274932,-0.3166709614244578,0.3166709614244577,-0.1251270184972007,0.00018177440240267897,-0.13274269570549865
7.17,143.33502631098133,1.9563579654280683,-0.040788602841659444,-0.0064337232248287395,-0.3416082675822011,0.3416082675822011,-0.1245009713778768,0.0001895398448155099,-0.1286744644965748
7.18,143.53485970331513,1.9481961460849846,-0.040851924404160626,-0.006231264161900165,-0.3664378675079249,0.3664378675079249,-0.1244376498153756,0.00019724003447172105,-0.12462528323800331
7.19,143.73469258669303,1.9400218749642792,-0.04091322618941751,-0.006029764577597691,-0.39112656598691675,0.39112656598691675,-0.12363257259921917,0.00020487507044484772,-0.12059529155195382
7.2,143.93452497683458,1.9318355547536403,-0.04097251782634794,-0.005829231275558892,-0.4156750463121581,0.4156750463121581,-0.12264966906731756,0.0002124450106610641,-0.11658462551117785
7.21,144.13435688945307,1.9236375862069057,-0.041029809011115206,-0.005629670901759941,-0.4400677151213793,0.4400677151213794,-0.12149292854155876,0.000219949940274836,-0.11259341803519882
7.22,144.33418834025196,1.9154283681308977,-0.04108510950551299,-0.005431089936854452,-0.4642890054888168,0.46428900548881685,-0.12016706142859372,0.0002273899483429556,-0.10862179873708903
7.23,144.53401934492155,1.9072082973725788,-0.0411384291353208,-0.005233494697901631,-0.48825929239832927,0.48825929239832927,-0.12011374179878591,0.0002347651276140976,-0.10466989395803261
7.24,144.73384991913562,1.8989777688065397,-0.041189777788676975,-0.0050368913401436476,-0.5119980414046663,0.5119980414046664,-0.11862610953339629,0.00024207559206152512,-0.10073782680287295
7.25,144.93368007854832,1.8907371753228035,-0.041239165414434384,-0.0048412858518042225,-0.5355029103197284,0.5355029103197284,-0.11698075532279538,0.00024932142275338297,-0.09682571703608445
7.26,145.13350983879073,1.8824869078149635,-0.04128660202057223,-0.004646684070427183,-0.5587596248177497,0.5587596248177497,-0.11518428582925642,0.00025650272296620056,-0.09293368140854366
7.2700000000000005,145.3333392154679,1.8742273551686242,-0.041332097672660086,-0.004453091677064981,-0.5817410243441367,0.5817410243441368,-0.11513879017716858,0.00026361959981312087,-0.08906183354129961
7.28,145.53316822415553,1.8659589042501559,-0.0413756624923009,-0.004260514197858095,-0.6043500425521323,0.6043500425521323,-0.11320027038380319,0.00027067216383842353,-0.0852102839571619
7.29,145.73299688039705,1.8576819398957507,-0.04141730665559048,-0.004068957005743577,-0.626655475877113,0.626655475877113,-0.1111253625350887,0.00027766054331486504,-0.08137914011487155
7.3,145.93282519970055,1.849396844900793,-0.0414570403915654,-0.003878425316467795,-0.6486449493340319,0.6486449493340319,-0.10892207802428522,0.0002845848402352709,-0.0775685063293559
7.3100000000000005,146.13265319753577,1.8411040000095324,-0.04149487398069897,-0.0036889242021065386,-0.6703062911014254,0.6703062911014253,-0.10659877378200322,0.00029144517476888934,-0.07377848404213078
7.32,146.33248088933124,1.8328037839050542,-0.04153081775344266,-0.003500458586711608,-0.6915820864563919,0.6915820864563917,-0.10656283000925953,0.0002982416707840269,-0.07000917173423216
7.33,146.53230829047138,1.8244965731995328,-0.04156488208875323,-0.0033130332477768576,-0.7124192911309883,0.7124192911309882,-0.10413002431054277,0.00030497445533129373,-0.06626066495553715
7.34,146.73213541629366,1.8161827424247872,-0.04159707741263539,-0.003126652817880031,-0.7328841642062298,0.7328841642062298,-0.10159468419530188,0.0003116436703079969,-0.06253305635760062
7.3500000000000005,146.93196228208583,1.8078626640231195,-0.041627414196677516,-0.0029413217816725698,-0.7529670257160143,0.7529670257160143,-0.09896582127065898,0.0003182494366535245,-0.0588264356334514
7.36,147.13178890308322,1.7995367083384495,-0.04165590295662874,-0.0027570444871087116,-0.772658506504435,0.7726585065044349,-0.09625253980082603,0.00032479189023826885,-0.05514088974217423
7.37,147.33161529446602,1.7912052436077173,-0.0416825542510159,-0.002573825142239101,-0.7918766204854139,0.791876620485414,-0.09622588850643889,0.0003312711704466977,-0.05147650284478202
7.38,147.5314414713567,1.7828686359525703,-0.041707378679751377,-0.002391667816589467,-0.8106126607878653,0.8106126607878654,-0.09343915205635245,0.0003376874196081052,-0.04783335633178934
7.390000000000001,147.73126744881742,1.7745272493713213,-0.041730386882755814,-0.002210576442737337,-0.8289262819222978,0.8289262819222978,-0.09058623449560968,0.00034404079251742386,-0.04421152885474674
7.4,147.9310932418475,1.7661814457311857,-0.04175158953857743,-0.0020305548140871327,-0.8468109888391011,0.846810988839101,-0.08767616706592876,0.0003503314272835518,-0.040611096281742656
7.41,148.1309188653809,1.7578315847607824,-0.04177099736304729,-0.0018516065942340008,-0.8642606812410774,0.8642606812410774,-0.08471784958763832,0.0003565594743272952,-0.03703213188468001
7.42,148.33074433428388,1.7494780240429049,-0.04178862110796962,-0.0016737353146584286,-0.8811822051802497,0.8811822051802498,-0.08470022584271601,0.00036272508736915493,-0.03347470629316857
7.43,148.5305696633525,1.7411211190075508,-0.041804471559807245,-0.001496944376035508,-0.8975938817804426,0.8975938817804425,-0.08170415250179977,0.0003688284228478427,-0.02993888752071016
7.44,148.73039486731045,1.73276122292521,-0.04181855953838115,-0.0013212370497485556,-0.9135532815797909,0.9135532815797908,-0.07867703776851459,0.0003748696476951127,-0.02642474099497111
7.45,148.93021996080654,1.7243986869004153,-0.04183089589556951,-0.0011466164762938017,-0.9290572665091105,0.9290572665091106,-0.07562711884983711,0.000380848915582443,-0.022932329525876035
7.46,149.1300449584127,1.716033859865542,-0.041841491514038195,-0.0009730856731234554,-0.9441031256613035,0.9441031256613035,-0.07256233707135269,0.0003867663903730342,-0.019461713462469107
7.47,149.3298698746216,1.7076670885748637,-0.04185035730600231,-0.0008006475330460088,-0.9586019481182539,0.9586019481182539,-0.07255347127938858,0.00039262223899919063,-0.016012950660920178
7.48,149.52969472384473,1.6992987175988488,-0.04185750421198604,-0.0006293048254788717,-0.9725747273154617,0.9725747273154617,-0.06948316100316917,0.0003984166308952013,-0.012586096509577434
7.49,149.72951952041,1.6909290893187072,-0.04186294319959599,-0.00045906019790088574,-0.9860851690740857,0.9860851690740858,-0.06641285661017203,0.00040414974434936055,-0.009181203958017714
7.5,149.92934427856,1.6825585439211728,-0.04186668526229639,-0.00028991617476035905,-0.9991333084647196,0.9991333084647195,-0.06334945019343591,0.00040982174713371475,-0.005798323495207181
7.51,150.12916901244978,1.6741874193935344,-0.04186874141821182,-0.00012187516407600733,-1.011719581659383,1.0117195816593831,-0.060299445259914965,0.0004154328154895439,-0.0024375032815201468
7.5200000000000005,150.3289937361451,1.665816051518897,-0.04186912270895774,4.506054361165681e-05,-1.0237720978679483,1.0237720978679483,-0.06029906396916905,0.0004209831284899058,0.0009012108722331361
7.53,150.5288184636203,1.6574447738716782,-0.04186784019847169,0.00021088877403549992,-1.0352924607352079,1.0352924607352079,-0.057270227005849536,0.0004264728675035655,0.004217775480709999
7.54,150.72864320875667,1.649073917813331,-0.04186490497185755,0.0003756074678086497,-1.0463579786633974,1.0463579786633974,-0.05426657678341015,0.00043190222138697685,0.007512149356172994
7.55,150.9284679853405,1.6407038124882987,-0.04186032813423332,0.000539214681114978,-1.0569713788405333,1.0569713788405333,-0.0512933934855822,0.0004372713706751305,0.01078429362229956
7.5600000000000005,151.12829280706134,1.6323347848201961,-0.04185412080960338,0.0007017085801251556,-1.0671357176983807,1.067135717698381,-0.04835554292991322,0.00044258050296708083,0.014034171602503111
7.57,151.3281176875103,1.6239671595082137,-0.04184629413975552,0.0008630874416162672,-1.0768038126856947,1.0768038126856947,-0.04836336959976107,0.00044782980845626744,0.017261748832325344
7.58,151.52794264017834,1.6156012590237334,-0.04183685928316073,0.0010233496518091889,-1.0859436597523096,1.0859436597523093,-0.04546691372743714,0.0004530194794351162,0.020466993036183777
7.59,151.72776767845474,1.6072374036071695,-0.041825827413885436,0.0011824937050326527,-1.0946502178872621,1.0946502178872621,-0.04261428008218611,0.0004581497145407048,0.023649874100653053
7.6000000000000005,151.92759281562545,1.5988759112650193,-0.04181320972050859,0.0013405182040952463,-1.102928250054201,1.1029282500542013,-0.03980911651307191,0.0004632207058409648,0.026810364081904927
7.61,152.12741806487145,1.5905170977671321,-0.04179901740506065,0.0014974218555357567,-1.110782753298627,1.110782753298627,-0.03705468191802772,0.00046823265131620796,0.029948437110715133
7.62,152.32724343926753,1.5821612766441788,-0.041783261681984894,0.001653203469910717,-1.1181935424121028,1.1181935424121028,-0.03707043764110348,0.0004731857513082909,0.03306406939821434
7.63,152.52706895178056,1.5738087591853331,-0.04176595377710283,0.001807861960669896,-1.125090077174826,1.125090077174826,-0.0343711662051627,0.00047808020807048795,0.03615723921339792
7.640000000000001,152.7268946152683,1.565459854436154,-0.04174710492659171,0.001961396342875875,-1.1315849239439881,1.1315849239439881,-0.031728013339040906,0.00048291622924079026,0.0392279268575175
7.65,152.9267204424778,1.557114869196673,-0.041726726375967825,0.0021138057333244167,-1.1376841831107716,1.1376841831107716,-0.029143149779473004,0.00048769401728394635,0.04227611466648833
7.66,153.1265464460444,1.5487741080196762,-0.04170482937908951,0.002265089346481352,-1.1433940925181638,1.1433940925181638,-0.026618414368354076,0.0004924137796282352,0.04530178692962704
7.67,153.3263726384901,1.5404378732091868,-0.041681425197180294,0.002415246494514219,-1.1487194613108547,1.1487194613108547,-0.02664181855026329,0.0004970757258382221,0.04830492989028438
7.68,153.5261990322227,1.532106464819138,-0.04165652509785738,0.0025642765862036797,-1.1535540817344514,1.1535540817344516,-0.02418023117419395,0.0005016800672111299,0.051285531724073595
7.69,153.7260256395343,1.5237801806522382,-0.04163014035417163,0.002712179125716643,-1.1580247556853291,1.158024755685329,-0.021781511356487093,0.0005062270196193738,0.054243582514332866
7.7,153.92585247260024,1.5154593162590273,-0.04160228224365411,0.0028589537125293363,-1.1621382852461715,1.1621382852461715,-0.019446606543596937,0.0005107167948709843,0.05717907425058673
7.71,154.1256795434781,1.5071441649371156,-0.04157296204738051,0.0030046000379305273,-1.1659015268302508,1.1659015268302506,-0.01717620308908894,0.0005151496089512855,0.06009200075861054
7.72,154.32550686410653,1.4988350177306111,-0.04154219104905388,0.003149117884857783,-1.1693213857271139,1.169321385727114,-0.014970744421396391,0.0005195256797661375,0.06298235769715566
7.73,154.5253344463043,1.490532163429726,-0.0415099805340934,0.003292507126843308,-1.1723186195633084,1.1723186195633082,-0.015002954936356866,0.0005238452267837464,0.06585014253686616
7.74,154.72516230176916,1.4822358885705642,-0.04147634178873437,0.0034347677268387333,-1.1749741694740305,1.1749741694740305,-0.012864087799056014,0.0005281084733618129,0.06869535453677467
7.75,154.9249904420771,1.4739464774350814,-0.0414412860991351,0.00357589973698491,-1.1773132910785773,1.1773132910785773,-0.010790383989255359,0.0005323156396713808,0.0715179947396982
7.76,155.1248188786813,1.4656642120512273,-0.041404824750500266,0.0037159032955837944,-1.1793429661853698,1.1793429661853698,-0.008781664927015057,0.0005364669494052375,0.07431806591167589
7.7700000000000005,155.32464762291136,1.4573893721932545,-0.04136696902622085,0.0038547786267870707,-1.1810701645569628,1.1810701645569628,-0.00683757893480124,0.0005405626279715519,0.07709557253574141
7.78,155.5244766859723,1.4491222353822022,-0.041327730207020755,0.003992526039575502,-1.1824415705198552,1.182441570519855,-0.006876817754001334,0.00054460290217866,0.07985052079151005
7.79,155.724306078944,1.4408630768865411,-0.04128711957011416,0.004129145926633779,-1.183497397623132,1.183497397623132,-0.004998228080951843,0.0005485880021408506,0.08258291853267558
7.8,155.92413581278035,1.432612169722991,-0.041245148388370234,0.004264638764002265,-1.1842773254639107,1.184277325463911,-0.0031831017293067546,0.0005525181554774495,0.08529277528004531
7.8100000000000005,156.12396589830848,1.4243697846574974,-0.041201827929492806,0.004399005108438398,-1.184788108979638,1.1847881089796382,-0.0014306623068617852,0.0005563935927793079,0.08798010216876796
7.82,156.32379634622814,1.4161361902063754,-0.04115716945521532,0.004532245596995139,-1.1850364509146534,1.1850364509146534,0.0002599789600847627,0.0005602145461586058,0.09064491193990278
7.83,156.52362716711102,1.407911652637603,-0.04111118422050281,0.004664360946033573,-1.1849890316265825,1.1849890316265823,0.00021399372537225791,0.0005639812489733322,0.09328721892067146
7.84,156.72345837140023,1.3996964359722797,-0.041063883472764275,0.004795351950145829,-1.1846557461500846,1.1846557461500846,0.001842509136239942,0.0005676939373883903,0.09590703900291658
7.8500000000000005,156.9232899694097,1.391490801986236,-0.041015278451072494,0.004925219481717638,-1.1840852061476734,1.1840852061476734,0.003411299730691035,0.000571352845615747,0.09850438963435276
7.86,157.1231219713235,1.3832950102118002,-0.04096538038539776,0.005053964488614453,-1.1832837147439137,1.1832837147439137,0.004921514482499029,0.0005749582103738614,0.10107928977228905
7.87,157.32295438719564,1.375109317939708,-0.04091420049585554,0.00518158799367956,-1.1822575000434636,1.1822575000434636,0.006374366060750036,0.0005785102697196714,0.1036317598735912
7.88,157.5227872269493,1.366933980221168,-0.04086174999196155,0.0053080910937794434,-1.1809878593251233,1.1809878593251233,0.006321915556856045,0.0005820092628090855,0.10616182187558887
7.890000000000001,157.72262050037665,1.3587692498700694,-0.04080804007189664,0.005433474958773272,-1.1794638557709445,1.1794638557709445,0.007717410680870666,0.0005854554311759874,0.10866949917546545
7.9,157.9224542171382,1.3506153774653384,-0.04075308192177943,0.005557740831009245,-1.1777383154059742,1.1777383154059742,0.009058130080386619,0.0005888490148230347,0.11115481662018491
7.91,158.12228838676273,1.3424726113534309,-0.040696886714951634,0.005680890023282872,-1.1758169665716562,1.1758169665716565,0.010345419121266141,0.0005921902558634951,0.11361780046565745
7.92,158.32212301864672,1.3343411976509716,-0.04063946561127642,0.005802923918277837,-1.1737054526176374,1.1737054526176374,0.011580650388276294,0.0005954793975772975,0.11605847836555674
7.930000000000001,158.5219581220542,1.3262213802475278,-0.040580829756444114,0.005923843967644171,-1.1713952173505102,1.1713952173505102,0.011522014533443991,0.000598716684203735,0.11847687935288342
7.94,158.7217937061164,1.318113400808524,-0.04052099028128754,0.006043651691012517,-1.1688623214839375,1.1688623214839375,0.012705376859911178,0.0006019023619894733,0.12087303382025033
7.95,158.92162977983156,1.3100174987782833,-0.04045995830110492,0.006162348675443059,-1.1661601455452864,1.1661601455452864,0.013839490605622798,0.0006050366759750277,0.12324697350886119
7.96,159.12146635206477,1.3019339113832102,-0.040397744914994704,0.006279936573612622,-1.163293794607269,1.163293794607269,0.014925768470800032,0.0006081198729720372,0.12559873147225242
7.97,159.32130343154773,1.293862873635099,-0.04033436120520238,0.006396417103216792,-1.160268287441722,1.1602682874417218,0.01596562475648902,0.0006111522007976546,0.12792834206433584
7.98,159.5211410268786,1.2858046183345713,-0.04026981823647479,0.006511792046080682,-1.1570817323930414,1.1570817323930414,0.01590108178776143,0.0006141339080957572,0.13023584092161364
7.99,159.72097914652196,1.2777593760746448,-0.040204127055423526,0.006626063247216449,-1.153703174642054,1.153703174642054,0.016894779246961464,0.0006170652451956994,0.13252126494432898
8.0,159.92081779880868,1.2697273752444191,-0.04013729868989599,0.006739232614239656,-1.15018396327257,1.15018396327257,0.017844880333784126,0.0006199464614682585,0.1347846522847931
8.01,160.1206569919359,1.2617088420328926,-0.0400693441483575,0.006851302115749982,-1.146528581728745,1.146528581728745,0.018752776563337625,0.0006227778077620612,0.13702604231499962
8.02,160.320496733967,1.2537040004328968,-0.04000027441928457,0.006962273780708931,-1.142741431142825,1.1427414311428252,0.019619844297576596,0.0006255595357803146,0.13924547561417863
8.03,160.52033703283158,1.245713072245151,-0.039930100470565555,0.00707214969758303,-1.138824711763846,1.138824711763846,0.019549670348857583,0.0006282918979270074,0.1414429939516606
8.040000000000001,160.72017789632554,1.2377362770824343,-0.03985883324891017,0.0071809320134430905,-1.1347447346771464,1.1347447346771462,0.020376174473496534,0.0006309751480105479,0.1436186402688618
8.05,160.92001933211105,1.229773832373878,-0.03978648367926645,0.007288622933359881,-1.1305491727876678,1.1305491727876675,0.02116455648351041,0.0006336095390662708,0.14577245866719762
8.06,161.11986134771678,1.2218259533693623,-0.03971306266424807,0.007395224718949609,-1.1262419204547245,1.1262419204547243,0.021916130495819187,0.000636195325352183,0.14790449437899217
8.07,161.3197039505379,1.2138928531440356,-0.039638581083572016,0.007500739687738374,-1.1218267965742368,1.1218267965742368,0.022632185505876447,0.0006387327618396204,0.15001479375476748
8.08,161.51954714783628,1.2059747426029408,-0.03956304979350371,0.007605170212337604,-1.1173075451901535,1.1173075451901535,0.02331398373041286,0.0006412221040812095,0.15210340424675206
8.09,161.71939094674062,1.1980718304857494,-0.03948647962631041,0.007708518719583489,-1.1126528085565164,1.1126528085565164,0.02323741356321956,0.0006436636087873061,0.15417037439166978
8.1,161.9192353542467,1.1901843233716045,-0.03940888138972209,0.007810787689921759,-1.1079034833815318,1.1079034833815318,0.023885160993291306,0.0006460575320311169,0.1562157537984352
8.11,162.11908037721747,1.1823124256840698,-0.03933026586640189,0.007911979656093809,-1.1030636588869227,1.103063658886923,0.024501101262618653,0.0006484041308849239,0.1582395931218762
8.120000000000001,162.31892602238352,1.1744563396961802,-0.03925064381342641,0.008012097202496859,-1.0981366224166003,1.0981366224166003,0.02508640895775508,0.0006507036630022312,0.1602419440499372
8.13,162.518772296343,1.1666162655356025,-0.039170025961773144,0.008111142964391206,-1.0931255944610125,1.0931255944610125,0.025642227814385684,0.0006529563865045427,0.16222285928782412
8.14,162.71861920556228,1.158792401189882,-0.039088423015815894,0.008209119627078513,-1.0880058521851892,1.0880058521851892,0.025560624868428434,0.0006551625604534695,0.16418239254157027
8.15,162.91846675637603,1.1509849425118035,-0.039005845652827525,0.008306029925283162,-1.0828086312563576,1.0828086312563574,0.02608709286297827,0.0006573224433698927,0.16612059850566324
8.16,163.11831495498765,1.143194083224842,-0.038922304522491714,0.008401876641959493,-1.0775391187630814,1.0775391187630814,0.02658627579236231,0.0006594362945765439,0.16803753283918987
8.17,163.31816380746955,1.135420014928711,-0.03883781024642383,0.008496662607654342,-1.07220012753893,1.07220012753893,0.02705922252703823,0.0006615043738538576,0.16993325215308686
8.18,163.51801331976358,1.127662927105005,-0.03875237341769885,0.008590390699745905,-1.06679441174526,1.06679441174526,0.027506950072947824,0.0006635269413429514,0.1718078139949181
8.19,163.71786349768146,1.1199230071229345,-0.03866600460038694,0.008683063841659257,-1.0613023336403984,1.0613023336403984,0.027420581255635915,0.0006655042579321222,0.17366127683318516
8.2,163.91771434690511,1.1122004402451533,-0.038578714329096125,0.00877468500225047,-1.0557480151794347,1.0557480151794347,0.02784315338875138,0.0006674365840340042,0.1754937000450094
8.21,164.11756587298726,1.1044954096336732,-0.038490513108523396,0.00886525719471865,-1.0501369602298078,1.050136960229808,0.028242455716958527,0.0006693241806880289,0.17730514389437302
8.22,164.3174180813516,1.0968080963558742,-0.0384014114130145,0.008954783475976062,-1.0444715648268867,1.0444715648268865,0.028619410567453433,0.000671167309275868,0.17909566951952122
8.23,164.51727097729363,1.0891386793905873,-0.03831141968613039,0.009043266945918171,-1.0387541741405455,1.0387541741405455,0.02897490934632812,0.0006729662314383077,0.18086533891836343
8.24,164.71712456598095,1.081487335634277,-0.038220548340221185,0.009130710746675085,-1.0329690718555418,1.0329690718555415,0.028884038000418916,0.0006747212093914732,0.1826142149335017
8.25,164.91697885245378,1.0738542399072992,-0.038128807756006904,0.009217118062003106,-1.0271351152039585,1.0271351152039585,0.029218072396398308,0.0006764325049161365,0.18434236124006212
8.26,165.1168338416256,1.066239564960245,-0.03803620828216616,0.009302492116288067,-1.0212576530617614,1.0212576530617614,0.029532352947558314,0.000678100380263592,0.18604984232576133
8.27,165.3166895382836,1.0586434814803634,-0.03794276023493299,0.009386836173927158,-1.0153387196701185,1.0153387196701185,0.029827681151786127,0.0006797250979194683,0.18773672347854317
8.28,165.51654594708936,1.051066158098064,-0.03784847389770024,0.009470153538629449,-1.0093803055494739,1.009380305549474,0.030104829684796997,0.0006813069205324595,0.18940307077258897
8.290000000000001,165.7164030725793,1.043507761393497,-0.037753359520630025,0.00955244755270205,-1.00336974246603,1.00336974246603,0.03000971530772678,0.0006828461111728781,0.191048951054041
8.3,165.91626091916544,1.0359684559032156,-0.037657427320270796,0.009633721596452737,-0.997321957581088,0.9973219575810879,0.0302686108351319,0.0006843429324965512,0.19267443192905476
8.31,166.11611949113592,1.0284484041268998,-0.037560687479181835,0.00971397908727343,-0.9912418843539681,0.9912418843539681,0.03051079832984603,0.0006857976474895978,0.1942795817454686
8.32,166.31597879265573,1.0209477665341693,-0.03746315014556551,0.00979322347903662,-0.9851312457158644,0.9851312457158644,0.030736967891286698,0.0006872105192716292,0.1958644695807324
8.33,166.51583882776728,1.0134667015714607,-0.03736482543290582,0.009871458261425888,-0.9789917272416979,0.9789917272416979,0.030947783491867713,0.0006885818110345965,0.19742916522851775
8.34,166.71569960039116,1.006005365668977,-0.037265723419613685,0.009948686959255446,-0.9728130511200483,0.9728130511200483,0.03084868147857558,0.0006899117862539915,0.1989737391851089
8.35,166.91556111432672,0.9985639132477069,-0.03716585414867857,0.010024913131886797,-0.9666071768766575,0.9666071768766575,0.031044014425942585,0.0006912007079965594,0.20049826263773593
8.36,167.11542337325287,0.9911424967265139,-0.037065227627327245,0.010100140372382771,-0.9603785008371989,0.9603785008371989,0.031225255871873338,0.0006924488395329068,0.20200280744765542
8.370000000000001,167.3152863807288,0.9837412665292895,-0.03696385382668973,0.01017437230692095,-0.9541284797938864,0.9541284797938864,0.03139299572253356,0.0006936564441729223,0.203487446138419
8.38,167.51515014019455,0.9763603710921794,-0.036861742681471396,0.010247612594153448,-0.94785853874892,0.9478585387489199,0.03154780067441362,0.0006948237852132214,0.20495225188306898
8.39,167.71501465497204,0.9689999568708616,-0.03675890408963138,0.010319864924558704,-0.94156029189133,0.94156029189133,0.03144496208257361,0.0006959511261094777,0.20639729849117408
8.4,167.91487992826555,0.9616601683478996,-0.03665534791206724,0.010391133019874205,-0.93524342742551,0.93524342742551,0.031586658770575,0.0006970387299027003,0.2078226603974841
8.41,168.11474596316268,0.9543411480401525,-0.03655108397230626,0.010461420632313324,-0.9289117697907251,0.9289117697907251,0.03171649707841913,0.0006980868597233139,0.2092284126462665
8.42,168.31461276263502,0.947043036506246,-0.03644612205620357,0.010530731543997257,-0.922566549336635,0.9225665493366348,0.03183497841996617,0.0006990957786530259,0.21061463087994514
8.43,168.514480329539,0.9397659723541039,-0.0363404719116461,0.01059906956634352,-0.9162089694289114,0.9162089694289114,0.03194258390061604,0.0007000657496795801,0.21198139132687038
8.44,168.7143486666167,0.9325100922485365,-0.03623414324826274,0.01066643853944863,-0.9098321552226475,0.9098321552226476,0.03183625523723268,0.0007009970358371776,0.2133287707889726
8.45,168.91421777649666,0.9252755309188874,-0.036127145737140307,0.010732842331538624,-0.9034440310527148,0.9034440310527148,0.03193277751074075,0.0007018898997305911,0.21465684663077247
8.46,169.1140876616947,0.9180624211667338,-0.03601948901054585,0.010798284838241997,-0.8970478660982453,0.8970478660982454,0.03201933764755689,0.0007027446039500471,0.21596569676483993
8.47,169.31395832461473,0.9108708938736488,-0.035911182661655494,0.010862769982041295,-0.8906446986974559,0.8906446986974559,0.032096359967897795,0.0007035614109548892,0.2172553996408259
8.48,169.51382976754968,0.9037010780090038,-0.035802236244288674,0.010926301711689606,-0.8842355443162732,0.8842355443162732,0.03216425122646052,0.0007043405830345367,0.21852603423379213
8.49,169.71370199268233,0.8965531006378356,-0.03569265927264848,0.010988884001623025,-0.8778147448031498,0.8778147448031498,0.03205467425482033,0.0007050823824227225,0.2197776800324605
8.5,169.91357500208616,0.889427086928759,-0.03558246122106746,0.011050520851430058,-0.8713888344529395,0.8713888344529395,0.03211320321187912,0.0007057870709024016,0.22101041702860116
8.51,170.11344879772622,0.8823231601619309,-0.03547165152375947,0.011111216285175043,-0.8649605715356554,0.8649605715356555,0.03216337394275962,0.0007064549101472689,0.22222432570350087
8.52,170.31332338146007,0.8752414417370618,-0.03536023957457762,0.01117097435087024,-0.858530831952236,0.8585308319522361,0.03220554430853909,0.0007070861616234557,0.22341948701740477
8.53,170.51319875503862,0.8681820511814764,-0.03524823472677752,0.011229799119919412,-0.8521004722256857,0.8521004722256859,0.032240057113084475,0.0007076810865557563,0.22459598239838824
8.540000000000001,170.71307492010715,0.8611451061582195,-0.03513564629278619,0.011287694686559093,-0.8456648211399813,0.8456648211399812,0.03212746867909314,0.0007082399460203902,0.22575389373118188
8.55,170.912951878206,0.8541307224742126,-0.03502248354397636,0.01134466516734758,-0.8392293021366449,0.839229302136645,0.032154077940153104,0.0007087630006166885,0.22689330334695162
8.56,171.11282963077176,0.8471390140884438,-0.0349087557104463,0.011400714700534133,-0.8327962194904417,0.8327962194904418,0.032173681632749425,0.0007092505107482292,0.22801429401068268
8.57,171.312708179138,0.8401700931202124,-0.03479447198080554,0.011455847445551904,-0.8263663118807685,0.8263663118807685,0.03218658079474129,0.0007097027365395084,0.2291169489110381
8.58,171.51258752453637,0.8332240698574103,-0.03467964150196567,0.011510067582487953,-0.8199403015644015,0.8199403015644015,0.03219306364750741,0.0007101199378066474,0.23020135164975905
8.59,171.7124676680974,0.8263010527648453,-0.03456427337893644,0.011563379311552146,-0.8135143229009157,0.8135143229009156,0.032077695524478186,0.0007105023741325442,0.2312675862310429
8.6,171.91234861085147,0.8194011484926053,-0.03444837667462703,0.01161578685258634,-0.8070929002842978,0.8070929002842977,0.03207750940901803,0.0007108503045938066,0.23231573705172678
8.61,172.1122303537299,0.8125244618844606,-0.03433196040965267,0.011667294444475134,-0.8006779441669104,0.8006779441669104,0.03207145605074121,0.000711163987992156,0.23334588888950267
8.620000000000001,172.31211289756578,0.8056710959863045,-0.03421503356214662,0.011717906344659947,-0.7942700773857126,0.7942700773857124,0.03205978821539622,0.000711443682783583,0.23435812689319893
8.63,172.51199624309493,0.7988411520546354,-0.03409760506757724,0.01176762682863461,-0.7878699088456614,0.7878699088456613,0.03204274782008306,0.000711689647052867,0.2353525365726922
8.64,172.711880390957,0.7920347295650643,-0.03397968381856984,0.011816460189440955,-0.781474233826779,0.7814742338267789,0.03192482657107566,0.0007119021385743047,0.2363292037888191
8.65,172.9117653416963,0.7852519262208687,-0.03386127866473367,0.01186441073719834,-0.7750868410720373,0.7750868410720373,0.03190216122984269,0.0007120814145843814,0.23728821474396677
8.66,173.11165109576297,0.778492837961575,-0.033742398412493886,0.011911482798552515,-0.768709305263359,0.768709305263359,0.0318745852089107,0.0007122277319721975,0.2382296559710503
8.67,173.3115376535137,0.7717575589715748,-0.0336230518249286,0.011957680716210806,-0.7623421514438028,0.7623421514438028,0.03184231047448293,0.000712341347219077,0.2391536143242161
8.68,173.51142501521306,0.7650461816887737,-0.03350324762161067,0.012003008848462582,-0.755985892818119,0.755985892818119,0.031805539850230866,0.0007124225163763335,0.24006017696925164
8.69,173.71131318103417,0.7583587968132712,-0.033382994478454324,0.012047471568700412,-0.749637869109351,0.7496378691093512,0.03168528670707451,0.0007124714951141936,0.24094943137400823
8.700000000000001,173.91120215105994,0.75169549331607,-0.033262301027566304,0.012091073264970094,-0.7433012615826855,0.7433012615826854,0.03164377395434021,0.0007124885385323753,0.24182146529940188
8.71,174.1110919252839,0.7450563584478196,-0.03314117585710205,0.01213381833945453,-0.7369773622516721,0.7369773622516721,0.03159815365667109,0.0007124739013167384,0.2426763667890906
8.72,174.3109825036113,0.7384414777475777,-0.033019627511126415,0.012175711208029943,-0.7306666135526259,0.7306666135526259,0.031548603435070745,0.0007124278376876685,0.24351422416059887
8.73,174.51087388586024,0.7318509350516104,-0.03289766448947909,0.012216756299810356,-0.7243694478405431,0.7243694478405431,0.0314952932327185,0.0007123506013806197,0.2443351259962071
8.74,174.7107660717624,0.7252848125022124,-0.032775295247644505,0.012256958056693435,-0.7180836547118383,0.7180836547118382,0.031372923990883914,0.0007122424456853956,0.2451391611338687
8.75,174.91065906096432,0.7187431905565556,-0.03265252819662614,0.012296320932930857,-0.7118119100921598,0.7118119100921598,0.0313156185952716,0.0007121036232881592,0.24592641865861714
8.76,175.11055285302825,0.7122261479955605,-0.0325293717028254,0.012334849394644637,-0.7055552702526209,0.705555270252621,0.03125487975032206,0.0007119343864002432,0.24669698789289274
8.77,175.31044744743326,0.7057337619327938,-0.03240583408792505,0.012372547919404024,-0.6993141077710437,0.6993141077710439,0.03119085625672885,0.0007117349867139268,0.24745095838808048
8.78,175.51034284357618,0.699266107823387,-0.032281923628776896,0.01240942099579328,-0.6930887866167708,0.6930887866167708,0.031123690485203165,0.0007115056753853685,0.2481884199158656
8.790000000000001,175.7102390407728,0.6928232594729773,-0.032157648557293785,0.01244547312298125,-0.686877468937016,0.6868774689370158,0.030999415413720057,0.0007112467030660056,0.248909462459625
8.8,175.91013603825857,0.6864052890466747,-0.0320330170603459,0.012480708810311872,-0.6806824078653755,0.6806824078653755,0.03092888716064933,0.0007109583197706699,0.24961417620623744
8.81,176.11003383519,0.6800122670780394,-0.031908037279661135,0.01251513257685061,-0.674504464418891,0.6745044644188911,0.03085549133579122,0.000710640774983436,0.2503026515370122
8.82,176.30993243064546,0.6736442624780888,-0.03178271731173002,0.012548748950981754,-0.6683439519990189,0.6683439519990189,0.030779352615605694,0.0007102943176196585,0.25097497901963506
8.83,176.50983182362623,0.6673013425443188,-0.03165706520771454,0.012581562469998652,-0.6622011766327384,0.6622011766327384,0.030700590303248884,0.0007099191960109527,0.25163124939997306
8.84,176.70973201305762,0.6609835729697437,-0.03153108897336109,0.012613577679696139,-0.6560746094334867,0.6560746094334867,0.030574614068895438,0.0007095156579301868,0.2522715535939228
8.85,176.90963299778986,0.6546910178519533,-0.03140479656891745,0.01264479913398091,-0.6499661482666004,0.6499661482666004,0.03049302616141456,0.0007090839504812809,0.2528959826796182
8.86,177.10953477659928,0.6484237397021865,-0.03127819590905373,0.012675231394445976,-0.64387649323054,0.64387649323054,0.030409046001970082,0.0007086243201861316,0.25350462788891953
8.870000000000001,177.30943734818922,0.6421817994544197,-0.03115129486278748,0.012704879029987971,-0.6378059074905964,0.6378059074905963,0.03032277811220726,0.0007081370129519555,0.2540975805997594
8.88,177.50934071119107,0.6359652564744753,-0.031024101253412647,0.01273374661641908,-0.6317546478714633,0.6317546478714633,0.030234322530977072,0.0007076222740580502,0.25467493232838156
8.89,177.70924486416538,0.6297741685691333,-0.03089662285843223,0.012761838736081462,-0.6257214419271007,0.6257214419271007,0.03010684413599666,0.0007070803481755733,0.25523677472162926
8.9,177.90914980560282,0.6236085919952667,-0.030768867409494933,0.01278915997747709,-0.6197078880378385,0.6197078880378385,0.030016019564840842,0.0007065114792753823,0.2557831995495418
8.91,178.10905553392521,0.6174685814689855,-0.030640842592335536,0.012815714934868442,-0.6137145541297974,0.6137145541297974,0.02992320240646506,0.0007059159106993576,0.2563142986973688
8.92,178.30896204748655,0.6113541901747915,-0.030512556046719118,0.012841508207915343,-0.6077416606092738,0.6077416606092737,0.029828480368052388,0.0007052938851322704,0.25683016415830684
8.93,178.508869344574,0.6052654697747459,-0.030384015366388926,0.01286654440130786,-0.6017894224085586,0.6017894224085586,0.029731937421563145,0.0007046456445900841,0.2573308880261572
8.94,178.70877742340903,0.5992024704176464,-0.0302552280990179,0.012890828124401836,-0.5958567799804325,0.5958567799804325,0.02960315015419212,0.000703971430435518,0.25781656248803675
8.950000000000001,178.9086862821483,0.5931652407482128,-0.03012620174616375,0.01291436399086779,-0.5899450786649185,0.5899450786649185,0.02950462761796746,0.0007032714833009027,0.25828727981735583
8.96,179.10859591888467,0.5871538279162875,-0.02999694376322779,0.012937156618316228,-0.5840547780502873,0.5840547780502873,0.029404449028368345,0.0007025460431466541,0.25874313236632457
8.97,179.30850633164837,0.5811682775860326,-0.029867461559417118,0.012959210627953539,-0.5781860620359253,0.5781860620359253,0.029302688079097448,0.0007017953492370023,0.25918421255907076
8.98,179.5084175184079,0.5752086339451462,-0.029737762497710492,0.012980530644235077,-0.5723391097742538,0.5723391097742537,0.029199415354284112,0.0007010196401296475,0.25961061288470155
8.99,179.708329477071,0.5692749397140792,-0.02960785389482754,0.013001121294521027,-0.5665130384297159,0.5665130384297159,0.029069506751401162,0.0007002191536879114,0.2600224258904205
9.0,179.90824220548575,0.5633672361552595,-0.02947774302120139,0.013020987208743883,-0.5607089792010724,0.5607089792010724,0.028964587594471434,0.0006993941270161169,0.2604197441748777
9.01,180.10815570144152,0.5574855630823227,-0.029347437100954697,0.013040133019056942,-0.5549273029552294,0.5549273029552294,0.02885829627790801,0.0006985447965074799,0.26080266038113886
9.02,180.30806996267003,0.5516299588693455,-0.029216943311879084,0.013058563359508705,-0.5491681623133954,0.5491681623133954,0.028750694823948694,0.0006976713978231505,0.2611712671901741
9.03,180.50798498684625,0.5458004604600857,-0.02908626878541782,0.013076282865715431,-0.5434317057606012,0.5434317057606012,0.028641842667565882,0.0006967741658830553,0.26152565731430866
9.040000000000001,180.7079007715895,0.5399971033772223,-0.02895542060665175,0.013093296174536558,-0.5377171970440475,0.5377171970440475,0.02851099448879981,0.000695853334875312,0.2618659234907312
9.05,180.9078173144643,0.5342199217316054,-0.028824405814288537,0.013109607923760251,-0.532025585941694,0.5320255859416939,0.028400781980502783,0.0006949091382020592,0.26219215847520505
9.06,181.10773461298157,0.5284689482314966,-0.028693231400654887,0.013125222751773769,-0.5263571706535226,0.5263571706535226,0.028289437330621503,0.000693941808518641,0.26250445503547537
9.07,181.30765266459943,0.5227442141918223,-0.028561904311692192,0.013140145297255832,-0.5207120768980863,0.5207120768980864,0.028177012843669292,0.000692951577715501,0.2628029059451166
9.08,181.50757146672427,0.5170457495434221,-0.02843043144695515,0.013154380198867938,-0.5150904267718248,0.5150904267718248,0.028063558672068355,0.0006919386769100718,0.26308760397735875
9.09,181.70749101671169,0.511373582842299,-0.028298819659613453,0.013167932094948572,-0.5094916054908387,0.5094916054908387,0.027931946884726666,0.0006909033364540041,0.26335864189897146
9.1,181.9074113118675,0.5057277412788685,-0.028167075756456533,0.013180805623216323,-0.5039164090189027,0.5039164090189027,0.027817379009847147,0.0006898457858877257,0.2636161124643265
9.11,182.10733234944865,0.5001082506872083,-0.028035206497901283,0.013193005420460905,-0.49836507597292035,0.4983650759729204,0.027701882442357266,0.0006887662539724769,0.2638601084092181
9.120000000000001,182.30725412666428,0.49451513555430365,-0.027903218598002794,0.013204536122252962,-0.49283770883404765,0.4928377088340476,0.02758550139588621,0.0006876649686746608,0.26409072244505927
9.13,182.50717664067648,0.488948419029297,-0.0277711187244681,0.013215402362653433,-0.48733440689498914,0.48733440689498914,0.02746827829394604,0.0006865421571586702,0.26430804725306867
9.14,182.70709988860153,0.4834081229327245,-0.02763891349867257,0.01322560877392583,-0.4818546558940209,0.48185465589402093,0.02733607306815051,0.0006853980457923773,0.2645121754785166
9.15,182.90702386751065,0.4778942677657592,-0.027506609495679377,0.013235159986256387,-0.4763991213194528,0.47639912131945283,0.027217949847422505,0.0006842328601090024,0.26470319972512774
9.16,183.10694857443096,0.47240687271944554,-0.02737421324426171,0.013244060627464648,-0.47096799283526614,0.47096799283526614,0.027099070894963287,0.0006830468248332783,0.264881212549293
9.17,183.30687400634653,0.46694595568393044,-0.027241731226927805,0.013252315322730145,-0.4655613527599192,0.4655613527599192,0.026979473686142206,0.0006818401638679319,0.2650463064546029
9.18,183.5068001601992,0.4615115332576896,-0.02710916987994872,0.013259928694319143,-0.4601792805902774,0.46017928059027735,0.02685919420690229,0.0006806131002873477,0.26519857388638285
9.19,183.70672703288955,0.4561036207567482,-0.02697653559338882,0.013266905361314273,-0.4548213451123407,0.4548213451123407,0.02672655992034239,0.00067936585634169,0.2653381072262855
9.200000000000001,183.90665462127788,0.45072223222389457,-0.02684383471113891,0.013273249939351169,-0.449488101093783,0.449488101093783,0.02660556613833699,0.0006780986534248962,0.2654649987870234
9.21,184.10658292218497,0.44536738043789226,-0.02671107353095216,0.013278967040347625,-0.4441796978641517,0.4441796978641517,0.02648396415150092,0.0006768117120960363,0.2655793408069525
9.22,184.30651193239322,0.44003907692267547,-0.02657825830448244,0.013284061272246593,-0.438896200163313,0.43889620016331293,0.026361785820242296,0.0006755052520676414,0.2656812254449319
9.23,184.50644164864738,0.43473733195654646,-0.026445395237325434,0.01328853723875963,-0.43363767022092986,0.4336376702209299,0.02623906176508203,0.000674179492200123,0.2657707447751926
9.24,184.70637206765554,0.42946215458136,-0.026312490489062212,0.013292399539113228,-0.4284037452953032,0.4284037452953032,0.026106157016818808,0.0006728346505048327,0.26584799078226456
9.25,184.90630318608999,0.42421355261170013,-0.02617955017330532,0.013295652767801371,-0.4231948861657151,0.42319488616571505,0.025982881106320417,0.0006714709441171955,0.26591305535602744
9.26,185.10623500058813,0.4189915326440481,-0.02604658035774738,0.013298301514332358,-0.4180112088060857,0.4180112088060858,0.02585912328012354,0.0006700885893141392,0.26596603028664717
9.27,185.30616750775334,0.4137961000659403,-0.025913587064212144,0.013300350362987537,-0.41285276255452513,0.41285276255452513,0.025734910715671355,0.0006686878015040377,0.26600700725975074
9.28,185.50610070415587,0.40862725906511654,-0.02578057626870799,0.013301803892580833,-0.4077195945042695,0.4077195945042694,0.025610269557435696,0.0006672687952218167,0.26603607785161665
9.290000000000001,185.70603458633374,0.40348501263865644,-0.025647553901483742,0.013302666676221108,-0.40261139823416425,0.4026113982341642,0.025477247190211445,0.0006658317841311905,0.2660533335244222
9.3,185.9059691507935,0.39836936260210964,-0.025514525847087,0.013302943281080096,-0.3975285547108022,0.3975285547108022,0.02535219690845697,0.0006643769810021254,0.2660588656216019
9.31,186.10590439401125,0.3932803095986053,-0.025381497944424545,0.013302638268156029,-0.3924711522009533,0.3924711522009533,0.02522677324347132,0.000662904597725063,0.26605276536312056
9.32,186.30584031243336,0.3882178531079586,-0.025248475986825298,0.013301756192047555,-0.38743922647984336,0.38743922647984336,0.025100999462454466,0.0006614148453022773,0.26603512384095107
9.33,186.5057769024774,0.3831819914557604,-0.02511546572210543,0.01330030160072873,-0.3824328113049123,0.3824328113049123,0.024974897971108214,0.0006599079338436008,0.26600603201457457
9.34,186.70571416053298,0.3781727218224548,-0.024982472852635725,0.013298279035326755,-0.37745164645170937,0.3774516464517094,0.024841905101638504,0.0006583840725680493,0.2659655807065351
9.35,186.9056520829625,0.37319004025240377,-0.024849503035411127,0.013295693029904772,-0.3724960450837239,0.3724960450837239,0.024715520534468613,0.0006568434697849278,0.26591386059809546
9.36,187.10559066610205,0.3682339416629372,-0.02471656188212249,0.013292548111241467,-0.367566072333601,0.367566072333601,0.024588856246001985,0.0006552863329054513,0.26585096222482935
9.370000000000001,187.3055299062623,0.36330441985338885,-0.024583654959230473,0.01328884879861965,-0.36266175197217393,0.3626617519721739,0.02446193223354345,0.0006537128684353423,0.265776975972393
9.38,187.5054697997291,0.3584014675141212,-0.024450787788041623,0.01328459960361608,-0.3577831059478159,0.357783105947816,0.02433476777493521,0.0006521232819711274,0.2656919920723216
9.39,187.7054103427645,0.353525076235527,-0.024317965844786356,0.013279805029893989,-0.3529299118064129,0.3529299118064129,0.024201945831679943,0.0006505177782013104,0.26559610059787975
9.4,187.9053515316075,0.34867523651702387,-0.024185194560699192,0.013274469573000183,-0.34810242508103545,0.34810242508103545,0.024074610175969555,0.0006488965608905567,0.26548939146000367
9.41,188.10529336247473,0.3438519377760289,-0.024052479322100938,0.013268597720159888,-0.34330069147627795,0.34330069147627795,0.02394707598226837,0.0006472598328892078,0.2653719544031978
9.42,188.30523583156142,0.3390551683569175,-0.023919825470482874,0.013262193950079439,-0.33852472408446577,0.33852472408446577,0.02381936050843896,0.0006456077961269699,0.2652438790015888
9.43,188.50517893504204,0.33428491553996575,-0.023787238302592946,0.013255262732750362,-0.3337745343443892,0.3337745343443892,0.02369148041049638,0.000643940651609737,0.2651052546550072
9.44,188.70512266907113,0.3295411655502756,-0.023654723070523867,0.013247808529256092,-0.3290499305669274,0.32904993056692744,0.023558965178427305,0.0006422585994204454,0.26495617058512183
9.450000000000001,188.9050670297841,0.32482390356668206,-0.023522284981803133,0.01323983579158284,-0.3243511192693084,0.3243511192693084,0.023431013679962056,0.0006405618387058646,0.26479671583165676
9.46,189.10501201329788,0.32013311373064607,-0.02338992919948504,0.013231348962428991,-0.31967812973680493,0.31967812973680493,0.02330293433001196,0.0006388505676844127,0.2646269792485798
9.47,189.30495761571177,0.31546877915512156,-0.023257660842244347,0.013222352475021364,-0.3150309655161013,0.3150309655161013,0.02317474208634592,0.0006371249836408126,0.2644470495004273
9.48,189.50490383310816,0.3108308819334117,-0.023125484984472,0.013212850752932985,-0.310409628647323,0.31040962864732297,0.023046451402255405,0.0006353852829233997,0.2642570150586597
9.49,189.70485066155328,0.3062194031480021,-0.022993406656372537,0.013202848209903419,-0.3058139523904042,0.3058139523904042,0.022914373074155947,0.0006336316609447659,0.2640569641980684
9.5,189.9047980970979,0.30163432287937586,-0.022861430844063328,0.013192349249662904,-0.30124410153997994,0.30124410153998,0.022786100435837883,0.0006318643121707628,0.2638469849932581
9.51,190.1047461357781,0.29707562021480843,-0.02272956248967553,0.013181358265755613,-0.2967000914107063,0.29670009141070625,0.02265776177772856,0.0006300834301269571,0.26362716531511227
9.52,190.3046947736159,0.2925432732571429,-0.02259780649145682,0.013169879641368974,-0.2921819169762711,0.2921819169762711,0.022529370121360956,0.0006282892073941422,0.2633975928273795
9.53,190.50464400662005,0.2880372591335445,-0.022466167703875807,0.013157917749164595,-0.28768957183250227,0.28768957183250227,0.02240093806441697,0.0006264818356060993,0.2631583549832919
9.540000000000001,190.7045938307868,0.28355755400423377,-0.02233465093772809,0.01314547695111164,-0.2832229093676529,0.2832229093676529,0.02226942129826925,0.0006246615054501137,0.2629095390222328
9.55,190.90454424210031,0.27910413307120285,-0.022203260960244116,0.013132561598323732,-0.27878205882707974,0.2787820588270798,0.022141087821108258,0.0006228284066578659,0.26265123196647466
9.56,191.10449523653372,0.27467697058690194,-0.0220720024951984,0.01311917603089544,-0.27436702355430664,0.2743670235543066,0.02201274266158006,0.0006209827280107964,0.2623835206179088
9.57,191.30444681004954,0.27027603986291243,-0.02194088022302061,0.013105324577744168,-0.26997779078957457,0.26997779078957457,0.02188439720637221,0.0006191246573363897,0.26210649155488336
9.58,191.50439895860043,0.26590131327859384,-0.02180989878090809,0.01309101155645368,-0.2656143465087262,0.2656143465087262,0.02175606248507692,0.0006172543815063481,0.2618202311290736
9.59,191.7043516781299,0.2615527622897092,-0.021679062762939984,0.013076241273120001,-0.261276560239899,0.261276560239899,0.021625226467108814,0.0006153720864370583,0.2615248254624
9.6,191.9043049645729,0.2572303574370277,-0.02154837672019286,0.013061018022200572,-0.2569645309039475,0.2569645309039475,0.021497063142229204,0.0006134779570820825,0.2612203604440114
9.61,192.1042588138565,0.2529340683549046,-0.021417845160857856,0.013045346086363391,-0.25267825151264955,0.25267825151264955,0.02136893610580727,0.0006115721774366765,0.2609069217272678
9.620000000000001,192.30421322190054,0.24866386377983685,-0.02128747255035928,0.013029229736340952,-0.24841770230169327,0.2484177023016933,0.021240855359387755,0.0006096549305347511,0.26058459472681905
9.63,192.50416818461818,0.24441971155899894,-0.021157263311474793,0.013012673230785868,-0.24418286234310482,0.24418286234310482,0.021112830602707418,0.0006077263984474421,0.26025346461571736
9.64,192.70412369791669,0.24020157865874758,-0.021027221824456762,0.012995680816128782,-0.23997361401210324,0.2399736140121032,0.020982789115689387,0.0006057867622835691,0.25991361632257565
9.65,192.90407975769793,0.23600943117310955,-0.020897352427155295,0.012978256726439269,-0.23579003032714974,0.23579003032714974,0.020855001848634657,0.0006038362021835108,0.2595651345287854
9.66,193.10403635985904,0.23184323433224133,-0.0207676594151425,0.012960405183287083,-0.23163209531908607,0.23163209531908605,0.020727293409340288,0.0006018748973230512,0.25920810366574165
9.67,193.303993500293,0.22770295251086495,-0.02063814704183818,0.012942130395607659,-0.2274997828558325,0.2274997828558325,0.020599672621177553,0.0005999030259109555,0.2588426079121532
9.68,193.50395117488924,0.22358854923667873,-0.02050881951863683,0.012923436559569328,-0.22339306573172477,0.22339306573172474,0.020472148051517227,0.0005979207651879047,0.2584687311913866
9.69,193.70390937953428,0.21949998719874278,-0.020379681015035952,0.012904327858442734,-0.21931183645726324,0.21931183645726324,0.02034300954791635,0.0005959282914269992,0.25808655716885465
9.700000000000001,193.90386811011226,0.21543722825583825,-0.02025073565876568,0.01288480846247303,-0.21525614589201011,0.2152561458920101,0.020215782665600566,0.000593925779928813,0.2576961692494606
9.71,194.10382736250543,0.21140023344480446,-0.020121987535919744,0.012864882528752675,-0.211225970205401,0.211225970205401,0.020088672494711565,0.0005919134050247306,0.2572976505750535
9.72,194.30378713259492,0.2073889629888427,-0.019993440691087473,0.012844554201098025,-0.20722127745757904,0.20722127745757904,0.01996168685210003,0.0005898913400750712,0.2568910840219605
9.73,194.50374741626118,0.20340337630580113,-0.019865099127487282,0.012823827609927662,-0.20324203471623992,0.20324203471623994,0.019834833336595817,0.0005878597574683684,0.25647655219855325
9.74,194.70370820938447,0.19944343201642922,-0.0197369668071012,0.012802706872142838,-0.199288142400232,0.19928814240023196,0.019706701016209735,0.0005858188286219473,0.25605413744285677
9.75,194.90366950784556,0.19550908795260652,-0.019609047650810646,0.012781196091010503,-0.1953596323805263,0.1953596323805263,0.019580200181108433,0.0005837687239779991,0.25562392182021004
9.76,195.10363130752614,0.19160030116554413,-0.019481345538533354,0.012759299356047112,-0.19145647389921627,0.19145647389921627,0.019453849929826437,0.0005817096130065303,0.25518598712094226
9.77,195.3035936043094,0.18771702793395909,-0.019353864309361438,0.012737020742905884,-0.18757862970451952,0.18757862970451952,0.019327657215173783,0.0005796416642039856,0.2547404148581177
9.78,195.5035563940806,0.18385922377222114,-0.019226607761700584,0.012714364313265765,-0.1837260616258108,0.1837260616258108,0.019201628803438415,0.0005775650450928478,0.25428728626531527
9.790000000000001,195.70351967272745,0.18002684343847125,-0.019099579653410317,0.012691334114722407,-0.1798986761676473,0.1798986761676473,0.019074600695148148,0.0005754799222223154,0.25382668229444816
9.8,195.90348343614073,0.17621984094271556,-0.018972783701945464,0.012667934180681618,-0.17609648889901425,0.17609648889901422,0.0189489753298889,0.000573386461165263,0.25335868361363234
9.81,196.10344768021483,0.17243816955488434,-0.01884622358449843,0.012644168530253656,-0.1723194629198696,0.1723194629198696,0.01882353094529948,0.0005712848265208991,0.2528833706050731
9.82,196.3034124008481,0.1686817818128694,-0.01871990293814279,0.012620041168150724,-0.16856755610865654,0.16856755610865654,0.018698273748526596,0.0005691751819138448,0.2524008233630145
9.83,196.50337759394344,0.1649506295305297,-0.018593825359977712,0.012595556084586101,-0.16484072549221335,0.16484072549221335,0.018573209786357982,0.0005670576899940336,0.25191112169172203
9.84,196.70334325540875,0.16124466380566851,-0.018467994407273477,0.012570717255175237,-0.16113888217495473,0.16113888217495473,0.018447378833653747,0.0005649325124375092,0.25141434510350474
9.85,196.90330938115744,0.15756383502798207,-0.018342413597617922,0.012545528640839127,-0.15746202770264697,0.15746202770264697,0.018322764141345923,0.0005627998099441498,0.25091057281678253
9.86,197.1032759671088,0.15390809288697868,-0.018217086409063877,0.01251999418770869,-0.153810119698672,0.153810119698672,0.01819835779705072,0.000560659742240127,0.2503998837541738
9.870000000000001,197.30324300918855,0.15027738637986796,-0.018092016280277498,0.012494117827032017,-0.15018311156876668,0.1501831115687667,0.018074165360739414,0.0005585124680773916,0.24988235654064034
9.88,197.5032105033292,0.14667166381942373,-0.017967206610687646,0.012467903475083267,-0.14658095592889547,0.1465809559288955,0.017950192253772587,0.0005563581452338585,0.24935806950166534
9.89,197.7031784454706,0.14309087284181082,-0.017842660760635946,0.012441355033073403,-0.14300356727773986,0.14300356727773988,0.017825646403720887,0.0005541969305143361,0.24882710066146807
9.9,197.9031468315603,0.13953496041438826,-0.017718382051527932,0.012414476387063106,-0.13945093507301762,0.13945093507301762,0.01770216505459192,0.0005520289797489184,0.24828952774126212
9.91,198.103115657554,0.13600387284347917,-0.017594373765984973,0.012387271407876752,-0.13592301203073925,0.13592301203073925,0.01757891676330907,0.000549854447795309,0.24774542815753503
9.92,198.303084919416,0.1324975557821111,-0.017470639147997045,0.012359743951019015,-0.13241974744303106,0.13241974744303106,0.017455906524728212,0.0005476734885386809,0.2471948790203803
9.93,198.5030546131195,0.12901595423772583,-0.017347181403076343,0.012331897856593077,-0.12894108986945998,0.12894108986945998,0.0173331392132056,0.0005454862548921246,0.24663795713186154
9.94,198.7030247346472,0.12555901257985871,-0.017224003698411695,0.012303736949220623,-0.12548695623034856,0.12548695623034858,0.01720996150854095,0.0005432928987977229,0.24607473898441246
9.950000000000001,198.9029952799915,0.1221266745477864,-0.017101109163023744,0.012275265037963844,-0.12205732554124842,0.12205732554124842,0.017087725051192604,0.0005410935712255265,0.2455053007592769
9.96,199.102966245155,0.11871888325814689,-0.016978500887921022,0.01224648591624861,-0.11865214610222202,0.11865214610222202,0.01696574401490389,0.0005388884221757947,0.24492971832497218
9.97,199.30293762615085,0.11533558121252226,-0.016856181926256555,0.012217403361789989,-0.11527136341876704,0.11527136341876704,0.016844022897926306,0.000536677600679197,0.24434806723579977
9.98,199.5029094190032,0.11197671030499633,-0.016734155293485417,0.012188021136519388,-0.11191492231707284,0.11191492231707285,0.01672256609310758,0.000534461254797511,0.24376042273038775
9.99,199.7028816197475,0.10864221182967781,-0.01661242396752291,0.012158342986513372,-0.10858274135988262,0.10858274135988265,0.016600834767145075,0.0005322395316248451,0.24316685973026744
10.0,199.90285422443085,0.1053320264881926,-0.01649099088890345,0.01212837264192439,-0.10527479052304367,0.10527479052304367,0.016479944812598034,0.0005300125772871266,0.2425674528384878
10.01,200.10282722911245,0.10204609439714435,-0.01636985896094017,0.01209811381691267,-0.10199101411910418,0.10199101411910418,0.01635933055617366,0.0005277805369443043,0.2419622763382534
10.02,200.3028006298638,0.09878435509554316,-0.01624903104988514,0.012067570209580327,-0.09873135416664068,0.09873135416664068,0.01623899605683795,0.0005255435547908603,0.24135140419160653
10.03,200.50277442276922,0.09554674755220248,-0.0161285099850903,0.012036745501906993,-0.09549575205474475,0.09549575205474475,0.01611894528077458,0.0005233017740567447,0.24073491003813985
10.040000000000001,200.70274860392607,0.09233321017310313,-0.016008298559168976,0.012005643359687073,-0.09228412736970593,0.09228412736970593,0.015998733854853255,0.0005210553370087452,0.24011286719374147
10.05,200.90272316944507,0.08914368080872817,-0.0158883995281581,0.011974267432468818,-0.08909644224538549,0.08909644224538549,0.01587928307314524,0.0005188043849504337,0.23948534864937637
10.06,201.10269811545072,0.08597809676135956,-0.01576881561168087,0.011942621353494528,-0.08593263738405711,0.08593263738405711,0.01576012639933844,0.0005165490582243565,0.23885242706989054
10.07,201.3026734380816,0.08283639479234815,-0.01564954949311017,0.011910708739642865,-0.08279265159379155,0.08279265159379154,0.01564126750120375,0.0005142894962128352,0.2382141747928573
10.08,201.50264913349056,0.07971851112934818,-0.015530603819732468,0.011878533191372592,-0.07967642310001412,0.07967642310001413,0.015522709964301424,0.0005120258373391212,0.23757066382745184
10.09,201.70262519784518,0.0766243814735197,-0.015411981202912296,0.011846098292667891,-0.07658387202642371,0.07658387202642371,0.015404087347481254,0.0005097582190689172,0.2369219658533578
10.1,201.90260162732798,0.07355394100669814,-0.015293684218257254,0.01181340761098537,-0.07351495369044404,0.07351495369044404,0.015286160309650253,0.000507486777910721,0.2362681522197074
10.11,202.10257841813672,0.07050712439853098,-0.015175715405783552,0.011780464697202248,-0.07046960551951092,0.07046960551951092,0.015168544106750404,0.0005052116494180403,0.23560929394404495
10.120000000000001,202.30255556648476,0.06748386581358079,-0.01505807727008203,0.011747273085566449,-0.0674477633676013,0.0674477633676013,0.015051242055838751,0.0005029329681904522,0.23494546171132896
10.13,202.50253306860114,0.06448409891839793,-0.014940772280484774,0.011713836293648115,-0.06444936255026813,0.06444936255026813,0.014934257400634494,0.0005006508678749663,0.23427672587296228
10.14,202.7025109207311,0.06150775688855458,-0.014823802871232016,0.011680157822292581,-0.06147432335216728,0.06147432335216728,0.014817287991381736,0.0004983654811676943,0.2336031564458516
10.15,202.90248911913622,0.05855477241565079,-0.014707171441639681,0.011646241155574985,-0.058522595155076525,0.05852259515507653,0.014700961883892655,0.0004960769398145513,0.2329248231114997
10.16,203.10246766009467,0.05562507771428447,-0.014590880356267297,0.011612089760756034,-0.05559411241270827,0.05559411241270827,0.014584961811848141,0.0004937853746135073,0.23224179521512067
10.17,203.30244653990152,0.05271860452898838,-0.01447493194508635,0.011577707088239537,-0.052688808264066064,0.05268880826406606,0.014469290775772513,0.0004914909154158909,0.23155414176479072
10.18,203.50242575486897,0.04983528414113353,-0.014359328503649058,0.011543096571531306,-0.0498066153516291,0.0498066153516291,0.014353951710344964,0.0004891936911279442,0.2308619314306261
10.19,203.7024053013265,0.04697504737579885,-0.014244072293257554,0.011508261627199472,-0.04694745383502211,0.04694745383502211,0.01423869549995346,0.0004868938297126402,0.23016523254398943
10.200000000000001,203.90238517562133,0.04413782460860663,-0.01412916554113343,0.011473205654836312,-0.04411126791943287,0.044111267919432866,0.014124040733925097,0.00048459145819069777,0.22946411309672624
10.21,204.1023653741183,0.04132354577252662,-0.014014610440587766,0.011437932037021259,-0.04129798935761276,0.04129798935761276,0.014009725810193975,0.00048228670264289424,0.22875864074042518
10.22,204.30234589320048,0.03853214036464114,-0.01390040915119131,0.0114024441392855,-0.038507548797652454,0.038507548797652454,0.01389575344175226,0.0004799796882115825,0.22804888278570998
10.23,204.50232672926913,0.03576353745288125,-0.013786563798945214,0.011366745310077937,-0.03573987643094905,0.03573987643094905,0.013782126282093491,0.0004776705391024327,0.22733490620155872
10.24,204.702307878744,0.0330176656827263,-0.013673076476452002,0.011330838880732483,-0.03299489208054196,0.03299489208054195,0.013668638959600281,0.00047535937858639,0.22661677761464966
10.25,204.90228933806353,0.030294453283869902,-0.013559949243086879,0.011294728165436788,-0.03027253543168002,0.030272535431680018,0.013555719693226114,0.0004730463290009743,0.22589456330873575
10.26,205.10227110368504,0.027593828076851623,-0.013447184125169336,0.011258416461202089,-0.027572735785317323,0.027572735785317323,0.013443152795913942,0.0004707315117526538,0.22516832922404179
10.27,205.30225317208496,0.024915717479654452,-0.01333478311613507,0.011221907047834613,-0.024895421509480556,0.024895421509480552,0.013330940717855093,0.0004684150473185713,0.22443814095669226
10.28,205.50223553975897,0.02226004851426793,-0.013222748176708158,0.011185203187908214,-0.022240520553465634,0.022240520553465634,0.01321908585512018,0.0004660970552484525,0.2237040637581643
10.290000000000001,205.70221820322223,0.019626747813216425,-0.013111081235073504,0.011148308126738317,-0.019607952253257413,0.019607952253257413,0.013107418913485524,0.00046377765416669967,0.22296616253476634
10.3,205.90220115900945,0.017015741626055292,-0.01299978418704962,0.011111225092357221,-0.016997652344615276,0.016997652344615272,0.012996293502821854,0.00046145696177394934,0.22222450184714443
10.31,206.10218440367527,0.014426955825827873,-0.012888858896261452,0.011073957295490463,-0.014409547906062388,0.014409547906062388,0.012885531805563073,0.000459135094849514,0.22147914590980924
10.32,206.3021679337942,0.011860315915492636,-0.012778307194313651,0.011036507929534664,-0.011843565224718057,0.011843565224718057,0.012775136030285069,0.00045681216925329553,0.22073015859069328
10.33,206.50215174596096,0.00931574703431337,-0.012668130880963939,0.010998880170536554,-0.009299630205236735,0.009299630205236735,0.012665108336046595,0.0004544882999278557,0.21997760341073108
10.34,206.7021358367905,0.006793173964215223,-0.012558331724296707,0.010961077177173227,-0.0067776615960473945,0.0067776615960473945,0.012555309179379363,0.0004521636009006395,0.21922154354346454
10.35,206.90212020291824,0.004292521136106053,-0.012448911460896803,0.010923102090733673,-0.004277591681242833,0.004277591681242833,0.012446030569997641,0.00044983818528575856,0.21846204181467346
10.36,207.10210484100023,0.001813712636163077,-0.012339871796023508,0.010884958035101384,-0.0017993455295144268,0.0017993455295144264,0.012337125920468248,0.000447512165286511,0.21769916070202766
10.370000000000001,207.30208974771324,-0.0006433277879156888,-0.012231214403784644,0.010846648116738288,0.0006571524642027761,0.000657152464202776,0.012228597216014034,0.0004451856521974686,0.21693296233476575
10.38,207.50207491975482,-0.0030786767206925822,-0.012122940927310944,0.010808175424669872,0.003091978252728681,0.003091978252728681,0.012120446396309076,0.00044285875640669327,0.21616350849339744
10.39,207.7020603538436,-0.005492411072810642,-0.01201505297893037,0.0107695430304714,0.005505213734973975,0.005505213734973975,0.012012558447928503,0.00044053158739808544,0.21539086060942797
10.4,207.9020460467193,-0.007884608074844434,-0.01190755214034276,0.010730753988255407,0.007896929641950963,0.007896929641950965,0.011905174517735302,0.00043820425375337176,0.21461507976510813
10.41,208.10203199514294,-0.01025534527118794,-0.01180043996279448,0.010691811334660194,0.010267202716543812,0.010267202716543812,0.011798173769602049,0.00043587686315470605,0.2138362266932039
10.42,208.30201819589684,-0.012604700513976917,-0.011693717967253237,0.010652718088839585,0.012616110276670466,0.012616110276670468,0.011691557981271165,0.0004335495223869113,0.2130543617767917
10.43,208.50200464578478,-0.014932751957046183,-0.011587387644582952,0.010613477252453775,0.014943729954738905,0.014943729954738905,0.011585328888342359,0.0004312223373398378,0.2122695450490755
10.44,208.70199134163218,-0.017239578049921846,-0.011481450455718746,0.010574091809661295,0.01725014432375157,0.01725014432375157,0.011479391699478153,0.00042889541301082584,0.2114818361932259
10.450000000000001,208.90197828028616,-0.019525257531848906,-0.011375907831841973,0.010534564727112106,0.019535426745026837,0.019535426745026837,0.011373945561146709,0.0004265688535068801,0.2106912945422421
10.46,209.10196545861547,-0.021789869425851805,-0.011270761174555406,0.01049489895394172,0.021799655587168988,0.02179965558716899,0.011268890867544365,0.00042424276204734967,0.2098979790788344
10.47,209.30195287351083,-0.024033493032834048,-0.011166011856058294,0.010455097421766433,0.024042909710150686,0.024042909710150686,0.011164229202788407,0.00042191724096631516,0.20910194843532864
10.48,209.50194052188493,-0.026256207925708742,-0.01106166121932165,0.010415163044679666,0.026265268256512785,0.02626526825651278,0.011059962111837386,0.0004195923917150721,0.20830326089359333
10.49,209.70192840067247,-0.028458093943566215,-0.01095771057826347,0.010375098719249333,0.028466814473465468,0.028466814473465468,0.010956011470779209,0.00041726831486470944,0.20750197438498666
10.5,209.90191650683028,-0.030639231185876217,-0.010854161217924003,0.010334907324516276,0.030647624011652976,0.030647624011652976,0.010852541740789274,0.0004149451101084456,0.20669814649032553
10.51,210.10190483733734,-0.03279970000672518,-0.010751014394641012,0.01029459172199367,0.03280777669038979,0.03280777669038979,0.010749470815917175,0.00041262287626438974,0.2058918344398734
10.52,210.30189338919496,-0.03493958100908849,-0.010648271336225064,0.010254154755667527,0.03494735274871968,0.03494735274871968,0.01064680009887323,0.00041030171127806044,0.20508309511335054
10.53,210.5018821594267,-0.03705895503913782,-0.010545933242134783,0.010213599251998186,0.037066432677598515,0.037066432677598515,0.010544530955818386,0.0004079817122249879,0.20427198503996374
10.540000000000001,210.70187114507863,-0.03915790318058381,-0.01044400128365208,0.0101729280199228,0.03916510037722443,0.03916510037722443,0.010442598997335684,0.0004056629753133961,0.203458560398456
10.55,210.90186034321903,-0.04123650674905199,-0.01034247660405744,0.010132143850858874,0.04124343348377744,0.04124343348377744,0.010341140037328701,0.00040334559588668943,0.20264287701717748
10.56,211.1018497509389,-0.04329484728649738,-0.010241360318804982,0.010091249518708633,0.043301513101862046,0.04330151310186205,0.010240086391659764,0.0004010296684262884,0.20182499037417267
10.57,211.3018393653517,-0.045333006555650424,-0.01014065351569767,0.01005024777986452,0.04533942069383184,0.04533942069383184,0.0101394392924777,0.0003987152865542705,0.2010049555972904
10.58,211.5018291835935,-0.04735106653449979,-0.010040357255062346,0.010009141373215577,0.047357237944493084,0.047357237944493084,0.010039199937690077,0.00039640254303608373,0.20018282746431154
10.59,211.70181920282297,-0.04934910941080977,-0.009940472569924735,0.009967933020154786,0.049355049368878204,0.0493550493688782,0.009939315252552466,0.00039409152978332306,0.19935866040309572
10.6,211.90180942022147,-0.05132721757667269,-0.009841000466184363,0.009926625424587368,0.051332934316566686,0.051332934316566686,0.00983989738771646,0.0003917823378563509,0.19853250849174736
10.61,212.10179983299304,-0.05328547362309628,-0.009741941922789387,0.009885221272939955,0.05329097502061461,0.05329097502061461,0.00974089054126943,0.00038947505746720923,0.1977044254587991
10.620000000000001,212.3017904383645,-0.05522396033462632,-0.009643297891911316,0.009843723234170721,0.05522925401764816,0.05522925401764816,0.009642295784514698,0.0003871697779823696,0.19687446468341444
10.63,212.50178123358532,-0.05714276068400253,-0.009545069299119706,0.009802133959780445,0.05714785403842625,0.057147854038426246,0.009544114156568988,0.0003848665879255461,0.19604267919560892
10.64,212.70177221592783,-0.05904195782685279,-0.00944725704355657,0.009760456083824389,0.05904686016137864,0.05904686016137864,0.009446301901005852,0.000382565574980564,0.1952091216764878
10.65,212.9017633826871,-0.06092163509641882,-0.009349861998110841,0.009718692222925155,0.06092635320437773,0.06092635320437774,0.009348951619352239,0.0003802668259940975,0.1943738444585031
10.66,213.10175473118107,-0.06278187599831844,-0.009252885009592614,0.009676844976286335,0.06278641637986007,0.06278641637986007,0.009252017296728941,0.00037797042697865587,0.1935368995257267
10.67,213.30174625875043,-0.06462276420534235,-0.009156326898907254,0.009634916925707076,0.06462713315599408,0.06462713315599408,0.009155499852358563,0.0003756764631154297,0.1926983385141415
10.68,213.50173796275874,-0.06644438355228566,-0.009060188461229374,0.009592910635597486,0.06644858716785448,0.06644858716785448,0.009059400175130645,0.00037338501875719963,0.19185821271194972
10.69,213.70172984059235,-0.06824681803081427,-0.008964470466176641,0.009550828652994895,0.06825086399556539,0.06825086399556539,0.008963682180077912,0.0003710961774312854,0.1910165730598979
10.700000000000001,213.90172188966048,-0.07003015178436629,-0.008869173657983394,0.00950867350758094,0.07003404570336509,0.07003404570336508,0.008868422315785048,0.0003688100218423926,0.19017347015161878
10.71,214.10171410739505,-0.0717944691030866,-0.00877429875567419,0.009466447711699485,0.0717982163411011,0.07179821634110112,0.00877358262596488,0.00036652663387566327,0.1893289542339897
10.72,214.30170649125094,-0.07353985441879925,-0.008679846453236975,0.00942415376037532,0.07354346017171191,0.0735434601717119,0.008679163885746669,0.00036424609459961653,0.1884830752075064
10.73,214.50169903870577,-0.07526639230001135,-0.008585817419796256,0.009381794131333726,0.07526986159886506,0.07526986159886506,0.008585166841597498,0.00036196848426913684,0.18763588262667452
10.74,214.70169174725996,-0.07697416744695317,-0.008492212299785966,0.0093393712850208,0.07697750663491043,0.07697750663491043,0.008491561721587208,0.00035969388232850064,0.18678742570041598
10.75,214.9016846144367,-0.07866326468665244,-0.008399031713122158,0.009296887664624581,0.07866647838848767,0.07866647838848767,0.008398411625003861,0.0003574223674143203,0.18593775329249163
10.76,215.10167763778193,-0.08033376896804326,-0.008306276255375472,0.009254345696096932,0.08033686161144908,0.08033686161144908,0.0083056852283869,0.000355154017358655,0.18508691392193866
10.77,215.30167081486434,-0.08198576535710943,-0.008213946497943382,0.009211747788176211,0.08198874123038877,0.08198874123038875,0.008213383170105228,0.000352888909192035,0.18423495576352422
10.78,215.5016641432753,-0.08361933903206223,-0.008122042988222219,0.009169096332410694,0.08362220228746824,0.08362220228746824,0.008121506061384561,0.000350627119146522,0.1833819266482139
10.790000000000001,215.7016576206289,-0.08523457527855295,-0.008030566249778926,0.00912639370318274,0.08523733115209338,0.08523733115209337,0.008030029322941269,0.00034836872265880963,0.18252787406365478
10.8,215.9016512445618,-0.08683155948491825,-0.007939516782522665,0.009083642257733738,0.08683421179262024,0.08683421179262024,0.007939005019373696,0.0003461137943732492,0.18167284515467477
10.81,216.10164501273331,-0.08841037713746269,-0.007848895062875998,0.0090408443361897,0.08841292953361622,0.08841292953361622,0.007848407284093743,0.00034386240814501947,0.180816886723794
10.82,216.30163892282536,-0.08997111381577279,-0.00775870154394597,0.008998002261587649,0.0899735698396231,0.0899735698396231,0.007758236625475914,0.0003416146370432226,0.17996004523175296
10.83,216.50163297254235,-0.09151385518806647,-0.007668936655694852,0.0089551183399027,0.09151621826657064,0.09151621826657064,0.007668493526164338,0.00033937055335401503,0.179102366798054
10.84,216.70162715961118,-0.0930386870065766,-0.0075796008051106185,0.008912194860075835,0.09304096146175038,0.0930409614617504,0.0075791576755801044,0.0003371302285837673,0.1782438972015167
10.85,216.9016214817812,-0.09454569510296845,-0.007490694376377144,0.00886923409404239,0.09454788408359392,0.09454788408359391,0.00749027201462324,0.00033489373346216726,0.1773846818808478
10.86,217.10161593682417,-0.09603496538379133,-0.007402217731044117,0.008826238296761199,0.09603707190584243,0.09603707190584244,0.007401815163761941,0.00033266113794544195,0.17652476593522398
10.870000000000001,217.30161052253422,-0.09750658382596432,-0.0073141712081966365,0.008783209706244435,0.09750861081046372,0.09750861081046372,0.007313787507697263,0.0003304325112195179,0.1756641941248887
10.88,217.50160523672764,-0.09896063647229472,-0.00722655512462459,0.008740150543588145,0.09896258674758927,0.09896258674758927,0.007226189406695538,0.00032820792170321414,0.17480301087176292
10.89,217.7016000772431,-0.10039720942703297,-0.0071393697749915636,0.008697063013003376,0.10039908656062853,0.10039908656062853,0.007139004057062512,0.0003259874370514555,0.1739412602600675
10.9,217.90159504194142,-0.10181638885145863,-0.007052615432003595,0.008653949301848018,0.10181819544161846,0.10181819544161846,0.007052266853870348,0.0003237711241584437,0.17307898603696037
10.91,218.10159012870545,-0.10321826095950161,-0.006966292346577529,0.00861081158065926,0.1032199994953772,0.10321999949537719,0.006965960104965307,0.0003215590491609263,0.1722162316131852
10.92,218.30158533544017,-0.10460291201339657,-0.006880400748009052,0.008567652003186675,0.10460458490577232,0.10460458490577232,0.00688008407728774,0.00031935127744141435,0.1713530400637335
10.93,218.50158066007253,-0.1059704283193711,-0.006794940844140409,0.00852447270642595,0.10597203790254238,0.10597203790254238,0.0067946390145642984,0.00031714787363142777,0.170489454128519
10.94,218.70157610055142,-0.10732089622336742,-0.006709912821527759,0.00848127581065322,0.10732244544199962,0.1073224454419996,0.006709610991951648,0.00031494890161476007,0.1696255162130644
10.950000000000001,218.90157165484754,-0.10865440210679765,-0.00662531684560819,0.008438063419460006,0.10865589310492835,0.10865589310492835,0.006625029161628774,0.00031275442453070567,0.1687612683892001
10.96,219.10156732095334,-0.10997103238233147,-0.00654115306086644,0.008394837619788785,0.10997246721430975,0.10997246721430975,0.006540878859533801,0.00031056450477737223,0.1678967523957757
10.97,219.30156309688303,-0.11127087348971937,-0.006457421591001121,0.008351600481969092,0.11127225414521516,0.11127225414521516,0.006457160240437596,0.00030837920401494666,0.16703200963938183
10.98,219.50155898067246,-0.11255401189164682,-0.006374122539090719,0.008308354059754264,0.11255534029720117,0.11255534029720117,0.006373873437028298,0.0003061985831689876,0.16616708119508528
10.99,219.70155497037896,-0.11382053406962282,-0.00629125598775916,0.008265100390358738,0.11382181265576362,0.1138218126557636,0.006291006885696738,0.0003040227024337352,0.16530200780717474
11.0,219.90155106408136,-0.1150705265199013,-0.006208821999341003,0.008221841494495915,0.11507175705588028,0.1150717570558803,0.006208584571741866,0.00030185162127538694,0.1644368298899183
11.01,220.10154725987988,-0.11630407574943555,-0.006126820616046262,0.008178579376416585,0.1163052599307475,0.1163052599307475,0.00612659431577152,0.00029968539843544404,0.1635715875283317
11.02,220.30154355589605,-0.11752126827186568,-0.006045251860124835,0.008135316023947906,0.1175224077406233,0.1175224077406233,0.006045036165679419,0.00029752409193402606,0.1627063204789581
11.03,220.50153995027256,-0.11872219060353886,-0.005964115734030541,0.008092053408532926,0.11872328694975237,0.11872328694975234,0.005963910148361718,0.0002953677590732007,0.16184106817065852
11.040000000000001,220.70153644117332,-0.11990692925956263,-0.005883412220584749,0.00804879348527064,0.11990798448936375,0.11990798448936374,0.005883206634915926,0.00029321645644032825,0.1609758697054128
11.05,220.90153302678314,-0.1210755707498899,-0.0058031412831396675,0.008005538192956605,0.12107658632328241,0.12107658632328241,0.0058029453324860755,0.0002910702399113852,0.1601107638591321
11.06,221.10152970530788,-0.12222820157543862,-0.005723302865741091,0.007962289454124003,0.12222917889174557,0.12222917889174557,0.005723116098548602,0.00028892916465433866,0.15924578908248005
11.07,221.30152647497422,-0.12336490822424204,-0.00564389689329087,0.007919049175085293,0.12336584863872858,0.12336584863872858,0.005643718879163431,0.000286793285132498,0.15838098350170585
11.08,221.5015233340296,-0.1244857771676323,-0.005564923271708892,0.007875819245974334,0.12448668199256159,0.12448668199256159,0.005564753600426201,0.00028466265510787727,0.15751638491948666
11.09,221.7015202807421,-0.12559089485645644,-0.005486381888094656,0.007832601540789012,0.12559176574764722,0.12559176574764722,0.005486212216811966,0.00028253732764457507,0.15665203081578025
11.1,221.9015173134004,-0.12668034771732453,-0.005408272610888416,0.0077893979174343585,0.1266811858796047,0.12668118587960472,0.005408110891451574,0.0002804173551121299,0.15578795834868717
11.11,222.1015144303136,-0.1277542221488901,-0.005330595290031885,0.007746210217766148,0.12775502873714498,0.127755028737145,0.005330441149770442,0.00027830278918892154,0.15492420435532295
11.120000000000001,222.30151162981122,-0.12881260451816284,-0.005253349757128502,0.007703040267634968,0.1288133806509155,0.1288133806509155,0.005253202840833151,0.00027619368086555365,0.15406080535269936
11.13,222.50150891024288,-0.1298555811568526,-0.005176535825603308,0.0076598898769308,0.12985632791713533,0.12985632791713533,0.005176395794715312,0.0002740900804482456,0.153197797538616
11.14,222.70150626997852,-0.13088323835774693,-0.005100153290862247,0.007616760839627974,0.13088395711222175,0.13088395711222175,0.005100013259974251,0.0002719920375622351,0.15233521679255949
11.15,222.90150370740807,-0.13189566237111883,-0.005024201930451148,0.007573654933830669,0.13189635411405068,0.13189635411405065,0.00502406846227819,0.00026989960115516356,0.15147309867661338
11.16,223.1015012209414,-0.13289293940116714,-0.004948681504214185,0.007530573921818806,0.1328936050857013,0.13289360508570133,0.004948554291187406,0.00026781281950049966,0.15061147843637612
11.17,223.3014988090082,-0.13387515560248844,-0.004873591754451884,0.0074875195500944,0.13387579615175957,0.13387579615175957,0.004873470503414784,0.0002657317402009457,0.149750391001888
11.18,223.5014964700579,-0.13484239707658055,-0.004798932406078668,0.007444493549428344,0.13484301338443175,0.13484301338443175,0.0047988168376172004,0.00026365641019185056,0.14888987098856687
11.19,223.70149420255953,-0.13579474986837753,-0.004724703166779932,0.007401497634907612,0.13579534306279845,0.13579534306279847,0.004724587598318465,0.0002615868757446344,0.14802995269815222
11.200000000000001,223.90149200500164,-0.13673229996281624,-0.004650903727168633,0.007358533505982884,0.13673287086431818,0.13673287086431818,0.0046507935749615,0.00025952318247019504,0.14717067011965768
11.21,224.1014898758921,-0.1376551332814334,-0.004577533760941459,0.007315602846516611,0.13765568267666123,0.13765568267666123,0.0045774287711484885,0.00025746537532235063,0.14631205693033222
11.22,224.30148781375814,-0.13856333567899545,-0.004504592925034393,0.007272707324831416,0.13856386432982573,0.13856386432982573,0.004504492855715228,0.00025541349860126045,0.14545414649662833
11.23,224.5014858171461,-0.13945699294015812,-0.004432080859777917,0.007229848593758966,0.1394575015842927,0.1394575015842927,0.004431985480326247,0.0002533675959568585,0.14459697187517934
11.24,224.70148388462135,-0.14033619077615742,-0.004359997189051663,0.007187028290689201,0.140336680344586,0.140336680344586,0.004359901809599993,0.00025132771039229054,0.14374056581378403
11.25,224.90148201476825,-0.14120101482153183,-0.004288341520438582,0.007144248037619953,0.14120148599138424,0.14120148599138424,0.004288250611060667,0.0002492938842673393,0.14288496075239907
11.26,225.10148020618988,-0.142051550630875,-0.004217113445378611,0.007101509441206944,0.14205200405138046,0.14205200405138046,0.004217026796577255,0.0002472661593018769,0.14203018882413887
11.27,225.30147845750804,-0.14288788367561933,-0.004146312539321844,0.007058814092814159,0.14288831997556498,0.14288831997556498,0.004146229951420771,0.0002452445765793004,0.14117628185628317
11.28,225.50147676736313,-0.14371009934085022,-0.004075938361881195,0.007016163568564578,0.14371051912907123,0.14371051912907123,0.004075859644561088,0.00024322917654997567,0.14032327137129155
11.290000000000001,225.70147513441398,-0.1445182829221507,-0.004005990456984536,0.006973559429391266,0.14451868696703624,0.14451868696703624,0.0040059117396644296,0.00024121999903468528,0.1394711885878253
11.3,225.90147355733765,-0.14531251962247613,-0.003936468353026394,0.006931003221088854,0.14531290848283543,0.14531290848283543,0.003936393324888913,0.00023921708322806638,0.13862006442177707
11.31,226.1014720348295,-0.14609289454906046,-0.003867371563018994,0.006888496474365278,0.146093268760711,0.14609326876071096,0.003867300051164778,0.00023722046770206535,0.13776992948730557
11.32,226.30147056560295,-0.14685949271035123,-0.0037986995847429186,0.006846040704893952,0.14685985279223904,0.146859852792239,0.0037986314243775667,0.00023523019040938692,0.13692081409787904
11.33,226.50146914838936,-0.14761239901297546,-0.0037304519008971764,0.00680363741336622,0.14761274546757988,0.14761274546757988,0.003730386934949666,0.00023324628868694116,0.1360727482673244
11.34,226.7014677819379,-0.14835169825873545,-0.0036626279792487575,0.006761288085544157,0.14835203172023917,0.14835203172023914,0.003662563013301247,0.00023126879925929766,0.13522576171088313
11.35,226.9014664650155,-0.14907747514163439,-0.00359522727278166,0.006718994192313679,0.14907779607120522,0.1490777960712052,0.0035951653515414136,0.00022929775824212856,0.13437988384627358
11.36,227.1014651964066,-0.1497898142449318,-0.0035282492198453834,0.0066767571897379755,0.1497901230847866,0.14979012308478662,0.003528190200619543,0.00022733320114566883,0.1335351437947595
11.370000000000001,227.30146397491313,-0.15048880003822876,-0.0034616932443028753,0.0066345785191112405,0.15048909721666018,0.15048909721666018,0.0034616369910829043,0.00022537516287816326,0.13269157038222482
11.38,227.50146279935427,-0.15117451687458214,-0.0033955587556779958,0.006592459607012744,0.1511748028062922,0.1511748028062922,0.003395505138833476,0.00022342367774932044,0.13184919214025487
11.39,227.70146166856648,-0.15184704898764947,-0.0033298451493023245,0.006550401865361128,0.15184732419605126,0.15184732419605126,0.0033297915324578048,0.00022147877947376385,0.13100803730722257
11.4,227.90146058140323,-0.152506480488862,-0.00326455180646154,0.006508406691469063,0.15250674535454614,0.15250674535454614,0.003264500702435529,0.0002195405011744781,0.13016813382938125
11.41,228.10145953673495,-0.15315289536462762,-0.0031996780945411922,0.006466475468098157,0.15315315025256065,0.15315315025256065,0.003199629385565783,0.0002176088753862661,0.12932950936196314
11.42,228.30145853344885,-0.15378637747356266,-0.0031352233671719356,0.006424609563514148,0.15378662273721938,0.15378662273721938,0.003135176941002471,0.0002156839340591955,0.12849219127028297
11.43,228.50145757044885,-0.154407010543753,-0.00307118696437421,0.006382810331542373,0.15440724652539195,0.15440724652539195,0.003071142714023493,0.0002137657085620488,0.12765620663084745
11.44,228.70145664665534,-0.1550148781700438,-0.003007568212702365,0.0063410791116235,0.1550151053016535,0.15501510530165352,0.003007523962351648,0.00021185422968577217,0.12682158223247
11.450000000000001,228.90145576100525,-0.1556100638113584,-0.0029443664253882137,0.00629941722886952,0.1556102824070329,0.1556102824070329,0.0029443242488824814,0.000209949527646917,0.12598834457739042
11.46,229.10145491245163,-0.1561926507880451,-0.0028815809024840848,0.0062578259941200275,0.15619286114899553,0.1561928611489955,0.002881540702632193,0.00020805163209109133,0.12515651988240056
11.47,229.3014540999638,-0.15676272227925392,-0.002819210931005192,0.006216306703998677,0.15676292469720685,0.15676292469720685,0.0028191726151670237,0.00020616057209640038,0.12432613407997353
11.48,229.50145332252703,-0.15732036132034047,-0.0027572557850715565,0.006174860640969964,0.15732055607776535,0.15732055607776535,0.0027572192649528496,0.00020427637617688934,0.12349721281939927
11.49,229.70145257914254,-0.15786565080029888,-0.0026957147260493,0.006133489073396205,0.15786583825372716,0.15786583825372716,0.0026956782059305933,0.0002023990722859844,0.1226697814679241
11.5,229.90145186882725,-0.1583986734592228,-0.002634587002691381,0.006092193255594758,0.15839885386787195,0.15839885386787192,0.002634552194130791,0.00020052868781992778,0.12184386511189516
11.51,230.10145119061372,-0.15891951188579456,-0.002573871851277753,0.006050974427895472,0.15891968549825716,0.15891968549825716,0.002573838674062666,0.0001986652496212154,0.12101948855790945
11.52,230.30145054354998,-0.1594282485148023,-0.0025135684957549543,0.00600983381669836,0.1594284155718433,0.1594284155718433,0.0025135368734303066,0.0001968087839820312,0.1201966763339672
11.53,230.50144992669942,-0.15992496562468506,-0.0024536761478751133,0.005968772634531489,0.15992512635942946,0.1599251263594295,0.0024536460075693066,0.00019495931664767688,0.11937545269062977
11.540000000000001,230.70144933914068,-0.1604097453351056,-0.0023941940073343667,0.0059277920801090785,0.16040990004180655,0.16040990004180658,0.00239416386702856,0.00019311687282000105,0.11855584160218158
11.55,230.9014487799674,-0.16088266960455067,-0.0023351212619107478,0.005886893338389839,0.160882818497138,0.160882818497138,0.002335092534166231,0.0001912814771608231,0.1177378667677968
11.56,231.10144824828828,-0.16134382022795946,-0.002276457087601384,0.005846077580635439,0.16134396351159913,0.16134396351159913,0.002276429706217668,0.00018945315379535567,0.11692155161270879
11.57,231.30144774322676,-0.1617932788343788,-0.0022182006487592157,0.005805345964469242,0.1617934167077765,0.1617934167077765,0.002218174550637441,0.00018763192631562526,0.11610691928938485
11.58,231.501447263921,-0.16223112688464597,-0.002160351098229073,0.005764699633935205,0.162231259540202,0.162231259540202,0.002160326223226682,0.0001858178177838879,0.1152939926787041
11.59,231.7014468095237,-0.16265744566909873,-0.002102907577483173,0.00572413971955696,0.1626575733496656,0.1626575733496656,0.002102882702480782,0.00018401085073604167,0.11448279439113919
11.6,231.901446379202,-0.16307231630531227,-0.0020458692167560273,0.005683667338397084,0.1630724391874451,0.1630724391874451,0.0020458455075507615,0.00018221104718503365,0.11367334676794168
11.61,232.10144597213733,-0.1634758197358633,-0.001989235135178752,0.005643283594116546,0.16347593798888754,0.16347593798888754,0.0019892125371342054,0.00018041842862426686,0.11286567188233092
11.620000000000001,232.30144558752522,-0.163868036726121,-0.0019330044409127767,0.005602989577034313,0.16386815051403025,0.16386815051403025,0.0019329829019532718,0.0001786330160310021,0.11205979154068625
11.63,232.5014452245752,-0.1642490478620641,-0.0018771762312830027,0.005562786364187164,0.16424915734364814,0.16424915734364814,0.0018771557017731328,0.00017685482986975448,0.11125572728374328
11.64,232.70144488251074,-0.16461893354812568,-0.0018217495929102661,0.005522675019389591,0.16461903892381477,0.16461903892381477,0.0018217290634003963,0.00017508389009568726,0.11045350038779182
11.65,232.90144456056908,-0.16497777400506342,-0.001766723601843298,0.0054826565932939286,0.16497787542056783,0.16497787542056783,0.0017667040344721302,0.00017332021615799816,0.10965313186587858
11.66,233.10144425800098,-0.16532564926785664,-0.001712097323690034,0.005442732123450598,0.16532574686292226,0.16532574686292226,0.0017120786733693018,0.00017156382700330683,0.10885464246901197
11.67,233.30144397407076,-0.16566263918362958,-0.0016578698137483306,0.005402902634368513,0.16566273309360194,0.16566273309360194,0.0016578520374966378,0.00016981474107903344,0.10805805268737026
11.68,233.50144370805606,-0.1659888234096007,-0.0016040401171360762,0.005363169137575616,0.16598891376553018,0.16598891376553018,0.0016040231739895237,0.00016807297633677414,0.10726338275151232
11.69,233.70144345924774,-0.16630428141105802,-0.0015506072689206965,0.005323532631679565,0.16630436837836243,0.16630436837836243,0.0015505903257741441,0.00016633855023567178,0.1064706526335913
11.700000000000001,233.90144322694977,-0.16660909245936045,-0.0014975702942480434,0.005283994102428538,0.16660917615829485,0.16660917615829485,0.0014975541451638624,0.00016461147974577964,0.10567988204857076
11.71,234.10144301047893,-0.1669033356299644,-0.0014449282084707206,0.0052445545227722025,0.16690341617586216,0.16690341617586218,0.0014449128162324586,0.00016289178135142423,0.10489109045544405
11.72,234.301442809165,-0.16718708980047678,-0.0013926800172757066,0.0052052148529227425,0.16718716730503955,0.16718716730503957,0.0013926653464124046,0.00016117947105455797,0.10410429705845485
11.73,234.50144262235034,-0.16746043364873284,-0.0013408247168114602,0.005165976040416072,0.1674605082201176,0.16746050822011763,0.0013408107335160498,0.00015947456437811065,0.10331952080832144
11.74,234.7014424493899,-0.16772344565089975,-0.0012893612938143667,0.005126839020173127,0.16772351742562785,0.16772351742562788,0.0012893473105189562,0.00015777707636933436,0.10253678040346255
11.75,234.90144228965104,-0.16797620407960523,-0.0012382887257345783,0.005087804714561283,0.16797627315692337,0.16797627315692337,0.0012382753977838352,0.00015608702160313853,0.10175609429122566
11.76,235.1014421425134,-0.16821878700209153,-0.0011876059808612423,0.005048874033455865,0.16821885347718538,0.16821885347718538,0.0011875932775411797,0.00015440441418542784,0.1009774806691173
11.77,235.30144200736876,-0.1684512722783942,-0.001137312018447112,0.005010047874301774,0.1684513362434521,0.16845133624345213,0.0011372999104838136,0.0001527292677564254,0.10020095748603548
11.78,235.50144188362097,-0.16867373755954598,-0.0010874057888325417,0.0049713271221752025,0.1686737991038309,0.1686737991038309,0.0010873942483222165,0.00015106159549399672,0.09942654244350405
11.790000000000001,235.70144177068576,-0.16888626028580525,-0.001037886233568854,0.004932712649845435,0.16888631952198943,0.16888631952198943,0.0010378746930585288,0.00014940141011696365,0.09865425299690869
11.8,235.90144166799055,-0.16908891768490916,-0.0009887522855411344,0.00489420531783678,0.16908897469490133,0.16908897469490136,0.0009887412858918321,0.00014774872388841404,0.0978841063567356
11.81,236.1014415749745,-0.16928178677035152,-0.0009400028690903173,0.00485580597449051,0.16928184163270923,0.1692818416327092,0.0009399923849527592,0.00014610354861900276,0.09711611948981021
11.82,236.30144149108824,-0.1694649443396847,-0.0008916369001347395,0.0048175154560269546,0.16946499713049162,0.1694649971304916,0.0008916269073486965,0.00014446589567024997,0.09635030912053909
11.83,236.50144141579378,-0.16963846697284607,-0.0008436532862910299,0.0047793345866076345,0.1696385177657716,0.16963851776577157,0.0008436437618293661,0.00014283577595783088,0.09558669173215269
11.84,236.70144134856434,-0.16980243103050846,-0.000796050926994385,0.004741264178397476,0.16980247991854228,0.16980247991854225,0.0007960414025327212,0.00014121319995485755,0.09482528356794952
11.85,236.9014412888843,-0.16995691265245477,-0.0007488287136182223,0.004703305031627092,0.16995695970319646,0.16995695970319644,0.0007488196355317176,0.00013959817769515644,0.09406610063254184
11.86,237.10144123624906,-0.1701019877559763,-0.0007019855295932112,0.0046654579346551315,0.1701020330342599,0.1701020330342599,0.0007019768769623772,0.00013799071877653726,0.09330915869310263
11.870000000000001,237.3014411901648,-0.17023773203429496,-0.0006555202505256709,0.0046277236640306744,0.17023777560291306,0.17023777560291306,0.0006555120034117902,0.00013639083236405614,0.09255447328061349
11.88,237.50144115014848,-0.1703642209550091,-0.0006094317443153856,0.0045901029845557256,0.17036426287476178,0.1703642628747618,0.0006094238837107739,0.0001347985271932722,0.09180205969111452
11.89,237.70144111572768,-0.1704815297585629,-0.0005637188712727127,0.0045525966493476875,0.1704815701061949,0.1704815701061949,0.000563711010668101,0.000133213811573494,0.09105193298695374
11.9,237.90144108644043,-0.17058973345673903,-0.0005183804842351473,0.004515205399901953,0.1705897722880409,0.1705897722880409,0.0005183729920281814,0.00013163669339102187,0.09030410799803906
11.91,238.10144106183517,-0.17068890683117477,-0.00047341542868322063,0.004477929966154507,0.17068894419965458,0.17068894419965458,0.000473408287607823,0.00013006718011238162,0.08955859932309015
11.92,238.30144104147055,-0.17077912443190107,-0.00042882254285577914,0.004440771066544576,0.170779160389382,0.170779160389382,0.000428815736455669,0.00012850527878755067,0.08881542133089151
11.93,238.50144102491532,-0.1708604605759048,-0.0003846006578646381,0.004403729408077313,0.1708604951725655,0.1708604951725655,0.0003845941704544735,0.00012695099605317827,0.08807458816154626
11.94,238.70144101174824,-0.17093298934571372,-0.00034074859780860756,0.004366805686386522,0.17093302264489246,0.17093302264489246,0.00034074211039844294,0.00012540433813579459,0.08733611372773044
11.950000000000001,238.90144100155794,-0.1709967845880044,-0.0002972651798868833,0.004330000585797399,0.17099681663574529,0.17099681663574529,0.000297258996516512,0.00012386531085501485,0.08660001171594797
11.96,239.10144099394267,-0.17105191991223268,-0.00025414921451184867,0.004293314779389335,0.17105195075269633,0.17105195075269633,0.00025414332093366763,0.00012233391962673698,0.08586629558778669
11.97,239.30144098851048,-0.17109846868928655,-0.00021139950542117174,0.004256748929058675,0.17109849836524302,0.17109849836524302,0.00021139388805126917,0.00012081016946632578,0.0851349785811735
11.98,239.50144098487877,-0.17113650405016168,-0.00016901484978935107,0.004220303685581563,0.17113653260302356,0.17113653260302356,0.000169009495684969,0.00011929406499179527,0.08440607371163125
11.99,239.70144098267443,-0.17116609888465895,-0.00012699403833859503,0.0041839796886767675,0.17116612636669995,0.17116612636669995,0.00012698868423421296,0.00011778561042697944,0.08367959377353534
12.0,239.9014409815335,-0.1711873258401042,-8.533585544908014e-05,0.0041477775670685285,0.17118735228932505,0.17118735228932505,8.533075227208804e-05,0.0001162848096046952,0.08295555134137057
