t_s,x_m,y_m,heading_rad,yaw_rate_radps,signed_error_m,distance_error_m,heading_error_rad,curvature_command_pm,lateral_accel_mps2
0.0,0.0,0.0,0.0,0.0,3.152737647920627e-06,3.1527376479212332e-06,6.200881182970891e-07,1.240179389331826e-06,0.0
0.01,0.19999999999999998,1.645304656513556e-10,2.4639057320985165e-09,4.911439442685334e-07,3.2765907411143857e-06,3.2765907411143857e-06,6.176242125649904e-07,1.235251701720722e-06,9.822878885370668e-06
0.02,0.39999999999999997,1.3090743606042268e-09,9.780672303371978e-09,9.706110918142754e-07,3.4040373329478373e-06,3.4040373329478373e-06,6.407975264541149e-07,1.2815984569455628e-06,1.941222183628551e-05
0.03,0.5999999999999999,4.3994069214719734e-09,2.193656032538652e-08,1.4589386985484713e-06,3.5342615692932843e-06,3.5342615692932843e-06,6.606309299811034e-07,1.3212653942237761e-06,2.9178773970969424e-05
0.04,0.7999999999999998,1.0411267934031065e-08,3.900602320457061e-08,1.9533059304796135e-06,3.666441317292126e-06,3.666441317292126e-06,6.771236861058715e-07,1.3542510386530602e-06,3.906611860959227e-05
0.05,0.9999999999999996,2.033248554721392e-08,6.1035583289446e-08,2.450947225771087e-06,3.7997460415410214e-06,3.7997460415410214e-06,6.550941260209961e-07,1.3101920517880338e-06,4.901894451542174e-05
0.06,1.1999999999999988,3.514811029314712e-08,8.790458884192851e-08,2.9212860353813352e-06,3.935198856464206e-06,3.935198856464206e-06,6.634376095042021e-07,1.3268791542072606e-06,5.8425720707626706e-05
0.07,1.399999999999998,5.5806968867337605e-08,1.1946341342357593e-07,3.388920047900945e-06,4.070350022616616e-06,4.070350022616616e-06,6.688226853058678e-07,1.3376494409617582e-06,6.77784009580189e-05
0.08,1.5999999999999959,8.324355325613681e-08,1.5567352261410046e-07,3.8515596059045994e-06,4.2044467029696386e-06,4.204446702969638e-06,6.713730260760799e-07,1.3427502565988627e-06,7.703119211809199e-05
0.09,1.7999999999999927,1.1838240690685091e-07,1.9647420427355473e-07,4.307058345225236e-06,4.336750474805906e-06,4.336750474805906e-06,6.712386593987148e-07,1.3424816555479044e-06,8.614116690450472e-05
0.1,1.999999999999988,1.6213383851939947e-07,2.4178409196111913e-07,4.753431232069269e-06,4.466541615927802e-06,4.466541615927802e-06,6.259287717111504e-07,1.2518620099639167e-06,9.506862464138539e-05
0.11,2.1999999999999806,2.1537863740984107e-07,2.913333302519178e-07,5.155077559473239e-06,4.595372568757265e-06,4.595372568757265e-06,6.190454283485027e-07,1.238095452069574e-06,0.00010310155118946477
0.12,2.3999999999999706,2.789304396685268e-07,3.4483178312995895e-07,5.5433188345449855e-06,4.720611087036077e-06,4.720611087036077e-06,6.103107675879082e-07,1.2206262557869034e-06,0.00011086637669089971
0.13,2.599999999999957,3.535652808640605e-07,4.021393755300283e-07,5.916954152059609e-06,4.841701240573999e-06,4.841701240573999e-06,5.999680210889591e-07,1.199940883879159e-06,0.00011833908304119219
0.14,2.7999999999999385,4.400300531501758e-07,4.6310510910037157e-07,6.274999038470586e-06,4.958121653778272e-06,4.958121653778272e-06,5.882764108556704e-07,1.1765577798329946e-06,0.00012549998076941173
0.15,2.999999999999914,5.390405398472191e-07,5.27569268557046e-07,6.6166938314904345e-06,5.069387471072427e-06,5.069387471072427e-06,5.238122513989959e-07,1.0476295721854628e-06,0.0001323338766298087
0.16,3.1999999999998825,6.512661821776073e-07,5.951602871544229e-07,6.900563623169866e-06,5.177777522321881e-06,5.177777522321881e-06,5.079181807462715e-07,1.0158415392700653e-06,0.00013801127246339733
0.17,3.399999999999843,7.772877978038297e-07,6.654986506451271e-07,7.166223511896484e-06,5.280507435930625e-06,5.280507435930625e-06,4.918187216233407e-07,9.836427237541173e-07,0.0001433244702379297
0.18,3.5999999999997936,9.176367120967955e-07,7.384032527952048e-07,7.413871397097974e-06,5.377312580861028e-06,5.377312580861028e-06,4.7581996717386634e-07,9.516453116603136e-07,0.00014827742794195947
0.19,3.7999999999997334,1.0728083069839986e-06,8.136961629566875e-07,7.643943701439135e-06,5.4679708262296025e-06,5.4679708262296025e-06,4.602309822604137e-07,9.204674324916536e-07,0.00015287887402878268
0.2,3.9999999999996607,1.2432628937962457e-06,8.912049994139692e-07,7.857113001521232e-06,5.552301668460753e-06,5.552301668460753e-06,3.8272214580313205e-07,7.654498439079326e-07,0.00015714226003042464
0.21,4.199999999999574,1.4294104375102485e-06,9.705163747338735e-07,8.004670188444596e-06,5.633467470493674e-06,5.633467470493674e-06,3.6605035400327303e-07,7.321063414740165e-07,0.00016009340376889192
0.22,4.399999999999472,1.6315624111078191e-06,1.0512224194361846e-06,8.136100635629582e-06,5.7084867807920575e-06,5.708486780792057e-06,3.5106389696161154e-07,7.021335024100039e-07,0.00016272201271259163
0.23,4.599999999999353,1.8499821758744123e-06,1.1331701647093604e-06,8.253058546047232e-06,5.777419382848035e-06,5.777419382848035e-06,3.380671871250973e-07,6.761401516695775e-07,0.00016506117092094464
0.24,4.799999999999215,2.084904223334043e-06,1.2162242290213903e-06,8.357406478091003e-06,5.8403618743547344e-06,5.8403618743547344e-06,3.2735449481675107e-07,6.547148299953765e-07,0.00016714812956182006
0.25,4.999999999999057,2.3365378969874873e-06,1.300268840677368e-06,8.451203186777198e-06,5.897443945468852e-06,5.8974439454688515e-06,2.433098831607735e-07,4.866256637654924e-07,0.00016902406373554396
0.26,5.199999999998877,2.6050513676665782e-06,1.3849081536183011e-06,8.476574826401529e-06,5.952825901734393e-06,5.952825901734393e-06,2.3456898110915806e-07,4.6914391504421786e-07,0.00016953149652803058
0.27,5.399999999998673,2.8905155850295905e-06,1.46976393104846e-06,8.494520837558898e-06,6.003201663746336e-06,6.003201663746337e-06,2.293435532152878e-07,4.5869310963223936e-07,0.00016989041675117796
0.28,5.5999999999984444,3.1929673983743816e-06,1.5547766229297921e-06,8.50797269764913e-06,6.048925925815455e-06,6.048925925815455e-06,2.2787664695667645e-07,4.557593428392787e-07,0.0001701594539529826
0.29,5.799999999998188,3.512434723511774e-06,1.6399166685368045e-06,8.519996343570816e-06,6.0903719417117905e-06,6.0903719417117905e-06,2.303903425036414e-07,4.607867753792245e-07,0.00017039992687141632
0.3,5.999999999997905,3.8489426686323345e-06,1.7251857443819352e-06,8.533772902032245e-06,6.12792539879916e-06,6.12792539879916e-06,1.4512126665851068e-07,2.9024866124242015e-07,0.0001706754580406449
0.31,6.199999999997592,4.2024954893727115e-06,1.810252403538325e-06,8.479739048216434e-06,6.166826717110022e-06,6.166826717110022e-06,1.5201829172515587e-07,3.0404275027702883e-07,0.00016959478096432868
0.32,6.39999999999725,4.573009796530898e-06,1.8948114968759702e-06,8.432237961651955e-06,6.203239380802499e-06,6.203239380802499e-06,1.6394474371826935e-07,3.278956906759195e-07,0.0001686447592330391
0.33,6.599999999996875,4.960391900850653e-06,1.978947687379361e-06,8.39512385691554e-06,6.237731498747499e-06,6.237731498747499e-06,1.810382946926204e-07,3.620828271167395e-07,0.0001679024771383108
0.34,6.799999999996467,5.364568910849979e-06,2.0627843443503772e-06,8.372283673820203e-06,6.270862045678416e-06,6.2708620456784165e-06,2.0340884808078317e-07,4.06823967023612e-07,0.00016744567347640405
0.35000000000000003,6.999999999996024,5.7854964992248195e-06,2.146483757072119e-06,8.367614435186164e-06,6.303173095789499e-06,6.303173095789498e-06,1.197094353590415e-07,2.394251738911788e-07,0.0001673522887037233
0.36,7.199999999995544,6.223137123638061e-06,2.2298043644718456e-06,8.296743289943182e-06,6.341056992865624e-06,6.341056992865624e-06,1.4781824298711058e-07,2.95642827031214e-07,0.00016593486579886363
0.37,7.399999999995028,6.677378926706546e-06,2.3125349900078892e-06,8.24953916968358e-06,6.379875970447545e-06,6.379875970447545e-06,1.8199601186007148e-07,3.639984035961134e-07,0.0001649907833936716
0.38,7.599999999994474,7.148129032389092e-06,2.3949340677437773e-06,8.23034037565025e-06,6.4202977420096086e-06,6.420297742009608e-06,2.2225370286517296e-07,4.4451382602808794e-07,0.000164606807513005
0.39,7.799999999993881,7.635350563889443e-06,2.477303027357128e-06,8.243407986834784e-06,6.4629481538600595e-06,6.4629481538600595e-06,2.685725279015906e-07,5.371515187513351e-07,0.00016486815973669567
0.4,7.999999999993247,8.13907115817568e-06,2.5599854113814445e-06,8.292903826286686e-06,6.508402670625034e-06,6.508402670625034e-06,1.858901438772743e-07,3.717867961572192e-07,0.00016585807652573373
0.41000000000000003,8.19999999999257,8.659355458397245e-06,2.6428293014420396e-06,8.275930764628383e-06,6.564296550232035e-06,6.564296550232034e-06,2.380615977206419e-07,4.7612975973783403e-07,0.00016551861529256768
0.42,8.399999999991849,9.196205518990354e-06,2.725712448577264e-06,8.300616374253068e-06,6.624872772194097e-06,6.624872772194098e-06,2.968324687661861e-07,5.936715624051443e-07,0.00016601232748506136
0.43,8.599999999991082,9.74967232475135e-06,2.80907352383998e-06,8.371362848689693e-06,6.6907768610206e-06,6.690776861020599e-06,3.6209050474191167e-07,7.241877002606844e-07,0.00016742725697379386
0.44,8.79999999999027,1.0319898937895268e-05,2.893394336889729e-06,8.492396302694468e-06,6.76257938707721e-06,6.76257938707721e-06,4.3369636148865035e-07,8.673994855566878e-07,0.00016984792605388938
0.45,8.999999999989408,1.0907128943678008e-05,2.9791979850472233e-06,8.667748800602155e-06,6.840767520969305e-06,6.840767520969305e-06,3.4789271333115576e-07,6.957922674298325e-07,0.0001733549760120431
0.46,9.199999999988494,1.1511671101860903e-05,3.0663968014706675e-06,8.7716680747272e-06,6.934362208333186e-06,6.934362208333186e-06,4.2428742629558176e-07,8.485817869533718e-07,0.000175433361494544
0.47000000000000003,9.399999999987527,1.2133776523347602e-05,3.1549280396724898e-06,8.934038313104904e-06,7.036139236424125e-06,7.0361392364241245e-06,5.073935483049808e-07,1.014794132749198e-06,0.0001786807662620981
0.48,9.599999999986501,1.277377153649491e-05,3.2453970705476462e-06,9.15901790445427e-06,7.146616210064072e-06,7.146616210064072e-06,5.970012094296613e-07,1.1940095654755325e-06,0.0001831803580890854
0.49,9.799999999985417,1.343210761895796e-05,3.3384496018876693e-06,9.450516667964437e-06,7.26620633235805e-06,7.266206332358049e-06,6.928796535066531e-07,1.3857665732196387e-06,0.00018901033335928872
0.5,9.99999999998427,1.410936921260698e-05,3.434769134386475e-06,9.812184232254681e-06,7.395210589786593e-06,7.395210589786593e-06,5.965601210078473e-07,1.1931276372262845e-06,0.00019624368464509363
0.51,10.199999999983056,1.4806228424492919e-05,3.5342866934824692e-06,1.0090400168953207e-05,7.544261350043069e-06,7.544261350043068e-06,6.95263167282581e-07,1.390533878826512e-06,0.00020180800337906416
0.52,10.399999999981771,1.5523293707863633e-05,3.6369509684620786e-06,1.0441285170524593e-05,7.704301087457046e-06,7.704301087457047e-06,8.005658832606603e-07,1.601139470822408e-06,0.00020882570341049188
0.53,10.59999999998041,1.6261268344036396e-05,3.743507654860767e-06,1.086862758605618e-05,7.875649080347969e-06,7.875649080347969e-06,9.122017841887057e-07,1.8244114440264919e-06,0.0002173725517211236
0.54,10.799999999978967,1.702100844594803e-05,3.854738896515251e-06,1.137592968035781e-05,8.05849691396803e-06,8.05849691396803e-06,1.0298914972769248e-06,2.0597910530507633e-06,0.0002275185936071562
0.55,10.999999999977437,1.7803529960208935e-05,3.971460401928946e-06,1.1966403090750726e-05,8.252901478463543e-06,8.252901478463543e-06,9.131699918632299e-07,1.8263482366279382e-06,0.00023932806181501453
0.56,11.19999999997581,1.8609951362075515e-05,4.093564197161412e-06,1.245273479493697e-05,8.471441518246159e-06,8.47144151824616e-06,1.0312430111724346e-06,2.0624944937863875e-06,0.0002490546958987394
0.5700000000000001,11.399999999974083,1.9441307957429044e-05,4.220952158505991e-06,1.3022956669762369e-05,8.702844278903524e-06,8.702844278903524e-06,1.1558411455881728e-06,2.3116909940206244e-06,0.00026045913339524737
0.58,11.599999999972242,2.0298741644523333e-05,4.354480781652082e-06,1.3680575821078427e-05,8.94720685357973e-06,8.94720685357973e-06,1.2866885321849888e-06,2.573386011576831e-06,0.00027361151642156853
0.59,11.799999999970286,2.118356903139653e-05,4.4950401888314525e-06,1.4428811411350417e-05,9.204482084714219e-06,9.204482084714219e-06,1.4235042303250094e-06,2.8470176651321037e-06,0.00028857622822700833
0.6,11.999999999968198,2.209728787379887e-05,4.643551257811298e-06,1.527059633944357e-05,9.474472126139898e-06,9.474472126139898e-06,1.274993161345164e-06,2.549995797162454e-06,0.0003054119267888714
0.61,12.19999999996597,2.304150572618377e-05,4.799806452717444e-06,1.597808426849626e-05,9.77216582313055e-06,9.77216582313055e-06,1.409751294308266e-06,2.819512360782355e-06,0.0003195616853699252
0.62,12.399999999963587,2.401771316833943e-05,4.963601704962367e-06,1.6778298708319355e-05,1.0083668245834495e-05,1.0083668245834495e-05,1.5512781453177073e-06,3.1025663743036604e-06,0.0003355659741663871
0.63,12.599999999961037,2.5027512119126826e-05,5.135881963814247e-06,1.767476474033706e-05,1.0408878704364441e-05,1.0408878704364443e-05,1.6993322794629305e-06,3.3986749678045654e-06,0.0003534952948067412
0.64,12.799999999958306,2.6072696924898204e-05,5.317626119851898e-06,1.8670746415383585e-05,1.0747540986698256e-05,1.0747540986698256e-05,1.8536729132957958e-06,3.707356574132578e-06,0.0003734149283076717
0.65,12.999999999955376,2.715526088863296e-05,5.509844423177033e-06,1.9769252438386346e-05,1.1099236829587577e-05,1.1099236829587576e-05,1.6614546099706609e-06,3.3229203191781515e-06,0.00039538504876772694
0.66,13.199999999952228,2.8277308730422036e-05,5.712174892483298e-06,2.069375962744508e-05,1.1481970709148129e-05,1.1481970709148129e-05,1.8117337145179762e-06,3.6234789110066614e-06,0.0004138751925489016
0.67,13.399999999948843,2.9440780914802908e-05,5.924255725990684e-06,2.171898952483297e-05,1.1878772269715952e-05,1.1878772269715954e-05,1.969599705052261e-06,3.9392112888767915e-06,0.00043437979049665943
0.68,13.5999999999452,3.064772958225236e-05,6.147114291590903e-06,2.2848956909183252e-05,1.2289408335946924e-05,1.2289408335946924e-05,2.134877614831014e-06,4.269767519070364e-06,0.000456979138183665
0.6900000000000001,13.799999999941278,3.190041628854823e-05,6.3818170109222886e-06,2.408745847814863e-05,1.271348103266035e-05,1.2713481032660348e-05,2.3073953315086588e-06,4.61480337649835e-06,0.00048174916956297256
0.7000000000000001,13.999999999937046,3.320131959964171e-05,6.629467211564953e-06,2.5438079427462643e-05,1.315042019004352e-05,1.3150420190043522e-05,2.0597451308659946e-06,4.119503412152179e-06,0.0005087615885492529
0.71,14.199999999932476,3.4553028902897666e-05,6.889505426568554e-06,2.6565804362316297e-05,1.3622001889272204e-05,1.3622001889272204e-05,2.226949586292869e-06,4.453912794587628e-06,0.0005313160872463259
0.72,14.399999999927541,3.595791045849062e-05,7.161373248751813e-06,2.780363383578483e-05,1.410764873158001e-05,1.410764873158001e-05,2.403331066968379e-06,4.80667624158549e-06,0.0005560726767156966
0.73,14.599999999922208,3.741844199700739e-05,7.446197250714893e-06,2.9156656328492866e-05,1.4607086929239176e-05,1.4607086929239175e-05,2.58879579647346e-06,5.17760620003385e-06,0.0005831331265698574
0.74,14.799999999916439,3.8937331593399816e-05,7.745154011773484e-06,3.062978528638923e-05,1.5119866528118704e-05,1.5119866528118704e-05,2.783250754733816e-06,5.56651662933416e-06,0.0006125957057277845
0.75,14.999999999910196,4.051752749465488e-05,8.059468388004364e-06,3.2227763185661134e-05,1.5645351580148045e-05,1.5645351580148045e-05,2.468936378502936e-06,4.937888402357453e-06,0.0006445552637132227
0.76,15.199999999903435,4.216209025112179e-05,8.388354888777233e-06,3.354514554505838e-05,1.6210004084611168e-05,1.6210004084611165e-05,2.6577214166385736e-06,5.315459043281232e-06,0.0006709029109011676
0.77,15.399999999896108,4.387378904250235e-05,8.731034480949778e-06,3.498596997802578e-05,1.6788989165001853e-05,1.6788989165001853e-05,2.8581658968904637e-06,5.716348582770093e-06,0.0006997193995605157
0.78,15.59999999988817,4.565550820395788e-05,9.088775651366661e-06,3.655702707030005e-05,1.7382092874153986e-05,1.7382092874153986e-05,3.0702526788833873e-06,6.140522739859649e-06,0.000731140541406001
0.79,15.799999999879569,4.751039250901217e-05,9.462914050068626e-06,3.8264959368839983e-05,1.7988906469263035e-05,1.7988906469263035e-05,3.2939589670667175e-06,6.587935923039904e-06,0.0007652991873767997
0.8,15.99999999987024,4.944186045363334e-05,9.854851002139358e-06,4.011625983391448e-05,1.860881312803789e-05,1.8608813128037893e-05,2.9020220149959853e-06,5.804062638805098e-06,0.0008023251966782896
0.81,16.199999999860122,5.145345081498105e-05,1.0263559709660738e-05,4.162046747439377e-05,1.9274045132648773e-05,1.9274045132648773e-05,3.120552121477849e-06,6.241123517000831e-06,0.0008324093494878754
0.8200000000000001,16.39999999984915,5.354833513096828e-05,1.0688029394029337e-05,4.32679775124569e-05,1.995469488852113e-05,1.995469488852113e-05,3.3541604767135357e-06,6.7083409081219596e-06,0.000865359550249138
0.8300000000000001,16.59999999983725,5.572981194955298e-05,1.112973875698794e-05,4.506789514978848e-05,2.0650699383539594e-05,2.0650699383539598e-05,3.6028845118435924e-06,7.205789674386568e-06,0.0009013579029957696
0.84,16.799999999824347,5.80014846137771e-05,1.1590256796547049e-05,4.702917494042486e-05,2.136177034302861e-05,2.136177034302861e-05,3.866745879354753e-06,7.733513120479849e-06,0.0009405834988084972
0.85,16.999999999810353,6.0367279167185286e-05,1.207124125277686e-05,4.916061127615718e-05,2.2087376324743998e-05,2.2087376324743998e-05,3.3857614231249414e-06,6.771544933626208e-06,0.0009832122255231436
0.86,17.19999999979517,6.283126028852753e-05,1.2571417168320764e-05,5.086887741851986e-05,2.2866794590130063e-05,2.2866794590130063e-05,3.645579767692432e-06,7.291182402179454e-06,0.0010173775483703971
0.87,17.39999999977871,6.539704246618494e-05,1.3089538432903955e-05,5.2749107850225264e-05,2.3664015795987703e-05,2.3664015795987703e-05,3.924818482154504e-06,7.849660628324804e-06,0.0010549821570045052
0.88,17.59999999976087,6.806839074643111e-05,1.3627384773288372e-05,5.481327942078635e-05,2.447919516043149e-05,2.4479195160431493e-05,4.223534764801163e-06,8.447094008797487e-06,0.001096265588415727
0.89,17.79999999974153,7.08494380334716e-05,1.4186854722266585e-05,5.707317712634893e-05,2.5312216404045285e-05,2.5312216404045285e-05,4.541757290894357e-06,9.083539894005117e-06,0.0011414635425269785
0.9,17.999999999720572,7.374470865250109e-05,1.476996360585035e-05,5.9540375316783446e-05,2.6162668187544237e-05,2.6162668187544237e-05,3.958648407310591e-06,7.91732297728937e-06,0.001190807506335669
0.91,18.199999999697855,7.675889716256585e-05,1.537518242607188e-05,6.149686686725614e-05,2.707837093104247e-05,2.707837093104247e-05,4.274273845927861e-06,8.548574770226653e-06,0.0012299373373451227
0.92,18.399999999673245,7.989615669622141e-05,1.6001025939427907e-05,6.366460974863475e-05,2.8015920252985812e-05,2.8015920252985812e-05,4.614547680302524e-06,9.229123376525302e-06,0.0012732921949726952
0.93,18.599999999646595,8.316082858216722e-05,1.664968361384678e-05,6.605894375040714e-05,2.897572468952965e-05,2.897572468952965e-05,4.979506002345633e-06,9.959040980415956e-06,0.0013211788750081429
0.9400000000000001,18.799999999617743,8.655770729030013e-05,1.732349693475899e-05,6.86949335007491e-05,2.9957856382507634e-05,2.9957856382507634e-05,5.369142264193914e-06,1.073831448624421e-05,0.001373898670014982
0.9500000000000001,18.99999999958651,9.009207055056493e-05,1.8024956511389268e-05,7.158734014198624e-05,3.096202096184517e-05,3.096202096184517e-05,4.667682687563637e-06,9.335396337148235e-06,0.0014317468028397246
0.96,19.1999999995527,9.37694128260019e-05,1.8752265608146777e-05,7.386688048333048e-05,3.204635309624385e-05,3.2046353096243844e-05,5.0561064484173995e-06,1.0112244943187895e-05,0.0014773376096666095
0.97,19.399999999516115,9.759458440206988e-05,1.9503687057399268e-05,7.640893556210067e-05,3.3158443860634035e-05,3.315844386063404e-05,5.475271204768724e-06,1.0950575567981309e-05,0.0015281787112420135
0.98,19.599999999476548,0.00010157267667926889,2.0281942077558082e-05,7.923265574897556e-05,3.4298956826471586e-05,3.429895682647158e-05,5.925152110095328e-06,1.1850338519147482e-05,0.0015846531149795113
0.99,19.799999999433762,0.00010570934431852817,2.1089941389681863e-05,8.2356792532387e-05,3.5468133748472977e-05,3.5468133748472977e-05,6.405667317234766e-06,1.281137010260328e-05,0.00164713585064774
1.0,19.999999999387498,0.000110010842730375,2.193078104178672e-05,8.57996612692186e-05,3.6665757077670536e-05,3.6665757077670536e-05,5.56482766512991e-06,1.1129691996016898e-05,0.001715993225384372
1.01,20.199999999337475,0.00011448370600101361,2.2802366332205513e-05,8.850836748678779e-05,3.796238774486777e-05,3.796238774486777e-05,6.045103370006105e-06,1.2090244702399954e-05,0.0017701673497357558
1.02,20.399999999283413,0.00011913370450148193,2.370267797303356e-05,9.154384208609168e-05,3.929463136023869e-05,3.929463136023868e-05,6.563112918432683e-06,1.3126265131496726e-05,0.0018308768417218337
1.03,20.599999999225005,0.00012396691811472575,2.4635101122246702e-05,9.49295018402641e-05,4.066338073145309e-05,4.066338073145309e-05,7.11873786519722e-06,1.4237516393775172e-05,0.001898590036805282
1.04,20.799999999161916,0.00012899012698529974,2.5603252308771598e-05,9.868820602472438e-05,4.206899976546463e-05,4.206899976546463e-05,7.71178889940825e-06,1.5423619867816267e-05,0.0019737641204944875
1.05,20.999999999093767,0.00013421085722095484,2.6610973631305086e-05,0.00010284221132678391,4.3511277770839706e-05,4.3511277770839706e-05,6.7040675768747614e-06,1.3408178665027293e-05,0.002056844226535678
1.06,21.19999999902015,0.00013963699078957783,2.7655818217600192e-05,0.00010611579362020462,4.5075742830640747e-05,4.507574283064074e-05,7.2971749475147284e-06,1.4594394970772288e-05,0.0021223158724040926
1.07,21.399999998940658,0.00014527550251427265,2.8735430135551585e-05,0.00010979432777261076,4.6685600826863845e-05,4.6685600826863845e-05,7.936036984050056e-06,1.5872120653700938e-05,0.0021958865554522152
1.08,21.599999998854848,0.0001511337602672834,2.9854000481911253e-05,0.0001139060353413718,4.834193184581852e-05,4.834193184581852e-05,8.620420178717248e-06,1.7240888699366343e-05,0.002278120706827436
1.09,21.79999999876223,0.00015721999811260033,3.101599883773626e-05,0.00011847839410946831,5.004515738275314e-05,5.004515738275314e-05,9.350006964472276e-06,1.8700063974101936e-05,0.002369567882189366
1.1,21.999999998662258,0.00016354337124167614,3.222616557052091e-05,0.0001235380862335398,5.17949854130428e-05,5.1794985413042796e-05,8.13984023168763e-06,1.6279732258360672e-05,0.002470761724670796
1.11,22.19999999855433,0.00017011348274933934,3.3481618057898914e-05,0.00012753907416212807,5.369498960139026e-05,5.369498960139026e-05,8.868960462739183e-06,1.7737974620467965e-05,0.0025507814832425616
1.12,22.399999998437853,0.0001769388526625303,3.477958011846748e-05,0.00013203833988917812,5.5652054920020946e-05,5.5652054920020946e-05,9.653128648907517e-06,1.9306312949869955e-05,0.0026407667977835624
1.1300000000000001,22.59999999831218,0.0001840284924744911,3.612520376428374e-05,0.00013706961777749357,5.766740507125589e-05,5.766740507125589e-05,1.0491987207241054e-05,2.098403208188718e-05,0.0027413923555498713
1.1400000000000001,22.799999998176595,0.00019139247749658578,3.752397357913221e-05,0.00014266569098055152,5.974145143514152e-05,5.974145143514152e-05,1.138508147145484e-05,2.2770222684361115e-05,0.0028533138196110306
1.1500000000000001,22.99999999803029,0.00019904201240198633,3.8981696915162466e-05,0.00014885833338223548,6.187372753795223e-05,6.187372753795223e-05,9.927358135424584e-06,1.9854778144576704e-05,0.0029771666676447093
1.16,23.199999997872386,0.0002069888567565981,4.049493930790681e-05,0.0001537737598545773,6.418959876173598e-05,6.418959876173598e-05,1.0818638655749288e-05,2.163734150109734e-05,0.003075475197091546
1.17,23.399999997702018,0.00021524346889705508,4.206038916133278e-05,0.0001592977967481643,6.657610987767943e-05,6.657610987767942e-05,1.1775906669835755e-05,2.3551879915781387e-05,0.003185955934963286
1.18,23.599999997518236,0.00022381691239746018,4.368433432156946e-05,0.0001654706583940035,6.903459760633465e-05,6.903459760633465e-05,1.2798682326828036e-05,2.5597433688253677e-05,0.00330941316788007
1.19,23.79999999731998,0.00023272154822139368,4.537345887662974e-05,0.00017233138275918441,7.15654059388786e-05,7.15654059388786e-05,1.3886374741710274e-05,2.7772821048826486e-05,0.0034466276551836884
1.2,23.999999997106066,0.00024197111277226722,4.713483106843464e-05,0.00017991776679510523,7.416780810830088e-05,7.416780810830088e-05,1.212500254990538e-05,2.425007926761887e-05,0.0035983553359021044
1.21,24.19999999687521,0.00025158002047171433,4.8964314745975106e-05,0.00018595883114707183,7.699352821068334e-05,7.699352821068335e-05,1.3208824389885607e-05,2.6417725773299425e-05,0.0037191766229414365
1.22,24.399999996626125,0.00026156111347261786,5.085791550340712e-05,0.0001927387199415276,7.990553805629719e-05,7.990553805629719e-05,1.4371723955433858e-05,2.8743527816405775e-05,0.003854774398830552
1.23,24.599999996357415,0.0002719279700964449,5.282326240567625e-05,0.00020030543726355163,8.290528235451801e-05,8.290528235451801e-05,1.5613107690189212e-05,3.122629828566078e-05,0.004006108745271033
1.24,24.799999996067516,0.0002826957420058119,5.486845743153953e-05,0.0002087055665260894,8.599300151848827e-05,8.599300151848827e-05,1.69322545154326e-05,3.386459502386672e-05,0.004174111330521788
1.25,24.99999999575469,0.00029388124734216114,5.700206090126069e-05,0.00021798419759619375,8.916763856556622e-05,8.916763856556622e-05,1.4798651045711438e-05,2.959739125906144e-05,0.004359683951923875
1.26,25.199999995417034,0.0003055021243388645,5.9219051177441506e-05,0.00022538917354745673,9.261284316910082e-05,9.261284316910084e-05,1.611135704800189e-05,3.222280670884695e-05,0.004507783470949134
1.27,25.39999999505266,0.0003175741035514061,6.151457162789515e-05,0.00023368725533008826,9.616242164880277e-05,9.616242164880275e-05,1.7519010588698287e-05,3.503811733981822e-05,0.004673745106601766
1.28,25.599999994659502,0.00033011380338886985,6.389784186386532e-05,0.00024293596179407521,9.98179555636581e-05,9.98179555636581e-05,1.9020914034555147e-05,3.804192788706586e-05,0.0048587192358815045
1.29,25.799999994235264,0.0003431397431347777,6.63786481993455e-05,0.00025319112027794125,0.00010357957260817053,0.00010357957260817053,2.0616221273739437e-05,4.123254612705148e-05,0.005063822405558825
1.3,25.999999993777372,0.0003566724545679497,6.896732631401572e-05,0.0002645067824994214,0.00010744583505904359,0.00010744583505904359,1.8027543159069217e-05,3.6055193763973494e-05,0.005290135649988428
1.31,26.199999993283033,0.00037073345536238,7.165775097221639e-05,0.0002735480106886095,0.0001116390945533665,0.0001116390945533665,1.9613550868859863e-05,3.922721337681428e-05,0.00547096021377219
1.32,26.39999999274945,0.0003853419431630211,7.444399174393687e-05,0.0002836664144958942,0.00011595785556796732,0.0001159578555679673,2.1313900352624477e-05,4.262791666310452e-05,0.005673328289917885
1.33,26.599999992173586,0.00040051818156146285,7.733716771579966e-05,0.0002949312292174105,0.00012040390247867045,0.00012040390247867045,2.312779432811444e-05,4.625570906013136e-05,0.0058986245843482095
1.34,26.799999991552053,0.0004162847265310853,8.034908028181414e-05,0.0003074096877094341,0.0001249772686867105,0.00012497726868671051,2.5054259550756248e-05,5.010864407878118e-05,0.006148193754188682
1.35,26.999999990881058,0.00043266656085268554,8.349219261870983e-05,0.00032116692066715515,0.00012967610231286536,0.00012967610231286536,2.1911147213860555e-05,4.3822424103823425e-05,0.0064233384133431035
1.36,27.19999999015649,0.0004496898496442227,8.675902164475325e-05,0.0003321622322565977,0.00013476969032633803,0.00013476969032633803,2.3825363084883634e-05,4.7650860939457596e-05,0.0066432446451319535
1.37,27.399999989374223,0.00046737793452044036,9.014231763216476e-05,0.0003444559846575577,0.00014001382649062908,0.00014001382649062908,2.5877695474250113e-05,5.175553096232671e-05,0.0068891196931511545
1.3800000000000001,27.599999988529788,0.0004857554353480697,9.365548480795829e-05,0.00035813186269090133,0.00014541059935623986,0.00014541059935623986,2.8067240879063658e-05,5.613462716872667e-05,0.007162637253818027
1.3900000000000001,27.799999987618197,0.0005048497357291833,9.731275234435082e-05,0.000373271178485607,0.00015095998942030035,0.00015095998942030035,3.0392883776155858e-05,6.078591851230114e-05,0.00746542356971214
1.4000000000000001,27.99999998663387,0.0005246911455770191,0.00010112915002507907,0.00038995275052907096,0.00015665970676323235,0.00015665970676323235,2.657648609542761e-05,5.3153128850561986e-05,0.0077990550105814195
1.41,28.19999998557075,0.0005453113932578673,0.00010509554201683301,0.0004032812180857874,0.0001628359590207946,0.00016283595902079456,2.8886958925680693e-05,5.7774080687320404e-05,0.008065624361715748
1.42,28.399999984422777,0.0005667387724342709,0.00010920307527766116,0.00041817578383905927,0.00016919286725366718,0.00016919286725366718,3.1364675719558764e-05,6.272952063198478e-05,0.008363515676781185
1.43,28.599999983183373,0.0005890031114446778,0.00011346791975722805,0.0004347379031327194,0.0001757329554496935,0.0001757329554496935,3.400860461360487e-05,6.80173849601652e-05,0.008694758062654389
1.44,28.7999999818452,0.0006121375731259609,0.00011790724578033091,0.0004530662050705798,0.00018245620709192857,0.00018245620709192857,3.6817455172893636e-05,7.363509280199437e-05,0.009061324101411595
1.45,28.999999980400062,0.0006361788520123299,0.0001225391950378185,0.00047325634367640236,0.0001893598683369082,0.0001893598683369082,3.2185505915406035e-05,6.43712011906804e-05,0.009465126873528048
1.46,29.199999978839056,0.0006611653479441587,0.0001273526351780351,0.0004893779438722414,0.00019683915968700023,0.00019683915968700023,3.4976303451994535e-05,6.995280374314876e-05,0.009787558877444827
1.47,29.399999977153275,0.0006871312870489341,0.0001323367790100297,0.0005073907777055117,0.0002045356736941355,0.0002045356736941355,3.7969932262267684e-05,7.594006906020906e-05,0.010147815554110234
1.48,29.599999975333056,0.0007141127425704417,0.0001375111569450677,0.0005274180494595194,0.00021245252356720182,0.0002124525235672018,4.1165191595723516e-05,8.23305956439706e-05,0.010548360989190387
1.49,29.79999997336762,0.0007421498159030111,0.00014289651442740882,0.0005495795727524254,0.00022058975572243587,0.00022058975572243587,4.456056319643155e-05,8.912134698261881e-05,0.010991591455048508
1.5,29.999999971244936,0.0007712868761456722,0.0001485147771028697,0.0005739915861945512,0.00022894411089899539,0.0002289441108989954,3.8942300520970665e-05,7.788482998605223e-05,0.011479831723891023
1.51,30.199999968951932,0.0008015703482799349,0.00015435241094184223,0.000593470250511027,0.00023799445137289162,0.00023799445137289162,4.231665604306032e-05,8.463355008057202e-05,0.01186940501022054
1.52,30.39999996647553,0.0008330415919538723,0.00016039630438556432,0.0006152358836558116,0.00024730668097798725,0.0002473066809779872,4.5937167857839056e-05,9.187458302235909e-05,0.012304717673116233
1.53,30.59999996380155,0.0008657441961988479,0.000166670078036803,0.0006394381695622779,0.00025688467133906727,0.00025688467133906727,4.980240620333878e-05,9.960506929134891e-05,0.012788763391245558
1.54,30.79999996091418,0.0008997266224781988,0.0001731988287874521,0.0006662226957775193,0.00026672858547004184,0.00026672858547004184,5.391055066378689e-05,0.00010782136805615925,0.013324453915550385
1.55,30.99999995779577,0.0009350424957721521,0.00018000908770933387,0.0006957307251562196,0.0002768345878784215,0.0002768345878784215,4.7100291741905136e-05,9.420086031839815e-05,0.013914614503124392
1.56,31.19999995442713,0.0009717479261333706,0.00018708443537898472,0.0007192603739442771,0.00028778287067616635,0.00028778287067616635,5.1184137422934865e-05,0.00010236856262874041,0.014385207478885543
1.57,31.39999995078909,0.0010098928831539283,0.0001944089692260744,0.0007455587313015939,0.000299047691641764,0.000299047691641764,5.556670382035717e-05,0.00011113370668840598,0.014911174626031878
1.58,31.59999994686085,0.0010495300336697104,0.00020201128825945335,0.0007748075759101984,0.00031063386065739024,0.0003106338606573903,6.0246252526146924e-05,0.00012049281568615451,0.015496151518203969
1.59,31.79999994261922,0.0010907179444295605,0.00020992178431000722,0.0008071837100835526,0.00032254169635141325,0.00032254169635141325,6.522056498841692e-05,0.00013044145251853018,0.01614367420167105
1.6,31.999999938038304,0.0011335214355888566,0.0002181725908534624,0.0008428586780040543,0.0003347666747172751,0.00033476667471727507,5.696975844496173e-05,0.00011393985165659818,0.016857173560081085
1.61,32.199999933089984,0.0011780083371283254,0.0002267438189632402,0.0008712921624471381,0.0003480117003392803,0.00034801170033928034,6.191582929363336e-05,0.00012383200659896708,0.017425843248942762
1.62,32.39999992774613,0.0012242390414797673,0.000235616210503845,0.0009030801820055153,0.00036164004011690783,0.00036164004011690783,6.722422001821551e-05,0.00013444880167647115,0.018061603640110304
1.6300000000000001,32.59999992197626,0.0012722772097429537,0.0002448244172648044,0.000938443289154185,0.00037565763182755143,0.0003756576318275515,7.289278485177933e-05,0.00014578594536119048,0.0187688657830837
1.6400000000000001,32.79999991574637,0.001322193651894918,0.00025440526612532656,0.000977595969577617,0.00039006496898797924,0.00039006496898797924,7.891878941868757e-05,0.00015783796890234413,0.01955191939155234
1.6500000000000001,32.99999990901849,0.0013740667556250332,0.00026439769665022203,0.0010207462960887636,0.0004048566757713158,0.00040485667577131585,6.892635889379211e-05,0.00013785312264426,0.020414925921775275
1.6600000000000001,33.19999990175139,0.001427978558161874,0.0002747776394704053,0.001055127659506101,0.0004208842181326478,0.0004208842181326478,7.491910713898154e-05,0.00014983863516218122,0.021102553190122022
1.67,33.39999989390383,0.0014840020925613244,0.0002855217926119608,0.0010935748072878613,0.00043737643221183816,0.0004373764322118382,8.13509822748313e-05,0.0001627024019260948,0.021871496145757226
1.68,33.599999885431124,0.0015422143562078782,0.0002966721548940528,0.0011363550434941153,0.000454340587011203,0.00045434058701120296,8.821931312884686e-05,0.00017643908059828073,0.022727100869882305
1.69,33.799999876283415,0.0016027010110706702,0.0003082733610095507,0.0011837282635024319,0.000471777349134071,0.00047177734913407093,9.552070902383507e-05,0.00019104188982501925,0.023674565270048638
1.7,33.999999866405034,0.001665556903327539,0.00032037260531521795,0.001235946530821105,0.0004896802698247459,0.0004896802698247459,8.342146471816784e-05,0.0001668434191166055,0.0247189306164221
1.71,34.19999985573553,0.001730881305874433,0.0003329407691970853,0.0012775475707040127,0.0005090806261761627,0.0005090806261761625,9.068306458866898e-05,0.00018136663825796414,0.02555095141408025
1.72,34.39999984421444,0.0017987625928892483,0.0003459496647327253,0.0013240764349359184,0.0005290444394952784,0.0005290444394952783,9.847645311921409e-05,0.00019695343528286768,0.02648152869871837
1.73,34.599999831776245,0.0018692939469236295,0.00035945019369761706,0.001375856751119282,0.0005495805356557894,0.0005495805356557894,0.00010679829423277591,0.00021359713804608747,0.02751713502238564
1.74,34.799999818347835,0.0019425790514775647,0.0003734964487394036,0.0014332030962541438,0.0005706897335074363,0.0005706897335074363,0.00011564437430727764,0.0002312893193042888,0.028664061925082876
1.75,34.999999803847594,0.0020187327199499903,0.00038814562028401263,0.0014964204808866413,0.0005923642277608621,0.0005923642277608621,0.00010099520276266863,0.00020199099788956502,0.029928409617732826
1.76,35.19999978818686,0.0020978751336379864,0.0004033624779189165,0.0015467831647726596,0.000615852885458857,0.0006158528854588571,0.00010979294881103874,0.00021958651347496293,0.030935663295453192
1.77,35.39999977127701,0.0021801132815507124,0.00041911291712886967,0.0016031168917427386,0.0006400245643511443,0.0006400245643511442,0.0001192342262975094,0.00023846909261958314,0.03206233783485477
1.78,35.59999975302193,0.002265559982158774,0.0004354586122532714,0.0016658131385417685,0.000664889907674524,0.000664889907674524,0.00012931486806639638,0.00025863040102270043,0.03331626277083537
1.79,35.79999973331445,0.002354340776570563,0.000452465096952942,0.0017352523295515077,0.0006904498508528298,0.0006904498508528298,0.00014002963790649977,0.00028005996626285037,0.03470504659103015
1.8,35.999999712034864,0.002446594689133093,0.0004702016505365205,0.0018118032088894908,0.0007166948819138385,0.0007166948819138386,0.0001222930843229213,0.00024458688534072454,0.036236064177789816
1.81,36.199999689053165,0.0025424672490083613,0.000488625633051991,0.00187278999799484,0.0007451371228833696,0.0007451371228833696,0.00013294849514429864,0.0002658977354257202,0.0374557999598968
1.82,36.39999966423939,0.0026420880144217155,0.0005076957642104,0.00194100882984831,0.0007744067271063817,0.0007744067271063817,0.00014438218061538124,0.0002887651356374896,0.0388201765969662
1.83,36.599999637452605,0.00274559360562097,0.000527486738482231,0.002016932935559644,0.0008045164655019773,0.0008045164655019773,0.00015658894018449857,0.00031317868488546264,0.04033865871119288
1.84,36.79999960853563,0.0028531360504524266,0.0005480779149756701,0.002101022056526951,0.0008354673441137829,0.0008354673441137829,0.00016956227089480718,0.0003391253772569585,0.042020441130539016
1.85,36.999999577312934,0.0029648837035412923,0.0005695531787044268,0.002193721679972221,0.0008672477222481208,0.0008672477222481208,0.0001480870071660505,0.00029617488157982326,0.043874433599444415
1.86,37.19999954359387,0.0030810127952814155,0.0005918608990145969,0.0022675761919838102,0.0009016881554084115,0.0009016881554084115,0.00016098694563949643,0.00032197479296714826,0.04535152383967621
1.87,37.39999950718786,0.0032016802176866245,0.0006149510855277915,0.0023501857361442804,0.0009371298829977064,0.0009371298829977064,0.00017482763690778304,0.00034965621094544904,0.04700371472288561
1.8800000000000001,37.599999467888225,0.003327051410473193,0.0006389141569216506,0.002442122077734742,0.0009735881793527509,0.0009735881793527508,0.00018960259365857074,0.00037920616090532085,0.04884244155469484
1.8900000000000001,37.799999425464485,0.003457310463330445,0.0006638461669522788,0.002543940522035614,0.0010110640675871088,0.0010110640675871088,0.00020530374013137068,0.00041060849132680896,0.05087881044071228
1.9000000000000001,37.99999937965927,0.0035926612261618284,0.0006898486351776463,0.0026561789821156027,0.0010495432755984841,0.0010495432755984841,0.00017930127190600312,0.00035860359335528183,0.053123579642312055
1.9100000000000001,38.199999330193016,0.003733317076003228,0.000716859018745021,0.002745599652322966,0.0010912414290838832,0.0010912414290838832,0.00019491138875786973,0.00038982386875716855,0.05491199304645932
1.92,38.39999927678628,0.0038794679705478684,0.0007448167526249759,0.0028456137320659203,0.001134150200745734,0.0011341502007457343,0.00021165815184067977,0.00042331743783156027,0.05691227464131841
1.93,38.59999921913606,0.004031314204420424,0.000773831235027192,0.0029569117423941123,0.0011782878236852386,0.0011782878236852386,0.00022953346109713416,0.000459068100482092,0.05913823484788225
1.94,38.79999915690441,0.004189078635654466,0.000804018668592514,0.0030801641154563054,0.0012236552753986552,0.0012236552753986552,0.0002485272752774005,0.0004970557742100764,0.06160328230912611
1.95,38.99999908971403,0.004353008026103855,0.0008355018537862103,0.0032160200547529435,0.001270235054938251,0.001270235054938251,0.00021704409008370417,0.0004340894504024633,0.06432040109505888
1.96,39.19999901715506,0.004523360652577157,0.0008682050056023304,0.003324249531281689,0.0013207082696472133,0.001320708269647213,0.00023592489409423765,0.00047185110889674494,0.06648499062563377
1.97,39.39999893881788,0.0047003664281716016,0.000902054723373957,0.0034452905392971336,0.001372643801124546,0.001372643801124546,0.00025617842019976975,0.0005123582130433406,0.06890581078594267
1.98,39.59999885425833,0.004884267756557378,0.0009371833042295166,0.0035799766628033507,0.0014260633869842383,0.0014260633869842385,0.00027779452696668285,0.0005555904799967526,0.07159953325606702
1.99,39.79999876298109,0.005075334326150756,0.0009737312580354151,0.0037291169471902553,0.0014809678791210081,0.001480967879121008,0.0003007606944679245,0.0006015228699037281,0.0745823389438051
2.0,39.99999866443316,0.005273864727647397,0.0010118470549965737,0.0038934945012294294,0.00153733583475942,0.00153733583475942,0.000262644897506766,0.0005252913323493668,0.07786989002458859
2.0100000000000002,40.1999985580139,0.005480171458350504,0.0010514388470431212,0.0040244274500760855,0.0015984107781192437,0.0015984107781192437,0.00028547075431141597,0.00057094310703361,0.0804885490015217
2.02,40.39999844312305,0.005694532663902403,0.0010924176600379293,0.0041708470668999085,0.0016612504582540952,0.0016612504582540952,0.0003099535967226628,0.0006199088546957838,0.08341694133799817
2.0300000000000002,40.5999983191098,0.005917241571556777,0.0011349434062473797,0.004333759116359327,0.001725880758826278,0.0017258807588262778,0.0003360806698082925,0.0006721630654973438,0.08667518232718655
2.04,40.79999818524842,0.006148624386652523,0.0011791859049938758,0.004514139345065267,0.0017923022916411378,0.001792302291641138,0.0003638362954370829,0.0007276743831764575,0.09028278690130534
2.05,40.999998040728755,0.006389042243417454,0.0012253245738419892,0.0047129317606396165,0.0018604888157126547,0.0018604888157126547,0.00031769762658896954,0.0006353971136667548,0.09425863521279233
2.06,41.19999788467097,0.006638873058520194,0.0012732480891426826,0.004871243575504937,0.00193436297857645,0.00193436297857645,0.0003452789840834092,0.000690559902529797,0.09742487151009874
2.07,41.399997716195834,0.006898453148716495,0.0013228485901754382,0.005048266534451339,0.002010364906064837,0.0020103649060648375,0.00037485918120437264,0.0007497203727736513,0.10096533068902679
2.08,41.59999753435019,0.007168137027599535,0.001374319272005244,0.005245213319901195,0.002088525362992417,0.002088525362992417,0.00040642207844042693,0.0008128462454062168,0.1049042663980239
2.09,41.79999733807128,0.007448319047995289,0.0014278652719277236,0.005463259818218716,0.002168844543130911,0.0021688445431309114,0.0004399479316554613,0.0008798980321554657,0.10926519636437432
2.1,41.99999712617284,0.007739435752877307,0.0014837032908408538,0.005703542993254649,0.0022512903737825587,0.0022512903737825587,0.00038410991274233103,0.0007682220767750358,0.114070859865093
2.11,42.199996897366695,0.008041943922611188,0.0015416984022315907,0.005894841601183184,0.0023406049169470418,0.0023406049169470418,0.00041741903265939215,0.0008348404059237012,0.11789683202366368
2.12,42.3999966503658,0.008356249968281942,0.0016017198495906966,0.00610873486883446,0.002432482440975703,0.002432482440975703,0.000453137397903479,0.0009062772282893989,0.1221746973766892
2.13,42.59999638377498,0.008682782239453787,0.0016640009080983028,0.006346683643135,0.0025269594078554123,0.002526959407855412,0.0004912444386520952,0.0009824914042635981,0.1269336728627
2.14,42.79999609603892,0.009022017186184849,0.0017287892345547215,0.006610103551927611,0.0026240353078035125,0.0026240353078035125,0.0005317151243567382,0.0010634328727487843,0.13220207103855222
2.15,42.99999578542169,0.00937448218920762,0.0017963464019568785,0.006900362366222801,0.0027236709899084726,0.0027236709899084726,0.0004641579569545811,0.0009283186375801521,0.13800724732445602
2.16,43.19999545003855,0.009740729011728868,0.0018665088882040906,0.007131364848760447,0.0028315962492642577,0.0028315962492642577,0.0005043583774049086,0.0010087195864060667,0.14262729697520893
2.17,43.39999508800668,0.010121248443307234,0.0019391181875051328,0.00738963408472078,0.0029426052843252565,0.0029426052843252565,0.0005474596669531263,0.0010949222765115369,0.1477926816944156
2.18,43.59999469728548,0.010516557699186854,0.0020144557853186344,0.007676927799698401,0.0030567411239174704,0.0030567411239174704,0.0005934354007456162,0.0011868738582323562,0.15353855599396804
2.19,43.79999427560033,0.010927232030331963,0.002092820464754366,0.00799494798411987,0.0031740020974552223,0.003174002097455222,0.0006422536129425159,0.0012845103998871293,0.1598989596823974
2.2,43.99999382041295,0.011353908126049644,0.00217452773274112,0.008345337608101225,0.0032943404862069764,0.003294340486206977,0.0005605463449557622,0.0011210959842520105,0.1669067521620245
2.21,44.19999332896782,0.011797252021646028,0.0022593794295637133,0.008624072608156834,0.003424675284315104,0.003424675284315104,0.000609026174259539,0.0012180557731943623,0.17248145216313668
2.22,44.3999927985129,0.012257855961902733,0.0023471834210257625,0.008935686934510492,0.003558715479613457,0.003558715479613457,0.0006609941926672951,0.00132199194405007,0.17871373869020984
2.23,44.599992226065936,0.012736343987291088,0.0024382790944780567,0.00928229236522592,0.003696511542655387,0.003696511542655387,0.0007164161715604768,0.0014328360396324961,0.18564584730451839
2.24,44.79999160830336,0.013233410103687802,0.0025330266092688705,0.009665931751497304,0.003838059921598056,0.0038380599215980557,0.0007752509717309815,0.0015505057815218845,0.1933186350299461
2.25,44.999990941516856,0.013749822366344134,0.0026318061868630957,0.010088574908917595,0.003983302588280836,0.003983302588280836,0.0006764713941367564,0.0013529467715761012,0.2017714981783519
2.2600000000000002,45.19999022168164,0.014286384104799314,0.0027343777149987213,0.010424610561276797,0.0041405881602495954,0.0041405881602495954,0.0007348802941896216,0.0014697647289674035,0.20849221122553593
2.27,45.399989444778925,0.014843809375280062,0.002840508305126229,0.01080025527260873,0.004302318617060642,0.004302318617060642,0.0007974767127019258,0.0015949577277224686,0.2160051054521746
2.2800000000000002,45.599988606454765,0.015422850438373256,0.0029506067521773123,0.011218041469595565,0.004468552671264647,0.004468552671264647,0.0008642159415803881,0.0017284363517134475,0.22436082939191132
2.29,45.79998770185774,0.01602434381608992,0.0030651067461416417,0.011680416022352272,0.004639283776284543,0.004639283776284542,0.0009350446168473204,0.0018700938729784172,0.23360832044704544
2.3000000000000003,45.99998672557606,0.016649215183368,0.0031844659906061354,0.012189735082614669,0.004814441642108951,0.00481444164210895,0.0008156853723828269,0.0016313755592072957,0.2437947016522934
2.31,46.19998567173732,0.017298432546589866,0.0033083935619842852,0.012594430163541273,0.005004090345775508,0.005004090345775508,0.0008859746644152731,0.001771954332920892,0.25188860327082546
2.32,46.39998453447978,0.017972855946738885,0.003436607175647041,0.013046784669384102,0.005199059862961526,0.005199059862961526,0.0009612808353830177,0.0019225668698258983,0.2609356933876821
2.33,46.59998330745433,0.01867339125043192,0.0035695986259269563,0.01354982851675465,0.005399417746929556,0.005399417746929556,0.0010415450103112133,0.0020830954200401737,0.270996570335093
2.34,46.79998198358815,0.019401045675011212,0.0037078894714032483,0.014106484993818117,0.005605152765371267,0.005605152765371267,0.0011266974224831048,0.002253400450118975,0.2821296998763623
2.35,46.99998055499338,0.020156933632190767,0.003852029935931363,0.014719564244809498,0.005816180347425463,0.005816180347425462,0.0009825569579549897,0.0019651197320903267,0.29439128489619
2.36,47.199979013113214,0.020942220231205656,0.004001667554808325,0.01520633689989169,0.006044618214014334,0.006044618214014334,0.0010670215866839129,0.0021340492179860397,0.3041267379978338
2.37,47.39997734940949,0.021757940065151242,0.004156460163703747,0.01575037136929528,0.00627940881216152,0.006279408812161519,0.001157481843354029,0.0023149699661168706,0.3150074273859056
2.38,47.599975554636956,0.022605182576184896,0.004316998516003458,0.016355282651142587,0.006520628735710353,0.0065206287357103525,0.0012538595881527118,0.0025077256969341594,0.3271056530228517
2.39,47.79997361849947,0.023485158923320096,0.004483908845486887,0.017024552270949414,0.006768259535308596,0.006768259535308596,0.0013560629099670202,0.002712132588193576,0.3404910454189883
2.4,47.999971529517794,0.024399208941577027,0.004657851490139673,0.01776152001692125,0.0070222006164190574,0.0070222006164190574,0.0011821202653142342,0.002364247552829085,0.35523040033842496
2.41,48.19996927524344,0.025348733030025404,0.004838399449536933,0.018346123119258383,0.00729702095389469,0.00729702095389469,0.0012834402731990505,0.002566887843419055,0.3669224623851677
2.42,48.39996684326045,0.026334973889045907,0.005025137959654038,0.018999401236391773,0.007579401412181376,0.007579401412181376,0.0013919039813840677,0.0027838155421695474,0.37998802472783544
2.43,48.599964220129664,0.02735923969331762,0.005218775333961955,0.019725652704643784,0.007869427125653163,0.007869427125653163,0.0015074069203168602,0.003014821710060846,0.3945130540928757
2.44,48.79996139088935,0.028422984515123043,0.0054200620272063195,0.02052900800217937,0.008167068681974993,0.008167068681974992,0.0016298271221294857,0.0032596624113276533,0.4105801600435874
2.45,48.99995833886474,0.029527816580017536,0.005629788903971206,0.021413419213180684,0.008472208706663908,0.008472208706663908,0.001420100245364599,0.0028402089629379046,0.4282683842636137
2.46,49.199955045980396,0.03067541623899308,0.005847438696236736,0.022114203213824762,0.008802331043484135,0.008802331043484135,0.0015413777889021617,0.0030827643801353668,0.44228406427649525
2.47,49.39995149421788,0.031867273413597005,0.006072508607894565,0.02289716914256328,0.009141414010495163,0.009141414010495163,0.0016711356050086775,0.0033422803514313653,0.45794338285126557
2.48,49.59994766408243,0.03310495592620405,0.006305845990645002,0.023767406517634926,0.009489549631200814,0.009489549631200814,0.0018092330925018579,0.003618475674553347,0.4753481303526985
2.49,49.7999435338798,0.034390206075414445,0.006548348027121074,0.024729792714504154,0.009846692038568345,0.009846692038568345,0.0019555073074867717,0.003911024461665582,0.49459585429008307
2.5,49.99993907944241,0.035724950383493416,0.006800959541755967,0.02578897946990057,0.010212708680446988,0.010212708680446988,0.001702895792851879,0.0034058017984124386,0.5157795893980114
2.5100000000000002,50.19993427458573,0.037111200936811445,0.0070630539651573366,0.026627111342462838,0.010608532864478836,0.010608532864478836,0.0018476813944512613,0.003695373397435387,0.5325422268492568
2.52,50.39992909322467,0.03855074003319889,0.007334021751606035,0.027563325128539564,0.011014924284286184,0.011014924284286185,0.0020024885881962324,0.004004988191316749,0.5512665025707912
2.5300000000000002,50.599923507152255,0.04004544228106895,0.007614873797590214,0.028603616313097942,0.01143197838514166,0.011431978385141662,0.0021671270479708543,0.004334265527920093,0.5720723262619588
2.54,50.79991748499487,0.04159739035148638,0.007906679602621867,0.029753710914202633,0.011859624859998938,0.011859624859998938,0.0023413777889430033,0.004682767437510867,0.5950742182840527
2.5500000000000003,50.99991099182086,0.043208886419886905,0.008210564487461072,0.031019048119528617,0.012297722473973769,0.01229772247397377,0.002037492904103799,0.004074998105930072,0.6203809623905723
2.56,51.19990398980588,0.04488233368816376,0.008525769574383306,0.03201863718805614,0.012771261118453128,0.01277126111845313,0.002209791365961439,0.004419595503183996,0.6403727437611229
2.57,51.39989644129928,0.04661985831795763,0.008851555879280415,0.033134902779535486,0.01325718362135864,0.01325718362135864,0.0023938674654706087,0.004787748188124839,0.6626980555907097
2.58,51.599888305614364,0.04842369531113927,0.009189125375200289,0.03437486306294572,0.013755582607199755,0.013755582607199755,0.0025894623441853164,0.00517893844395324,0.6874972612589143
2.59,51.79987953752462,0.05029632692927047,0.009539748491153825,0.035745192208619894,0.014266351809890204,0.014266351809890204,0.0027962802389755754,0.005592574744302961,0.7149038441723978
2.6,51.99987008670718,0.05224049602709556,0.009904760559660334,0.03725219796932811,0.014789357228014218,0.014789357228014218,0.0024312681704690663,0.00486255113029536,0.7450439593865622
2.61,52.19985989871177,0.054259064045198396,0.010283242622596923,0.03844025429557304,0.015354320189365243,0.015354320189365242,0.002635510167252333,0.005271035688824855,0.7688050859114608
2.62,52.39984891939056,0.05635455877279918,0.010674298781129299,0.03976655625403828,0.015933681980195725,0.015933681980195725,0.002853499366258161,0.005707014666198303,0.7953311250807655
2.63,52.599837090276026,0.0585296355380843,0.011079352382797742,0.04123925491718066,0.01652752203277887,0.016527522032778866,0.0030848824728735864,0.006169781473269205,0.8247850983436132
2.64,52.799824346425495,0.06078724227685678,0.011499906072362596,0.04286606012735869,0.01713568164722713,0.01713568164722713,0.0033292585314206435,0.006658534198522934,0.8573212025471738
2.65,52.9998106156351,0.06313063493046157,0.011937537233953334,0.04465421148358633,0.01775806726320266,0.01775806726320266,0.0028916273698299053,0.005783272497727074,0.8930842296717266
2.66,53.19979581984832,0.06556320762789146,0.012391133368514785,0.04606032821355431,0.018429858620557914,0.018429858620557918,0.003132587027916774,0.006265192485692169,0.9212065642710863
2.67,53.39977988153376,0.06808795319398492,0.012859608437931085,0.04762945506899852,0.01911822543230041,0.01911822543230041,0.003389457625159766,0.006778934368544965,0.9525891013799704
2.68,53.599762717056244,0.07070801276025836,0.013344639572193845,0.049370966547891054,0.01982321757723283,0.01982321757723283,0.0036617560055009473,0.007323531834219472,0.9874193309578211
2.69,53.79974423360218,0.07342687195697027,0.013847994795238537,0.051293668835489394,0.02054460059223938,0.02054460059223938,0.003948937373190343,0.007897895290981278,1.0258733767097878
2.7,53.99972432807942,0.07624837849313806,0.01437152715334799,0.05340576223566307,0.021282385176856062,0.02128238517685606,0.0034254050150808895,0.006850831312546956,1.0681152447132614
2.71,54.19970288915952,0.0791765396486684,0.014913890400233007,0.055061368266911756,0.02207795547660653,0.02207795547660653,0.0037080367955230355,0.007416095669001548,1.1012273653382352
2.72,54.39967980642266,0.08221488080468894,0.015473768274585192,0.05690805078580807,0.02289236460237514,0.02289236460237514,0.0040088905008284405,0.008017803894021484,1.1381610157161615
2.73,54.59965496089657,0.08536709814892116,0.016053124964628084,0.058956458963330814,0.023725608053782852,0.023725608053782852,0.004327305157079887,0.00865463403976783,1.1791291792666163
2.74,54.7996282206977,0.08863729092113277,0.016654027466084128,0.06121650757632594,0.024577342966344132,0.024577342966344132,0.004662540118935746,0.00932510481521446,1.2243301515265188
2.75,54.999599439507,0.09202998119407134,0.01727863799461298,0.06369732844535395,0.025447800659219116,0.025447800659219116,0.004037929590406893,0.008075884628614444,1.2739465689070788
2.7600000000000002,55.19956845952302,0.09554987320069488,0.017925328427971024,0.06563430143008371,0.026385274535722293,0.026385274535722293,0.00436708992814084,0.008734206241556216,1.3126860286016742
2.77,55.39953512450867,0.0992010936370531,0.018592504088229093,0.06779363260618998,0.02734380648196881,0.027343806481968814,0.004716843720232973,0.009433714784272428,1.3558726521237996
2.7800000000000002,55.599499266367694,0.10298796354585597,0.01928244829642576,0.07018723010350571,0.02832330117906675,0.02832330117906675,0.0050862881522876005,0.01017260462787638,1.403744602070114
2.79,55.799460699009714,0.10691527190703674,0.019997558684680776,0.07282605117814614,0.029323262390189196,0.029323262390189196,0.005474417759514672,0.010948864842291734,1.4565210235629227
2.8000000000000003,55.99941921626617,0.11098829747880894,0.020740337374036064,0.07572003973635236,0.03034434596166018,0.03034434596166018,0.0047316390701593845,0.00946330848466473,1.514400794727047
2.81,56.19937459614417,0.1152125239428263,0.021508817065462392,0.07796840374736551,0.031442318081131265,0.03144231808113127,0.0051116506300189594,0.010223332702356,1.5593680749473102
2.82,56.39932661932845,0.11959274450632844,0.022301067017459972,0.08047323692431266,0.032563313717051026,0.032563313717051026,0.005514546403917169,0.011029125371148056,1.609464738486253
2.83,56.59927505026991,0.12413397010219093,0.02311971737460355,0.08324758635848482,0.03370709491975939,0.03370709491975939,0.005939097848395795,0.01187822940388651,1.6649517271696965
2.84,56.79921962862639,0.1288417498025261,0.023967522574749166,0.0863032677197481,0.03487295131674631,0.03487295131674631,0.006383945018936327,0.01276792491082397,1.726065354394962
2.85,56.99916006645856,0.13372219433908517,0.02484734863502678,0.08965078556352257,0.03606230860453278,0.03606230860453278,0.005504118958658714,0.011008273979626032,1.7930157112704515
2.86,57.19909605432945,0.13878164063717294,0.025756821385317846,0.09223514965479075,0.037338671494655105,0.03733867149465511,0.005938130456074962,0.01187629825082142,1.844702993095815
2.87,57.399027287351196,0.14402560259671549,0.026693605587161082,0.09511210055143296,0.03863945353464349,0.03863945353464349,0.0063970238038648895,0.012794086247183313,1.902242011028659
2.88,57.59895343876811,0.1494598331627847,0.027660696911263768,0.0982955524021008,0.03996420291417269,0.03996420291417269,0.006879137523841738,0.01375831501188639,1.965911048042016
2.89,57.79887414814058,0.15509069694085284,0.02866122218580563,0.10179782785777176,0.04131191510316631,0.04131191510316631,0.007382643717093098,0.014765328746101298,2.035956557155435
2.9,57.99878901764721,0.1609251946756948,0.029698422978287533,0.10562955777124836,0.04268535155413604,0.04268535155413603,0.006345442924611196,0.012690928534573946,2.1125911554249672
2.91,58.198697620780074,0.16697057057447465,0.030769439158580162,0.1085638968244928,0.044155492943656525,0.044155492943656525,0.006834539561802074,0.013669123279097093,2.1712779364898562
2.92,58.39859953868975,0.17323309145206806,0.0318714506540502,0.11182752314519144,0.045650426760608036,0.04565042676060804,0.007349923682473364,0.014699893015373488,2.236550462903829
2.93,58.59849432365995,0.17971927962294204,0.033007822079561384,0.1154347375003186,0.04716939315105105,0.04716939315105105,0.007889368415569947,0.015778784000533046,2.308694750006372
2.94,58.79838148299975,0.1864363425723359,0.03418205078865705,0.11939779368234037,0.0487109916128813,0.048710991612881296,0.008450439447696766,0.016900927606385143,2.387955873646807
2.95,58.99826047429028,0.1933921972177844,0.03539774578288858,0.12372677473643151,0.05028021532667993,0.05028021532667993,0.007234744453465231,0.014469539187145788,2.47453549472863
2.96,59.198130717688194,0.20059501364637566,0.03665147004069421,0.12700714189567844,0.05195441125197589,0.05195441125197589,0.007776780076982778,0.015553612108376809,2.5401428379135687
2.97,59.397991646101964,0.20805180655665412,0.0379398258731617,0.13065187507409434,0.05365213385057812,0.05365213385057812,0.008345521777904305,0.01669109720794246,2.613037501481887
2.98,59.59784265530378,0.21576985382224867,0.03926652686133193,0.13467491198093073,0.055372196606786585,0.05537219660678658,0.008938021099690156,0.017876097571576918,2.6934982396186147
2.99,59.79768308230187,0.223757186959762,0.04063541286321683,0.13908757900579188,0.05711267955971422,0.05711267955971422,0.009551076814298495,0.019102210741276552,2.781751580115838
3.0,59.99751219942604,0.23202261342581904,0.042050423155621595,0.1438984427174928,0.05888217249754249,0.05888217249754249,0.008136066521893727,0.016272191925959953,2.877968854349856
3.0100000000000002,60.19732923157474,0.2405751912133749,0.04350744169726418,0.14749328240459175,0.06076202451868427,0.060762024518684274,0.008724228391126276,0.01744851754427707,2.9498656480918353
3.02,60.39713342459555,0.24942262030501416,0.04500238858170273,0.15148279565342532,0.06266170258931585,0.06266170258931583,0.00933804100608765,0.01867614467387789,3.029655913068506
3.0300000000000002,60.59692397813527,0.25857285760219806,0.04653927326142121,0.1558794841635397,0.06457945363008188,0.06457945363008188,0.00997366220902906,0.019947388997511747,3.117589683270794
3.04,60.79670001711979,0.26803467005460874,0.04812221369733237,0.1606925588907219,0.066512698593027,0.06651269859302698,0.01062695143913774,0.021253969390974074,3.213851177814438
3.0500000000000003,60.99646058470317,0.27781765258442886,0.04975540259253598,0.16592776885670452,0.06847561082343052,0.06847561082343052,0.00899376254393413,0.017987593563479082,3.31855537713409
3.06,61.19620466615825,0.2879316296463716,0.05143393412135634,0.16976574322445526,0.07054945924302099,0.07054945924302097,0.009614954665894036,0.019229979881247316,3.395314864489105
3.0700000000000003,61.39593128062099,0.2983848408858975,0.05315293243258423,0.1740197385544986,0.072636037176044,0.072636037176044,0.010258719278075158,0.02051751119218749,3.480394771089972
3.08,61.595639392265916,0.309185756330593,0.05491660610076953,0.17869939569500282,0.07473287531451141,0.07473287531451141,0.010920150171281139,0.021840375075437592,3.5739879139000563
3.09,61.79532787349522,0.3203436912553469,0.056729239656590706,0.18381027861353533,0.07683659450895051,0.0768365945089505,0.011594004090853543,0.023188085018301597,3.6762055722707068
3.1,61.994995497006805,0.3318688166454995,0.058595151883791594,0.18935368816645443,0.0789696872853597,0.07896968728535969,0.009728091863652658,0.0194562626969926,3.7870737633290883
3.11,62.194640968391866,0.34377148659752005,0.060508533406894806,0.19330943019904487,0.08120711242150035,0.08120711242150035,0.010361342748546018,0.020722766704204455,3.8661886039808975
3.12,62.394263046921814,0.35606022218702055,0.06246359560582423,0.197688412482868,0.08344571444019676,0.08344571444019676,0.011011522659808391,0.02202312876533122,3.95376824965736
3.13,62.593860430457134,0.3687437208751616,0.06446459610674057,0.20249566298716762,0.08568217276780064,0.08568217276780066,0.01167252387552517,0.023345133433223107,4.049913259743352
3.14,62.79343170912442,0.38183152839777446,0.0665158180471996,0.20773127247953904,0.08791219403588574,0.08791219403588574,0.012337881275888779,0.024675850463971593,4.154625449590781
3.15,62.992975357108946,0.3953340381144984,0.06862151977446952,0.21339020921058763,0.09017009492409368,0.09017009492409367,0.010232179548618853,0.02046444926733263,4.2678041842117524
3.16,63.19248977629007,0.40926174727171377,0.07077488179800089,0.21726926487045814,0.09251592822711444,0.09251592822711444,0.010847444435579612,0.02169498138708745,4.3453852974091625
3.17,63.39197345167107,0.4236230566816784,0.07296909378485185,0.22155883345159103,0.09484591532897851,0.09484591532897853,0.011471013711219698,0.022942122268354726,4.431176669031821
3.18,63.591424805857976,0.438426454946484,0.07520825308243012,0.2262573637637766,0.09715580513678905,0.09715580513678905,0.012095519928166876,0.02419113701213889,4.525147275275532
3.19,63.79084214247576,0.4536812379305734,0.07749641240601601,0.23135749992146015,0.09944034782442412,0.09944034782442412,0.012713251333501457,0.02542660210735074,4.6271499984292035
3.2,63.990223638743345,0.46939749310068657,0.07983752100034021,0.23684592357575227,0.10174975014966159,0.10174975014966159,0.010372142739177262,0.020744387228104674,4.736918471515045
3.21,64.18956740248812,0.48558529336388623,0.08222366631712173,0.24037138783343093,0.10411846627923374,0.10411846627923374,0.010930055302693795,0.02186021472385387,4.807427756668618
3.22,64.38887166669275,0.5022523475728818,0.08464693292029239,0.24426894051663137,0.10644811953585866,0.10644811953585866,0.01148454883497442,0.022969204118068375,4.885378810332627
3.23,64.58813461073277,0.5194063236155437,0.08711099114659904,0.24852850571124524,0.10873356333173813,0.10873356333173811,0.012027076057722188,0.024054260849007705,4.970570114224905
3.24,64.78735429361625,0.5370556006145653,0.08961937761221997,0.2531334371196067,0.11096868182262573,0.11096868182262572,0.012548809065906816,0.025097729100495455,5.062668742392134
3.25,64.98652864887143,0.5552092347068642,0.09217542904654556,0.25806042589115347,0.11322361129513137,0.11322361129513137,0.009992757631581223,0.01998562848677374,5.161208517823069
3.2600000000000002,65.1856555567996,0.5738761063842573,0.09477010455725283,0.2608653262644486,0.11549551541321576,0.11549551541321577,0.01044603089847991,0.020892177292475233,5.217306525288972
3.27,65.3847330799214,0.5930624773934084,0.09739435151297011,0.26397370327000397,0.1176988604274929,0.11769886042749292,0.010881448296798338,0.021763014292457104,5.27947406540008
3.2800000000000002,65.58375925072195,0.6127743978752547,0.10005110358382835,0.26736540484527055,0.11982782291280793,0.11982782291280793,0.011289561631326854,0.02257924309047662,5.347308096905411
3.29,65.78273199597892,0.6330184708324573,0.10274305737907097,0.2710131944909758,0.12187571216664123,0.12187571216664121,0.01166077120631992,0.023321664288352008,5.420263889819515
3.3000000000000003,65.9816491358122,0.6538017969908501,0.10547260170444785,0.274882771555563,0.1239355198717755,0.12393551987177549,0.008931226880943041,0.017862577697405953,5.49765543111126
3.31,66.1805084717727,0.6751310999495408,0.10822961166028369,0.27651378272285354,0.12595664493324985,0.12595664493324985,0.009228403085122919,0.01845693212689077,5.530275654457071
3.3200000000000003,66.37930806027735,0.6970102670784571,0.11100395053233678,0.2783478778295039,0.1278743910639914,0.1278743910639914,0.009491646774558965,0.018983421423508996,5.5669575565900775
3.33,66.57804597049775,0.7194427664641664,0.11379749415639723,0.2803541591507864,0.12968272388346727,0.12968272388346727,0.00971112990520935,0.019422389493142584,5.607083183015727
3.34,66.7767202024357,0.7424323981215647,0.11661177340886786,0.28249455644310195,0.13137492631559222,0.1313749263155922,0.009877073541818215,0.019754278458562747,5.6498911288620395
3.35,66.97532869188609,0.7659832177797152,0.11944790338919999,0.284724007865863,0.13306707885747968,0.13306707885747968,0.007040943561486088,0.014082020190051033,5.69448015731726
3.36,67.17386941266894,0.7900986728706914,0.12229483715290944,0.2846629484144644,0.13465492756051475,0.13465492756051475,0.007132919451595901,0.014265973558119363,5.693258968289287
3.37,67.37234067833697,0.8147792257799419,0.12514153185383553,0.2846759484358601,0.13610161740716062,0.13610161740716065,0.007175089524529971,0.014350315150677348,5.693518968717202
3.38,67.57074087887197,0.8400246889334396,0.12798852282784998,0.28472209254810205,0.13740164776513072,0.1374016477651307,0.007158007908253855,0.014316153218155474,5.694441850962041
3.39,67.76906839649772,0.8658349335504515,0.1308359027885346,0.28475379391399513,0.13854909922396447,0.13854909922396447,0.007072539968921072,0.014145218486941369,5.695075878279903
3.4,67.96732161751147,0.8922097953114986,0.13368325701204167,0.2847171728617574,0.13967885930170099,0.13967885930170099,0.004225185745414001,0.008450511169687303,5.694343457235148
3.41,68.16549904359813,0.9191482619546741,0.136518934797989,0.2824260217577378,0.14063577331547972,0.1406357733154797,0.004074300669347497,0.00814874197446831,5.648520435154756
3.42,68.36359960372131,0.9466462930226569,0.13933132913329038,0.28006072987692227,0.1414147387762008,0.1414147387762008,0.0038604324746477348,0.007721006364034245,5.601214597538445
3.43,68.56162238385396,0.9746989691026002,0.14211945571339976,0.2775728792623173,0.1420117829339274,0.1420117829339274,0.003575450685894488,0.00715104338357191,5.551457585246346
3.44,68.75956654543516,1.0033011273986954,0.14488181855769813,0.2749085709271492,0.14245019222955235,0.14245019222955235,0.0008130878415961162,0.001626318133384462,5.498171418542984
3.45,68.95743143656918,1.0324466262197138,0.14760682682634188,0.2701090816432155,0.14279190118113833,0.14279190118113833,0.0004868209363612097,0.0009737846646236005,5.40218163286431
3.46,69.1552168940288,1.0621263994875851,0.15028302055741985,0.265146208046909,0.14293048775007244,0.14293048775007242,9.609785843076037e-05,0.0001923386473492708,5.302924160938181
3.47,69.35292297694362,1.0923304024979097,0.15290852602300428,0.2599721325746799,0.14286440476128423,0.14286440476128423,-0.00036585683232509547,-0.0007315708002454297,5.199442651493598
3.48,69.55054988832724,1.123048179688272,0.1554809691475803,0.2545346180054297,0.14259222304966002,0.14259222304966002,-0.0009050362714762283,-0.001809929950729407,5.090692360108594
3.49,69.74809799410309,1.1542687625177561,0.1579974348589666,0.2487777146023653,0.14215861016158132,0.14215861016158132,-0.003421501982862535,-0.006842861807114908,4.975554292047306
3.5,69.94556792438104,1.1859800638307656,0.16044690431443306,0.24114163096858648,0.14156120385480547,0.14156120385480547,-0.00397601646460527,-0.007951891368006685,4.82283261937173
3.5100000000000002,70.14296083415546,1.2181673348527724,0.16281856813066015,0.23321754678892959,0.14074166338984131,0.14074166338984131,-0.004598647393430383,-0.009197154045197376,4.664350935778591
3.52,70.34027816662062,1.2508147361473263,0.1651093042523298,0.2249572129275114,0.1397016697928758,0.1397016697928758,-0.005293416930255673,-0.010586694158841553,4.499144258550228
3.5300000000000002,70.53752158630896,1.2839057796336393,0.16731549694375494,0.21631014988112438,0.13844333283631727,0.13844333283631727,-0.006063326009647374,-0.012126513575961912,4.326202997622487
3.54,70.73469299791759,1.3174232301798445,0.1694330187645723,0.20722450080910498,0.13701741347268293,0.1370174134726829,-0.008180847830464742,-0.01636155864351601,4.1444900161820994
3.5500000000000003,70.93179462341693,1.3513486723563886,0.171452172727559,0.19664156942572503,0.13538356184132289,0.13538356184132289,-0.008929435174885897,-0.017858734966209953,3.9328313885145008
3.56,71.12882918792371,1.3856614717512872,0.17336357415973283,0.18567527257489355,0.13352414181162095,0.13352414181162098,-0.009741387266066463,-0.019482641007991113,3.713505451497871
3.5700000000000003,71.32579973692663,1.4203398803172598,0.17516317571050985,0.17428301307014288,0.13144491136534786,0.13144491136534786,-0.010617376921873173,-0.02123462239883498,3.485660261402858
3.58,71.52270958567867,1.4553613310147335,0.17684650561549572,0.16242250430063732,0.1291523127103217,0.1291523127103217,-0.01155693139596034,-0.02311373363960797,3.2484500860127463
3.59,71.71956233236362,1.4907023550127507,0.17840867532325358,0.15005267142927858,0.12668271076507945,0.12668271076507945,-0.013119101103718195,-0.026238075524725624,3.0010534285855717
3.6,71.91636189704252,1.5263383547929843,0.1798421682460947,0.13669045537370586,0.12399636107291238,0.1239963610729124,-0.013991897806976267,-0.027983671617591462,2.733809107474117
3.61,72.11311260357064,1.562243143530834,0.18113989833243804,0.12290152655398284,0.12110142983804402,0.12110142983804402,-0.014914468648055512,-0.029828816194681185,2.4580305310796566
3.62,72.3098190728199,1.598389519225581,0.18229744306657394,0.10865491060783831,0.11800820954718354,0.11800820954718355,-0.015884041989334685,-0.031767965970459826,2.1730982121567664
3.63,72.50648619194848,1.6347493985110688,0.18331008427908985,0.09392244179462285,0.11472782877423342,0.11472782877423343,-0.016896683201850587,-0.0337932516758724,1.878448835892457
3.64,72.70311911676497,1.671293760352888,0.18417284057519684,0.07867962853205959,0.11125984131386765,0.11125984131386764,-0.017759485174215384,-0.035518859088589455,1.5735925706411917
3.65,72.89972326251696,1.7079926456948005,0.1848812545871712,0.06305525687267538,0.10760954360770668,0.10760954360770668,-0.018655962045470487,-0.037311816481397364,1.2611051374535076
3.66,73.09630426454149,1.7448153101652182,0.1854314148273336,0.047030209799791264,0.10379077652069525,0.10379077652069527,-0.019581373339263713,-0.039162642887750905,0.9406041959958253
3.67,73.29286796385657,1.7817302338996936,0.18581923937301084,0.030589503553336766,0.0998182187567835,0.0998182187567835,-0.020529986483447366,-0.04105987314867597,0.6117900710667353
3.68,73.48942039921599,1.818705089878789,0.18604052073057933,0.013722991578729034,0.0956875758669845,0.0956875758669845,-0.020751267841015858,-0.041502439994455846,0.27445983157458065
3.69,73.68596775961291,1.8557069154516408,0.18609393316917486,-0.0029848092962439787,0.09140058108057507,0.09140058108057507,-0.021548548889613325,-0.043097006378645566,-0.059696185924879575
3.7,73.88251625320333,1.8927027207153029,0.1859787593180792,-0.019993264145511298,0.0869891253957777,0.0869891253957777,-0.022357081143793922,-0.04471407529846245,-0.39986528291022594
3.71,74.07907216823938,1.9296590729966336,0.18569197779697547,-0.03730533122268842,0.08247068212031547,0.08247068212031547,-0.02316984443804332,-0.046339606405404514,-0.7461066244537684
3.72,74.27564188445132,1.9665419408650775,0.18523056583130196,-0.05491834985350365,0.07786346807361783,0.07786346807361781,-0.02397909606444601,-0.04795811426542394,-1.098366997070073
3.73,74.47223185367525,2.0033166961019875,0.18459155775436528,-0.07282357940579949,0.07312900773620738,0.07312900773620738,-0.023340087987509334,-0.04668010284601093,-1.4564715881159898
3.74,74.66884850751022,2.039948502128374,0.18377781509561258,-0.08986813522669888,0.06831015131650814,0.06831015131650814,-0.023962727651253096,-0.04792538699235488,-1.7973627045339777
3.75,74.86549801960288,2.076403490060796,0.18279284598048798,-0.10706835179339122,0.06344323067508552,0.06344323067508552,-0.024573825809328653,-0.04914758817542663,-2.1413670358678245
3.7600000000000002,75.06218646679253,2.112647803546278,0.18163515512404563,-0.12441200535067762,0.05854793315223844,0.058547933152238434,-0.025165270751119517,-0.05033048295430588,-2.4882401070135525
3.77,75.25891986842093,2.1486472862832375,0.18030340049627566,-0.1418806892768596,0.053644463332567206,0.05364446333256721,-0.02572857647907864,-0.05145709931369395,-2.837613785537192
3.7800000000000002,75.45570416065495,2.1843675150904054,0.178796456023801,-0.15944964005738832,0.048647034875891865,0.048647034875891865,-0.024221632006603988,-0.048443215366173104,-3.1889928011477666
3.79,75.65254507306236,2.2197743765760785,0.17712155506822985,-0.1754771242927148,0.04366787091585996,0.04366787091585996,-0.024580102842981955,-0.04916016201809299,-3.509542485854296
3.8000000000000003,75.84944781611473,2.254835730560844,0.17528654700535273,-0.19147117297419822,0.03872828851103917,0.03872828851103917,-0.02490875664450204,-0.049817474560715565,-3.8294234594839645
3.81,76.04641733153011,2.289519973727965,0.17329188134640455,-0.20740883148058764,0.03384816962797648,0.03384816962797649,-0.025199675975588424,-0.05039931810300722,-4.148176629611752
3.8200000000000003,76.24345836021492,2.3237955852383827,0.17113826632830262,-0.22326132868558712,0.0290214233638963,0.029021423363896296,-0.023046060957486486,-0.04609209289354961,-4.4652265737117425
3.83,76.4405753109941,2.357631809085812,0.16883625838027927,-0.2370941499469599,0.024186982828757718,0.024186982828757718,-0.02314291222768944,-0.04628580026839605,-4.741882998939198
3.84,76.6377719226952,2.3910006042729326,0.1663969114810984,-0.25072977625595616,0.0194590537034055,0.0194590537034055,-0.023206831770186676,-0.04641364408131965,-5.014595525119123
3.85,76.83505156979051,2.423874891193085,0.1638223088449283,-0.2641460286161442,0.014855556301668502,0.014855556301668502,-0.023230881005612075,-0.04646174715566785,-5.282920572322885
3.86,77.03241735276553,2.4562279941242644,0.1611147808429638,-0.277315671474482,0.010394327246445687,0.010394327246445687,-0.023208275818646373,-0.0464165412429655,-5.54631342948964
3.87,77.22987208313175,2.4880336949755715,0.15827695445293216,-0.2902066351916054,0.006034652955050638,0.006034652955050638,-0.02037044942861474,-0.04074089282257652,-5.804132703832108
3.88,77.42741815437154,2.519267020840295,0.15532277497100028,-0.3005946333567719,0.0017605980898841578,0.001760598089884158,-0.020178316749708436,-0.04035663173881878,-6.011892667135438
3.89,77.62505720057413,2.5499064770714055,0.15226651084083148,-0.31062475779196214,-0.002328817451856615,0.002328817451856615,-0.01995210174764822,-0.03990420582411389,-6.2124951558392425
3.9,77.82279044785945,2.5799319619649643,0.14911184067508415,-0.3202770997901127,-0.006219601278148097,0.006219601278148098,-0.019686441437461955,-0.03937288909452519,-6.405541995802254
3.91,78.02061882555743,2.609324100122183,0.14586266150549204,-0.3295278970887389,-0.009898145293717684,0.009898145293717684,-0.019376322648616245,-0.03875265519537779,-6.590557941774779
3.92,78.21854296316047,2.63806429111115,0.14252312554564336,-0.33834988724719234,-0.01344073968936222,0.013440739689362219,-0.016036786688767565,-0.03207358681827482,-6.766997744943847
3.93,78.4165630774825,2.666135548328658,0.1391095155590861,-0.34435210200138805,-0.01681416319266388,0.016814163192663885,-0.015603556309460283,-0.03120712943308376,-6.887042040027761
3.94,78.61467865980019,2.693524887069291,0.1356382010847624,-0.34989232482597393,-0.019944014560682746,0.019944014560682743,-0.015145431658228693,-0.030290883260471947,-6.997846496519479
3.95,78.81288884067709,2.7202210065245525,0.13211385506627335,-0.3549599860931849,-0.02282208122257757,0.02282208122257757,-0.014658837992670551,-0.029317698807422323,-7.099199721863698
3.96,79.01119251142669,2.7462135366701426,0.12854126929768278,-0.35954189407897247,-0.02544073943325194,0.02544073943325194,-0.01414061528622318,-0.02828125601318579,-7.19083788157945
3.97,79.20958833240798,2.7714930666441293,0.12492537873614787,-0.36362261536117724,-0.02790788965828599,0.02790788965828599,-0.010524724724688267,-0.021049477357266193,-7.272452307223545
3.98,79.40807464264168,2.7960519843355565,0.12128345394275585,-0.3647585567172995,-0.03014652828641121,0.03014652828641121,-0.009946147717742534,-0.019892325582013357,-7.29517113434599
3.99,79.60664919373154,2.8198869005335925,0.11763258152843391,-0.36541374212146116,-0.03211042072108501,0.032110420721085005,-0.009360333059249618,-0.018720698228919957,-7.308274842429223
4.0,79.80530949647127,2.8429961970310322,0.11397755005512124,-0.36559195846640363,-0.033798258583497,0.033798258583497,-0.00876516666261043,-0.017530367123479444,-7.311839169328072
4.01,80.00405293942892,2.8653792121320367,0.11032311899226169,-0.36529524319007617,-0.03520937269626898,0.03520937269626898,-0.008158893929016003,-0.016317823067404702,-7.305904863801524
4.0200000000000005,80.20287680328315,2.8870362381443577,0.10667403460915292,-0.36452420365082094,-0.03647610536051723,0.03647610536051723,-0.00450980954590724,-0.00901965556791984,-7.290484073016419
4.03,80.40177819135984,2.9079693212831565,0.10304708354158282,-0.3608781637428486,-0.03748844243150639,0.03748844243150639,-0.003913196809677333,-0.007826431107797098,-7.217563274856972
4.04,80.60075381453937,2.928184623748303,0.09945860130645051,-0.35683177171570274,-0.03822716721292683,0.03822716721292683,-0.003331528685011978,-0.006663095597191169,-7.136635434314055
4.05,80.79980029417857,2.9476899313358875,0.09591249227393044,-0.352404791889539,-0.03869801213482373,0.03869801213482373,-0.002763418773630968,-0.005526876245274071,-7.04809583779078
4.0600000000000005,80.99891426523946,2.966493805706936,0.09241247064311278,-0.34761549912601347,-0.03890721569985731,0.03890721569985731,-0.002207704877098232,-0.004415448661412164,-6.952309982520269
4.07,81.19809238927971,2.984605548202464,0.08896207429778032,-0.3424808858999134,-0.03900286119125696,0.039002861191256954,0.0012426914682342335,0.002485343933607276,-6.849617717998267
4.08,81.39733129969105,3.002035934270599,0.0855762240640213,-0.33471504785895245,-0.03885429457357783,0.038854294573577836,0.0017223896818182316,0.00344474050934189,-6.694300957179049
4.09,81.5966274318996,3.0187994429938976,0.08226916684336391,-0.32672303721390095,-0.03846498587312727,0.03846498587312727,0.002165508064137247,0.004330977663288621,-6.534460744278019
4.1,81.79597726757561,3.034911808285722,0.07904299654635459,-0.31853830555456686,-0.03784677924816958,0.037846779248169586,0.002573611119290317,0.0051471843918013864,-6.370766111091337
4.11,81.99537741393742,3.0503891686899016,0.07589948210709216,-0.3101924029193213,-0.03701631727719731,0.03701631727719731,0.005717125558552749,0.011434214100788221,-6.203848058386426
4.12,82.19482455547592,3.065248736192846,0.07285108829152484,-0.2995219296478715,-0.03611546260770241,0.03611546260770242,0.00599659317649863,0.011993150237534651,-5.99043859295743
4.13,82.39431531249664,3.079510889228762,0.06990944969647955,-0.2888413923627672,-0.03502082911025076,0.035020829110250756,0.006221339152883462,0.012442643284937814,-5.776827847255344
4.14,82.59384643574579,3.093196796373973,0.06707444852813357,-0.2781943327121002,-0.033748560314072605,0.03374856031407261,0.0063940106207570485,0.012787987492953783,-5.563886654242004
4.15,82.79341486446596,3.10632757798087,0.06434554641972808,-0.26762133349810735,-0.032314613727107255,0.03231461372710725,0.0065173271798223825,0.013034622045031037,-5.352426669962147
4.16,82.99301772407031,3.11892422364339,0.061721814014049914,-0.2571600198687387,-0.030747047938455497,0.030747047938455493,0.009141059585500544,0.01828208842395315,-5.143200397374774
4.17,83.19265228206186,3.1310081901946605,0.059212080869011086,-0.24482771820907995,-0.029162852756395897,0.0291628527563959,0.009103800642993057,0.018207572123133356,-4.896554364181599
4.18,83.39231583451559,3.1426033100778867,0.056824297646810934,-0.23276912291542645,-0.027460616427644927,0.027460616427644923,0.009004719647168924,0.01800941183372142,-4.655382458308529
4.19,83.59200584419045,3.153733578147241,0.05455550882523365,-0.2210277805387828,-0.025658507794258677,0.025658507794258677,0.008848009239444718,0.017695992820381642,-4.420555610775656
4.2,83.79171997560366,3.164422369009448,0.052402344401608,-0.209643054563379,-0.0237740006004633,0.0237740006004633,0.008637997242770196,0.01727597071153979,-4.19286109126758
4.21,83.99145608513223,3.1746923569169456,0.050361061845082704,-0.19865010116571263,-0.021840471130985376,0.021840471130985376,0.010679279799295492,0.021358537758119855,-3.973002023314253
4.22,84.19121218079853,3.1845660537574783,0.04843672779122373,-0.18625801795474692,-0.019953498775572773,0.01995349877557277,0.010303456929193856,0.020606893904888936,-3.7251603590949385
4.23,84.39098633095195,3.194067531668927,0.04663359026533702,-0.17440898534101734,-0.01802873767979377,0.018028737679793773,0.00986991074649659,0.0197398034642555,-3.488179706820347
4.24,84.59077675910217,3.2032204174188252,0.04494604334470326,-0.1631379701140478,-0.01608364986399006,0.01608364986399006,0.009384475931353366,0.018768935779056868,-3.262759402280956
4.25,84.7905818635265,3.2120471913833493,0.043368158096064154,-0.152474625305147,-0.014134528433488119,0.014134528433488119,0.008853102925260106,0.01770619171599178,-3.04949250610294
4.26,84.9904002044163,3.220569127214897,0.041893735645330325,-0.14244330371728278,-0.012214823312337308,0.012214823312337308,0.010327525375993934,0.020655038537164556,-2.8488660743456555
4.2700000000000005,85.19023046924998,3.228806784561044,0.040524488504700744,-0.13144279402115724,-0.010401340328849061,0.010401340328849061,0.009651069303558156,0.019302128205775985,-2.6288558804231448
4.28,85.39007140019751,3.2367815568613887,0.0392614658350153,-0.12119589739947613,-0.008622006866285474,0.008622006866285474,0.00893160220742533,0.017863195792843796,-2.4239179479895228
4.29,85.58992186015539,3.2445138998878367,0.038097035464003406,-0.11172175834031497,-0.006891133103361218,0.006891133103361218,0.008176257713349622,0.016352508535566142,-2.2344351668062994
4.3,85.78978084449002,3.2520227302327824,0.03702340402145917,-0.1030334920410002,-0.005221506417371939,0.005221506417371938,0.007392189241630688,0.014784373261754958,-2.0606698408200037
4.3100000000000005,85.98964746942,3.259325398438259,0.03603267671187505,-0.09513828811712959,-0.0036426963886137054,0.0036426963886137054,0.008382916551214807,0.016765829459733227,-1.9027657623425918
4.32,86.18952094440509,3.266438150398281,0.03512405378336634,-0.086614710476219,-0.0022147895635310937,0.0022147895635310937,0.007495148007518569,0.014990293800247575,-1.73229420952438
4.33,86.3894005154261,3.273377516398477,0.03429629241159658,-0.07896307021258059,-0.0008739847190819757,0.0008739847190819756,0.0065869473854101995,0.01317389389683568,-1.5792614042516118
4.34,86.58928551364932,3.280158783165845,0.03354067865179011,-0.0721822851342335,0.00037030669339744524,0.00037030669339744524,0.005666050549604673,0.01133210146951604,-1.44364570268467
4.3500000000000005,86.7891753642907,3.2867955000718676,0.03284854001177155,-0.06626516726638966,0.0015103681155346498,0.0015103681155346498,0.004740065355200565,0.009480132220769245,-1.3253033453277931
4.36,86.98906957811135,3.2932994931263124,0.03221130539462743,-0.0611986451437938,0.002522944754305506,0.0025229447543055057,0.005377299972344686,0.010754602467634126,-1.223972902875876
4.37,87.18896773052847,3.2996813047201385,0.031626764739811804,-0.05572772284710899,0.00336281114780344,0.00336281114780344,0.004400964135208532,0.008801931633228212,-1.1145544569421797
4.38,87.38886941750148,3.3059514396836307,0.031092510408542735,-0.051138441531279645,0.004088308302708376,0.004088308302708376,0.0034303861112708924,0.006860776310850088,-1.0227688306255929
4.39,87.5887742935508,3.312119074694394,0.030599836448539502,-0.04740878308693321,0.004695705986879638,0.004695705986879638,0.0024730150842022375,0.004946034864110462,-0.9481756617386641
4.4,87.78868207948585,3.3181916703475216,0.030140284500485077,-0.04451126524518004,0.005182932000057832,0.005182932000057831,0.0015360085512991885,0.0030720222855303773,-0.8902253049036007
4.41,87.98859255651728,3.3241750258578513,0.029705696737827265,-0.042413280805652286,0.005533941979589091,0.005533941979589091,0.001970596313957001,0.003941198161855982,-0.8482656161130457
4.42,88.18850555026695,3.330073700585651,0.029293607233469812,-0.04001262253219502,0.005716363355261799,0.0057163633552617995,0.0010382776236578831,0.0020765609636791216,-0.8002524506439004
4.43,88.38842089579012,3.3358921292267025,0.02890158130158005,-0.038397946282943865,0.005784573013252157,0.005784573013252157,0.0001366820957771457,0.00027336997612730467,-0.7679589256588772
4.44,88.58833846783317,3.3416335496052287,0.028521959275985085,-0.037529354241303006,0.005740264632488345,0.005740264632488345,-0.0007279141420753651,-0.0014558225438860977,-0.7505870848260601
4.45,88.78825818712863,3.347299709629088,0.02814750144334919,-0.037362767593585644,0.005586556062288285,0.005586556062288285,-0.0015496682097107285,-0.0030993308328653947,-0.7472553518717129
4.46,88.98818001560505,3.3528909552157757,0.027771427716326846,-0.037850352472687095,0.005314148611969326,0.005314148611969326,-0.0011735944826883856,-0.002347183651228159,-0.7570070494537419
4.47,89.18810394324946,3.358406630641697,0.02739202089144743,-0.0380304122834195,0.004901170985199539,0.004901170985199539,-0.0019437972504447454,-0.0038875895997185056,-0.76060824566839
4.48,89.38802995958147,3.363846070084842,0.02700777097915732,-0.0388169482987268,0.004398339328946055,0.004398339328946055,-0.0026639604165948523,-0.005327916434850376,-0.7763389659745359
4.49,89.58795807725973,3.3692077155197557,0.0266128722932459,-0.04015831750084405,0.0038115950384937976,0.003811595038493797,-0.003329680896312904,-0.006659357981030769,-0.8031663500168811
4.5,89.78788833640384,3.374488900601903,0.02620204794315743,-0.04200041199307936,0.003147920070402125,0.003147920070402125,-0.003937076799511354,-0.007874150451102638,-0.8400082398615872
4.51,89.98782079991804,3.3796859586530057,0.025770572166979776,-0.04428712062116505,0.00240327288328273,0.00240327288328273,-0.0035056010233337,-0.0070111996433945166,-0.885742412423301
4.5200000000000005,90.18775554218179,3.3847945938530013,0.02531817091166868,-0.04618679796790085,0.00156359346942474,0.0015635934694247402,-0.0040304045876327285,-0.008060807611671987,-0.923735959358017
4.53,90.3876926258092,3.389810752114428,0.024844876299368122,-0.048464531787968466,0.0006753558691246143,0.0006753558691246143,-0.004494667852460943,-0.008989335029566017,-0.9692906357593694
4.54,90.58763211966088,3.3947298955808587,0.024347185874980085,-0.05106488495101873,-0.00025306311254722733,0.00025306311254722733,-0.004896238824041137,-0.009792477901145387,-1.0212976990203746
4.55,90.78757410152558,3.399546841591245,0.023822154598662524,-0.053931813558841676,-0.0012127076896267675,0.0012127076896267675,-0.005233502243870626,-0.010467005700448942,-1.0786362711768336
4.5600000000000005,90.98751865379529,3.4042558745585083,0.02326739872053502,-0.05700910408276653,-0.0022044413728326768,0.0022044413728326768,-0.004678746365743121,-0.009357494935927614,-1.1401820816553305
4.57,91.1874658542682,3.408851077470924,0.022684379926970897,-0.05958606447000925,-0.0032373543187988276,0.0032373543187988276,-0.004922362382003151,-0.00984472800136062,-1.191721289400185
4.58,91.38741575833906,3.4133270827791087,0.02207487951401715,-0.06230495484464592,-0.004270269610666129,0.004270269610666129,-0.005105118784021853,-0.010210241838313316,-1.2460990968929184
4.59,91.58736841294615,3.417678469012773,0.021437734104300218,-0.0651147607605373,-0.005294443205489259,0.005294443205489259,-0.0052271075158211305,-0.010454220326085466,-1.3022952152107459
4.6000000000000005,91.7873238587388,3.4218996325433673,0.020772285031983702,-0.06796555074633873,-0.006301010251062329,0.006301010251062329,-0.005288897294981174,-0.0105778008909726,-1.3593110149267744
4.61,91.9872821271057,3.4259848872966328,0.020078365726156178,-0.07080883249107263,-0.007289867627072411,0.00728986762707241,-0.004594977989153651,-0.009189963268174927,-1.4161766498214525
4.62,92.18724323395081,3.4299287463810586,0.019359053308278695,-0.07304619296258756,-0.008267826508975092,0.00826782650897509,-0.004572207465727203,-0.009144423199280915,-1.4609238592517513
4.63,92.38720716776413,3.433726553867512,0.01861768001359031,-0.07522121565292308,-0.009200107522315605,0.009200107522315605,-0.004497847510884344,-0.00899570422187621,-1.5044243130584616
4.64,92.58717390100523,3.437373971889875,0.01785506801645226,-0.0772942733473974,-0.010079524115074961,0.010079524115074963,-0.004373858100987999,-0.008747726281500112,-1.545885466947948
4.65,92.78714339280533,3.440866865733372,0.017072424039050654,-0.07922807590519447,-0.010899148382185383,0.010899148382185383,-0.004202552680001569,-0.00840511625915152,-1.5845615181038895
4.66,92.9871155880886,3.4442013783394234,0.016271314808322963,-0.08098790394739963,-0.011659839455353465,0.011659839455353463,-0.0034014434492738773,-0.00680289855838721,-1.6197580789479926
4.67,93.18709041468644,3.447374154917769,0.015455965291938205,-0.08207836433798495,-0.012368345501457665,0.012368345501457666,-0.0031712237910299246,-0.006342459950405351,-1.6415672867596989
4.68,93.38706777697888,3.4503828590529544,0.014630734263078359,-0.08296488626042733,-0.012997059995254112,0.01299705999525411,-0.002905957709554357,-0.005811928416168709,-1.6592977252085466
4.69,93.58704756546635,3.453225724480875,0.01379778010381017,-0.0836237493083586,-0.013541792609542478,0.01354179260954248,-0.0026088158102390963,-0.005217645162270802,-1.672474986167172
4.7,93.78702966018366,3.4559014393447978,0.012959483445671674,-0.08403421405698988,-0.013998856594107113,0.013998856594107113,-0.002283159486075645,-0.004566332971007884,-1.6806842811397975
4.71,93.9870139316663,3.458409187656703,0.012118416897887568,-0.08417861414982478,-0.014371405677617449,0.014371405677617449,-0.0014420929382915387,-0.002884200247988755,-1.6835722829964954
4.72,94.18700024069219,3.4607488147361836,0.011279262642550913,-0.08365398573834694,-0.014667609415933697,0.014667609415933697,-0.0010933566002180664,-0.002186727868045549,-1.6730797147669387
4.73,94.38698843603935,3.4629212352938668,0.010446688248117642,-0.08286352809669867,-0.014867227175115306,0.014867227175115308,-0.0007298962676332982,-0.0014598074024937714,-1.6572705619339734
4.74,94.58697836205734,3.4649280316764908,0.009623384105793257,-0.08180084277304739,-0.01496979136302853,0.014969791363028529,-0.0003552903318773896,-0.0007105956335461422,-1.6360168554609478
4.75,94.7869698620208,3.4667713298471203,0.008812089737082711,-0.08046249228904474,-0.014975420986343347,0.014975420986343347,2.686378795135197e-05,5.3712600481717596e-05,-1.6092498457808948
4.76,94.98696277979025,3.4684538062732306,0.008015564402581764,-0.07884795657985016,-0.014890126601701303,0.014890126601701303,0.0008233891224522991,0.0016467633547779964,-1.5769591315970033
4.7700000000000005,95.18695696067002,3.4699787978765815,0.00723818900961238,-0.07663450045200015,-0.01472412639917118,0.01472412639917118,0.0011903539087065934,0.0023806930932867877,-1.532690009040003
4.78,95.38695225117293,3.4713506145694626,0.006484186423243831,-0.07417421804194836,-0.014464044959551118,0.01446404495955112,0.0015518762237320084,0.003103737983419057,-1.4834843608389672
4.79,95.58694850397445,3.472574173761326,0.005755978762106847,-0.07147630752630679,-0.01411307564207369,0.01411307564207369,0.0019047630328253972,0.0038095119525751522,-1.4295261505261359
4.8,95.78694558011976,3.4736548674465673,0.005055884389359012,-0.0685523139997811,-0.013674923653105537,0.013674923653105537,0.0022459527921675137,0.004491891909411374,-1.371046279995622
4.8100000000000005,95.9869433500762,3.4745985391459424,0.00438609519911234,-0.06541597885552308,-0.01315823201975877,0.013158232019758772,0.002915741982414186,0.005831470806596352,-1.3083195771104617
4.82,96.18694169423871,3.4754115475218517,0.0037500191932771923,-0.0618112385212143,-0.012575067910716843,0.012575067910716843,0.003208613482435291,0.006417214389802671,-1.236224770424286
4.83,96.38694050287812,3.476101000111104,0.0031507962241976648,-0.05804590682713423,-0.01191776743502442,0.011917767435024419,0.003479642261412119,0.006959272605056803,-1.1609181365426846
4.84,96.58693967822356,3.476674420957315,0.0025899294616844055,-0.05414046426008505,-0.011192412296631215,0.011192412296631215,0.003726660967284466,0.007453310742156636,-1.082809285201701
4.8500000000000005,96.78693913494487,3.477139613898291,0.0020687106932300377,-0.05011670242631346,-0.010405396121020169,0.010405396121020169,0.003947738496096992,0.007895466586797862,-1.0023340485262693
4.86,96.98693879994575,3.4775046190343923,0.001588208281780479,-0.04599751096869527,-0.009567114087969347,0.009567114087969347,0.004428240907546551,0.008856472247979013,-0.9199502193739053
4.87,97.18693861185307,3.47777774316817,0.0011503978601389302,-0.04157930122622064,-0.008690628021528913,0.008690628021528913,0.004579001701970518,0.009157994713313015,-0.8315860245244128
4.88,97.38693852031817,3.4779677341791597,0.0007569296904263031,-0.03712916700147026,-0.00777235173995637,0.00777235173995637,0.004697920004153556,0.009395832235955373,-0.7425833400294052
4.89,97.58693848580539,3.4780834837470733,0.00040799332119522395,-0.03267296136862603,-0.006819976818364823,0.006819976818364824,0.0047842370017654135,0.00956846718355401,-0.6534592273725206
4.9,97.78693847867633,3.4781338955965015,0.00010351932328390556,-0.028236626499381533,-0.005841234462484741,0.005841234462484741,0.004837474686425335,0.009674943531616206,-0.5647325299876307
4.91,97.98693847801663,3.4781278336801393,-0.0001568204765431648,-0.02384596948708099,-0.004846977842317014,0.004846977842317013,0.005097814486252405,0.010195624125526968,-0.47691938974161985
4.92,98.18693847041625,3.478074134413824,-0.000372655405987367,-0.019336049977981887,-0.003850025645170114,0.003850025645170114,0.0050732697895376775,0.01014653572904971,-0.38672099955963773
4.93,98.38693844882778,3.4779817416555865,-0.0005439366662651091,-0.014934873165806606,-0.0028490177286051286,0.0028490177286051286,0.005014522050780486,0.010029041252543244,-0.2986974633161321
4.94,98.58693841129997,3.4778594490443377,-0.0006718767868479989,-0.010667376423623257,-0.0018517551430166383,0.0018517551430166383,0.004922297302771606,0.00984459275378807,-0.21334752847246513
4.95,98.78693835963604,3.4777157831325147,-0.0007579323088911863,-0.006557428278021739,-0.000865795464180971,0.0008657954641809712,0.004797584413879818,0.009595167961964171,-0.13114856556043478
4.96,98.98693829812919,3.4775589557151023,-0.0008037921585753924,-0.0026276413938677405,9.89586487424313e-05,9.895864874243131e-05,0.0048434442635640245,0.009686888626086698,-0.05255282787735481
4.97,99.18693823244901,3.4773968722169832,-0.0008105622868470739,0.0012606543131102187,0.0010312411644247822,0.001031241164424782,0.004648392860328458,0.00929678675189808,0.025213086262204372
4.98,99.38693816873742,3.477237245442251,-0.0007796107367803641,0.004917465913736282,0.001931960884506355,0.0019319608845063552,0.004424134456323109,0.008848270844607103,0.09834931827472565
4.99,99.58693811255164,3.4770873820262693,-0.0007133454076859781,0.008324243593390276,0.002794626364357048,0.002794626364357048,0.00417266141939726,0.008345325633420884,0.16648487186780553
5.0,99.78693806805117,3.4769540891273,-0.0006143499377497281,0.01146438290688606,0.0036132254539472243,0.003613225453947224,0.0038961578336777786,0.007792319280581011,0.2292876581377212
5.01,99.98693803741465,3.476843641262299,-0.0004853636818055246,0.01432333810722999,0.004380033024617547,0.004380033024617547,0.0037671715777335755,0.007534347535500176,0.2864667621445998
5.0200000000000005,100.18693802046248,3.47676179641171,-0.000328584394002629,0.017023518545824474,0.0050864248918933465,0.0050864248918933465,0.0034401995100421497,0.006880404106509191,0.34047037091648946
5.03,100.38693801445065,3.476713902929584,-0.00014637073994646345,0.01941125288031576,0.005734288152457922,0.005734288152457922,0.003094738788352624,0.006189483310993401,0.3882250576063152
5.04,100.58693801389148,3.476704732411302,5.8110392509796256e-05,0.02147808393980055,0.006319514724671354,0.006319514724671354,0.002733600658287547,0.005467207636089819,0.429561678796011
5.05,100.7869380106385,3.4767384154184366,0.00028161955429370435,0.023217948670668613,0.006838620281889426,0.006838620281889426,0.002359682271557204,0.00471937138173469,0.4643589734133723
5.0600000000000005,100.98693799415574,3.476818429366517,0.0005208687798090968,0.02462719877233183,0.007286866320318514,0.007286866320318514,0.002120433046041811,0.004240873378949943,0.4925439754466366
5.07,101.18693795189363,3.4769476295740382,0.0007731198682014346,0.025819045947127094,0.00765891810513851,0.00765891810513851,0.0017236909309966731,0.0034473895209114515,0.5163809189425419
5.08,101.38693786966195,3.477128358655848,0.0010355945933859776,0.02667305230512256,0.007958534312636278,0.007958534312636278,0.0013223259187611655,0.0026446597960566435,0.5334610461024512
5.09,101.58693773220735,3.477362324499712,0.0013049297381035332,0.02719224593411008,0.008184540448630012,0.008184540448630012,0.0009193952908610819,0.0018387987662626124,0.5438449186822016
5.1000000000000005,101.7869375238786,3.47765056616466,0.001577804213176604,0.027382016490469036,0.008336415971845031,0.008336415971845033,0.0005179251452914146,0.001035858626998801,0.5476403298093807
5.11,101.98693722930815,3.4779934646445976,0.001850962314699393,0.02725004373822297,0.008412663192460403,0.008412663192460403,0.00024476704376862556,0.0004895425002004436,0.5450008747644595
5.12,102.18693683402603,3.4783907910760545,0.0021217284139733723,0.026904328539755183,0.008411326621647857,0.008411326621647857,-0.00014987952420765025,-0.00029975063708867884,0.5380865707951037
5.13,102.38693632486333,3.4788418224714595,0.0023875035884724826,0.026252877935921494,0.00833831081659865,0.008338310816598648,-0.0005350947466878634,-0.0010701811550649103,0.5250575587184299
5.14,102.58693569068642,3.4793452594125895,0.0026452983298736583,0.025309215991093186,0.008195336148831835,0.008195336148831835,-0.0009081546035653253,-0.0018163010117945018,0.5061843198218637
5.15,102.78693492299905,3.4798992187377693,0.002892267850868605,0.024088756544385442,0.00798469379668478,0.00798469379668478,-0.00126647102684778,-0.002532934069001763,0.48177513088770885
5.16,102.98693401639514,3.4805012643292077,0.003125730254987169,0.02260865810854763,0.007707806748521246,0.007707806748521246,-0.001499933430966344,-0.0029998591541259396,0.4521731621709526
5.17,103.1869329688085,3.4811484699553708,0.0033436110471615245,0.02097295286254857,0.007365632310218116,0.007365632310218116,-0.0018254913739342324,-0.0036509753822361545,0.41945905725097143
5.18,103.38693178142499,3.4818375402699204,0.003544003678068415,0.01911177744784036,0.0069659109770960565,0.0069659109770960565,-0.0021301321073525295,-0.004260257248794082,0.38223554895680717
5.19,103.58693045902919,3.482564759210612,0.0037247589571963325,0.017046163990066775,0.00651268146416283,0.006512681464162831,-0.0024119398729605477,-0.004823873233239631,0.3409232798013355
5.2,103.7869290100844,3.4833260022870967,0.003883943538238519,0.014798245534686592,0.006010379498396184,0.006010379498396184,-0.0026692079621113882,-0.005338409913843278,0.2959649106937318
5.21,103.98692744659687,3.4841167807885003,0.004019849988278622,0.01239106866906912,0.005462546736675937,0.005462546736675937,-0.0028051144121514914,-0.005610223361756246,0.24782137338138238
5.22,104.18692578375293,3.4849323131106402,0.004131383769751041,0.00992391176142183,0.004872140043308112,0.004872140043308113,-0.00301198303225336,-0.006023961192366677,0.1984782352284366
5.23,104.38692403922828,3.4857676463399363,0.00421766907455101,0.007341756674875062,0.004247979267914365,0.004247979267914365,-0.003191068942171194,-0.00638213363636312,0.14683513349750124
5.24,104.58692223303419,3.4866176239560014,0.004277677738031049,0.004668885893369789,0.0035954562295642694,0.00359545622956427,-0.0033415529867422415,-0.0066831023780282535,0.09337771786739578
5.25,104.78692038709222,3.4874769081506223,0.004310625263138544,0.0019297498919435547,0.002920133764849581,0.0029201337648495805,-0.0034628546895674227,-0.00692570645900108,0.038594997838871097
5.26,104.98691852463968,3.488340028662862,0.004315971535257234,-0.0008512252358941989,0.0022265660782505975,0.0022265660782505975,-0.003468200961686113,-0.006936399696806148,-0.017024504717883977
5.2700000000000005,105.18691666948978,3.4892014544986303,0.004293763064284839,-0.003581368172672053,0.0015185375116353388,0.0015185375116353388,-0.003532424926353588,-0.0070648483341696645,-0.07162736345344106
5.28,105.38691484508045,3.4900557096322555,0.0042442691740540595,-0.0063083197258783,0.000804951384601708,0.000804951384601708,-0.003567637053549899,-0.007135273302148414,-0.126166394517566
5.29,105.5869130741353,3.490897347895296,0.004167636738937293,-0.009009164176504072,9.140986855512026e-05,9.140986855512025e-05,-0.0035741758191023855,-0.007148351546794903,-0.18018328353008145
5.3,105.78691137813341,3.491720975163347,0.004064238169214599,-0.011661707655776584,-0.0006165463736324649,0.0006165463736324649,-0.003552601921084161,-0.007105204458714696,-0.2332341531155317
5.3100000000000005,105.98690977671191,3.4925212936852756,0.003934663381284713,-0.014244639863402882,-0.0013145383649946865,0.0013145383649946865,-0.0034230271331542744,-0.006846055580846914,-0.28489279726805766
5.32,106.186908287039,3.4932931660508246,0.0037800307108682638,-0.016673796754908692,-0.001999160904257188,0.0019991609042571885,-0.0033490579827162503,-0.006698117964593405,-0.33347593509817386
5.33,106.38690692311847,3.494031718702575,0.0036016416884786344,-0.01899626589596674,-0.002662429075993379,0.0026624290759933796,-0.003250354193427737,-0.00650071104928455,-0.3799253179193348
5.34,106.58690569569686,3.4947323129212746,0.0034006508759202086,-0.021194568690563652,-0.0032996220563001493,0.0032996220563001493,-0.0031282510734046264,-0.006256505446431309,-0.42389137381127306
5.3500000000000005,106.78690461206564,3.4953905578989537,0.003178380578899108,-0.023252630275094145,-0.003906275909630428,0.003906275909630429,-0.0029842499462612608,-0.005968503798798431,-0.4650526055018829
5.36,106.98690367587267,3.496002342849823,0.0029363062894837326,-0.025155883215782715,-0.004479234904431563,0.004479234904431563,-0.0027421756568458857,-0.005484355792926676,-0.5031176643156543
5.37,107.18690288697879,3.4965638867612747,0.002676350406445956,-0.026829713766877785,-0.0050164992312918405,0.0050164992312918405,-0.0025600480977897504,-0.005120101212078732,-0.5365942753375557
5.38,107.38690224133978,3.4970718252848223,0.0024005461673623292,-0.02832614577354198,-0.005511796110575318,0.005511796110575318,-0.002361808057204301,-0.004723621626204713,-0.5665229154708397
5.39,107.58690173136061,3.4975231692174726,0.0021107139579887384,-0.029635930005276645,-0.005962125258296176,0.005962125258296175,-0.0021494520681467665,-0.004298910098418791,-0.5927186001055329
5.4,107.78690134617989,3.497915302089265,0.0018087578044467102,-0.03075158173756022,-0.0063648679219888505,0.006364867921988851,-0.0019250601131029156,-0.003850126591073753,-0.6150316347512044
5.41,107.9869010719732,3.498245995118423,0.0014966475718596122,-0.031667411908815495,-0.006718821378698225,0.006718821378698225,-0.0016129498805158176,-0.003225906479853014,-0.6333482381763099
5.42,108.18690089230422,3.4985134392302797,0.001176710171978706,-0.032317899700994863,-0.007024072028134308,0.0070240720281343075,-0.001370840804616553,-0.002741688633305134,-0.6463579940198972
5.43,108.38690078852633,3.4987163139739974,0.0008512945232013206,-0.032763743856762124,-0.007276487852776561,0.007276487852776561,-0.0011236943257169033,-0.0022473959279216593,-0.6552748771352425
5.44,108.58690074041844,3.498853728301658,0.0005224467493327289,-0.03300500668019366,-0.007475237337475514,0.007475237337475515,-0.0008737342443836262,-0.00174747596400459,-0.6601001336038732
5.45,108.78690072673919,3.498925199744398,0.00019220352113083413,-0.033043510609391695,-0.007619906474355054,0.0076199064743550544,-0.0006231762492828474,-0.0012463601184721693,-0.6608702121878339
5.46,108.98690072575943,3.4989306507761673,-0.0001374253379568802,-0.03288279693860512,-0.007711552048157795,0.007711552048157795,-0.00029354739019513305,-0.0005871024919423143,-0.6576559387721025
5.47,109.18690071580134,3.4988704231464376,-0.0004641532559951915,-0.03246418209930542,-0.007752594739541128,0.007752594739541127,-4.7482992135246575e-05,-9.497373686523269e-05,-0.6492836419861083
5.48,109.38690067581926,3.498745331067726,-0.0007857588808412839,-0.03185896034435933,-0.0077410314067345555,0.0077410314067345555,0.00019229796100637603,0.0003845881809813453,-0.6371792068871867
5.49,109.58690058592913,3.4985565827131455,-0.0011004196472020349,-0.031075803539245293,-0.007678202431218094,0.007678202431218094,0.00042378752669787424,0.0008475673751933173,-0.6215160707849059
5.5,109.7869004278455,3.4983057416270094,-0.001406406825500362,-0.03012480223257132,-0.007565812937723815,0.007565812937723816,0.0006450686875691116,0.0012901298093252855,-0.6024960446514264
5.51,109.98690018525944,3.4979947065712627,-0.0017020992064917793,-0.02901736554685838,-0.0074070454003069474,0.007407045400306948,0.0009407610685605289,0.0018815147300756576,-0.5803473109371676
5.5200000000000005,110.18689984419571,3.4976257116711382,-0.00198565230556011,-0.027697653456691406,-0.0072064716737398424,0.0072064716737398424,0.0011378817319889884,0.002275756257506303,-0.5539530691338281
5.53,110.38689939342296,3.497201369520995,-0.0022553561267428125,-0.026247943311323498,-0.006963778478162962,0.006963778478162962,0.0013192313754540048,0.0026384557871295313,-0.5249588662264699
5.54,110.58689882454874,3.4967245749517466,-0.002509986268599823,-0.024683300712757685,-0.006682070123308349,0.006682070123308348,0.0014833861362200072,0.002966765590369891,-0.49366601425515366
5.55,110.78689813206053,3.496198452328832,-0.0027484731468216846,-0.02301962072016603,-0.006364690594497391,0.0063646905944973915,0.0016290724093240027,0.003258138453957411,-0.46039241440332057
5.5600000000000005,110.98689731332209,3.49562632380342,-0.0029699096093619946,-0.021273492413502355,-0.006016441611788544,0.006016441611788545,0.001850508871864313,0.003701011727287014,-0.4254698482700471
5.57,111.1868963685734,3.4950117014726705,-0.0031731783723066395,-0.019386550196698292,-0.005643515829655613,0.005643515829655613,0.001958442796179509,0.003916879948843188,-0.38773100393396587
5.58,111.38689530104718,3.494358328647975,-0.003357336283041881,-0.017451482395690568,-0.00524651577831181,0.00524651577831181,0.0020445171988060958,0.004089029151096413,-0.34902964791381136
5.59,111.58689411656549,3.493670069507578,-0.0035219937243937487,-0.015486555852548302,-0.0048295996273657535,0.0048295996273657535,0.002108122153677863,0.004216239477756099,-0.309731117050966
5.6000000000000005,111.78689282318608,3.492950847839574,-0.0036669443565709274,-0.01351015879709139,-0.004396996408751312,0.004396996408751312,0.0021488246833436357,0.004297644969690863,-0.2702031759418278
5.61,111.98689143087383,3.4922046103130726,-0.0037921656158846815,-0.011540658290587574,-0.003954381446495037,0.003954381446495037,0.002274045942657389,0.004548087930933331,-0.2308131658117515
5.62,112.18688995125018,3.4914353183616518,-0.003897389950369513,-0.009510974449244617,-0.0035088351634365435,0.0035088351634365435,0.0022715931263486877,0.004543182743862212,-0.19021948898489235
5.63,112.38688839755773,3.4906469972570173,-0.003982528813766762,-0.007523423624905273,-0.003060913345134494,0.0030609133451344945,0.0022453850874584293,0.004490767114003514,-0.15046847249810547
5.64,112.58688678396086,3.48984361591178,-0.004048093741473366,-0.005595986923890697,-0.0026149734709157513,0.0026149734709157513,0.002195684899688747,0.004391367184404023,-0.11191973847781395
5.65,112.78688512503186,3.489029023136965,-0.0040947732484603845,-0.0037460810361549333,-0.0021752656500290406,0.0021752656500290406,0.0021229243586946625,0.004245846542123675,-0.07492162072309866
5.66,112.98688343535413,3.4882069128527458,-0.0041234265707652835,-0.0019904357746957013,-0.001747523154671118,0.001747523154671118,0.0021515776809995614,0.004303153614475968,-0.03980871549391403
5.67,113.1868817292865,3.4873808235400405,-0.004134583986532835,-0.00024685949737024795,-0.0013389523158964017,0.0013389523158964017,0.002038854628064817,0.0040777079171773175,-0.004937189947404959
5.68,113.38688002103243,3.4865542048501226,-0.004128926741064281,0.0013729091785635356,-0.0009490793840556941,0.0009490793840556941,0.0019046017120996658,0.0038092024751199475,0.027458183571270712
5.69,113.58687832393608,3.4857302909887733,-0.004107766159969341,0.0028542690064217386,-0.0005816348308435175,0.0005816348308435174,0.001749845647822198,0.003499690714009565,0.05708538012843477
5.7,113.78687665008044,3.48491203966753,-0.004072554051276113,0.0041837210746390775,-0.00024008724640245746,0.00024008724640245746,0.0015757432520780048,0.003151486264068763,0.08367442149278155
5.71,113.98687501006974,3.484102105137405,-0.0040248712746251735,0.005348950026964677,7.048721292722344e-05,7.048721292722344e-05,0.0015280604754270657,0.0030561210213413442,0.10697900053929355
5.72,114.18687341301992,3.483302851924024,-0.0039658414237175735,0.006453338733685989,0.0003433785286815183,0.0003433785286815183,0.0013245395978666655,0.0026490795391118597,0.12906677467371977
5.73,114.38687186689477,3.482516447641996,-0.003896686074916379,0.007374659851728416,0.0005809372914603124,0.0005809372914603124,0.0011049750241190356,0.0022099506291753624,0.1474931970345683
5.74,114.58687037797384,3.481744731270246,-0.003819281467946564,0.008103830889458912,0.0007807040649901691,0.0007807040649901691,0.0008709134195404034,0.0017418276197848717,0.16207661778917826
5.75,114.78686895068267,3.480989157932123,-0.003735587619606619,0.008633174240692956,0.0009405863294350897,0.0009405863294350895,0.0006239725035670982,0.0012479459477205258,0.17266348481385912
5.76,114.98686758762175,3.4802507835541276,-0.0036476341321389797,0.008956445644845877,0.0010566393552510888,0.0010566393552510886,0.000536019016099459,0.0010720390888382732,0.17912891289691754
5.7700000000000005,115.18686628979862,3.4795302975447155,-0.0035568295233536235,0.009203652062810503,0.0011229998206694499,0.0011229998206694497,0.0002750216274255731,0.0005500443778509668,0.18407304125621005
5.78,115.3868650571913,3.4788281486563957,-0.0034646144713423106,0.00923923970992826,0.0011444930836007159,0.0011444930836007157,5.298459631027618e-06,1.0598063755138837e-05,0.1847847941985652
5.79,115.5868638883596,3.4781444064530183,-0.0033731188139918176,0.00906048762072933,0.0011202847113851936,0.0011202847113851936,-0.0002714049055509266,-0.0005428086908171419,0.1812097524145866
5.8,115.78686278041926,3.4774787122933835,-0.0032844923925428133,0.00866611130150447,0.001049948717715625,0.001049948717715625,-0.0005533381809385709,-0.001106675311928424,0.1733222260300894
5.8100000000000005,115.98686172918659,3.4768302767582697,-0.0032008908108688023,0.008056238013385049,0.0009308192814351966,0.0009308192814351967,-0.000636939762612582,-0.0012738785944058826,0.16112476026770098
5.82,116.18686072948914,3.4761979334468642,-0.0031236595676312024,0.007392224089147506,0.0007578841136494496,0.0007578841136494496,-0.0009159925373574295,-0.0018319843168307453,0.14784448178295012
5.83,116.38685977577695,3.47558030266091,-0.0030541113099483894,0.006520333847049598,0.0005387390406978238,0.0005387390406978239,-0.0011963092059752178,-0.0023926178732113948,0.13040667694099195
5.84,116.58685886170551,3.474975640981817,-0.0029943091733904527,0.0054436824246491865,0.00027419387541411446,0.00027419387541411446,-0.0014762762111249234,-0.0029525521480559713,0.10887364849298373
5.8500000000000005,116.78685798005412,3.4743817958871994,-0.002946279040181362,0.004166601299008537,-3.4555582792309675e-05,3.455558279230967e-05,-0.0017543353433689482,-0.003508670721293479,0.08333202598017075
5.86,116.98685712277796,3.4737962143950543,-0.0029119977165533344,0.0026945703632351202,-0.00038909594495384814,0.00038909594495384814,-0.0017886166669969757,-0.0035772337230898965,0.0538914072647024
5.87,117.18685628120241,3.4732160177822564,-0.0028924266920377526,0.0012245348249680288,-0.0007939372716087722,0.0007939372716087722,-0.0020485673176714875,-0.004097135429280247,0.024490696499360576
5.88,117.38685544653431,3.47263820610643,-0.002888442900524334,-0.0004222869297708725,-0.001238705250102461,0.0012387052501024612,-0.0023037874224363032,-0.004607576083577857,-0.00844573859541745
5.89,117.58685460924278,3.4720594875764035,-0.0029017778462371757,-0.002238647471776293,-0.0017212392077918521,0.0017212392077918524,-0.0025530718483426835,-0.005106145417924575,-0.04477294943552586
5.9,117.78685375876297,3.4714762316208523,-0.0029340864904838916,-0.004216488350452829,-0.002239066741873572,0.002239066741873572,-0.002795313071625558,-0.005590628382317858,-0.08432976700905659
5.91,117.98685288332695,3.4708844849771885,-0.002986939609852076,-0.0063470334646435565,-0.002793198438150386,0.002793198438150386,-0.0027424599522573733,-0.005484922697713185,-0.12694066929287112
5.92,118.18685196997137,3.4702800653775085,-0.0030606765301052137,-0.008393528703222509,-0.0033882882153883787,0.003388288215388379,-0.0029557726592218153,-0.005911548706731846,-0.16787057406445016
5.93,118.38685100499461,3.469658808953718,-0.0031555227028417752,-0.010568455840442074,-0.0040113878330005365,0.0040113878330005365,-0.0031610677261270964,-0.006322139463642026,-0.2113691168088415
5.94,118.58684997305228,3.4690163684294157,-0.003272717831281601,-0.012862921369019405,-0.004659512118813963,0.004659512118813963,-0.0033577206543281835,-0.006715445968168486,-0.25725842738038807
5.95,118.78684885661919,3.4683481575937303,-0.0034134110855925572,-0.015267713247664828,-0.005329468538331616,0.005329468538331616,-0.0035452215901199263,-0.007090448509708391,-0.30535426495329654
5.96,118.98684763562582,3.4676493696955877,-0.0035786584047300773,-0.017773398013273083,-0.00602240436563786,0.006022404365637859,-0.0033799742709824062,-0.0067599545643691784,-0.3554679602654617
5.97,119.18684628739527,3.4669150873435712,-0.0037680570618136766,-0.020098582524853498,-0.00674395740542991,0.00674395740542991,-0.0035337801197128493,-0.007067566983383104,-0.40197165049706995
5.98,119.3868447873373,3.4661405749760683,-0.0039810877317809365,-0.022499547978272413,-0.0074789047752174586,0.0074789047752174586,-0.0036796540631513076,-0.00735931560520739,-0.44999095956544827
5.99,119.5868431077377,3.465321033088329,-0.0042184691790893725,-0.024968511325738435,-0.00822407829650204,0.00822407829650204,-0.003817593467886467,-0.007635195159851231,-0.4993702265147687
6.0,119.78684121704869,3.464451526171374,-0.004480843100390605,-0.027497841547076397,-0.008976210453570518,0.008976210453570518,-0.003947699817928369,-0.007895408612067192,-0.5499568309415279
6.01,119.98683907946459,3.4635269979504635,-0.004768776043411429,-0.030080139105861558,-0.009737385680207919,0.009737385680207919,-0.003659766874907545,-0.00731954348720077,-0.6016027821172312
6.0200000000000005,120.18683665502917,3.46254239505603,-0.005081131354749225,-0.03238324587806647,-0.010515131427619197,0.010515131427619197,-0.0037578221702848384,-0.007515654855701105,-0.6476649175613294
6.03,120.38683390103888,3.4614930080911703,-0.005416678571852158,-0.034718413386140984,-0.011292208380067694,0.011292208380067694,-0.003851415202063709,-0.007702841696335798,-0.6943682677228197
6.04,120.5868307704328,3.460374168193683,-0.005775717386615325,-0.0370814724351489,-0.01206589099451037,0.012065890994510367,-0.003941074593869018,-0.007882161253629031,-0.741629448702978
6.05,120.78682721095205,3.4591811506000814,-0.0061585083136012995,-0.039468755082628496,-0.012833440095267504,0.012833440095267504,-0.004027397728731548,-0.00805480829090319,-0.7893751016525699
6.0600000000000005,120.98682316477127,3.457909181970733,-0.006565277925985369,-0.04187713917422185,-0.013598642218602514,0.013598642218602514,-0.003620628116347479,-0.007241269831337176,-0.8375427834844371
6.07,121.18681856902066,3.456553576746656,-0.0069942758544620535,-0.04391565124980329,-0.014371757356717967,0.014371757356717965,-0.0036820481051339756,-0.007364110582025308,-0.8783130249960658
6.08,121.38681335844322,3.4551101328031915,-0.007443700456514088,-0.04596244627850928,-0.015133619889228601,0.015133619889228603,-0.003745263837056985,-0.007490542807733859,-0.9192489255701857
6.09,121.58680746306466,3.453574756500134,-0.007913640874174902,-0.04801878256628113,-0.015882438094231635,0.01588243809423164,-0.0038111356793490998,-0.007622287241136293,-0.9603756513256225
6.1000000000000005,121.78680080710753,3.451943334952821,-0.008404202126178428,-0.0500865749587288,-0.01661644923840056,0.016616449238400565,-0.003880539374729852,-0.007761095365908942,-1.001731499174576
6.11,121.98679330866784,3.4502117322083588,-0.008915511669231185,-0.0521683940189868,-0.01734177154283136,0.01734177154283136,-0.003369229831677095,-0.006738477005125733,-1.043367880379736
6.12,122.18678488081183,3.448375939360645,-0.009445400931935825,-0.05380400629562775,-0.018072069638678908,0.018072069638678908,-0.0034244704271132603,-0.006848958926296159,-1.076080125912555
6.13,122.3867754360411,3.4464325340477093,-0.009991703339250875,-0.05545098505151606,-0.01878607930219621,0.018786079302196213,-0.0034895065762133876,-0.006979031938506078,-1.109019701030321
6.140000000000001,122.58676488261189,3.4443782204870392,-0.0105545703491343,-0.05711686380715182,-0.01948321427238754,0.01948321427238754,-0.003565262153571667,-0.007130543790357606,-1.1423372761430364
6.15,122.78675312288337,3.442209664967078,-0.011134231677377846,-0.05880975866680771,-0.020162904652374407,0.020162904652374407,-0.003652614165173646,-0.007305248493251944,-1.1761951733361542
6.16,122.98674005288001,3.439923479639375,-0.011731000879342306,-0.06053831966017951,-0.020834037399000076,0.020834037399000076,-0.0030558449632091863,-0.0061117107604557715,-1.2107663932035901
6.17,123.18672556403821,3.4375163900476653,-0.012342512740554933,-0.06175998024193651,-0.021514109053820202,0.021514109053820202,-0.0031408749964475947,-0.0062817715070042435,-1.2351996048387301
6.18,123.3867095500758,3.4349857713837495,-0.012966457717249,-0.06302479889135001,-0.022179277523713656,0.022179277523713656,-0.0032441688712300867,-0.006488359921737697,-1.2604959778270004
6.19,123.58669190103363,3.4323290904959762,-0.01360333567365852,-0.06434638694722623,-0.02283017562579043,0.02283017562579043,-0.0033664250563367765,-0.006732872942849179,-1.2869277389445246
6.2,123.78667250057586,3.4295437006768186,-0.014253784010644045,-0.0657386394503948,-0.023467382618455282,0.02346738261845528,-0.003508233534323701,-0.007016490536030021,-1.3147727890078962
6.21,123.98665122519036,3.426626813917171,-0.014918580043464724,-0.0672156435991654,-0.02410279481712061,0.02410279481712061,-0.002843437501503022,-0.005686899105800862,-1.3443128719833082
6.22,124.18662794665772,3.4235756920871014,-0.015595357853490166,-0.06813684762143482,-0.024757885323406427,0.024757885323406423,-0.0029932945013017315,-0.0059866137604887865,-1.3627369524286963
6.23,124.38660254207053,3.4203882764260003,-0.016281851647496428,-0.06915850553761797,-0.02540546169369539,0.02540546169369539,-0.0031690954034425192,-0.006338216212346732,-1.3831701107523595
6.24,124.58657488444726,3.4170625188300243,-0.01697915907288378,-0.07029917717178191,-0.02604714275392014,0.02604714275392014,-0.0033710493740234,-0.006742124795189554,-1.4059835434356382
6.25,124.78654483842577,3.4135961333449805,-0.017688562362740027,-0.07157722051014519,-0.026684374113980426,0.026684374113980426,-0.003599203961295923,-0.00719843460696596,-1.4315444102029038
6.26,124.98651225885853,3.4099865595176047,-0.0184115256953282,-0.07301066768775516,-0.027332156342261278,0.02733215634226128,-0.002876240628707751,-0.005752508589571844,-1.4602133537551032
6.2700000000000005,125.18647699417414,3.406231185640752,-0.01914580843641178,-0.0738431056414169,-0.028015789489322963,0.02801578948932296,-0.003119162707234297,-0.006238353430258084,-1.476862112828338
6.28,125.38643890056925,3.4023280909359426,-0.019889298109560208,-0.07485146766722323,-0.028703737182675652,0.02870373718267565,-0.0033938932873727873,-0.006787815278482757,-1.4970293533444645
6.29,125.58639782787623,3.398275253366097,-0.020643862869813526,-0.07605746425810964,-0.029398179112961578,0.029398179112961574,-0.0036999476927489436,-0.0073999247836770005,-1.5211492851621928
6.3,125.78635361307195,3.394070256087184,-0.021411583894651975,-0.07748199212190347,-0.0301009673237481,0.030100967323748104,-0.0040366397463507085,-0.008073309593668742,-1.5496398424380695
6.3100000000000005,125.98630607808646,3.389710245749797,-0.022194746526327042,-0.07914499069602106,-0.030830254550904126,0.030830254550904126,-0.0032534771146756417,-0.006506985059605834,-1.5828998139204211
6.32,126.1862550343898,3.3851921976709294,-0.022991262077845548,-0.08015475361682632,-0.03161471619128488,0.03161471619128488,-0.0036065711557929127,-0.007213173926302017,-1.6030950723365265
6.33,126.3862003027658,3.380513792139987,-0.023799177961050525,-0.08142419142093711,-0.032417381752432625,0.032417381752432625,-0.003994867172859196,-0.007989766763100144,-1.6284838284187422
6.34,126.58614169292333,3.375672485554466,-0.024621205003451906,-0.08297604404137435,-0.03324045823743125,0.033240458237431256,-0.004417058393905292,-0.00883415002826882,-1.659520880827487
6.3500000000000005,126.78607899421431,3.3706651703375,-0.02546027398057028,-0.08483156609844536,-0.034085654812028826,0.034085654812028826,-0.004871610876557415,-0.009743255838769643,-1.696631321968907
6.36,126.98601197253149,3.3654881325594426,-0.02631952000770046,-0.08701037637969278,-0.03497441257957774,0.03497441257957774,-0.004012364849427234,-0.008024764673267048,-1.7402075275938556
6.37,127.18594037663601,3.3601373694252636,-0.027196923518210934,-0.08846547522797858,-0.03593799284933195,0.03593799284933194,-0.004479369533573332,-0.008958775005139512,-1.7693095045595717
6.38,127.38586396539773,3.354609621736906,-0.028090589101995016,-0.09026165406246615,-0.03693297261423114,0.03693297261423114,-0.004982262430746724,-0.009964561794466063,-1.8052330812493231
6.390000000000001,127.58578247934602,3.34890129454001,-0.02900403627784648,-0.09242058442854992,-0.0379610384985845,0.0379610384985845,-0.005518860241967149,-0.011037758444972796,-1.8484116885709985
6.4,127.78569562789706,3.3430080687645716,-0.02994099045197135,-0.09496177945828921,-0.03902321273505372,0.03902321273505372,-0.006086738423048986,-0.012173515869310708,-1.8992355891657842
6.41,127.98560308523638,3.3369248623791727,-0.03090536058968352,-0.09790244553058905,-0.04014460761428283,0.04014460761428283,-0.005122368285336815,-0.010244776715281245,-1.9580489106117809
6.42,128.18550449909088,3.3306462101160963,-0.03189501338178467,-0.10002105063249915,-0.041357842652970316,0.04135784265297031,-0.005693591985187443,-0.011387225328217539,-2.000421012649983
6.43,128.38539952790865,3.3241674730473987,-0.03290791151047706,-0.10255014450640129,-0.042612300691821245,0.04261230069182125,-0.006298817690917724,-0.01259767799413614,-2.051002890128026
6.44,128.585287802106,3.317483594640159,-0.03394825419281324,-0.10550853033938372,-0.043908672444478776,0.043908672444478776,-0.0069349856041953095,-0.013870015117063064,-2.1101706067876744
6.45,128.78516890694183,3.3105886618913614,-0.03502041465186515,-0.108912215468105,-0.04524683790625974,0.04524683790625974,-0.00759878713901798,-0.015197619524873867,-2.1782443093621002
6.46,128.98504237728247,3.303475873566104,-0.03612891144739968,-0.11277426968698537,-0.046656377611047045,0.046656377611047045,-0.006490290343483453,-0.012980627343344516,-2.2554853937397072
6.47,129.18490770975524,3.2961379906471104,-0.03727124056926363,-0.11568186238059515,-0.048169406624859135,0.04816940662485913,-0.007144352693826224,-0.014288753557059074,-2.313637247611903
6.48,129.3847644130871,3.288568740941098,-0.03844495568545058,-0.11904993357104528,-0.04972788554474718,0.049727885544747184,-0.007828337491902447,-0.01565672471169044,-2.3809986714209055
6.49,129.58461195624037,3.280761397170567,-0.03965473473446871,-0.12289306535768506,-0.05133116940039317,0.05133116940039318,-0.008538333307971921,-0.017076717947113244,-2.457861307153701
6.5,129.78444974588766,3.2727082850580285,-0.04090538448534592,-0.1272224530347758,-0.05297768817949758,0.052977688179497585,-0.00927017332291298,-0.018540399623514142,-2.5444490606955164
6.51,129.98427712000327,3.264400761293565,-0.04220180599122937,-0.1320457698724144,-0.05470286309166433,0.05470286309166433,-0.007973751817029529,-0.015947558336922147,-2.640915397448288
6.5200000000000005,130.18409336466812,3.2558297408631214,-0.04354083024906029,-0.13574674469152184,-0.0565355021418775,0.056535502141877504,-0.008680430772263971,-0.017360918080030083,-2.7149348938304367
6.53,130.38389778171003,3.2469873092834804,-0.04491930458149383,-0.13993416325866664,-0.058410693416331615,0.058410693416331615,-0.00941121469456279,-0.018822487799818998,-2.7986832651733327
6.54,130.58368962030056,3.2378651119644926,-0.046342140884677724,-0.1446174857722263,-0.060326285353792544,0.060326285353792544,-0.010161360127155884,-0.02032278058059712,-2.892349715444526
6.55,130.78346804785042,3.228453807026677,-0.04781432586902712,-0.14980222803576618,-0.06227912555527655,0.06227912555527655,-0.01092585885139224,-0.021851779981910034,-2.9960445607153234
6.5600000000000005,130.9832321425269,3.218743054771894,-0.0493408809550753,-0.15548982985643442,-0.06431255455093142,0.06431255455093142,-0.009399303765344057,-0.018798671843242663,-3.1097965971286885
6.57,131.18298091643075,3.2087221248769877,-0.05091768136021447,-0.159855697783453,-0.0664479459404173,0.06644794594041731,-0.010122660284161956,-0.020245387016269854,-3.1971139556690598
6.58,131.38271340569042,3.1983817209024132,-0.05254058099111494,-0.16470805332815983,-0.068615122930355,0.068615122930355,-0.01086293707356343,-0.02172594276224979,-3.2941610665631966
6.59,131.58242858153184,3.187712175531269,-0.054214463630089575,-0.17005066515511028,-0.0708104286831126,0.07081042868311262,-0.011614553663890283,-0.02322917813820925,-3.4010133031022054
6.6000000000000005,131.78212531339835,3.1767028473292918,-0.055944228197912955,-0.17588280727474784,-0.07302917069146111,0.07302917069146111,-0.012371653314091187,-0.024743379657353064,-3.5176561454949566
6.61,131.98180236078346,3.1653421228748195,-0.05773474315600633,-0.1821991292215021,-0.07532545185462865,0.07532545185462866,-0.01058113835599781,-0.021162352037447475,-3.6439825844300424
6.62,132.18145840500685,3.153618102808419,-0.05958067934425941,-0.18697219765997475,-0.07770738992407934,0.07770738992407933,-0.011282194255291048,-0.02256446621797202,-3.739443953199495
6.63,132.3810921677437,3.141520632301609,-0.061476657703168354,-0.19220602742934548,-0.08010247190946651,0.08010247190946651,-0.01199180144572227,-0.02398368299391645,-3.8441205485869094
6.640000000000001,132.5807022972519,3.129039305683206,-0.06342727405384398,-0.19789826792556145,-0.08250569169631669,0.08250569169631669,-0.012703514795520801,-0.025407112096733298,-3.957965358511229
6.65,132.780287322675,3.1161628091953033,-0.06543707533533104,-0.20404151020128045,-0.08491101428232484,0.08491101428232484,-0.013410606132692434,-0.02682129717639915,-4.080830204025609
6.66,132.97984564597746,3.102878936664472,-0.06751050839900236,-0.21062316294449723,-0.08738682550155664,0.08738682550155663,-0.011337173069021114,-0.02267443352486773,-4.212463258889945
6.67,133.17937558494333,3.0891753485186046,-0.06964086547841589,-0.21543222219561706,-0.0899203037309766,0.0899203037309766,-0.011975742187227243,-0.023951574294758218,-4.308644443912341
6.68,133.37887552631878,3.0750417876702993,-0.07182137277256372,-0.2206518373252245,-0.09244102480561596,0.09244102480561596,-0.012613302134937443,-0.025226696710899693,-4.41303674650449
6.69,133.5783437830416,3.0604679099065235,-0.07405609104704779,-0.22627307946061692,-0.09494291980689637,0.09494291980689637,-0.01324252269879174,-0.026485140340503286,-4.525461589212338
6.7,133.77777853905963,3.045442579049852,-0.07634896353933637,-0.23228139061224085,-0.09741894069411307,0.09741894069411307,-0.013855802226678177,-0.02771170187229705,-4.6456278122448165
6.71,133.97717784258248,3.029953897037294,-0.0787037591482197,-0.23865648014339277,-0.09995561552715686,0.09995561552715686,-0.011501006617794853,-0.023002113191205233,-4.773129602867855
6.72,134.1765396629652,3.013990024178358,-0.08111231567545181,-0.24304021236541046,-0.10250995291063003,0.10250995291063003,-0.01203675782484942,-0.02407361815965175,-4.860804247308209
6.73,134.37586208361517,2.99754154245009,-0.08356640285419546,-0.24776148527178452,-0.10501950424816654,0.10501950424816654,-0.012560669767241323,-0.025121444553986894,-4.95522970543569
6.74,134.57514312706073,2.9805991447049145,-0.08606931551811486,-0.25280423776554023,-0.10747753835924462,0.1074775383592446,-0.013064571213790621,-0.0261292499051196,-5.056084755310804
6.75,134.77438069025845,2.963152894288404,-0.08862415701723288,-0.2581462547293518,-0.10987644122312427,0.10987644122312429,-0.013540068046012807,-0.027080245968466837,-5.162925094587036
6.76,134.97357254071497,2.94519227037904,-0.09123377740340946,-0.26375911234438515,-0.11232436648328056,0.11232436648328056,-0.010930447659836223,-0.021861007644038928,-5.275182246887703
6.7700000000000005,135.1727163893045,2.9267070309775494,-0.09388859956841691,-0.2671938710719864,-0.11473850926104111,0.1147385092610411,-0.011323783824093893,-0.022647682386697045,-5.3438774214397275
6.78,135.37181012523374,2.907689665577561,-0.09657899103615106,-0.2708721610911967,-0.1170713338616505,0.11707133386165049,-0.011693257433033233,-0.02338663193740033,-5.417443221823934
6.79,135.57085160798343,2.8881329957816746,-0.0993072681107118,-0.27477025971703517,-0.11931596107850229,0.11931596107850229,-0.012030038114301506,-0.02406019554456409,-5.495405194340703
6.8,135.7698385940112,2.8680294177751486,-0.10207547713867758,-0.27885791987892905,-0.12146477653936814,0.12146477653936814,-0.01232517687278202,-0.02465047521034058,-5.577158397578581
6.8100000000000005,135.96876873739302,2.847370963407207,-0.10488532944201558,-0.28309840535638997,-0.12364948928616333,0.12364948928616333,-0.009515324569444025,-0.019030772788377337,-5.6619681071278
6.82,136.1676396790875,2.8261501799172333,-0.10772600051431043,-0.28502937232715103,-0.12573964354395248,0.12573964354395248,-0.009729016559294118,-0.01945815885823178,-5.700587446543021
6.83,136.36644932114177,2.804362592873513,-0.11058663854264175,-0.2870913598137809,-0.12770965086775407,0.12770965086775407,-0.00990613088389021,-0.01981238947743129,-5.741827196275619
6.84,136.56519558819653,2.782004291271845,-0.1134683953766546,-0.2892528019367276,-0.12955312379084497,0.12955312379084497,-0.010037563872972971,-0.020075257299069733,-5.7850560387345515
6.8500000000000005,136.76387634767033,2.7590711774212524,-0.11637207416970499,-0.29147554727025526,-0.13127061744302038,0.13127061744302038,-0.007133885079922575,-0.014267901430462594,-5.829510945405105
6.86,136.9624895097735,2.735559828420757,-0.11928622194849543,-0.2913544122848593,-0.13299453718486834,0.13299453718486834,-0.007200116908378615,-0.014400366811294415,-5.827088245697186
6.87,137.16103332551407,2.7114698939704884,-0.12219943358396519,-0.2912881357384374,-0.13456960419936725,0.13456960419936725,-0.007225965653658753,-0.014452065876921705,-5.825762714768748
6.88,137.35950612707725,2.6868017209318573,-0.1251120917499189,-0.29124364575729855,-0.13599094929158895,0.13599094929158895,-0.0072023173432625995,-0.01440477067747449,-5.824872915145971
6.890000000000001,137.5579062433038,2.661555619983867,-0.12802421547259868,-0.29118130658292923,-0.13725330169170766,0.13725330169170766,-0.007120242748694911,-0.014240622750691514,-5.8236261316585844
6.9,137.75623200945566,2.6357319442127274,-0.13093539587794253,-0.291055194872518,-0.13838620472289279,0.13838620472289279,-0.0042090623433510554,-0.008418263072906834,-5.82110389745036
6.91,137.9544818770448,2.6093319063709273,-0.1338337602176487,-0.2886257714222683,-0.13945504992944233,0.1394550499294423,-0.004072744806668721,-0.008145629068387372,-5.772515428445367
6.92,138.15265472663762,2.5823598068122617,-0.13670753000261526,-0.28613648347969006,-0.14034293405990989,0.14034293405990989,-0.003883897836699235,-0.0077679360163325295,-5.722729669593801
6.93,138.35074959502583,2.5548208149471763,-0.13955590381034635,-0.28354691027076084,-0.1410465949890799,0.1410465949890799,-0.0036341759005671104,-0.007268492847729209,-5.670938205415217
6.94,138.54876559058332,2.526720299625975,-0.1423776468651679,-0.2808108213002096,-0.1415626255751768,0.1415626255751768,-0.003315699287421925,-0.006631540137469425,-5.6162164260041925
6.95,138.7467019083592,2.498063919989738,-0.1451710353690605,-0.27787666034741215,-0.14194593717936863,0.14194593717936863,-0.0005223107835293228,-0.001044763512995825,-5.557533206948243
6.96,138.94455794131238,2.4688583562519564,-0.1479242742978479,-0.27278808789503567,-0.1421956303903257,0.14219563039032573,-0.00016793107296822485,-0.00033600434156684,-5.455761757900714
6.97,139.14233358272423,2.439113250186515,-0.15062572486846587,-0.26751958849042645,-0.14223833421676996,0.14223833421676996,0.00024793450761689817,0.0004957267768995795,-5.350391769808529
6.98,139.34002895898004,2.4088392541313897,-0.15327336137226974,-0.2620260247720589,-0.14207322328730443,0.14207322328730443,0.0007319091470200934,0.0014636762208168994,-5.240520495441178
6.99,139.537644350322,2.378047457853563,-0.1558646848937724,-0.25625790724072683,-0.1416996141650377,0.1416996141650377,0.00128986087657712,0.002579580053540075,-5.125158144814536
7.0,139.73518020917606,2.3467494851890036,-0.15839668322218897,-0.2501620785624777,-0.14118742684731675,0.14118742684731675,0.003821859204993699,0.007643577222560551,-5.0032415712495535
7.01,139.9326372608355,2.3149580941189747,-0.16085826799114894,-0.24218147813553362,-0.14048421249637422,0.14048421249637422,0.00438838361822283,0.008776626752233164,-4.843629562710673
7.0200000000000005,140.13001676388802,2.282688714170596,-0.16323858845481515,-0.2339101865073077,-0.13955869013125805,0.13955869013125805,0.005019568283655823,0.010038997008621514,-4.678203730146154
7.03,140.32732027185685,2.2499578699108236,-0.1655345096516709,-0.22530274531014766,-0.1384133258430546,0.13841332584305457,0.005719422207309699,0.011438706001293555,-4.506054906202953
7.04,140.52454956497513,2.2167827334445143,-0.16774243062255942,-0.21631142096785333,-0.13705100740260462,0.1370510074026046,0.006490960855705218,0.012981784660403034,-4.326228419357067
7.05,140.7217066677949,2.1831812174379714,-0.16985826583240604,-0.20688703668399896,-0.13553967559210903,0.13553967559210903,0.008606796065551842,0.017213456591428093,-4.137740733679979
7.0600000000000005,140.91879392516574,2.149172403130411,-0.17187238618265335,-0.19597341334693263,-0.13380468971199885,0.13380468971199885,0.009350252823721206,0.018700371842752698,-3.9194682669386527
7.07,141.11581418718222,2.1147775739758914,-0.17377550031839975,-0.18468703633833894,-0.13184769525996812,0.13184769525996812,0.010153822144112756,0.02030751244053025,-3.693740726766779
7.08,141.312770624496,2.080019105482593,-0.17556367887533403,-0.17298767424825848,-0.1296751498300764,0.1296751498300764,0.011018294595772499,0.022036459516395168,-3.4597534849651694
7.09,141.50966667614017,2.0449201660095846,-0.17723259103021247,-0.1608352661319437,-0.1273026301481566,0.1273026301481566,0.012687206750650937,0.025374286198671724,-3.216705322638874
7.1000000000000005,141.70650609632196,2.0095049895331805,-0.17877455491211156,-0.14760162388867612,-0.12474915933550126,0.12474915933550126,0.013485302022548938,0.02697047929593854,-2.9520324777735225
7.11,141.90329306198137,1.9737994783627786,-0.18018232574745338,-0.13399789049961727,-0.12198487973201814,0.12198487973201814,0.014332284259382627,0.028664446533885522,-2.6799578099923456
7.12,142.10003204172628,1.9378304853000359,-0.18145204513725652,-0.11999267310645705,-0.11901980587440147,0.11901980587440146,0.015226752595557558,0.03045338617130924,-2.399853462129141
7.13,142.29672775708025,1.9016256332730697,-0.18257954943873084,-0.10555631003498497,-0.1158646834261542,0.11586468342615419,0.01616619403774938,0.03233227221081533,-2.1111262006996996
7.140000000000001,142.49338518559594,1.8652133745040458,-0.1835603913241526,-0.09066171737981443,-0.1125310324320904,0.1125310324320904,0.017147035923171156,0.03429395931530988,-1.8132343475962887
7.15,142.6900095621799,1.828623044841582,-0.18438986951304825,-0.07528517727589949,-0.10901630358727857,0.10901630358727855,0.017976468435808992,0.035952827855314395,-1.50570354551799
7.16,142.88660636897,1.7918848626486084,-0.1850638140257195,-0.05955615710843157,-0.10532848568755397,0.10532848568755397,0.018838384341335227,0.037676663354184764,-1.1911231421686312
7.17,143.0831812951731,1.7550297749484007,-0.18557860600370266,-0.0434559078107917,-0.10148161829418843,0.10148161829418842,0.019728335564585087,0.03945656964755188,-0.869118156215834
7.18,143.27974022205993,1.7180894469514694,-0.18593045863464389,-0.02696957468988882,-0.09749050954506495,0.09749050954506495,0.02064088441510764,0.041281671339705735,-0.5393914937977764
7.19,143.47628921460478,1.6810962935420384,-0.18611545964138537,-0.010086904140522455,-0.09334131638375162,0.09334131638375162,0.020825885421849127,0.04165167750238187,-0.2017380828104491
7.2,143.67283447373958,1.6440833080507284,-0.18613257590727306,0.006607999392205313,-0.08905265979913846,0.08905265979913846,0.02158677711863638,0.04317346518461296,0.13215998784410626
7.21,143.86938220523564,1.607083454649874,-0.1859813781675862,0.023574989986676394,-0.08464911718685846,0.08464911718685846,0.022359191273920692,0.044718297898724196,0.4714997997335279
7.22,144.06593868084045,1.5701300849035094,-0.1856591267955961,0.040817806402185484,-0.08014802834283527,0.08014802834283528,0.023136389242922134,0.04627269833781592,0.8163561280437097
7.23,144.2625102499894,1.5332570952517082,-0.18516307192419182,0.058334775994504554,-0.07556741182899289,0.07556741182899288,0.02391090099008511,0.04782172641275839,1.166695519890091
7.24,144.4591033209229,1.49649892695209,-0.18449050992852306,0.07611834256826998,-0.07084996143363448,0.07084996143363449,0.023238338994416352,0.04647660713887127,1.5223668513653996
7.25,144.65572426905072,1.4598901799449722,-0.18364455122064027,0.09301706800805251,-0.06607328364813954,0.06607328364813955,0.023828663898567,0.04765726172385035,1.8603413601610503
7.26,144.8523792002804,1.4234644394515903,-0.18262893827559665,0.11004874680750497,-0.06125691336455933,0.06125691336455933,0.024409017538366884,0.04881797381982041,2.200974936150099
7.2700000000000005,145.0490741131102,1.387255233996044,-0.18144239438734658,0.12720284855893432,-0.05642011693273215,0.05642011693273215,0.024971506537517923,0.049942956654918914,2.5440569711786862
7.28,145.24581493900325,1.3512963510869023,-0.18008377847197207,0.14446279939015244,-0.051559279506504095,0.051559279506504095,0.023612890622143418,0.04722572968500733,2.8892559878030486
7.29,145.44260742842724,1.3156213128669205,-0.17855967599966313,0.1603048863195371,-0.04663133617164933,0.04663133617164933,0.023983743123559054,0.04796743961578193,3.206097726390742
7.3,145.63945685779234,1.2802618344707861,-0.17687725277832583,0.17612701572317485,-0.04172685301386735,0.04172685301386735,0.024334583587646647,0.04866912544844028,3.5225403144634972
7.3100000000000005,145.83636826198796,1.2452491568244624,-0.17503678591791325,0.1919137321817271,-0.03686495775165648,0.03686495775165648,0.024657667502062636,0.04931529813916752,3.8382746436345423
7.32,146.0333464985182,1.2106144774441863,-0.17303873631988215,0.20764375224133153,-0.03206501117850501,0.032065011178505,0.02494508855717995,0.049890145049348716,4.15287504482663
7.33,146.2303962259195,1.176388910362041,-0.1708838070214963,0.22328995166429894,-0.027289333479820377,0.02728933347982038,0.022790159258794098,0.045580291228254716,4.465799033285979
7.34,146.4275217736204,1.1426028069486165,-0.16858253250042565,0.2369195191134591,-0.02253710579883607,0.022537105798836065,0.022887626101129658,0.045775229665153516,4.738390382269182
7.3500000000000005,146.62472680542749,1.1092838088628632,-0.16614592892997115,0.25035640383861274,-0.017892418304040876,0.017892418304040876,0.022954167322033897,0.04590831675164949,5.007128076772255
7.36,146.82201462550472,1.0764586046964812,-0.16357602687905334,0.2635799264374365,-0.01337267851699584,0.013372678516995837,0.022982791411716857,0.045965569450755195,5.27159852874873
7.37,147.01938826930845,1.0441534904065726,-0.1608750894369581,0.2765642793335477,-0.008995220946054061,0.008995220946054061,0.02296664667950332,0.045933284363785694,5.531285586670954
7.38,147.21685048924218,1.0123943183717194,-0.15804566243009574,0.28927873906533685,-0.004683050770353141,0.004683050770353141,0.020137219672640955,0.040274434662231136,5.785574781306737
7.390000000000001,147.4144036263214,0.9812057125039472,-0.15510159646329386,0.2995003809966266,-0.0004904679862650279,0.0004904679862650279,0.019955065727190024,0.03991013096391206,5.990007619932532
7.4,147.61204926971604,0.950608837703115,-0.15205705323531754,0.3093753469262385,0.00351875065824157,0.00351875065824157,0.01974043185695204,0.03948086723265474,6.187506938524771
7.41,147.80978860792177,0.9206234874734376,-0.1489155941268077,0.3188847756022804,0.007331039241833941,0.007331039241833941,0.019487837522301488,0.038975682375642216,6.377695512045608
7.42,148.00762253996476,0.8912687526673965,-0.14568098903407894,0.3280058383670794,0.010933190089606585,0.010933190089606585,0.019192142083393315,0.03838429509997672,6.560116767341588
7.43,148.2055516724531,0.8625629747228132,-0.1423572542984872,0.3367120869358863,0.01444051471479338,0.014440514714793382,0.015868407347801566,0.03173682913611785,6.734241738717726
7.44,148.40357620686055,0.8345229084976464,-0.13896052866913167,0.3426133673316232,0.017743257964743395,0.017743257964743395,0.015451904607524658,0.03090382695830728,6.8522673466324635
7.45,148.60169562685851,0.8071613357234972,-0.13550703140253603,0.34806790358175455,0.020805444534472993,0.020805444534472993,0.015011434095640293,0.03002288899672512,6.961358071635091
7.46,148.79990906240798,0.7804893841514288,-0.13200128079770126,0.3530655579707748,0.02361913959484702,0.02361913959484702,0.014543266052294654,0.029086555723728903,7.061311159415497
7.47,148.99821541076986,0.7545172815808757,-0.12844791034382902,0.35759343935252164,0.026176962043383743,0.02617696204338374,0.014044081758438132,0.028088189693838306,7.151868787050432
7.48,149.19661334441815,0.7292543281587358,-0.12485169434785297,0.3616362832381056,0.028626768040765704,0.0286267680407657,0.01044786576246208,0.0208957601516922,7.232725664762112
7.49,149.39510122026047,0.7047080572499471,-0.12122974095517589,0.3627506805134281,0.03081224333289804,0.03081224333289804,0.00988907574002068,0.019778182292284695,7.255013610268563
7.5,149.59367681311173,0.6808818115850082,-0.11759897461944213,0.3634004207588743,0.03272692609770056,0.03272692609770056,0.009323174809674109,0.018646382346274314,7.268008415177486
7.51,149.79233766141184,0.6577771949489831,-0.1139640240089635,0.3635890724764266,0.034369608041554804,0.034369608041554804,0.008747888553231192,0.017495811476070426,7.271781449528532
7.5200000000000005,149.99108118514374,0.6353948862703026,-0.110329491498842,0.36331833204661224,0.035755675517686825,0.035755675517686825,0.005113356043109697,0.010226747841894911,7.266366640932245
7.53,150.18990461269732,0.6137338374691848,-0.10671208118959127,0.36017421056486865,0.03700966997752859,0.03700966997752858,0.004543894511464488,0.009087826032598953,7.203484211297373
7.54,150.38880475522726,0.5927888981721046,-0.10312806250253298,0.35664130360379154,0.037993752182029036,0.037993752182029036,0.003989995298211756,0.007980028590175695,7.132826072075831
7.55,150.5877783194762,0.5725533157962075,-0.09958122283598975,0.35273963570677525,0.038712951817792045,0.038712951817792045,0.0034497410807220463,0.006899520874395911,7.054792714135505
7.5600000000000005,150.78682201427262,0.5530195863988322,-0.0960751589504289,0.3484873162854121,0.03917278030630688,0.03917278030630688,0.002921437330613369,0.005842913834007044,6.9697463257082415
7.57,150.98593256354616,0.5341794904146828,-0.09261329504427243,0.34390075400670195,0.03941011675416524,0.03941011675416523,-0.0005404265755430959,-0.0010808137409694376,6.878015080134039
7.58,151.18510664786098,0.5160233471811257,-0.08921059674745897,0.3366630319166873,0.039518439931984596,0.039518439931984596,-0.0009990669920576234,-0.001998094465675315,6.733260638333745
7.59,151.384340723899,0.49853775328981004,-0.08588137909255078,0.32920535882060076,0.03938651795430632,0.03938651795430632,-0.0014223939180470905,-0.0028447484495762267,6.584107176412015
7.6000000000000005,151.58363128048154,0.48170805446896214,-0.08262767942390832,0.32156006010348526,0.03902536334660536,0.03902536334660536,-0.0018124280721632247,-0.0036248171189631026,6.431201202069705
7.61,151.7829749220109,0.46551920204877917,-0.07945122307237483,0.31375722055283306,0.038446174243077405,0.0384461742430774,-0.0021711031612056675,-0.004342167876237092,6.275144411056662
7.62,151.9823683746449,0.4499558138261498,-0.07635344519293753,0.30582479764346365,0.03770085573011156,0.03770085573011156,-0.005268881040642964,-0.010537724380430198,6.116495952869273
7.63,152.18180843655614,0.43500149817238876,-0.07334651248076896,0.2955958424669545,0.036857824983973594,0.03685782498397359,-0.00550718684231942,-0.011014336826813855,5.9119168493390895
7.640000000000001,152.38129183432227,0.4206367537625513,-0.0704418001118888,0.2853806829984683,0.035829483330075115,0.035829483330075115,-0.0056953198703767185,-0.011390603911270107,5.7076136599693665
7.65,152.58081541763812,0.4068413376527752,-0.06763897214016162,0.275218785490506,0.03463107624237718,0.03463107624237718,-0.005836146125470995,-0.011672257619865747,5.50437570981012
7.66,152.78037621721094,0.3935950953474826,-0.06493731326529993,0.26514656469283643,0.03327761907199919,0.0332776190719992,-0.005932562890140894,-0.011865092502662716,5.302931293856728
7.67,152.97997144211874,0.38087803494659417,-0.06233575916906445,0.25519741949930047,0.03182930590385122,0.03182930590385122,-0.008534116986376378,-0.017068202143446853,5.10394838998601
7.68,153.1795984351371,0.3686697207629626,-0.05984304540120495,0.24338471110620288,0.030335099084388882,0.030335099084388882,-0.008480198346238636,-0.016960366357378187,4.867694222124058
7.69,153.37925455789323,0.35694735675597905,-0.05746707104124943,0.23184861584334013,0.0287264553861323,0.0287264553861323,-0.008369685230801907,-0.01673934173514843,4.636972316866802
7.7,153.57893733033643,0.3456879908331989,-0.05520487255968851,0.22062848218615905,0.027020514337372258,0.027020514337372258,-0.008206779150970213,-0.01641353128142609,4.412569643723181
7.71,153.7786444665296,0.3348692889385482,-0.05305311354553358,0.2097595516452789,0.02523371926610007,0.02523371926610007,-0.007995775241717462,-0.015991525249715657,4.195191032905578
7.72,153.97837386512742,0.3244696068646147,-0.051008125740007224,0.19927296593434007,0.02342834244729009,0.02342834244729009,-0.010040763047243821,-0.020081502666145196,3.9854593186868015
7.73,154.17812356920356,0.3144674443233616,-0.04907508778358664,0.1873742889550403,0.021638274405224197,0.0216382744052242,-0.009674077352882803,-0.0193481330674912,3.747485779100806
7.74,154.37789167430543,0.30483971493362455,-0.047258397612223065,0.1760016553853168,0.019808942102528322,0.019808942102528322,-0.009254537858227203,-0.018509055907512305,3.520033107706336
7.75,154.57767642511362,0.2955637439805807,-0.04555263703448371,0.16518651186683334,0.017956856820455374,0.017956856820455374,-0.008787792553306674,-0.017575567149756527,3.3037302373366666
7.76,154.77747623602988,0.2866179622361168,-0.04395209895839121,0.1549552088547459,0.016097399184406863,0.016097399184406863,-0.008279571129999247,-0.01655912616259931,3.099104177094918
7.7700000000000005,154.97728967887127,0.2779819596637215,-0.042450838171692026,0.14532903681630738,0.014289779243756974,0.014289779243756975,-0.009780831916698431,-0.019561649543617617,2.9065807363261476
7.78,155.1771154484661,0.26963598670864564,-0.04105084808681948,0.1347043968291154,0.012555887193620791,0.012555887193620791,-0.00913564159069584,-0.018271270625504484,2.694087936582308
7.79,155.37695228979214,0.2615594013306251,-0.039753485346688745,0.12480116309865229,0.010850366678237746,0.010850366678237746,-0.008451062614333343,-0.01690211437830001,2.4960232619730456
7.8,155.57679906553588,0.2537324349588287,-0.03855145104127977,0.11563624873651449,0.009186832382209652,0.00918683238220965,-0.0077338966097862324,-0.015467784032740083,2.3127249747302896
7.8100000000000005,155.7766547685459,0.24613678939058337,-0.03743730583554052,0.10722084471193954,0.007577443101034261,0.007577443101034262,-0.006990944282136466,-0.01398188098682983,2.144416894238791
7.82,155.97651851052942,0.23875565981361968,-0.03640352661875125,0.09956053388362919,0.006074613770570609,0.0060746137705706095,-0.00802472349892574,-0.01604944092323771,1.9912106776725838
7.83,156.17638949452757,0.23157327036553832,-0.03544969725074609,0.09123309877832393,0.004690326718672169,0.004690326718672169,-0.007182792985608498,-0.014365581280890277,1.8246619755664786
7.84,156.37626695804744,0.22457348304919306,-0.034574969634068635,0.08373741103261303,0.0033846005792075176,0.003384600579207518,-0.00632222086106192,-0.01264443833752326,1.6747482206522606
7.8500000000000005,156.5761502225678,0.21774132327217519,-0.033771034846156164,0.07707176612177845,0.002166519592975986,0.002166519592975986,-0.005450339490368168,-0.010900676814216744,1.541435322435569
7.86,156.7760387026533,0.21106347223790853,-0.033029629975261744,0.071228685654303,0.0010435534694121706,0.0010435534694121708,-0.004574348745119715,-0.00914869644668596,1.42457371308606
7.87,156.97593189745035,0.20452825237802458,-0.032342594759109854,0.06619513664332491,5.9145239613968794e-05,5.9145239613968794e-05,-0.005261383961271605,-0.010522767863397972,1.323902732866498
7.88,157.17582936972383,0.19812518789680147,-0.03170812493057345,0.060717089840893,-0.0007830389312968054,0.0007830389312968055,-0.0043357409723252804,-0.008671482727689491,1.21434179681786
7.890000000000001,157.3757307017009,0.19184376005071632,-0.0311242133892635,0.05608067366719707,-0.0015202127251235757,0.0015202127251235757,-0.0034156210458420044,-0.006831243611896734,1.1216134733439413
7.9,157.57563553330974,0.18567469850248355,-0.03058254937916994,0.05226484820225131,-0.00214857157624733,0.00214857157624733,-0.002508080011856033,-0.005016162172283642,1.0452969640450263
7.91,157.77554356984894,0.17961037101584523,-0.030075058489544768,0.04924340155408755,-0.0026658916235673047,0.0026658916235673047,-0.001619893351848041,-0.003239789369587706,0.984868031081751
7.92,157.97545457597616,0.1736447312977521,-0.029593952746903154,0.046985274320969266,-0.0030383570166450623,0.0030383570166450627,-0.002100999094489655,-0.004202001227336326,0.9397054864193853
7.930000000000001,158.1753683596695,0.1677729008136998,-0.02913711562013195,0.04439079957649222,-0.0032690957226251182,0.0032690957226251182,-0.001214351973553542,-0.0024287072162028065,0.8878159915298444
7.94,158.37528473743345,0.16199005794406454,-0.028702442452010972,0.04254997035376916,-0.003393852535381603,0.003393852535381603,-0.0003563727709891516,-0.0007127489358308386,0.8509994070753832
7.95,158.5752035644621,0.15629251358193552,-0.028282585562764112,0.04142515700094311,-0.0034138916066231684,0.0034138916066231684,0.00046697214138774826,0.0009339408688838899,0.8285031400188623
7.96,158.7751247408457,0.1506780084777711,-0.027870593538311735,0.0409747492995919,-0.0033318414983032826,0.003331841498303282,0.0012501258428296094,0.0025002483538177204,0.8194949859918379
7.97,158.97504820677457,0.14514563024619145,-0.027459949013582608,0.041153559591660706,-0.003122851018983609,0.003122851018983609,0.000839481318100483,0.001678959513349947,0.8230711918332141
7.98,159.17497392955804,0.13969541859646814,-0.027049165830266786,0.04100357703036909,-0.0027951205184910924,0.002795120518491093,0.001577189386072115,0.0031543759770237116,0.8200715406073817
7.99,159.37490187557364,0.13432738026343785,-0.026636936314727293,0.041440868390099556,-0.0023830606857661116,0.0023830606857661116,0.0022681998660139327,0.00453639734896718,0.8288173678019911
8.0,159.5748320337415,0.12904237610888597,-0.026217631616729513,0.04241681793369083,-0.0018919388688088316,0.0018919388688088316,0.0029082838082674476,0.0058165657245960265,0.8483363586738166
8.01,159.77476441989978,0.12384234299948231,-0.025786121017686174,0.04388042302544251,-0.0013280307557428043,0.0013280307557428045,0.0034937026615743105,0.006987403995117865,0.8776084605088502
8.02,159.97469907232968,0.11873019202016363,-0.025337793613956463,0.04577872981603017,-0.0006738077407794055,0.0006738077407794056,0.0030453752578445993,0.006090749841881458,0.9155745963206035
8.03,160.17463604081442,0.11370944394006402,-0.024872453126484468,0.047284348777838714,5.944213841675743e-05,5.944213841675743e-05,0.0035558855414645936,0.007111771142371326,0.9456869755567743
8.040000000000001,160.37457536405626,0.10878336576205473,-0.02439017751551151,0.04916450601284177,0.0008393640899015363,0.0008393640899015363,0.004009747393803539,0.00801949562697117,0.9832901202568355
8.05,160.57451708760524,0.10395570154727772,-0.02388748369425011,0.051366916621107366,0.0016583511611437467,0.0016583511611437467,0.004404824918836477,0.008809651496024116,1.0273383324221472
8.06,160.77446126670282,0.09923083940046086,-0.023361414718030934,0.05383863926707858,0.0025082182036085406,0.002508218203608541,0.0047394875222748906,0.009478977552767985,1.0767727853415716
8.07,160.9744079622537,0.09461370578324896,-0.022809544275652818,0.05652648940342946,0.0034013736739985823,0.0034013736739985823,0.004187617079896774,0.008375237561167223,1.1305297880685892
8.08,161.17435723203735,0.09010944049078312,-0.022233255171016885,0.05872400621862441,0.004325564058982382,0.004325564058982382,0.004436323002588005,0.00887265033074007,1.1744801243724883
8.09,161.37430911349514,0.08572265291913271,-0.02163422096569463,0.06107499794027586,0.005251672066038285,0.005251672066038285,0.004627825387999062,0.00925565602767019,1.2214999588055173
8.1,161.5742636375639,0.08145802981505518,-0.021011149452651905,0.06353111732525842,0.006171663850533667,0.006171663850533667,0.004762083389561053,0.009524172950785956,1.2706223465051683
8.11,161.77422083094842,0.07732046842424403,-0.020363227256950278,0.06604494211416946,0.0070773565103446736,0.0070773565103446736,0.004839506860519496,0.009679020798395502,1.3208988422833892
8.120000000000001,161.97418071334081,0.07331498178975236,-0.01969010888695409,0.06857031369353589,0.007978363890281531,0.00797836389028153,0.0041663884905233095,0.008332784959410509,1.3714062738707178
8.13,162.17414329142818,0.06944642231063744,-0.01899466227477499,0.07051253445294182,0.008863477725578144,0.008863477725578144,0.004165497670991751,0.008331004205461227,1.4102506890588364
8.14,162.37410854727406,0.06571885582334186,-0.01827998992662123,0.07241559143881873,0.009708050675164635,0.009708050675164635,0.004115755070949903,0.008231519849950481,1.4483118287763745
8.15,162.57407644945414,0.06213607685247953,-0.017546673700831395,0.07424156692721919,0.010505414493896291,0.010505414493896291,0.004018875553443935,0.008037761612302362,1.4848313385443836
8.16,162.7740469556723,0.05870172643695414,-0.016795664052425333,0.07595465227532794,0.011249110041069887,0.011249110041069887,0.0038769112625760774,0.007753833774262196,1.5190930455065588
8.17,162.97402001183815,0.0554192205886263,-0.016028257811626475,0.07752137330343503,0.01194801135895678,0.01194801135895678,0.003109505021777219,0.006219021991565797,1.5504274660687005
8.18,163.17399554913422,0.05229152881015426,-0.01524838925512015,0.07844924498704865,0.012593571247306328,0.012593571247306328,0.0029123605249907498,0.005824733643552747,1.568984899740973
8.19,163.37397347761305,0.04932066191414359,-0.014460117499261776,0.07920259493275296,0.013166542384237926,0.013166542384237924,0.002681529779876171,0.005363072726294726,1.5840518986550591
8.2,163.57395369538918,0.046508119916575025,-0.013665304276351813,0.07975819757745088,0.013662975043091804,0.013662975043091804,0.0024198809316007884,0.00483977552617662,1.5951639515490177
8.21,163.77393609178594,0.043855008163424115,-0.012866029870700159,0.08009555897661852,0.01407936344665792,0.01407936344665792,0.0021304689303554146,0.004260951940074276,1.6019111795323704
8.22,163.97392054805948,0.041361996364991195,-0.012064565331526455,0.08019701067430078,0.014425327506206892,0.014425327506206892,0.0013290043911817105,0.002658023207690927,1.6039402134860157
8.23,164.17390693688782,0.03902915393097766,-0.011265280945192987,0.07966165118471019,0.014695970551611431,0.014695970551611431,0.0010172235536281165,0.0020344618032267846,1.5932330236942038
8.24,164.37389511984807,0.036855543724463063,-0.01047253582315589,0.0788899456619267,0.014877826454668697,0.014877826454668695,0.0006905349775948225,0.0013810848330160998,1.577798913238534
8.25,164.5738849546048,0.034839620615128145,-0.009688729183498297,0.07787476631581794,0.014970363814833213,0.014970363814833212,0.0003522188436960294,0.0007044526577558736,1.5574953263163587
8.26,164.77387629795896,0.032979353303609404,-0.008916317780466473,0.07661172457285664,0.014973580430941852,0.014973580430941852,5.582420857875095e-06,1.1179815296181132e-05,1.5322344914571329
8.27,164.9738690072323,0.03127221553555976,-0.008157788676772866,0.0750991382915879,0.01489859190200699,0.01489859190200699,-0.0007529466828357315,-0.001505878467079561,1.501982765831758
8.28,165.17386294085085,0.029715074768611092,-0.007417249170870924,0.07301570789295221,0.014744397568969,0.014744397568969,-0.001086606163736922,-0.002173197583076275,1.4603141578590442
8.290000000000001,165.37385795780597,0.02830387973437416,-0.0066986627930559015,0.07070925610409153,0.014503034854449653,0.014503034854449655,-0.0014164162900909584,-0.002832818077147062,1.4141851220818304
8.3,165.5738539223866,0.027034020131057535,-0.0060042223079199986,0.06818724790296092,0.01417736189002365,0.01417736189002365,-0.0017394219049832443,-0.0034788296326045986,1.3637449580592185
8.31,165.77385070621477,0.02590045517424566,-0.0053360348295983405,0.0654593410932758,0.013770704494178295,0.013770704494178294,-0.002052781655540557,-0.004105549540376619,1.3091868218655158
8.32,165.97384818915458,0.024897732884179923,-0.004696100563535516,0.06253725274499954,0.013295668159933176,0.013295668159933174,-0.0026927159216033813,-0.0053854185475386025,1.2507450548999908
8.33,166.17384625968486,0.02401992356014479,-0.004087639668858059,0.05916616353662923,0.012754671849722588,0.012754671849722588,-0.0029622494804777463,-0.005924486206283643,1.1833232707325845
8.34,166.37384481468519,0.023260385175380392,-0.0035136257771858593,0.05564834127077142,0.01214435280164314,0.012144352801643141,-0.0032125564770929555,-0.006425100809833109,1.1129668254154286
8.35,166.5738437615431,0.02261208797365557,-0.002975435247154446,0.05200191988677541,0.011470267970532768,0.011470267970532768,-0.00344160669388366,-0.006883201917499349,1.040038397735508
8.36,166.77384301867394,0.02206774540435737,-0.0024742568323580815,0.048246282290183004,0.010738263037078278,0.01073826303707828,-0.003647582890377902,-0.0072951550424927665,0.9649256458036601
8.370000000000001,166.97384251536363,0.021619852840994984,-0.002011080162012703,0.044401866932494684,0.009961789991844239,0.009961789991844239,-0.004110759560723281,-0.00822150915965657,0.8880373386498936
8.38,167.17384219130724,0.021260653618723414,-0.0015878061724404105,0.04026671528948754,0.009145640968304827,0.009145640968304827,-0.0042521655830134964,-0.008504322020386024,0.8053343057897508
8.39,167.37384199591972,0.02098196384881473,-0.0012060348008553178,0.036101443738163014,0.008289680231515488,0.008289680231515488,-0.004364823303300852,-0.008729638316921471,0.7220288747632603
8.4,167.57384188834422,0.02077546076514816,-0.0008659500239886694,0.0319294188576612,0.0074009966381013495,0.0074009966381013495,-0.004447991983069106,-0.008895976565141574,0.638588377153224
8.41,167.77384183672478,0.02063280819380158,-0.0005675015306245061,0.02777413124487632,0.006486719682753722,0.006486719682753721,-0.004501187610867732,-0.009002368735015781,0.5554826248975264
8.42,167.9738418172032,0.020545703472595402,-0.00031040451383799013,0.023658989717297053,0.005560089896435781,0.005560089896435781,-0.004758284627654249,-0.0095165636952186,0.47317979434594104
8.43,168.1738418128457,0.020505862091138794,-9.507169615232159e-05,0.01942169860383836,0.004626899898491174,0.004626899898491174,-0.004739515197734808,-0.009479025768569719,0.38843397207676716
8.44,168.37384181258997,0.020504883069161563,7.83837066238057e-05,0.015283177490858299,0.003688641102763643,0.0036886411027636425,-0.004689527342861198,-0.009379050997081294,0.305663549817166
8.45,168.57384181024835,0.0205344973220044,0.00021106362837343477,0.011266197248526602,0.002752551694209714,0.002752551694209714,-0.004608951639403494,-0.009217900526255294,0.22532394497053204
8.46,168.77384180336654,0.020586678603738133,0.0003042929441391723,0.007392578406492434,0.0018256500981381593,0.0018256500981381593,-0.004498661170538731,-0.008997320515427364,0.14785156812984868
8.47,168.9738417921137,0.020653687087751192,0.0003596090975284395,0.003683017893543031,0.0009197710651503354,0.0009197710651503355,-0.004553977323927998,-0.009107953728084931,0.07366035787086062
8.48,169.17384177828094,0.02072805917088802,0.00037797834247300764,3.0979124200003136e-06,4.0291815516674553e-05,4.0291815516674553e-05,-0.00437812970546197,-0.008756259370632125,6.195824840000627e-05
8.49,169.37384176442455,0.020802496251282304,0.00036061266149396774,-0.0034646744738746947,-0.0008112217441275074,0.0008112217441275074,-0.004175435355251669,-0.008350871521725083,-0.06929348947749389
8.5,169.57384175298628,0.020870069207866028,0.0003097191311539467,-0.006703236021884615,-0.001628699836523998,0.001628699836523998,-0.003947704148982102,-0.00789540992666404,-0.1340647204376923
8.51,169.77384174557469,0.020924306804476742,0.00022766657397576222,-0.009697294878193796,-0.002406511118202526,0.002406511118202526,-0.0036969245831641054,-0.007393851572839329,-0.19394589756387592
8.52,169.9738417424232,0.02095922623194588,0.00011696731076123145,-0.012433436980900402,-0.003135280534598726,0.003135280534598726,-0.0035862253199495744,-0.007172453775179683,-0.24866873961800803
8.53,170.17384174201058,0.020969317186703106,-2.03817158598186e-05,-0.015027720437730114,-0.003811238445243731,0.0038112384452437306,-0.0032878958651400333,-0.006575795541518512,-0.30055440875460226
8.540000000000001,170.37384174080395,0.02094944041815203,-0.00018223046877678374,-0.017334341148504,-0.0044339982955227146,0.0044339982955227146,-0.00297246479726175,-0.005944934028521795,-0.34668682297008
8.55,170.57384173310996,0.020894986273879732,-0.00036566294319219627,-0.01934544981108184,-0.004999665495610591,0.004999665495610591,-0.0026425146705008613,-0.0052850343406672185,-0.3869089962216368
8.56,170.77384171112334,0.020801935415873964,-0.0005676956826960249,-0.021055398068341027,-0.00550491945108462,0.00550491945108462,-0.0023007099211272276,-0.004601425347173906,-0.42110796136682055
8.57,170.97384166512194,0.020666870103511068,-0.000785299895438057,-0.022460759781726486,-0.005943534896493404,0.005943534896493405,-0.002083105708385195,-0.004166217360305287,-0.4492151956345297
8.58,171.17384158374645,0.0204869456608473,-0.00101595347915143,-0.02366593955842182,-0.006314115003095318,0.006314115003095318,-0.0017191205985454523,-0.0034382475112059076,-0.4733187911684364
8.59,171.37384145426245,0.020259789918076886,-0.0012570928601251376,-0.024558959800956737,-0.006618225570231264,0.006618225570231263,-0.0013507983259391132,-0.002701603270103797,-0.49117919601913473
8.6,171.5738412630689,0.0199836169697953,-0.0015056102182014295,-0.02514256639284565,-0.006854674869359561,0.006854674869359561,-0.0009809676362568297,-0.0019619421271885287,-0.502851327856913
8.61,171.77384099626227,0.0196572590001675,-0.0017584361592151263,-0.02542169136169365,-0.007022875613817163,0.007022875613817163,-0.000612431106393873,-0.0012248692356633597,-0.508433827233873
8.620000000000001,171.97384064020795,0.01928015643265513,-0.00201256125529067,-0.025403388863807982,-0.007119946270896061,0.007119946270896062,-0.00035830601031832917,-0.0007166191405829292,-0.5080677772761597
8.63,172.1738401820526,0.018852314557863972,-0.0022654953870908773,-0.025184168256440733,-0.0071470937910162145,0.0071470937910162145,4.991028179417763e-06,9.97490926504451e-06,-0.5036833651288146
8.64,172.37383961005023,0.018374200147140363,-0.0025148155408431785,-0.024681537985230113,-0.007108046182217299,0.007108046182217299,0.0003595701940927805,0.0007191332801393788,-0.49363075970460224
8.65,172.57383891421995,0.017846815239352967,-0.002757750412925053,-0.02390801492901062,-0.0070042986515375955,0.0070042986515375955,0.0007028931654308773,0.0014057793265631032,-0.4781602985802124
8.66,172.7738380868769,0.017271703025629217,-0.0029916627110580956,-0.022877878602119307,-0.006837876167755844,0.006837876167755844,0.0010325452761671128,0.002065083714458058,-0.4575575720423861
8.67,172.97383712303107,0.016650919327271033,-0.0032140661142269072,-0.021607038309998477,-0.006608915008771645,0.006608915008771645,0.0012549486793359244,0.0025098907497568402,-0.43214076619996955
8.68,173.17383602061398,0.015986976592353815,-0.0034230036425490665,-0.020185206953451443,-0.006320923736990079,0.006320923736990079,0.0015551904389658816,0.003110374557008026,-0.40370413906902886
8.69,173.3738347804194,0.015282738651512692,-0.0036166710960972843,-0.018553722223551825,-0.005979465540553992,0.005979465540553992,0.0018359297456516132,0.0036718535118376856,-0.3710744444710365
8.700000000000001,173.57383340642943,0.014541462613815689,-0.003793070259645797,-0.016732182491719497,-0.005588206459505419,0.005588206459505419,0.002095362488265986,0.004190719388325513,-0.33464364983438993
8.71,173.77383190590442,0.013766785276221879,-0.00395040412342877,-0.01474122700882338,-0.005151182728908944,0.005151182728908944,0.0023318770502026784,0.004663748949222628,-0.2948245401764676
8.72,173.97383028928587,0.012962681899000421,-0.004087086423667649,-0.012602362828656611,-0.00467078306168798,0.004670783061687981,0.0024685593504415577,0.004937114030100054,-0.2520472565731322
8.73,174.17382856990974,0.0121334032142908,-0.004202049446224623,-0.010397591171502685,-0.004152083529543844,0.004152083529543843,0.002659027245793663,0.005318050339503797,-0.2079518234300537
8.74,174.37382676345035,0.011283372792029487,-0.004294426948013471,-0.008085616032123514,-0.003601740735873809,0.003601740735873809,0.002823402871957799,0.005646802142174862,-0.1617123206424703
8.75,174.57382488779444,0.010417207271239229,-0.004363261220147531,-0.005689226630985499,-0.003024710108884337,0.0030247101088843368,0.0029608899633869383,0.0059217769020637676,-0.11378453261970997
8.76,174.77382296268502,0.009539691977101129,-0.004407823346084058,-0.0032313916182869873,-0.0024261078628851195,0.0024261078628851195,0.003070913744729521,0.0061418250633511785,-0.06462783236573974
8.77,174.97382100922167,0.008655735044608094,-0.004427614098014011,-0.0007350800890866633,-0.00180953094937007,0.00180953094937007,0.0030907044966594736,0.006181407183787998,-0.014701601781733267
8.78,175.173819049245,0.007770304980018751,-0.004422611070800157,0.0017274767300007755,-0.0011806316074037112,0.0011806316074037114,0.0031481191182968172,0.006296237055962027,0.03454953460001551
8.790000000000001,175.37381710455838,0.0068883369430631424,-0.0043929989612465975,0.00418674733327886,-0.0005461912986052784,0.0005461912986052784,0.0031780211300503976,0.006356041713909496,0.0837349466655772
8.8,175.57381519660441,0.006014742138972147,-0.004338919625496993,0.006621005347343395,8.859830140992139e-05,8.859830140992139e-05,0.0031806864819232663,0.006361373052444834,0.1324201069468679
8.81,175.7738133459948,0.00515438189585249,-0.004260728928735687,0.009009173174798664,0.0007186019579853946,0.0007186019579853946,0.0031565990290391196,0.0063131987766801975,0.18018346349597328
8.82,175.9738115719895,0.004312025564296267,-0.004158989495770721,0.011330973819540756,0.0013401337997430128,0.0013401337997430126,0.0030548595960741523,0.006109720532282105,0.22661947639081512
8.83,176.173809891963,0.003492296328731755,-0.004034666953305801,0.013526216947523706,0.0019480043706458585,0.0019480043706458588,0.002982121009435886,0.005964243966876143,0.2705243389504741
8.84,176.37380832083187,0.0026995927636895545,-0.003888899070837619,0.015620378769337749,0.002536289179358271,0.0025362891793582706,0.002885534374713293,0.005771071285715765,0.31240757538675495
8.85,176.5738068709074,0.0019380971826777412,-0.0037227813798108877,0.017596571901570542,0.003100573859152221,0.003100573859152221,0.002766306475345232,0.005532616051264323,0.35193143803141086
8.86,176.77380555168926,0.001211756346119777,-0.003537571812863067,0.019439199188180583,0.0036366850410603857,0.003636685041060386,0.0026258014053601765,0.005251606447405394,0.3887839837636117
8.870000000000001,176.97380436968106,0.0005242503043552542,-0.003334677304648643,0.02113405275071422,0.004141837818539655,0.004141837818539656,0.0024229068971457525,0.004845817936129324,0.42268105501428443
8.88,177.17380332825644,-0.00012104729361848759,-0.0031158088154739465,0.022634642946816514,0.004612189804254399,0.004612189804254399,0.002246658908390297,0.004493322428970398,0.45269285893633027
8.89,177.37380242756097,-0.0007211275410665863,-0.0028827838025402637,0.023965921892537267,0.00504347130744716,0.005043471307447159,0.0020542670519600424,0.004108539147391392,0.47931843785074535
8.9,177.57380166473413,-0.0012733315844521515,-0.002637342706733867,0.025118455359880998,0.00543283156430901,0.00543283156430901,0.0018475639842982926,0.0036951334014281496,0.50236910719762
8.91,177.77380103411167,-0.0017753575399324564,-0.002381312092062598,0.026084447491109688,0.0057777812911182095,0.0057777812911182095,0.0016284642474085047,0.0032569342725983007,0.5216889498221937
8.92,177.9738005274603,-0.0022252760702797733,-0.0021165880993332686,0.026857773214690323,0.006077130520686988,0.006077130520686988,0.0013637402546791753,0.0027274865864888712,0.5371554642938065
8.93,178.17380013425995,-0.002621551966436911,-0.0018452595403340107,0.027406110731287334,0.006328956307086809,0.006328956307086809,0.0011276193544635332,0.0022552450378833734,0.5481222146257467
8.94,178.37379984202195,-0.0029630801947310706,-0.0015694402942158896,0.027756570254204423,0.006531112067601887,0.006531112067601887,0.0008853646155491601,0.0017707357622103877,0.5551314050840884
8.950000000000001,178.57379963677107,-0.0032491607858122712,-0.0012911138570776447,0.0279082116848122,0.006682739171583615,0.006682739171583615,0.0006390359122518635,0.0012780785072428985,0.558164233696244
8.96,178.7737995034932,-0.003479490859937825,-0.0010122648477779693,0.027861745069109996,0.00678337981152696,0.00678337981152696,0.0003906907195816797,0.0007813882225431709,0.5572349013821999
8.97,178.9737994265758,-0.003654163213729986,-0.0007348626799415564,0.02761949602245443,0.006833737361751937,0.006833737361751938,0.00011328855174526679,0.00022658393722789532,0.5523899204490886
8.98,179.17379939024622,-0.0037736693953984643,-0.0004609611865260132,0.0271623266105145,0.006833982827633603,0.006833982827633603,-0.0001315335483334286,-0.0002630602626840296,0.54324653221029
8.99,179.37379937900351,-0.0038389143808343967,-0.00019255876599782345,0.02652029766438451,0.006784160851705149,0.006784160851705149,-0.00037221471432184435,-0.000744422644482837,0.5304059532876902
9.0,179.57379937805914,-0.0038511805143719956,6.853080339514628e-05,0.025700349467805444,0.0066854226387150955,0.0066854226387150955,-0.0006068779468215253,-0.001213749208220412,0.5140069893561089
9.01,179.77379937371242,-0.0038121055076232135,0.00032056991501461674,0.02471077156127835,0.006539277850253109,0.006539277850253108,-0.0008337253417445721,-0.0016674441442112939,0.494215431225567
9.02,179.97379935367286,-0.0037236658851966934,0.0005619101780869603,0.02356111337744916,0.0063482071689126215,0.0063482071689126215,-0.0010750656048169156,-0.0021501248614266624,0.4712222675489832
9.03,180.1737993073338,-0.0035881642854809575,0.0007909091046625509,0.02224306557972733,0.0061142483255441915,0.0061142483255441915,-0.0012800499277092318,-0.002560093741170138,0.4448613115945466
9.040000000000001,180.37379922600383,-0.003408226608361693,0.0010060439848966778,0.02078875832279086,0.005839316666557009,0.005839316666557009,-0.0014722924728270707,-0.002944579106337475,0.41577516645581725
9.05,180.57379910304886,-0.003186757644948314,0.0012060163887054598,0.01921098187263833,0.0055262086167444805,0.00552620861674448,-0.0016504425065573991,-0.0033008794869061817,0.38421963745276666
9.06,180.77379893396372,-0.002926908808330721,0.001389659885223265,0.017523343084840277,0.005177969779269897,0.005177969779269896,-0.0018132837190090194,-0.0036265622600482597,0.3504668616968055
9.07,180.97379871637975,-0.0026320509574574704,0.0015559475934533134,0.015740142764360907,0.004798387282804509,0.004798387282804508,-0.0019795714272390678,-0.0039591380560908525,0.31480285528721813
9.08,181.17379845001753,-0.0023057510963203683,0.0017039196962345463,0.013860543336362134,0.00439080921806635,0.00439080921806635,-0.002107713766267932,-0.004215423141726646,0.27721086672724266
9.09,181.3737981366005,-0.0019517579865543418,0.0018327733477551688,0.011916666776630266,0.0039583975884887245,0.0039583975884887245,-0.002217664815778068,-0.0044353256731585475,0.23833333553260533
9.1,181.57379777966125,-0.0015739543422030407,0.0019419444442070485,0.009924194314463126,0.003504945581174437,0.003504945581174437,-0.0023088172190938406,-0.0046176309332421,0.19848388628926253
9.11,181.77379738431134,-0.001176319957336381,0.0020310265496730237,0.007898977730234374,0.0030343455780233674,0.0030343455780233674,-0.0023807232962824105,-0.004761443558219243,0.1579795546046875
9.120000000000001,181.97379695698083,-0.0007629000455693744,0.0020997719502256814,0.005856909505841064,0.002550986493074126,0.0025509864930741265,-0.002449468696835068,-0.004898934842683643,0.11713819011682128
9.13,182.17379650513809,-0.00033777784238320403,0.002148026362267025,0.003800826744684962,0.0020587706541494205,0.0020587706541494205,-0.002481350417811039,-0.004962698776851424,0.07601653489369924
9.14,182.37379603700933,9.494432233315265e-05,0.002175797509171216,0.0017602049401360515,0.0015613159342700532,0.0015613159342700532,-0.0024935147112878,-0.004987027861259666,0.03520409880272103
9.15,182.57379556123112,0.0005311903947893651,0.002183316811194947,-0.00024964480841523345,0.0010626244403052038,0.001062624440305204,-0.002486157241717007,-0.004972313420809574,-0.004992896168304669
9.16,182.7737950865219,0.0009669457631852308,0.002170966501177011,-0.002213869556703148,0.0005666385858054092,0.0005666385858054092,-0.0024596261494338845,-0.004919251732229183,-0.044277391134062954
9.17,182.97379462137448,0.0013982869240604361,0.0021392744826407004,-0.004118186212522158,7.756564832048463e-05,7.756564832048463e-05,-0.0024279341308975745,-0.004855868184229501,-0.08236372425044317
9.18,183.17379417377705,0.0018214064241560603,0.002088854392222663,-0.005959693305377842,-0.0004009364074281193,0.00040093640742811925,-0.002363996741521087,-0.004727993883978581,-0.11919386610755685
9.19,183.37379375097595,0.0022326296049086673,0.0020204562121871016,-0.0077140944988981115,-0.0008655928696157338,0.0008655928696157338,-0.002282713752972702,-0.004565428371538274,-0.15428188997796222
9.200000000000001,183.57379335922602,0.0026284519843236204,0.0019350112709052973,-0.009369375964950098,-0.0013129603240587325,0.0013129603240587325,-0.0021849869439517287,-0.004369975200863781,-0.18738751929900196
9.21,183.77379300360025,0.0030055670390623655,0.0018335662584355074,-0.010914476020355994,-0.0017397918700918318,0.0017397918700918318,-0.002071834831237427,-0.004143671402266724,-0.21828952040711988
9.22,183.97379268785406,0.003360888299894701,0.0017172733358009622,-0.012339358735993558,-0.002142766759715129,0.002142766759715129,-0.0019555419086028816,-0.003911085959972523,-0.24678717471987116
9.23,184.1737924143429,0.003691566437765658,0.0015873352143604578,-0.013643916877101526,-0.0025191591604766346,0.0025191591604766346,-0.001814444593811697,-0.0036288917067825543,-0.2728783375420305
9.24,184.37379218399633,0.00399499851878123,0.0014450417466953722,-0.014810886624484345,-0.002866696299095876,0.002866696299095876,-0.001661514230935514,-0.003323031328567327,-0.2962177324896869
9.25,184.57379199630935,0.004268853285710627,0.0012918021674500108,-0.015833619997420525,-0.0031830973443605897,0.0031830973443605897,-0.0014981356396934142,-0.0029962744624841726,-0.3166723999484105
9.26,184.77379184939497,0.004511087563646269,0.0011290860281571867,-0.01670669750382852,-0.003466368353653889,0.003466368353653889,-0.0013257550951420892,-0.002651513656652532,-0.33413395007657043
9.27,184.97379174008594,0.004719957087167763,0.0009584107901944838,-0.017425952490564105,-0.003714571664781694,0.0037145716647816935,-0.0011550798571793863,-0.0023101634289304372,-0.3485190498112821
9.28,185.17379166407767,0.004894022380983798,0.0007812926226330472,-0.017995781527013387,-0.003926369793384589,0.003926369793384589,-0.0009687497002568875,-0.0019375033268835683,-0.35991563054026776
9.290000000000001,185.37379161610528,0.005032147442722157,0.0005992731458708758,-0.018406743904242594,-0.0041008992849394235,0.0041008992849394235,-0.000777949494411667,-0.0015559030897226188,-0.3681348780848519
9.3,185.57379159013263,0.005133511005098966,0.0004139430068803001,-0.018658444862150476,-0.004237380507912101,0.004237380507912101,-0.0005842497181525974,-0.0011685036736857027,-0.3731688972430095
9.31,185.77379157956938,0.005197609906618989,0.00022689052077795534,-0.01875174135942006,-0.004335350950730597,0.004335350950730597,-0.00038921945940798496,-0.0007784432541669207,-0.3750348271884012
9.32,185.9737915775021,0.00522425738237669,3.968928350343715e-05,-0.018688716186537783,-0.004394464213385055,0.004394464213385055,-0.00020201822213346675,-0.00040404083873114686,-0.37377432373075564
9.33,186.17379157692912,0.005213576888644001,-0.00014614412499402182,-0.01847866570503532,-0.004414927960132581,0.004414927960132582,-8.580575959202724e-06,-1.716556684636558e-05,-0.3695733141007064
9.34,186.3737915709887,0.005165989696306135,-0.00032912927639262455,-0.01811956162897666,-0.004397388449152723,0.004397388449152723,0.00018165275202179163,0.0003633011066551341,-0.3623912325795332
9.35,186.5737915531761,0.005082212672998931,-0.000507803173410075,-0.01761689339227971,-0.00434259692409502,0.00434259692409502,0.000367235422412855,0.0007344665022287859,-0.3523378678455942
9.36,186.7737915175461,0.004963249450036631,-0.0006807629147840626,-0.016977187308640226,-0.004251590578156236,0.004251590578156236,0.0005467804138415489,0.0010935565760925197,-0.33954374617280453
9.370000000000001,186.97379145889195,0.004810377388680514,-0.0008466757253722654,-0.016207939057026746,-0.00412551501042195,0.00412551501042195,0.0007126932244297516,0.0014253823233444929,-0.3241587811405349
9.38,187.1737913728941,0.004625130944612159,-0.0010043132187285355,-0.01532251114097642,-0.0039659741948958665,0.0039659741948958665,0.0008766075826080288,0.0017532111992418628,-0.3064502228195284
9.39,187.3737912562318,0.004409280063836295,-0.001152533079826682,-0.014324786939083397,-0.0037749237989490826,0.0037749237989490826,0.0010308103541396601,0.0020616169333555214,-0.28649573878166795
9.4,187.5737911066683,0.004164817250931792,-0.0012902620895502127,-0.013224682146294145,-0.003554384707661937,0.003554384707661937,0.0011742420764437977,0.002348480598502888,-0.2644936429258829
9.41,187.77379092309823,0.003893939522688245,-0.00141652941048328,-0.012032755265026875,-0.003306581645931836,0.003306581645931836,0.0013059450257536431,0.00261188674492564,-0.2406551053005375
9.42,187.97379070555664,0.0035990273199439935,-0.0015304725468756677,-0.010760114294271865,-0.0030337862978349595,0.0030337862978349595,0.0014198881621460308,0.002839773290505764,-0.2152022858854373
9.43,188.17379045518888,0.003282620947075615,-0.0016313629436760816,-0.009422424184468757,-0.0027385963614916047,0.002738596361491605,0.0015259596038435113,0.0030519164690906613,-0.18844848368937514
9.44,188.37379017418132,0.002947393480894876,-0.0017185878491306715,-0.008027207785923338,-0.0024238382140637687,0.002423838214063769,0.0016181228870867574,0.003236243350335301,-0.16054415571846675
9.450000000000001,188.57378986567383,0.002596131472709666,-0.0017916329783869314,-0.006586620187276496,-0.002092321835937576,0.002092321835937576,0.0016958750862903701,0.0033917480802589045,-0.1317324037455299
9.46,188.77378953364106,0.0022317121217046137,-0.0018501063883963722,-0.005112974135154082,-0.0017469473000412857,0.0017469473000412857,0.0017588350865552957,0.0035176684261632916,-0.10225948270308163
9.47,188.97378918274902,0.001857078682410008,-0.0018937395548227003,-0.0036186404318361383,-0.001390568090623609,0.001390568090623609,0.0018024682529816241,0.0036049351153951575,-0.07237280863672277
9.48,189.1737888181911,0.0014752146214157135,-0.0019224044507044381,-0.0021193365939146305,-0.0010262150625501049,0.0010262150625501049,0.0018354095812313533,0.003670818136247644,-0.04238673187829261
9.49,189.3737884455079,0.0010891156879766395,-0.0019360943520589124,-0.000623629536706656,-0.0006570104964858608,0.0006570104964858608,0.001853175596160492,0.0037063505353104875,-0.012472590734133121
9.5,189.5737880704141,0.0007017692760944111,-0.0019349051679930485,0.0008565323092857798,-0.0002859611266134715,0.0002859611266134715,0.0018558715857764552,0.0037117428855917836,0.017130646185715595
9.51,189.77378769862062,0.0003161317566626923,-0.00191905068664912,0.0023095205008346045,8.39577945822384e-05,8.395779458223841e-05,0.0018437202784236768,0.0036874406408051483,0.04619041001669209
9.52,189.97378733565944,-6.489474902072751e-05,-0.0018888589404731503,0.003724113264804693,0.000449918244895733,0.00044991824489573303,0.0018135285322477069,0.0036270575144136587,0.07448226529609386
9.53,190.17378698671718,-0.00043848572021488715,-0.0018447817527573165,0.0050867818951384584,0.0008090565751769398,0.0008090565751769397,0.0017729810408103441,0.0035459628906772634,0.10173563790276917
9.540000000000001,190.37378665648097,-0.0008019184000496397,-0.0017873743550897738,0.0063903522560745,0.0011585455963123061,0.001158545596312306,0.0017189379849939083,0.003437877128533413,0.12780704512149
9.55,190.57378634901485,-0.001152589036702041,-0.001717275483733813,0.007625305364775915,0.0014957655924439438,0.001495765592443944,0.001652045844274972,0.0033040931843155365,0.1525061072955183
9.56,190.77378606765524,-0.001488030908884544,-0.001635215550437589,0.008782822771909653,0.0018182342568609062,0.0018182342568609062,0.0015730424113017281,0.003146086640837713,0.17565645543819308
9.57,190.97378581492987,-0.0018059319407839045,-0.001542009343857673,0.00985484501508488,0.0021237006760394125,0.0021237006760394125,0.0014798362047218122,0.0029596745331443007,0.1970969003016976
9.58,191.17378559250307,-0.002104151574215426,-0.001438559757110326,0.010831815654847882,0.0024099919858570477,0.002409991985857048,0.001379299923491986,0.002758602256975958,0.21663631309695763
9.59,191.37378540114756,-0.002380737498152343,-0.0013258369899656075,0.011709811023348804,0.002675069683764246,0.002675069683764246,0.0012693539733172102,0.002538710621704104,0.23419622046697608
9.6,191.5737852407519,-0.0026339358901366207,-0.0012048583523106512,0.012483337996720512,0.0029171667704394563,0.0029171667704394563,0.0011510220564794826,0.0023020470301257354,0.24966675993441023
9.61,191.77378511035187,-0.002862201574124198,-0.0010766914719592647,0.013147823048068014,0.0031347252054941682,0.0031347252054941682,0.0010253778939956085,0.0020507589227164225,0.26295646096136027
9.620000000000001,191.973785008186,-0.0030642071575126095,-0.00094244499128369,0.013699633655803562,0.0033264680782708984,0.003326468078270899,0.0008911314133200338,0.0017822661531081458,0.27399267311607123
9.63,192.17378493177344,-0.003238850926704931,-0.0008032686430923276,0.01413418742066408,0.00349126700583764,0.00349126700583764,0.0007543595880417406,0.001508722667350487,0.2826837484132816
9.64,192.37378487801115,-0.003385264054269865,-0.0006603333823361198,0.014451805966091845,0.0036281820233636207,0.0036281820233636207,0.000613716191364595,0.0012274360109112133,0.2890361193218369
9.65,192.57378484329092,-0.003502811941701856,-0.0005148123288697785,0.014651738263523638,0.0037365676561443768,0.003736567656144377,0.00047037962010240355,0.0009407629767724632,0.2930347652704728
9.66,192.77378482362624,-0.0035910950482414897,-0.00036788135590979645,0.014734181508312651,0.0038160137451655634,0.0038160137451655634,0.00032553077738915834,0.0006510653707920618,0.29468363016625304
9.67,192.97378481478643,-0.0036499484990774444,-0.00022070969202943886,0.014700264328868756,0.003866397080621515,0.0038663970806215144,0.00017835911350880075,0.00035672209341468215,0.2940052865773751
9.68,193.17378481243375,-0.003679440359643598,-7.445861232457972e-05,0.014550451006824908,0.0038877637144762774,0.0038877637144762774,3.4092606522371184e-05,6.818910080845684e-05,0.29100902013649815
9.69,193.37378481226,-0.0036798691026722515,6.973597800169788e-05,0.014289337466495735,0.0038803534061544894,0.0038803534061544894,-0.00010821039866232636,-0.00021641691697124656,0.2857867493299147
9.700000000000001,193.57378481011835,-0.003651756066970758,0.0002107799348110362,0.013920682786088547,0.0038446785172711884,0.003844678517271189,-0.00024745140193063785,-0.0004948989591827584,0.27841365572177096
9.71,193.773784802145,-0.003595837395118995,0.00034762069618738436,0.013449041679662752,0.0037814664261228872,0.0037814664261228872,-0.0003825736893524993,-0.0007651435972385724,0.26898083359325503
9.72,193.9737847848682,-0.0035130549376523887,0.0004792549937242699,0.012879715645693558,0.003691693370679125,0.003691693370679125,-0.0005142079868893848,-0.001028412282085399,0.25759431291387114
9.73,194.17378475530148,-0.0034045461001328786,0.0006047295412001167,0.012217401637907714,0.003576478586907895,0.0035764785869078944,-0.0006380445824082964,-0.001276085588338006,0.24434803275815428
9.74,194.37378471101985,-0.0032716331362349573,0.0007231546798506163,0.011470117125271522,0.0034370958694589877,0.0034370958694589877,-0.0007549085188380603,-0.0015098136005802512,0.22940234250543046
9.75,194.57378465021455,-0.003115808486032022,0.0008337168508944357,0.010645067342951797,0.00327503024872843,0.00327503024872843,-0.0008639826417859019,-0.001727962008541555,0.21290134685903594
9.76,194.77378457172685,-0.002938719926966639,0.0009356770790965574,0.009749962083130946,0.0030919222682339663,0.0030919222682339663,-0.000964524548798769,-0.00192904600567527,0.19499924166261892
9.77,194.9737844750608,-0.0027421551756316347,0.0010283756711933919,0.008792946496667186,0.002889588025829678,0.0028895880258296785,-0.0010572231408956035,-0.002114443392203181,0.17585892993334373
9.78,195.1737843603751,-0.00252802597856826,0.0011112308389961683,0.007781458804180378,0.002669924270624304,0.0026699242706243044,-0.001138726447703085,-0.002277450225481899,0.15562917608360757
9.790000000000001,195.37378422845592,-0.002298352161235762,0.001183747756580599,0.006725444878818615,0.002434910833125052,0.002434910833125052,-0.0012099548507682524,-0.0024199072666256714,0.1345088975763723
9.8,195.57378408066856,-0.002055242878095941,0.0012455264116624908,0.005633924662004583,0.002186650752053818,0.002186650752053818,-0.0012705053699246587,-0.0025410085531985655,0.11267849324009166
9.81,195.7737839188934,-0.0018008782185379123,0.0012962576965934362,0.0045160586708632875,0.0019273181461466201,0.0019273181461466201,-0.0013200660686500003,-0.0026401302099818545,0.09032117341726575
9.82,195.97378374544797,-0.0015374909104958652,0.0013357244383947224,0.0033810731032679958,0.001659169167897812,0.001659169167897812,-0.0013595328104512865,-0.002719063961733405,0.06762146206535992
9.83,196.1737835629984,-0.0012673481888026495,0.0013637972498873258,0.0022373018955894504,0.0013844586722814387,0.0013844586722814387,-0.0013864898890862786,-0.002772978393713885,0.04474603791178901
9.84,196.37378337446378,-0.0009927342457917863,0.0013804388541231807,0.0010948273296322102,0.001105437843184239,0.001105437843184239,-0.001402068043739373,-0.002804134982040903,0.021896546592644204
9.85,196.5737831829132,-0.0007159310136032077,0.0013857073024820148,-3.736355990179539e-05,0.0008243835651127268,0.0008243835651127267,-0.0014063228761017452,-0.002812644927819925,-0.0007472711980359079
9.86,196.77378299146235,-0.00043919990134998974,0.0013797494030215619,-0.0011505057321088354,0.0005435523193127389,0.0005435523193127389,-0.0013993988592935615,-0.0027987971750348035,-0.023010114642176706
9.870000000000001,196.97378280317247,-0.0001647642880064032,0.0013627981694639979,-0.0022361221350078037,0.0002651868184677791,0.0002651868184677791,-0.0013824476257359977,-0.002764894986285177,-0.04472244270015607
9.88,197.1737826209544,0.00010520716529802636,0.0013351659680006529,-0.003286815726595161,-8.554495729524677e-06,8.554495729524679e-06,-0.001353894580013814,-0.0027077891685821235,-0.06573631453190322
9.89,197.37378244748163,0.0003686160361850779,0.0012972446570520687,-0.004294088772130819,-0.0002756004428055947,0.0002756004428055947,-0.0013150955765901583,-0.002630191428780759,-0.08588177544261638
9.9,197.57378228511112,0.0006234503552371277,0.0012495048408111495,-0.0052506857111612616,-0.0005339432193318197,0.0005339432193318197,-0.0012665191977262078,-0.002533038929395635,-0.10501371422322522
9.91,197.77378213581778,0.0008677993565838361,0.0011924870964401379,-0.006149865794177471,-0.0007816761265729141,0.0007816761265729141,-0.0012087040933761511,-0.002417408968428429,-0.12299731588354942
9.92,197.9737820011433,0.0010998669424804575,0.0011267965986889298,-0.006985448386046407,-0.0010169871096420639,0.0010169871096420639,-0.001143013595624943,-0.0022860282082369956,-0.13970896772092814
9.93,198.17378188216048,0.0013179838276109867,0.0010530942975440646,-0.007752455067051455,-0.0012382153189833625,0.0012382153189833627,-0.0010685513002199663,-0.0021371038386552516,-0.1550491013410291
9.94,198.3737817794541,0.0015206180995054341,0.0009720939944853448,-0.008445295996396098,-0.001443851324844899,0.001443851324844899,-0.0009868266177541763,-0.0019736546793596775,-0.16890591992792195
9.950000000000001,198.57378169311616,0.0017063857579112437,0.0008845588365346918,-0.009059687552238786,-0.00163251456528334,0.00163251456528334,-0.0008986010264054347,-0.0017972036853254347,-0.18119375104477572
9.96,198.77378162275744,0.001874059484868433,0.0007912913557063613,-0.009592034064712283,-0.0018029810790626505,0.0018029810790626505,-0.0008046754675375,-0.001609352738056079,-0.19184068129424567
9.97,198.97378156753436,0.0020225758279320853,0.000693126501019995,-0.010039445450561969,-0.001954174243740036,0.001954174243740036,-0.0007065106128511336,-0.0014130231798765108,-0.20078890901123939
9.98,199.17378152618917,0.0021510408077088767,0.0005909220313083848,-0.01040024578308934,-0.0020852070428168047,0.0020852070428168047,-0.0006036789043255201,-0.0012073598938580831,-0.2080049156617868
9.99,199.37378149710221,0.002258733774817943,0.0004855539970796422,-0.010672453672175078,-0.0021953773820553757,0.0021953773820553757,-0.0004977130254098923,-0.0009954282461971666,-0.21344907344350156
10.0,199.57378147835317,0.002345110851630124,0.0003779119758531806,-0.010855340928201012,-0.0022841442215659077,0.0022841442215659077,-0.0003895011762310208,-0.0007790046366062632,-0.21710681856402025
10.01,199.7737814677903,0.0024098065638586174,0.00026888922547614364,-0.010948897282089438,-0.0023511448574699743,0.0023511448574699743,-0.00027993530178155947,-0.0005598729547079764,-0.21897794564178874
10.02,199.9737814631049,0.002452633862529698,0.00015937556135337992,-0.010953819135727096,-0.002396181371347725,0.002396181371347725,-0.00017042163765879572,-0.00034084567149896276,-0.21907638271454194
10.03,200.17378146190853,0.002473582597090454,5.024831641923459e-05,-0.010871902914458388,-0.0024192493594517106,0.0024192493594517106,-6.077672118574189e-05,-0.00012155586162084323,-0.21743805828916776
10.040000000000001,200.3737814618101,0.002472816348005225,-5.76322332116643e-05,-0.010704764159844936,-0.002420527716107136,0.002420527716107136,4.759724016447595e-05,9.51920598012358e-05,-0.21409528319689872
10.05,200.57378146049052,0.0024506687743408185,-0.00016342737798274385,-0.010455097046382283,-0.002400352442461607,0.002400352442461607,0.00015386267366702367,0.00030772294698160486,-0.20910194092764567
10.06,200.77378145577322,0.0024076383787702106,-0.0002663284105201005,-0.01012620580251493,-0.002359224327699869,0.002359224327699869,0.00025721195550723906,0.0005144215517901504,-0.2025241160502986
10.07,200.97378144568768,0.0023443819090352815,-0.00036556254657051866,-0.009721968909698038,-0.002297791148878171,0.002297791148878171,0.00035644609155765724,0.0007128898853241656,-0.19443937819396076
10.08,201.17378142852462,0.0022617064989822783,-0.000460400165584401,-0.009247137717540613,-0.0022168647828415193,0.0022168647828415197,0.00045171095324197003,0.0009034196896191572,-0.18494275435081226
10.09,201.37378140288115,0.002160560525519055,-0.0005501581089113811,-0.008706253955038996,-0.002117406245318222,0.0021174062453182215,0.0005418761170049593,0.0010837501166036732,-0.17412507910077993
10.1,201.57378136769506,0.0020420241857564193,-0.0006342026757330619,-0.008104664774754175,-0.0020004976664157784,0.002000497666415779,0.000626308820302019,0.0012526156401063717,-0.1620932954950835
10.11,201.77378132226735,0.001907298937342709,-0.0007119556198513733,-0.007448112630475014,-0.0018673423909145394,0.0018673423909145394,0.0007044317112443718,0.0014088615551463527,-0.14896225260950027
10.120000000000001,201.97378126627277,0.00175769602950456,-0.0007828978432608036,-0.006742683561597525,-0.0017192442643807128,0.0017192442643807128,0.0007753739346538023,0.0015507461500633402,-0.1348536712319505
10.13,202.17378119975785,0.0015946242541772424,-0.0008465739640995111,-0.005995032859894786,-0.0015576159933681883,0.0015576159933681883,0.0008394026650663635,0.0016788037725167335,-0.11990065719789572
10.14,202.37378112312769,0.001419576939221053,-0.0009025934307026141,-0.005211472417681901,-0.0013839613367240798,0.0013839613367240796,0.000895758216459337,0.0017915150489573371,-0.10422944835363802
10.15,202.57378103712176,0.0012341190510224565,-0.0009506312019161026,-0.004398790855672005,-0.0011998468561894152,0.0011998468561894152,0.0009441163220658225,0.0018882314442847888,-0.0879758171134401
10.16,202.77378094278032,0.0010398737343521028,-0.000990430736900447,-0.003563899207989417,-0.0010068972540330959,0.001006897254033096,0.0009842211791534212,0.0019684413514095885,-0.07127798415978834
10.17,202.9737808414021,0.0008385085088770562,-0.0010218049350651257,-0.002713774271096241,-0.0008067739394818149,0.0008067739394818149,0.0010155953773181002,0.002031189947862261,-0.05427548542192482
10.18,203.17378073449518,0.0006317212570100687,-0.0010446376677101616,-0.0018556328266612818,-0.0006011780259955618,0.0006011780259955618,0.0010387191232910052,0.0020774376454039843,-0.03711265653322564
10.19,203.37378062372275,0.00042122604526312704,-0.0010588823489791708,-0.0009961684059616874,-0.00039183218881760565,0.00039183218881760565,0.0010532411796653337,0.002106481967498479,-0.019923368119233748
10.200000000000001,203.57378051084606,0.0002087395148943218,-0.0010645600590490061,-0.00014222019882249328,-0.00018045438588139458,0.00018045438588139458,0.001059183265744912,0.002118366351035438,-0.0028444039764498655
10.21,203.77378039766583,-4.0326969816020764e-06,-0.0010617595043149338,0.0006995252321235192,3.124846026879166e-05,3.1248460268791663e-05,0.0010566346971066,0.0021132694254616603,0.013990504642470383
10.22,203.9737802859645,-0.00021540931303350427,-0.0010506352376886284,0.0015225844690555546,0.0002416001154487036,0.0002416001154487036,0.0010455104304802946,0.0020910211025607045,0.03045168938111109
10.23,204.1737801774504,-0.0004237464294314855,-0.001031406340138787,0.002320535114980136,0.0004489540089283911,0.00044895400892839106,0.0010265217097449948,0.0020530438684439986,0.046410702299602716
10.24,204.37378007370617,-0.0006274501495146393,-0.001004352652523958,0.00308764528712806,0.0006517091392904754,0.0006517091392904753,0.0009996969430849086,0.0019993945378789565,0.061752905742561204
10.25,204.5737799761429,-0.0008249882309766513,-0.0009698106522684619,0.003818319101768633,0.0008483321775614955,0.0008483321775614955,0.0009653731354167391,0.0019307471191656557,0.07636638203537266
10.26,204.77377988596103,-0.001014901196173781,-0.0009281708806827321,0.004507338406263419,0.0010373625852188608,0.0010373625852188606,0.0009239413308219671,0.0018478836990065194,0.09014676812526838
10.27,204.97377980411903,-0.0011958127553227398,-0.0008798739884519763,0.005149898101404499,0.0012174282347402058,0.0012174282347402058,0.0008756444385912114,0.0017512900946106576,0.10299796202808999
10.28,205.1737797313106,-0.001366439457364063,-0.0008254072347416995,0.005741480631828194,0.0013872434738404769,0.0013872434738404769,0.0008213759054863051,0.001642753198216084,0.11482961263656388
10.290000000000001,205.37377966795063,-0.0015255995534212106,-0.000765299055433769,0.00627836555249887,0.001545620690115232,0.0015456206901152318,0.0007614566571537915,0.0015229148599282731,0.1255673110499774
10.3,205.57377961417086,-0.0016722205922494976,-0.0007001134460988337,0.006757160277800295,0.0016914865354830861,0.0016914865354830861,0.0006964511245108562,0.001392903940508248,0.1351432055560059
10.31,205.77377956982437,-0.0018053461419078344,-0.0006304457484102222,0.0071749864586263595,0.0018238837024490587,0.0018238837024490589,0.000626955064182456,0.0012539119522486145,0.14349972917252718
10.32,205.97377953449842,-0.0019241415398769984,-0.0005569174343895412,0.007529494611484433,0.0019419809636952588,0.0019419809636952588,0.000553426750161775,0.0011068554423045137,0.15058989222968866
10.33,206.1737795075355,-0.0020278986302893734,-0.00048017141656868026,0.007818744752764508,0.0020450683465596826,0.0020450683465596826,0.0004768443258703019,0.0009536906968089504,0.15637489505529015
10.34,206.37377948806105,-0.0021160395073485452,-0.0004008659279852538,0.008041610054321227,0.0021325631060679284,0.002132563106067929,0.0003976947639566718,0.0007953916604764497,0.16083220108642454
10.35,206.5737794750175,-0.002188118902030866,-0.00031966842305454875,0.00819737170865039,0.0022040192330265536,0.0022040192330265536,0.0003166458781372053,0.0006332939602936437,0.1639474341730078
10.36,206.7737794672028,-0.0022438255730973357,-0.00023725081932829753,0.00828585408531534,0.0022591247635909456,0.0022591247635909456,0.00023436992842913485,0.0004687421159830333,0.1657170817063068
10.370000000000001,206.97377946331227,-0.0022829826589943394,-0.00015428410201389205,0.008307417497079772,0.002297705671319163,0.002297705671319163,0.00015140321111472934,0.00030280871993513,0.16614834994159544
10.38,207.17377946198218,-0.0023055469950915984,-7.14335580283452e-05,0.008262839897082729,0.002319717292135033,0.002319717292135033,6.868768247308648e-05,0.0001373776846634651,0.16525679794165457
10.39,207.3737794618342,-0.0023116074515293693,1.0646970795280867e-05,0.008153629913300861,0.002325244502367667,0.002325244502367667,-1.3264158565889818e-05,-2.6525991887277267e-05,0.16307259826601722
10.4,207.57377946151857,-0.002301382032324248,9.132061543918467e-05,0.007981672227258143,0.002314504695160361,0.002314504695160361,-9.381514644105263e-05,-0.0001876279783774101,0.15963344454516287
10.41,207.7737794597551,-0.0022752140741614576,0.00016997169823937438,0.007749318870306801,0.002287840610820789,0.002287840610820789,-0.00017234932084683334,-0.0003446963538530559,0.15498637740613602
10.42,207.97377945537082,-0.0022335675494857244,0.0002460102757008491,0.007459363173842632,0.0022457185616341067,0.0022457185616341067,-0.00024838789830830803,-0.0004967735508980544,0.14918726347685266
10.43,208.17377944733292,-0.002177021517671036,0.00031887596259344076,0.007114922379698231,0.0021887163694599247,0.0021887163694599243,-0.0003211421557858719,-0.0006422821228553743,0.14229844759396462
10.44,208.3737794347764,-0.002106263809342918,0.0003880423704147495,0.0067196767149134695,0.002117518568790923,0.0021175185687909233,-0.0003902023563968215,-0.0007804025952750742,0.1343935342982694
10.450000000000001,208.57377941702552,-0.002022083768311881,0.00045302117542850404,0.006277558066775882,0.002032913999273756,0.002032913999273756,-0.00045507993166909826,-0.0009101578304241973,0.12555116133551764
10.46,208.77377939360852,-0.0019253643676846663,0.0005133649235028035,0.005792807438457612,0.0019357851418149727,0.0019357851418149727,-0.0005153271941980669,-0.001030652452610992,0.11585614876915223
10.47,208.97377936426582,-0.0018170737396988087,0.0005686699281231163,0.005269936448172598,0.0018271020597478496,0.0018271020597478496,-0.0005706321988183797,-0.0011412625705346997,0.10539872896345197
10.48,209.17377932895099,-0.001698256189373749,0.0006185784102935676,0.004713614455617825,0.0017079080367408967,0.0017079080367408967,-0.0006204487173046081,-0.0012408957267011794,0.09427228911235651
10.49,209.37377928782513,-0.0015700227941315406,0.000662780991198344,0.004128851003127812,0.0015793114298915307,0.001579311429891531,-0.0006645636444682305,-0.001329125709625031,0.08257702006255624
10.5,209.573779241245,-0.0014335414742123042,0.0007010187365823049,0.0035207252285098887,0.0014424797433464525,0.0014424797433464527,-0.0007027178440665688,-0.0014054342456533942,0.07041450457019777
10.51,209.77377918974523,-0.001290026822410354,0.000733084028695306,0.0028944209460225407,0.0012986271636807232,0.0012986271636807232,-0.0007347035058300333,-0.001469405713032903,0.05788841892045081
10.52,209.9737791340156,-0.0011407297504120385,0.0007588213987165499,0.002255183920766904,0.001149006196345911,0.0011490061963459113,-0.0007604408758512774,-0.0015208806026963584,0.045103678415338085
10.53,210.1737790748742,-0.0009869270314563936,0.0007781276312814124,0.0016082192145586488,0.0009948927716150488,0.0009948927716150488,-0.0007796712100052506,-0.0015593414251177295,0.03216438429117298
10.540000000000001,210.3737790132376,-0.0008299108425993873,0.000790952072703628,0.0009588337616670284,0.0008375768214523373,0.0008375768214523373,-0.0007924233100554623,-0.0015848457825341031,0.019176675233340566
10.55,210.57377895008824,-0.0006709782274957957,0.0007972964970261734,0.0003122066000083096,0.0006783550461065277,0.0006783550461065278,-0.0007986987833425713,-0.0015973968883300964,0.006244132000166193
10.56,210.77377888644168,-0.0005114207307070287,0.0007972139478186921,-0.0003265870569087527,0.0005185186548825475,0.0005185186548825476,-0.0007985505145474294,-0.0015971005105762039,-0.006531741138175054
10.57,210.9737788233131,-0.0003525142605599037,0.0007908075064981692,-0.0009526143784981747,0.0003593448714741927,0.0003593448714741927,-0.0007921440732269064,-0.0015842877871089412,-0.019052287569963494
10.58,211.17377876168527,-0.0001955092529369923,0.0007782284348939243,-0.001561171350133248,0.00020208343601731707,0.00020208343601731707,-0.0007795023620391415,-0.001559004521994847,-0.03122342700266496
10.59,211.37377870247852,-4.162122465848088e-05,0.0007596744766999455,-0.0021476652425432155,4.794801245971587e-05,4.794801245971587e-05,-0.0007608886999199145,-0.0015217773518918164,-0.04295330485086431
10.6,211.57377864652346,0.00010797834853583144,0.0007353878003899088,-0.0027078028306798557,-0.00010189020687412223,0.00010189020687412223,-0.0007365451177621772,-0.0014730903374145612,-0.05415605661359711
10.61,211.77377859453753,0.0002521706250603016,0.0007056521185139484,-0.003237567601893747,-0.0002463126570878853,0.0002463126570878853,-0.0007067551969818491,-0.0014135106402763554,-0.06475135203787494
10.620000000000001,211.97377854710572,0.00038989742038898225,0.0006707897829626269,-0.0037332471869017344,-0.0003842600680577411,0.0003842600680577412,-0.0006718928614305276,-0.0013437861071211232,-0.07466494373803469
10.63,212.17377850466613,0.000520168608823952,0.0006311584147731122,-0.004191498893371143,-0.0005147428883211165,0.0005147428883211165,-0.0006322097962930682,-0.0012644201073290246,-0.08382997786742286
10.64,212.37377846750078,0.0006420688425362887,0.0005871477297932387,-0.004609245566342995,-0.0006368472992228602,0.0006368472992228602,-0.0005881498371898577,-0.0011763003112270148,-0.0921849113268599
10.65,212.57377843573127,0.0007547636557752587,0.0005391761461818933,-0.0049838225236110995,-0.0007497390689164304,0.0007497390689164304,-0.0005401312887326112,-0.0010802633272042914,-0.09967645047222198
10.66,212.77377840931982,0.0008575048023792178,0.00048768680210160294,-0.005312949166332226,-0.0008526701795935235,0.0008526701795935235,-0.0004885971808602033,-0.0009771952143905864,-0.10625898332664452
10.67,212.97377838807517,0.0009496348116945063,0.0004331436547930312,-0.005594740957471309,-0.0009449822646411532,0.0009449822646411532,-0.0004340540335516316,-0.0008681090120855278,-0.11189481914942617
10.68,213.17377837166333,0.0010305907421266616,0.00037602730702462065,-0.0058277518667686915,-0.0010261128564003467,0.0010261128564003467,-0.0003768950198882929,-0.0007537910658894422,-0.11655503733537383
10.69,213.37377835962224,0.0010999071047396388,0.00031683111596456884,-0.0060108759110043585,-0.0010955977279658614,0.0010955977279658614,-0.00031765816251325905,-0.0006353174206242461,-0.12021751822008717
10.700000000000001,213.57377835138013,0.0011572180379274789,0.00025605725093446024,-0.006143455149193879,-0.0011530712107745424,0.0011530712107745424,-0.0002568455370331897,-0.0005136922271375901,-0.12286910298387758
10.71,213.7737783462766,0.0012022586343276406,0.00019421240032813138,-0.006225242338836253,-0.0011982685859255912,0.0011982685859255912,-0.00019496374252647752,-0.00038992868332154095,-0.12450484677672506
10.72,213.97377834358613,0.001234865435473551,0.0001318036874501247,-0.006256396386408853,-0.0012310256555091402,0.00123102565550914,-0.00013255502964847085,-0.0002651112903225972,-0.12512792772817705
10.73,214.1737783425425,0.0012549761058715202,6.933450771088182e-05,-0.006237502543059404,-0.0012512804751780395,0.0012512804751780397,-7.005063742019227e-05,-0.0001401025261208597,-0.12475005086118807
10.74,214.37377834236403,0.0012626282933659448,7.30074863251297e-06,-0.006169476035351009,-0.0012590717343383918,0.0012590717343383918,-7.98331612281946e-06,-1.596789131737326e-05,-0.12338952070702017
10.75,214.57377834227836,0.0012579577728423648,-5.381288047850744e-05,-0.006053635933655917,-0.0012545353671959414,0.0012545353671959412,5.3162302279749954e-05,0.00010632335002413272,-0.12107271867311835
10.76,214.7737783415462,0.0012411958221845818,-0.0001135366556565978,-0.005891659043290085,-0.0012379028071739138,0.001237902807173914,0.0001129165675383007,0.00022583189717379423,-0.11783318086580169
10.77,214.97377833948337,0.0012126658738140568,-0.00017141932056115539,-0.005685560954611453,-0.0012094968764257746,0.0012094968764257746,0.00017079923244285827,0.00034159725538884014,-0.11371121909222906
10.78,215.17377833548028,0.0011727794818069672,-0.0002270314827800513,-0.0054376977280181284,-0.0011697294518451396,0.0011697294518451396,0.0002264404557914791,0.00045287974185350636,-0.10875395456036258
10.790000000000001,215.3737783290186,0.0011220316401807573,-0.00027996854601446667,-0.0051506717048078665,-0.001119096387058298,0.001119096387058298,0.0002794052181763123,0.0005588093172562375,-0.10301343409615733
10.8,215.57377831968432,0.001060995561718551,-0.0003298534074067242,-0.004827378255120861,-0.0010581710263370347,0.0010581710263370344,0.00032931648056906665,0.0006586319029671069,-0.09654756510241723
10.81,215.7737783071776,0.0009903169035678115,-0.00037633912833730747,-0.004470954052072857,-0.0009875991551972156,0.0009875991551972154,0.00037582736518833825,0.0007516537427775213,-0.08941908104145715
10.82,215.97377829131818,0.0009107075026816777,-0.0004191112036397816,-0.004084748404356907,-0.0009080921069327697,0.0009080921069327696,0.00041859944049081236,0.0008371979728895178,-0.08169496808713815
10.83,216.1737782720472,0.0008229386801341739,-0.0004578896332733504,-0.00367231235593397,-0.0008204214690434148,0.0008204214690434149,0.00045740185449109607,0.0009148028885607231,-0.07344624711867939
10.84,216.37377824942504,0.0007278341682343537,-0.0004924304921721589,-0.0032373094827120715,-0.0007254116832796049,0.0007254116832796049,0.0004919655737021033,0.0009839304219925234,-0.06474618965424143
10.85,216.5737782236256,0.0006262627736094733,-0.0005225271960992448,-0.002783543906060899,-0.0006239316647875041,0.0006239316647875041,0.0005220840665687306,0.0010441675092057964,-0.05567087812121798
10.86,216.773778194927,0.0005191307860072048,-0.0005480116447905821,-0.0023149080049959148,-0.0005168878092583959,0.0005168878092583959,0.0005475892830366776,0.0010951780491855459,-0.046298160099918294
10.870000000000001,216.97377816369956,0.000407374204039504,-0.0005687549428594359,-0.0018353501891839202,-0.0004052156996282968,0.00040521569962829676,0.0005683325811055314,0.0011366647569953632,-0.0367070037836784
10.88,217.17377813039104,0.00029195084370091395,-0.0005846678774197674,-0.0013488584172651218,-0.000289873371780143,0.0002898733717801429,0.0005842653101375912,0.0011685303304018106,-0.026977168345302435
10.89,217.37377809551006,0.00017383238911825732,-0.0005957009123350217,-0.0008593802152738989,-0.0001718330953454467,0.00017183309534544674,0.0005953172118356481,0.001190634251838201,-0.01718760430547798
10.9,217.5737780596081,5.399649163953211e-05,-0.0006018438737658406,-0.0003708405916769907,-5.207261123368466e-05,5.207261123368466e-05,0.0006014781558367888,0.0012029562596009664,-0.007416811833539814
10.91,217.77377802326066,-6.658106429445468e-05,-0.0006031254883148774,0.00011290514126145924,6.843220867824038e-05,6.843220867824039e-05,0.0006027769101816305,0.0012055538887954698,0.002258102825229185
10.92,217.9737779870484,-0.0001869340616738812,-0.0005996125384266457,0.0005881007970031736,0.00018871549044363305,0.00018871549044363305,0.0005992639602933989,0.0011985281093022883,0.011762015940063472
10.93,218.17377795153854,-0.0003061133578480236,-0.0005914087946837647,0.0010511045532383167,0.0003078279099306575,0.00030782790993065745,0.0005910765530715427,0.0011821534139709953,0.021022091064766334
10.94,218.37377791726738,-0.0004231941455174549,-0.0005786535387813687,0.0014984554070219128,0.0004248441766214732,0.0004248441766214732,0.0005783368680600567,0.00115667416096429,0.029969108140438256
10.950000000000001,218.57377788472434,-0.0005372828793266345,-0.0005615198331650357,0.001926857660175035,0.0005388706712449925,0.0005388706712449925,0.0005612180035889253,0.0011224365460485218,0.0385371532035007
10.96,218.77377785433785,-0.0006475238542890441,-0.0005402126820798026,0.002333217976423968,0.0006490516166532868,0.0006490516166532869,0.0005399249981003862,0.001079850645252389,0.04666435952847936
10.97,218.97377782646387,-0.0007531053846487154,-0.0005149669011400037,0.0027146666726453167,0.0007545756102250895,0.0007545756102250895,0.0005146792171605872,0.0010293591888967848,0.05429333345290634
10.98,219.17377780137673,-0.0008532655396503889,-0.00048604483813936866,0.003068566222202752,0.0008546805714228095,0.0008546805714228096,0.00048577063680672905,0.0009715421282940295,0.061371324444055034
10.99,219.37377777926304,-0.0009472974011545973,-0.00045373380192628205,0.003392561001094182,0.0009486591833062164,0.0009486591833062164,0.000453472451362758,0.0009069458513846993,0.06785122002188364
11.0,219.5737777602184,-0.0010345537802711354,-0.0004183433380621787,0.0036845584139198473,0.0010358641959820046,0.0010358641959820046,0.00041809423599975683,0.0008361895078637096,0.07369116827839695
11.01,219.7737777442472,-0.0011144513937690894,-0.00038020248010570205,0.00394275250115237,0.0011157122666638555,0.0011157122666638555,0.00037996505250656524,0.0007599312207253972,0.07885505002304741
11.02,219.9737777312652,-0.0011864744717770888,-0.0003396568342978795,0.004165633697826878,0.001187687859155108,0.0011876878591551077,0.0003394194066987427,0.0006788400010853446,0.08331267395653756
11.03,220.17377772110478,-0.001250177776453595,-0.0002970656234275518,0.004351987276520355,0.0012513456119952761,0.0012513456119952761,0.00029683932315281025,0.0005936798976512325,0.08703974553040711
11.040000000000001,220.37377771352288,-0.0013051890198136277,-0.00025279857892977287,0.0045009251465853274,0.0013063129080673817,0.0013063129080673817,0.0002525828844843572,0.0005051670752816225,0.09001850293170655
11.05,220.5737777082106,-0.0013512106473476957,-0.00020723280209753402,0.004611860423033494,0.001352292142515884,0.001352292142515884,0.0002070272164287119,0.0004140557851495663,0.09223720846066988
11.06,220.77377770480507,-0.0013880210077396728,-0.00016074970627854,0.004684516545455329,0.0013890616148733467,0.0013890616148733467,0.000160553755624948,0.00032110890031151085,0.09369033090910658
11.07,220.97377770290234,-0.0014154749058734883,-0.0001137319273266792,0.004718924547676209,0.0014164763228768163,0.001416476322876816,0.0001135359766730872,0.00022707336982249728,0.09437849095352419
11.08,221.17377770207122,-0.0014335035438974963,-6.656030985179709e-05,0.004715410660655442,0.0014344673666510383,0.0014344673666510381,6.637354265930776e-05,0.00013274851978598216,0.09430821321310885
11.09,221.3737777018675,-0.0014421138627908397,-1.9610880513028175e-05,0.004674611209892297,0.0014430414155402,0.0014430414155402,1.9432866385589393e-05,3.886717581259433e-05,0.09349222419784593
11.1,221.5737777018483,-0.0014413872795593198,2.6748090004099885e-05,0.004597440139183078,0.0014422798449991105,0.0014422798449991107,-2.6917761286790297e-05,-5.3834080293735595e-05,0.09194880278366155
11.11,221.7737777015856,-0.0014314778597651304,7.215884305551481e-05,0.004485085000962754,0.001432336680025047,0.0014323366800250473,-7.232056249235677e-05,-0.0001446396926480335,0.08970170001925508
11.120000000000001,221.97377770067942,-0.001412609946112308,0.0001162767991727299,0.004338993211669102,0.0014134364224850033,0.0014134364224850033,-0.00011643851860957186,-0.00023287562378272123,0.08677986423338203
11.13,222.17377769876896,-0.0013850752699762054,0.0001587730484027936,0.004160850463695888,0.0013858707195535025,0.0013858707195535025,-0.00015892718866423715,-0.00031785299145775474,0.08321700927391776
11.14,222.37377769554294,-0.0013492295788312618,0.00019933673889096078,0.003952581886136454,0.0013499950945226448,0.0013499950945226448,-0.00019948365518631235,-0.0003989659603775302,0.07905163772272908
11.15,222.57377769074753,-0.0013054887977955651,0.0002376772824706813,0.003716314414826005,0.0013062254382180387,0.0013062254382180387,-0.0002378173133586775,-0.0004756333204919168,0.07432628829652009
11.16,222.77377768419242,-0.0012543247796868771,0.00027352630376042123,0.0034543630440497623,0.001255033569978837,0.001255033569978837,-0.00027365977193337935,-0.0005473182888331887,0.06908726088099525
11.17,222.97377767575466,-0.0011962606815435748,0.0003066394138022979,0.0031692095084327383,0.0011969427782020695,0.0011969427782020697,-0.00030677288197525604,-0.0006135445670077339,0.06338419016865476
11.18,223.17377766538038,-0.001131866009725355,0.0003367977407353288,0.002863475027763588,0.001132522499755344,0.0011325224997553438,-0.00033692495376210814,-0.0006738487750017166,0.05726950055527176
11.19,223.37377765308412,-0.0010617513796440303,0.00036380928512570114,0.002539912428982163,0.001062383165031319,0.001062383165031319,-0.00036393053616280073,-0.0007278600099424364,0.050798248579643254
11.200000000000001,223.57377763894624,-0.0009865630228098488,0.0003875100392374529,0.002201366916781639,0.0009871709772384465,0.0009871709772384463,-0.0003876256076989202,-0.0007752502282268632,0.044027338335632785
11.21,223.773777623108,-0.0009069771024114832,0.00040776481648355294,0.0018507572709987002,0.000907562071935273,0.000907562071935273,-0.00040787496869068633,-0.0008157490298193007,0.037015145419974006
11.22,223.9737776057654,-0.0008236938836461898,0.0004244678653462532,0.0014910515613455865,0.0008242568227304637,0.0008242568227304637,-0.00042457801755338653,-0.0008491552108499503,0.02982103122691173
11.23,224.17377758716108,-0.0007374318069240843,0.0004375432199052073,0.0011252387678877054,0.0007379736126808589,0.000737973612680859,-0.0004376482096981779,-0.0008752956814227431,0.02250477535775411
11.24,224.37377756757513,-0.000648921513708871,0.00044694485100887286,0.0007563172331112847,0.0006494429305533878,0.0006494429305533878,-0.0004470449203280372,-0.0008940891912131439,0.015126344662225694
11.25,224.5737775473151,-0.0005588998620508252,0.0004526565765079496,0.0003872581056278813,0.0005594016110404582,0.0005594016110404582,-0.00045275195595961967,-0.0009055033525176283,0.007745162112557626
11.26,224.77377752670532,-0.00046810399068596527,0.00045469169494098384,2.0986527754769267e-05,0.0004685867700745286,0.00046858677007452867,-0.0004547826043188983,-0.0009095647400510265,0.00041973055509538534
11.27,224.97377750607617,-0.0003772654764260411,0.0004530924128989355,-0.00033964080418153695,0.00037773007394089735,0.00037773007394089735,-0.00045318332227684997,-0.000906366266823626,-0.006792816083630739
11.28,225.17377748575348,-0.00028710462934509117,0.0004479290355679643,-0.0006918605562490372,0.00028755178537849465,0.00028755178537849465,-0.0004480156843693205,-0.0008960310811868557,-0.013837211124980743
11.290000000000001,225.3737774660483,-0.00019832496981870543,0.0004392989823102316,-0.00103301288220837,0.00019875529874149238,0.00019875529874149238,-0.0004393815702113051,-0.0008787629416673115,-0.0206602576441674
11.3,225.57377744724747,-0.00011160791918794805,0.000427325601916182,-0.0013605712980871878,0.00011202201609365644,0.00011202201609365646,-0.00042740431923628865,-0.0008548085264505612,-0.02721142596174376
11.31,225.77377742960547,-2.7607752048123993e-05,0.0004121567669597079,-0.0016721570387544567,2.800619321048025e-05,2.800619321048025e-05,-0.0004122317950971885,-0.0008244635621881838,-0.033443140775089135
11.32,225.97377741333725,5.305315525974142e-05,0.0003939633138374188,-0.001965555557385145,-5.2669719723660484e-05,5.2669719723660484e-05,-0.00039403834197489945,-0.0007880767366195186,-0.0393111111477029
11.33,226.17377739861266,0.0001297887472572026,0.00037293731167892003,-0.002238734247715948,-0.00012941970629695436,0.00012941970629695436,-0.0003730088235331361,-0.0007460177764859785,-0.04477468495431896
11.34,226.37377738555256,0.0002020533523500036,0.00034929021921567777,-0.002489847173383849,-0.00020169819892113517,0.00020169819892113517,-0.0003493583795810296,-0.0006987169608602582,-0.04979694346767698
11.35,226.57377737422635,0.00026934536728432485,0.0003232509163238468,-0.002717255351944284,-0.0002690036102519942,0.0002690036102519942,-0.0003233158822713573,-0.0006466320335463249,-0.05434510703888568
11.36,226.77377736465147,0.00033121053215258255,0.0002950636004781013,-0.0029195335336713174,-0.00033088169591401694,0.000330881695914017,-0.0002951255217183477,-0.0005902513743183914,-0.05839067067342635
11.370000000000001,226.97377735679436,0.0003872447775361317,0.0002649856097904356,-0.0030954781020233794,-0.00038692832554512876,0.00038692832554512876,-0.000265047531030682,-0.0005300954489896896,-0.06190956204046759
11.38,227.17377735057295,0.0004370966282157344,0.00023328516494824106,-0.0032441153919348614,-0.0004367920561680206,0.0004367920561680206,-0.0002333441841740809,-0.000466688805140218,-0.06488230783869722
11.39,227.3737773458609,0.0004804691507221281,0.00020023908443274444,-0.0033646987529599515,-0.0004801760401504391,0.0004801760401504391,-0.00020029533765271549,-0.0004005911554814711,-0.06729397505919903
11.4,227.57377734249272,0.0005171214427238813,0.00016613046705996862,-0.003456717980406985,-0.0005168393882912224,0.0005168393882912224,-0.00016618408390448839,-0.00033236868464836506,-0.0691343596081397
11.41,227.7737773402702,0.0005468696533613753,0.0001312463381529328,-0.0035198971964522565,-0.0005465982625493604,0.0005465982625493605,-0.00013129744217894374,-0.00026259543095615,-0.07039794392904514
11.42,227.9737773389695,0.0005695875347363683,9.587531394705429e-05,-0.0035541933204229575,-0.0005693263647294892,0.0005693263647294892,-9.592641797306523e-05,-0.0001918534052724952,-0.07108386640845915
11.43,228.17377733834908,0.0005852065277859157,6.030528090459686e-05,-0.003559794616447039,-0.0005849551623786883,0.0005849551623786883,-6.03539898800055e-05,-0.00012070856471517338,-0.07119589232894077
11.44,228.3737773381576,0.0005937153886487447,2.482113714220456e-05,-0.0035371097548083227,-0.0005934734824769464,0.0005934734824769464,-2.4867563311668935e-05,-4.9735720096820345e-05,-0.07074219509616646
11.450000000000001,228.57377733814212,0.0005951593708781305,-1.0297407326180997e-05,-0.003486766953910283,-0.000594926589414109,0.0005949265894141088,1.0253156975464018e-05,2.0505719024338622e-05,-0.06973533907820566
11.46,228.77377733805602,0.0005896389717728095,-4.477797366312854e-05,-0.0034096035336266526,-0.0005894149910684144,0.0005894149910684144,4.473579715739619e-05,8.94710048998013e-05,-0.06819207067253305
11.47,228.9737773376665,0.0005773082603717045,-7.835755532190773e-05,-0.0033066559683491746,-0.0005770927149684392,0.0005770927149684392,7.831537881617538e-05,0.00015663018053963578,-0.06613311936698349
11.48,229.17377733676133,0.0005583728071233004,-0.00011078446042300544,-0.0031791500859311263,-0.0005581653535235034,0.0005581653535235034,0.0001107442605711137,0.00022148796297687386,-0.06358300171862252
11.49,229.3737773351549,0.0005330872374531355,-0.00014182011759096837,-0.003028483586404453,-0.0005328875906254544,0.0005328875906254545,0.00014178180175279944,0.00028356307061800826,-0.06056967172808906
11.5,229.573777332693,0.0005017524387863544,-0.000171240749785985,-0.0028562170937672187,-0.0005015603226428207,0.0005015603226428207,0.00017120422966727808,0.00034240795777423354,-0.057124341875344375
11.51,229.77377732925675,0.00046471244431075945,-0.00019883892033497678,-0.0026640575695595445,-0.0004645275914945608,0.0004645275914945608,0.00019880411177438734,0.0003976077590211832,-0.05328115139119089
11.52,229.97377732476505,0.00042235102387000803,-0.0002244249168433642,-0.0024538424729342997,-0.00042217313276577095,0.00042217313276577095,0.00022439010828277477,0.00044877979439241676,-0.049076849458686
11.53,230.173777319176,0.0003750880137438405,-0.00024782797926407445,-0.0022275244303359165,-0.00037491680086067865,0.00037491680086067865,0.0002477948020489881,0.0004955892291811754,-0.04455048860671833
11.540000000000001,230.37377731248685,0.0003233754181209715,-0.00026889734507435335,-0.0019871500070428576,-0.0003232106482204453,0.0003232106482204453,0.00026886572274970565,0.000537731122288763,-0.03974300014085715
11.55,230.57377730473272,0.0002676933202431438,-0.00028750311994189343,-0.0017348460083922768,-0.0002675347654679463,0.0002675347654679463,0.0002874729796360867,0.0005749456917374079,-0.034696920167845535
11.56,230.77377729598444,0.0002085456350494914,-0.0003035369824355311,-0.0014728000067100431,-0.00020839307474830373,0.00020839307474830373,0.00030350825469101456,0.0006070163009889544,-0.029456000134200862
11.57,230.97377728634504,0.00014645573995614397,-0.00031691269994024664,-0.0012032420513050355,-0.00014630892520358271,0.00014630892520358271,0.00031688397219573007,0.000633767798082535,-0.02406484102610071
11.58,231.17377727594547,8.196202040165943e-05,-0.0003275664667886832,-0.0009284273983751539,-8.182071723079041e-05,8.18207172307904e-05,0.0003275390854049672,0.0006550780889892172,-0.01856854796750308
11.59,231.37377726493958,1.5613366457591405e-05,-0.0003354570484141068,-0.0006506149995286254,-1.5477380724510953e-05,1.5477380724510953e-05,0.000335430950292332,0.0006708618851072833,-0.01301229999057251
11.6,231.57377725349846,-5.203534017849201e-05,-0.000340565744814851,-0.0003720528526842294,5.216619652590489e-05,5.216619652590489e-05,0.00034054086981245976,0.000681081791791116,-0.007441057053684589
11.61,231.77377724180462,-0.00012042771585954817,-0.000342896186953006,-9.495925169147884e-05,0.00012055362492621381,0.00012055362492621381,0.0003428724777477403,0.0006857450760491055,-0.0018991850338295768
11.620000000000001,231.97377723004573,-0.00018901030574795897,-0.0003424739539336324,0.00017849431268945892,0.00018913147297385026,0.00018913147297385026,0.0003424502447283666,0.0006849006785882061,0.0035698862537891785
11.63,232.17377721840845,-0.00025723692142093607,-0.0003393460268286056,0.000446198729914682,0.00025735353990046905,0.00025735353990046905,0.00033932342878405887,0.0006786471149216577,0.00892397459829364
11.64,232.37377720707283,-0.0003245728527188498,-0.0003335800725791742,0.0007061256673844765,0.00032468508268031817,0.0003246850826803181,0.0003335585336196694,0.0006671173919244215,0.01412251334768953
11.65,232.57377719620663,-0.0003904989200994923,-0.00032526357571559277,0.0009563396304270765,0.00039060691674365743,0.00039060691674365743,0.0003252430462057229,0.0006504864830183625,0.01912679260854153
11.66,232.7737771859604,-0.0004545153403648985,-0.00031450283582371474,0.00119501274385066,0.00045461925398425086,0.00045461925398425086,0.0003144832684525469,0.0006289669915243479,0.0239002548770132
11.67,232.9737771764633,-0.0005161453777736445,-0.00030142182728017894,0.0014204375233733222,0.0005162453779189491,0.0005162453779189491,0.00030140225990901113,0.0006028050360634002,0.028408750467466444
11.68,233.1737771678197,-0.0005749387549597346,-0.00028616094071657786,0.0016310377646714751,0.0005750350009934023,0.0005750350009934023,0.00028614229039584563,0.0005722851558266922,0.032620755293429504
11.69,233.37377716010658,-0.0006304748006771547,-0.0002688756069293607,0.0018253811594277128,0.0006305674248366032,0.0006305674248366032,0.00026885783067766777,0.0005377162919227604,0.03650762318855426
11.700000000000001,233.573777153372,-0.0006823653116542698,-0.00024973482373381477,0.0020021861098057587,0.0006824544420276251,0.0006824544420276251,0.0002497178805872623,0.0004994364436289666,0.04004372219611517
11.71,233.77377714763432,-0.0007302571124323439,-0.00022891960609951293,0.0021603302519887374,0.0007303428730570243,0.0007303428730570243,0.0002289034570153319,0.00045780764437353686,0.04320660503977475
11.72,233.97377714288274,-0.0007738342974310729,-0.00020662136187842606,0.0022988568212959745,0.0007739168282389937,0.0007739168282389937,0.00020660521279424504,0.0004132111995053183,0.04597713642591949
11.73,234.17377713907837,-0.0008128201424687783,-0.00018304021397547442,0.002416979005292195,0.000812899574982443,0.0008128995749824429,0.00018302482173721265,0.00036605045637400026,0.0483395801058439
11.74,234.3737771361563,-0.00084697867602517,-0.00015838327391698193,0.002514085307724807,0.0008470551193809539,0.0008470551193809539,0.00015836860305367995,0.0003167380531624793,0.05028170615449614
11.75,234.5737771340284,-0.0008761159015811353,-0.00013286288764576644,0.002589739756447365,0.0008761894614910785,0.0008761894614910784,0.00013284890435035597,0.0002656986848901734,0.0517947951289473
11.76,234.77377713258693,-0.0009000806685439995,-0.00010669487376233884,0.0026436832026365768,0.0009001514473770978,0.0009001514473770978,0.0001066815458115958,0.00021336399177463897,0.052873664052731535
11.77,234.97377713170826,-0.000918765190208436,-8.009675905845449e-05,0.0026758325699386618,0.0009188333034513974,0.0009188333034513973,8.008343110771144e-05,0.00016016778104872633,0.053516651398773235
11.78,235.17377713125737,-0.0009321052102036585,-5.328603097758872e-05,0.0026862782261964195,0.000932170766403005,0.000932170766403005,5.3273327657526175e-05,0.00010654758748581875,0.05372556452392839
11.790000000000001,235.37377713109242,-0.0009400798218362561,-2.6478412996705614e-05,0.0026752820252289875,0.0009401429110631445,0.0009401429110631445,2.6466305033406967e-05,5.2933550209725e-05,0.053505640504579746
11.8,235.57377713106922,-0.0009427109459299875,1.1381850545753435e-07,0.0026432709823085506,0.0009427716554292688,0.0009427716554292688,-1.2535901578268195e-07,-2.4977525990993463e-07,0.05286541964617101
11.81,235.77377713104596,-0.0009400624780811074,2.6283458363228526e-05,0.0025908317924890445,0.0009401208923384474,0.0009401208923384474,-2.6294458012531038e-05,-5.2587975904169735e-05,0.05181663584978089
11.82,235.9737771308875,-0.0009322391171405406,5.18299334092972e-05,0.0025187036520352398,0.0009322953314680218,0.0009322953314680218,-5.1840933058599715e-05,-0.00010368093382186796,0.05037407304070479
11.83,236.17377713046932,-0.0009193848892206021,7.656078393727971e-05,0.0024277695774505286,0.0009194389932023791,0.0009194389932023791,-7.657126807483782e-05,-0.00015314161671068244,0.04855539154901057
11.84,236.3737771296811,-0.0009016813838719108,0.00010029306161988615,0.002319048375401044,0.0009017334518442647,0.0009017334518442646,-0.00010030305440592923,-0.0002006052070784066,0.04638096750802088
11.85,236.57377712842964,-0.0008793457198644645,0.00012285462978670213,0.002193683156236051,0.0008793958238312502,0.0008793958238312502,-0.00012286415424836593,-0.000245727429100908,0.04387366312472102
11.86,236.7737771266413,-0.0008526282621013855,0.00014408535330228984,0.002052930737564515,0.0008526764717893742,0.0008526764717893742,-0.00014409443138879458,-0.00028818801010111736,0.041058614751290294
11.870000000000001,236.97377712426368,-0.0008218101115423826,0.00016383817665563587,0.0018981498868173578,0.0008218565056130919,0.0008218565056130919,-0.0001638472547421406,-0.0003276936876277756,0.037962997736347155
11.88,237.17377712126634,-0.0007872003915877912,0.0001819800796688859,0.0017307886057397503,0.0007872450439756885,0.0007872450439756884,-0.00018198873229971995,-0.0003639766773543959,0.034615772114795
11.89,237.37377711764134,-0.000749133355748829,0.00019839291035802833,0.00155237227341971,0.0007491763278043103,0.0007491763278043103,-0.000198401157471909,-0.0003968015657674902,0.031047445468394202
11.9,237.57377711340254,-0.0007079653414386913,0.00021297408670772875,0.0013644892944133166,0.0007080066925869697,0.0007080066925869697,-0.00021298194731234044,-0.0004259631866179883,0.027289785888266332
11.91,237.77377710858454,-0.0006640715973838067,0.00022563716057202545,0.0011687778720375316,0.0006641113851706315,0.0006641113851706315,-0.0002256446527789914,-0.0004512886414465976,0.023375557440750632
11.92,237.97377710324088,-0.0006178430116622119,0.00023631224660760193,0.0009669122433877434,0.0006178813010076834,0.0006178813010076834,-0.00023631973881456787,-0.0004726388597478347,0.01933824486775487
11.93,238.17377709744173,-0.0005696827678361606,0.0002449463118249722,0.0007605885690538731,0.0005697196197589072,0.0005697196197589072,-0.0002449534529003699,-0.00048990633608112,0.015211771381077462
11.94,238.37377709127114,-0.0005200029568911901,0.0002515033299342527,0.0005515119984028684,0.0005200384220240349,0.0005200384220240349,-0.0002515101363343629,-0.0005030197526303037,0.011030239968057368
11.950000000000001,238.57377708482403,-0.0004692211717683922,0.0002559642984448582,0.00034138216032950444,0.00046925529915540706,0.00046925529915540706,-0.0002559707858550228,-0.0005119411024547465,0.006827643206590088
11.96,238.7737770782026,-0.0004177571125082995,0.0002583271178293364,0.00013188008057865382,0.00041778994964250234,0.00041778994964250234,-0.00025833330119970767,-0.0005166661846094657,0.0026376016115730763
11.97,238.97377707151315,-0.00036602922862359963,0.00025860634017634877,-7.534483795915275e-05,0.0003660608290837696,0.0003660608290837696,-0.00025861252354672005,-0.000517224681032611,-0.0015068967591830552
11.98,239.17377706486243,-0.00031445142468493554,0.0002568327887871805,-0.00027868760759385626,0.0003144818388303086,0.0003144818388303086,-0.00025683868236536154,-0.0005136770502488843,-0.005573752151877125
11.99,239.3737770583543,-0.00026342985428274283,0.00025305305729092395,-0.0004765989647008924,0.00026345912390076623,0.00026345912390076623,-0.0002530586746608265,-0.0005061170858625292,-0.009531979294017848
12.0,239.5737770520865,-0.00021335982573927957,0.0002473288917113527,-0.0006675974678867574,0.0002133879913063117,0.0002133879913063117,-0.0002473342458157348,-0.0004946682782434783,-0.013351949357735147
